game,draw_id,tier_code,tier_name,ordinal,number
max3d_pro,00012,special,Giải Đặc biệt,1,134
max3d_pro,00012,special,Giải Đặc biệt,2,575
max3d_pro,00012,first,Giải Nhất,1,152
max3d_pro,00012,first,Giải Nhất,2,208
max3d_pro,00012,first,Giải Nhất,3,728
max3d_pro,00012,first,Giải Nhất,4,041
max3d_pro,00012,second,Giải Nhì,1,203
max3d_pro,00012,second,Giải Nhì,2,110
max3d_pro,00012,second,Giải Nhì,3,979
max3d_pro,00012,second,Giải Nhì,4,334
max3d_pro,00012,second,Giải Nhì,5,928
max3d_pro,00012,second,Giải Nhì,6,482
max3d_pro,00012,third,Giải Ba,1,730
max3d_pro,00012,third,Giải Ba,2,098
max3d_pro,00012,third,Giải Ba,3,836
max3d_pro,00012,third,Giải Ba,4,366
max3d_pro,00012,third,Giải Ba,5,484
max3d_pro,00012,third,Giải Ba,6,551
max3d_pro,00012,third,Giải Ba,7,460
max3d_pro,00012,third,Giải Ba,8,118
max3d_pro,00013,special,Giải Đặc biệt,1,232
max3d_pro,00013,special,Giải Đặc biệt,2,426
max3d_pro,00013,first,Giải Nhất,1,021
max3d_pro,00013,first,Giải Nhất,2,626
max3d_pro,00013,first,Giải Nhất,3,628
max3d_pro,00013,first,Giải Nhất,4,436
max3d_pro,00013,second,Giải Nhì,1,297
max3d_pro,00013,second,Giải Nhì,2,269
max3d_pro,00013,second,Giải Nhì,3,073
max3d_pro,00013,second,Giải Nhì,4,208
max3d_pro,00013,second,Giải Nhì,5,335
max3d_pro,00013,second,Giải Nhì,6,026
max3d_pro,00013,third,Giải Ba,1,865
max3d_pro,00013,third,Giải Ba,2,463
max3d_pro,00013,third,Giải Ba,3,554
max3d_pro,00013,third,Giải Ba,4,679
max3d_pro,00013,third,Giải Ba,5,515
max3d_pro,00013,third,Giải Ba,6,538
max3d_pro,00013,third,Giải Ba,7,407
max3d_pro,00013,third,Giải Ba,8,967
max3d_pro,00014,special,Giải Đặc biệt,1,744
max3d_pro,00014,special,Giải Đặc biệt,2,066
max3d_pro,00014,first,Giải Nhất,1,290
max3d_pro,00014,first,Giải Nhất,2,881
max3d_pro,00014,first,Giải Nhất,3,830
max3d_pro,00014,first,Giải Nhất,4,513
max3d_pro,00014,second,Giải Nhì,1,776
max3d_pro,00014,second,Giải Nhì,2,270
max3d_pro,00014,second,Giải Nhì,3,787
max3d_pro,00014,second,Giải Nhì,4,212
max3d_pro,00014,second,Giải Nhì,5,352
max3d_pro,00014,second,Giải Nhì,6,695
max3d_pro,00014,third,Giải Ba,1,902
max3d_pro,00014,third,Giải Ba,2,810
max3d_pro,00014,third,Giải Ba,3,578
max3d_pro,00014,third,Giải Ba,4,871
max3d_pro,00014,third,Giải Ba,5,928
max3d_pro,00014,third,Giải Ba,6,941
max3d_pro,00014,third,Giải Ba,7,064
max3d_pro,00014,third,Giải Ba,8,607
max3d_pro,00015,special,Giải Đặc biệt,1,362
max3d_pro,00015,special,Giải Đặc biệt,2,339
max3d_pro,00015,first,Giải Nhất,1,864
max3d_pro,00015,first,Giải Nhất,2,962
max3d_pro,00015,first,Giải Nhất,3,784
max3d_pro,00015,first,Giải Nhất,4,230
max3d_pro,00015,second,Giải Nhì,1,861
max3d_pro,00015,second,Giải Nhì,2,188
max3d_pro,00015,second,Giải Nhì,3,189
max3d_pro,00015,second,Giải Nhì,4,085
max3d_pro,00015,second,Giải Nhì,5,748
max3d_pro,00015,second,Giải Nhì,6,623
max3d_pro,00015,third,Giải Ba,1,825
max3d_pro,00015,third,Giải Ba,2,062
max3d_pro,00015,third,Giải Ba,3,488
max3d_pro,00015,third,Giải Ba,4,288
max3d_pro,00015,third,Giải Ba,5,538
max3d_pro,00015,third,Giải Ba,6,720
max3d_pro,00015,third,Giải Ba,7,236
max3d_pro,00015,third,Giải Ba,8,108
max3d_pro,00016,special,Giải Đặc biệt,1,702
max3d_pro,00016,special,Giải Đặc biệt,2,929
max3d_pro,00016,first,Giải Nhất,1,984
max3d_pro,00016,first,Giải Nhất,2,204
max3d_pro,00016,first,Giải Nhất,3,900
max3d_pro,00016,first,Giải Nhất,4,942
max3d_pro,00016,second,Giải Nhì,1,126
max3d_pro,00016,second,Giải Nhì,2,330
max3d_pro,00016,second,Giải Nhì,3,882
max3d_pro,00016,second,Giải Nhì,4,903
max3d_pro,00016,second,Giải Nhì,5,217
max3d_pro,00016,second,Giải Nhì,6,369
max3d_pro,00016,third,Giải Ba,1,047
max3d_pro,00016,third,Giải Ba,2,907
max3d_pro,00016,third,Giải Ba,3,407
max3d_pro,00016,third,Giải Ba,4,134
max3d_pro,00016,third,Giải Ba,5,332
max3d_pro,00016,third,Giải Ba,6,059
max3d_pro,00016,third,Giải Ba,7,434
max3d_pro,00016,third,Giải Ba,8,123
max3d_pro,00017,special,Giải Đặc biệt,1,762
max3d_pro,00017,special,Giải Đặc biệt,2,717
max3d_pro,00017,first,Giải Nhất,1,218
max3d_pro,00017,first,Giải Nhất,2,060
max3d_pro,00017,first,Giải Nhất,3,863
max3d_pro,00017,first,Giải Nhất,4,078
max3d_pro,00017,second,Giải Nhì,1,320
max3d_pro,00017,second,Giải Nhì,2,598
max3d_pro,00017,second,Giải Nhì,3,187
max3d_pro,00017,second,Giải Nhì,4,642
max3d_pro,00017,second,Giải Nhì,5,165
max3d_pro,00017,second,Giải Nhì,6,294
max3d_pro,00017,third,Giải Ba,1,769
max3d_pro,00017,third,Giải Ba,2,005
max3d_pro,00017,third,Giải Ba,3,605
max3d_pro,00017,third,Giải Ba,4,078
max3d_pro,00017,third,Giải Ba,5,619
max3d_pro,00017,third,Giải Ba,6,226
max3d_pro,00017,third,Giải Ba,7,678
max3d_pro,00017,third,Giải Ba,8,679
max3d_pro,00018,special,Giải Đặc biệt,1,841
max3d_pro,00018,special,Giải Đặc biệt,2,363
max3d_pro,00018,first,Giải Nhất,1,543
max3d_pro,00018,first,Giải Nhất,2,562
max3d_pro,00018,first,Giải Nhất,3,797
max3d_pro,00018,first,Giải Nhất,4,573
max3d_pro,00018,second,Giải Nhì,1,621
max3d_pro,00018,second,Giải Nhì,2,160
max3d_pro,00018,second,Giải Nhì,3,658
max3d_pro,00018,second,Giải Nhì,4,965
max3d_pro,00018,second,Giải Nhì,5,173
max3d_pro,00018,second,Giải Nhì,6,668
max3d_pro,00018,third,Giải Ba,1,645
max3d_pro,00018,third,Giải Ba,2,124
max3d_pro,00018,third,Giải Ba,3,241
max3d_pro,00018,third,Giải Ba,4,475
max3d_pro,00018,third,Giải Ba,5,497
max3d_pro,00018,third,Giải Ba,6,073
max3d_pro,00018,third,Giải Ba,7,146
max3d_pro,00018,third,Giải Ba,8,482
max3d_pro,00019,special,Giải Đặc biệt,1,164
max3d_pro,00019,special,Giải Đặc biệt,2,042
max3d_pro,00019,first,Giải Nhất,1,487
max3d_pro,00019,first,Giải Nhất,2,921
max3d_pro,00019,first,Giải Nhất,3,590
max3d_pro,00019,first,Giải Nhất,4,236
max3d_pro,00019,second,Giải Nhì,1,342
max3d_pro,00019,second,Giải Nhì,2,880
max3d_pro,00019,second,Giải Nhì,3,105
max3d_pro,00019,second,Giải Nhì,4,458
max3d_pro,00019,second,Giải Nhì,5,602
max3d_pro,00019,second,Giải Nhì,6,738
max3d_pro,00019,third,Giải Ba,1,108
max3d_pro,00019,third,Giải Ba,2,973
max3d_pro,00019,third,Giải Ba,3,246
max3d_pro,00019,third,Giải Ba,4,081
max3d_pro,00019,third,Giải Ba,5,989
max3d_pro,00019,third,Giải Ba,6,534
max3d_pro,00019,third,Giải Ba,7,019
max3d_pro,00019,third,Giải Ba,8,704
max3d_pro,00020,special,Giải Đặc biệt,1,998
max3d_pro,00020,special,Giải Đặc biệt,2,244
max3d_pro,00020,first,Giải Nhất,1,796
max3d_pro,00020,first,Giải Nhất,2,599
max3d_pro,00020,first,Giải Nhất,3,310
max3d_pro,00020,first,Giải Nhất,4,183
max3d_pro,00020,second,Giải Nhì,1,046
max3d_pro,00020,second,Giải Nhì,2,118
max3d_pro,00020,second,Giải Nhì,3,687
max3d_pro,00020,second,Giải Nhì,4,068
max3d_pro,00020,second,Giải Nhì,5,327
max3d_pro,00020,second,Giải Nhì,6,154
max3d_pro,00020,third,Giải Ba,1,768
max3d_pro,00020,third,Giải Ba,2,964
max3d_pro,00020,third,Giải Ba,3,150
max3d_pro,00020,third,Giải Ba,4,097
max3d_pro,00020,third,Giải Ba,5,204
max3d_pro,00020,third,Giải Ba,6,336
max3d_pro,00020,third,Giải Ba,7,404
max3d_pro,00020,third,Giải Ba,8,194
max3d_pro,00021,special,Giải Đặc biệt,1,818
max3d_pro,00021,special,Giải Đặc biệt,2,283
max3d_pro,00021,first,Giải Nhất,1,613
max3d_pro,00021,first,Giải Nhất,2,809
max3d_pro,00021,first,Giải Nhất,3,401
max3d_pro,00021,first,Giải Nhất,4,616
max3d_pro,00021,second,Giải Nhì,1,542
max3d_pro,00021,second,Giải Nhì,2,598
max3d_pro,00021,second,Giải Nhì,3,839
max3d_pro,00021,second,Giải Nhì,4,687
max3d_pro,00021,second,Giải Nhì,5,777
max3d_pro,00021,second,Giải Nhì,6,581
max3d_pro,00021,third,Giải Ba,1,967
max3d_pro,00021,third,Giải Ba,2,948
max3d_pro,00021,third,Giải Ba,3,518
max3d_pro,00021,third,Giải Ba,4,809
max3d_pro,00021,third,Giải Ba,5,224
max3d_pro,00021,third,Giải Ba,6,646
max3d_pro,00021,third,Giải Ba,7,083
max3d_pro,00021,third,Giải Ba,8,522
max3d_pro,00022,special,Giải Đặc biệt,1,848
max3d_pro,00022,special,Giải Đặc biệt,2,361
max3d_pro,00022,first,Giải Nhất,1,496
max3d_pro,00022,first,Giải Nhất,2,168
max3d_pro,00022,first,Giải Nhất,3,716
max3d_pro,00022,first,Giải Nhất,4,412
max3d_pro,00022,second,Giải Nhì,1,666
max3d_pro,00022,second,Giải Nhì,2,640
max3d_pro,00022,second,Giải Nhì,3,168
max3d_pro,00022,second,Giải Nhì,4,279
max3d_pro,00022,second,Giải Nhì,5,318
max3d_pro,00022,second,Giải Nhì,6,429
max3d_pro,00022,third,Giải Ba,1,951
max3d_pro,00022,third,Giải Ba,2,067
max3d_pro,00022,third,Giải Ba,3,682
max3d_pro,00022,third,Giải Ba,4,220
max3d_pro,00022,third,Giải Ba,5,433
max3d_pro,00022,third,Giải Ba,6,145
max3d_pro,00022,third,Giải Ba,7,186
max3d_pro,00022,third,Giải Ba,8,766
max3d_pro,00023,special,Giải Đặc biệt,1,767
max3d_pro,00023,special,Giải Đặc biệt,2,869
max3d_pro,00023,first,Giải Nhất,1,342
max3d_pro,00023,first,Giải Nhất,2,173
max3d_pro,00023,first,Giải Nhất,3,193
max3d_pro,00023,first,Giải Nhất,4,480
max3d_pro,00023,second,Giải Nhì,1,877
max3d_pro,00023,second,Giải Nhì,2,005
max3d_pro,00023,second,Giải Nhì,3,803
max3d_pro,00023,second,Giải Nhì,4,559
max3d_pro,00023,second,Giải Nhì,5,841
max3d_pro,00023,second,Giải Nhì,6,739
max3d_pro,00023,third,Giải Ba,1,618
max3d_pro,00023,third,Giải Ba,2,662
max3d_pro,00023,third,Giải Ba,3,167
max3d_pro,00023,third,Giải Ba,4,516
max3d_pro,00023,third,Giải Ba,5,238
max3d_pro,00023,third,Giải Ba,6,219
max3d_pro,00023,third,Giải Ba,7,575
max3d_pro,00023,third,Giải Ba,8,738
max3d_pro,00024,special,Giải Đặc biệt,1,770
max3d_pro,00024,special,Giải Đặc biệt,2,542
max3d_pro,00024,first,Giải Nhất,1,594
max3d_pro,00024,first,Giải Nhất,2,539
max3d_pro,00024,first,Giải Nhất,3,384
max3d_pro,00024,first,Giải Nhất,4,107
max3d_pro,00024,second,Giải Nhì,1,624
max3d_pro,00024,second,Giải Nhì,2,189
max3d_pro,00024,second,Giải Nhì,3,934
max3d_pro,00024,second,Giải Nhì,4,545
max3d_pro,00024,second,Giải Nhì,5,944
max3d_pro,00024,second,Giải Nhì,6,248
max3d_pro,00024,third,Giải Ba,1,471
max3d_pro,00024,third,Giải Ba,2,957
max3d_pro,00024,third,Giải Ba,3,399
max3d_pro,00024,third,Giải Ba,4,662
max3d_pro,00024,third,Giải Ba,5,076
max3d_pro,00024,third,Giải Ba,6,736
max3d_pro,00024,third,Giải Ba,7,694
max3d_pro,00024,third,Giải Ba,8,190
max3d_pro,00025,special,Giải Đặc biệt,1,542
max3d_pro,00025,special,Giải Đặc biệt,2,973
max3d_pro,00025,first,Giải Nhất,1,415
max3d_pro,00025,first,Giải Nhất,2,338
max3d_pro,00025,first,Giải Nhất,3,064
max3d_pro,00025,first,Giải Nhất,4,679
max3d_pro,00025,second,Giải Nhì,1,815
max3d_pro,00025,second,Giải Nhì,2,467
max3d_pro,00025,second,Giải Nhì,3,068
max3d_pro,00025,second,Giải Nhì,4,714
max3d_pro,00025,second,Giải Nhì,5,316
max3d_pro,00025,second,Giải Nhì,6,200
max3d_pro,00025,third,Giải Ba,1,117
max3d_pro,00025,third,Giải Ba,2,951
max3d_pro,00025,third,Giải Ba,3,610
max3d_pro,00025,third,Giải Ba,4,557
max3d_pro,00025,third,Giải Ba,5,759
max3d_pro,00025,third,Giải Ba,6,968
max3d_pro,00025,third,Giải Ba,7,120
max3d_pro,00025,third,Giải Ba,8,087
max3d_pro,00026,special,Giải Đặc biệt,1,110
max3d_pro,00026,special,Giải Đặc biệt,2,271
max3d_pro,00026,first,Giải Nhất,1,437
max3d_pro,00026,first,Giải Nhất,2,873
max3d_pro,00026,first,Giải Nhất,3,689
max3d_pro,00026,first,Giải Nhất,4,988
max3d_pro,00026,second,Giải Nhì,1,389
max3d_pro,00026,second,Giải Nhì,2,735
max3d_pro,00026,second,Giải Nhì,3,367
max3d_pro,00026,second,Giải Nhì,4,390
max3d_pro,00026,second,Giải Nhì,5,563
max3d_pro,00026,second,Giải Nhì,6,406
max3d_pro,00026,third,Giải Ba,1,473
max3d_pro,00026,third,Giải Ba,2,144
max3d_pro,00026,third,Giải Ba,3,996
max3d_pro,00026,third,Giải Ba,4,451
max3d_pro,00026,third,Giải Ba,5,438
max3d_pro,00026,third,Giải Ba,6,799
max3d_pro,00026,third,Giải Ba,7,255
max3d_pro,00026,third,Giải Ba,8,782
max3d_pro,00027,special,Giải Đặc biệt,1,406
max3d_pro,00027,special,Giải Đặc biệt,2,419
max3d_pro,00027,first,Giải Nhất,1,445
max3d_pro,00027,first,Giải Nhất,2,559
max3d_pro,00027,first,Giải Nhất,3,430
max3d_pro,00027,first,Giải Nhất,4,376
max3d_pro,00027,second,Giải Nhì,1,267
max3d_pro,00027,second,Giải Nhì,2,456
max3d_pro,00027,second,Giải Nhì,3,568
max3d_pro,00027,second,Giải Nhì,4,396
max3d_pro,00027,second,Giải Nhì,5,745
max3d_pro,00027,second,Giải Nhì,6,867
max3d_pro,00027,third,Giải Ba,1,553
max3d_pro,00027,third,Giải Ba,2,371
max3d_pro,00027,third,Giải Ba,3,402
max3d_pro,00027,third,Giải Ba,4,524
max3d_pro,00027,third,Giải Ba,5,542
max3d_pro,00027,third,Giải Ba,6,039
max3d_pro,00027,third,Giải Ba,7,219
max3d_pro,00027,third,Giải Ba,8,000
max3d_pro,00028,special,Giải Đặc biệt,1,427
max3d_pro,00028,special,Giải Đặc biệt,2,245
max3d_pro,00028,first,Giải Nhất,1,612
max3d_pro,00028,first,Giải Nhất,2,747
max3d_pro,00028,first,Giải Nhất,3,276
max3d_pro,00028,first,Giải Nhất,4,659
max3d_pro,00028,second,Giải Nhì,1,671
max3d_pro,00028,second,Giải Nhì,2,811
max3d_pro,00028,second,Giải Nhì,3,605
max3d_pro,00028,second,Giải Nhì,4,153
max3d_pro,00028,second,Giải Nhì,5,781
max3d_pro,00028,second,Giải Nhì,6,091
max3d_pro,00028,third,Giải Ba,1,775
max3d_pro,00028,third,Giải Ba,2,888
max3d_pro,00028,third,Giải Ba,3,122
max3d_pro,00028,third,Giải Ba,4,923
max3d_pro,00028,third,Giải Ba,5,765
max3d_pro,00028,third,Giải Ba,6,486
max3d_pro,00028,third,Giải Ba,7,124
max3d_pro,00028,third,Giải Ba,8,326
max3d_pro,00029,special,Giải Đặc biệt,1,139
max3d_pro,00029,special,Giải Đặc biệt,2,729
max3d_pro,00029,first,Giải Nhất,1,614
max3d_pro,00029,first,Giải Nhất,2,989
max3d_pro,00029,first,Giải Nhất,3,996
max3d_pro,00029,first,Giải Nhất,4,746
max3d_pro,00029,second,Giải Nhì,1,503
max3d_pro,00029,second,Giải Nhì,2,389
max3d_pro,00029,second,Giải Nhì,3,287
max3d_pro,00029,second,Giải Nhì,4,674
max3d_pro,00029,second,Giải Nhì,5,297
max3d_pro,00029,second,Giải Nhì,6,586
max3d_pro,00029,third,Giải Ba,1,737
max3d_pro,00029,third,Giải Ba,2,791
max3d_pro,00029,third,Giải Ba,3,302
max3d_pro,00029,third,Giải Ba,4,820
max3d_pro,00029,third,Giải Ba,5,639
max3d_pro,00029,third,Giải Ba,6,591
max3d_pro,00029,third,Giải Ba,7,592
max3d_pro,00029,third,Giải Ba,8,033
max3d_pro,00030,special,Giải Đặc biệt,1,361
max3d_pro,00030,special,Giải Đặc biệt,2,135
max3d_pro,00030,first,Giải Nhất,1,904
max3d_pro,00030,first,Giải Nhất,2,410
max3d_pro,00030,first,Giải Nhất,3,276
max3d_pro,00030,first,Giải Nhất,4,656
max3d_pro,00030,second,Giải Nhì,1,103
max3d_pro,00030,second,Giải Nhì,2,607
max3d_pro,00030,second,Giải Nhì,3,790
max3d_pro,00030,second,Giải Nhì,4,666
max3d_pro,00030,second,Giải Nhì,5,749
max3d_pro,00030,second,Giải Nhì,6,981
max3d_pro,00030,third,Giải Ba,1,063
max3d_pro,00030,third,Giải Ba,2,176
max3d_pro,00030,third,Giải Ba,3,447
max3d_pro,00030,third,Giải Ba,4,470
max3d_pro,00030,third,Giải Ba,5,794
max3d_pro,00030,third,Giải Ba,6,214
max3d_pro,00030,third,Giải Ba,7,240
max3d_pro,00030,third,Giải Ba,8,974
max3d_pro,00031,special,Giải Đặc biệt,1,248
max3d_pro,00031,special,Giải Đặc biệt,2,477
max3d_pro,00031,first,Giải Nhất,1,740
max3d_pro,00031,first,Giải Nhất,2,862
max3d_pro,00031,first,Giải Nhất,3,459
max3d_pro,00031,first,Giải Nhất,4,943
max3d_pro,00031,second,Giải Nhì,1,964
max3d_pro,00031,second,Giải Nhì,2,488
max3d_pro,00031,second,Giải Nhì,3,384
max3d_pro,00031,second,Giải Nhì,4,707
max3d_pro,00031,second,Giải Nhì,5,455
max3d_pro,00031,second,Giải Nhì,6,016
max3d_pro,00031,third,Giải Ba,1,189
max3d_pro,00031,third,Giải Ba,2,059
max3d_pro,00031,third,Giải Ba,3,798
max3d_pro,00031,third,Giải Ba,4,168
max3d_pro,00031,third,Giải Ba,5,079
max3d_pro,00031,third,Giải Ba,6,666
max3d_pro,00031,third,Giải Ba,7,067
max3d_pro,00031,third,Giải Ba,8,134
max3d_pro,00032,special,Giải Đặc biệt,1,019
max3d_pro,00032,special,Giải Đặc biệt,2,602
max3d_pro,00032,first,Giải Nhất,1,177
max3d_pro,00032,first,Giải Nhất,2,854
max3d_pro,00032,first,Giải Nhất,3,553
max3d_pro,00032,first,Giải Nhất,4,589
max3d_pro,00032,second,Giải Nhì,1,231
max3d_pro,00032,second,Giải Nhì,2,082
max3d_pro,00032,second,Giải Nhì,3,236
max3d_pro,00032,second,Giải Nhì,4,425
max3d_pro,00032,second,Giải Nhì,5,164
max3d_pro,00032,second,Giải Nhì,6,171
max3d_pro,00032,third,Giải Ba,1,611
max3d_pro,00032,third,Giải Ba,2,412
max3d_pro,00032,third,Giải Ba,3,223
max3d_pro,00032,third,Giải Ba,4,885
max3d_pro,00032,third,Giải Ba,5,639
max3d_pro,00032,third,Giải Ba,6,589
max3d_pro,00032,third,Giải Ba,7,207
max3d_pro,00032,third,Giải Ba,8,121
max3d_pro,00033,special,Giải Đặc biệt,1,319
max3d_pro,00033,special,Giải Đặc biệt,2,822
max3d_pro,00033,first,Giải Nhất,1,956
max3d_pro,00033,first,Giải Nhất,2,232
max3d_pro,00033,first,Giải Nhất,3,329
max3d_pro,00033,first,Giải Nhất,4,794
max3d_pro,00033,second,Giải Nhì,1,030
max3d_pro,00033,second,Giải Nhì,2,915
max3d_pro,00033,second,Giải Nhì,3,270
max3d_pro,00033,second,Giải Nhì,4,251
max3d_pro,00033,second,Giải Nhì,5,014
max3d_pro,00033,second,Giải Nhì,6,006
max3d_pro,00033,third,Giải Ba,1,229
max3d_pro,00033,third,Giải Ba,2,946
max3d_pro,00033,third,Giải Ba,3,021
max3d_pro,00033,third,Giải Ba,4,323
max3d_pro,00033,third,Giải Ba,5,626
max3d_pro,00033,third,Giải Ba,6,254
max3d_pro,00033,third,Giải Ba,7,355
max3d_pro,00033,third,Giải Ba,8,095
max3d_pro,00034,special,Giải Đặc biệt,1,612
max3d_pro,00034,special,Giải Đặc biệt,2,054
max3d_pro,00034,first,Giải Nhất,1,948
max3d_pro,00034,first,Giải Nhất,2,310
max3d_pro,00034,first,Giải Nhất,3,977
max3d_pro,00034,first,Giải Nhất,4,297
max3d_pro,00034,second,Giải Nhì,1,656
max3d_pro,00034,second,Giải Nhì,2,572
max3d_pro,00034,second,Giải Nhì,3,704
max3d_pro,00034,second,Giải Nhì,4,133
max3d_pro,00034,second,Giải Nhì,5,951
max3d_pro,00034,second,Giải Nhì,6,258
max3d_pro,00034,third,Giải Ba,1,451
max3d_pro,00034,third,Giải Ba,2,612
max3d_pro,00034,third,Giải Ba,3,197
max3d_pro,00034,third,Giải Ba,4,702
max3d_pro,00034,third,Giải Ba,5,155
max3d_pro,00034,third,Giải Ba,6,779
max3d_pro,00034,third,Giải Ba,7,731
max3d_pro,00034,third,Giải Ba,8,984
max3d_pro,00035,special,Giải Đặc biệt,1,231
max3d_pro,00035,special,Giải Đặc biệt,2,875
max3d_pro,00035,first,Giải Nhất,1,450
max3d_pro,00035,first,Giải Nhất,2,899
max3d_pro,00035,first,Giải Nhất,3,833
max3d_pro,00035,first,Giải Nhất,4,731
max3d_pro,00035,second,Giải Nhì,1,947
max3d_pro,00035,second,Giải Nhì,2,677
max3d_pro,00035,second,Giải Nhì,3,495
max3d_pro,00035,second,Giải Nhì,4,032
max3d_pro,00035,second,Giải Nhì,5,118
max3d_pro,00035,second,Giải Nhì,6,248
max3d_pro,00035,third,Giải Ba,1,978
max3d_pro,00035,third,Giải Ba,2,364
max3d_pro,00035,third,Giải Ba,3,204
max3d_pro,00035,third,Giải Ba,4,279
max3d_pro,00035,third,Giải Ba,5,414
max3d_pro,00035,third,Giải Ba,6,752
max3d_pro,00035,third,Giải Ba,7,543
max3d_pro,00035,third,Giải Ba,8,146
max3d_pro,00036,special,Giải Đặc biệt,1,809
max3d_pro,00036,special,Giải Đặc biệt,2,900
max3d_pro,00036,first,Giải Nhất,1,097
max3d_pro,00036,first,Giải Nhất,2,851
max3d_pro,00036,first,Giải Nhất,3,216
max3d_pro,00036,first,Giải Nhất,4,164
max3d_pro,00036,second,Giải Nhì,1,975
max3d_pro,00036,second,Giải Nhì,2,369
max3d_pro,00036,second,Giải Nhì,3,256
max3d_pro,00036,second,Giải Nhì,4,359
max3d_pro,00036,second,Giải Nhì,5,435
max3d_pro,00036,second,Giải Nhì,6,982
max3d_pro,00036,third,Giải Ba,1,284
max3d_pro,00036,third,Giải Ba,2,993
max3d_pro,00036,third,Giải Ba,3,897
max3d_pro,00036,third,Giải Ba,4,030
max3d_pro,00036,third,Giải Ba,5,454
max3d_pro,00036,third,Giải Ba,6,458
max3d_pro,00036,third,Giải Ba,7,612
max3d_pro,00036,third,Giải Ba,8,961
max3d_pro,00037,special,Giải Đặc biệt,1,602
max3d_pro,00037,special,Giải Đặc biệt,2,846
max3d_pro,00037,first,Giải Nhất,1,220
max3d_pro,00037,first,Giải Nhất,2,634
max3d_pro,00037,first,Giải Nhất,3,017
max3d_pro,00037,first,Giải Nhất,4,195
max3d_pro,00037,second,Giải Nhì,1,073
max3d_pro,00037,second,Giải Nhì,2,078
max3d_pro,00037,second,Giải Nhì,3,707
max3d_pro,00037,second,Giải Nhì,4,406
max3d_pro,00037,second,Giải Nhì,5,577
max3d_pro,00037,second,Giải Nhì,6,109
max3d_pro,00037,third,Giải Ba,1,727
max3d_pro,00037,third,Giải Ba,2,863
max3d_pro,00037,third,Giải Ba,3,005
max3d_pro,00037,third,Giải Ba,4,570
max3d_pro,00037,third,Giải Ba,5,499
max3d_pro,00037,third,Giải Ba,6,115
max3d_pro,00037,third,Giải Ba,7,338
max3d_pro,00037,third,Giải Ba,8,859
max3d_pro,00038,special,Giải Đặc biệt,1,966
max3d_pro,00038,special,Giải Đặc biệt,2,381
max3d_pro,00038,first,Giải Nhất,1,116
max3d_pro,00038,first,Giải Nhất,2,673
max3d_pro,00038,first,Giải Nhất,3,373
max3d_pro,00038,first,Giải Nhất,4,113
max3d_pro,00038,second,Giải Nhì,1,882
max3d_pro,00038,second,Giải Nhì,2,121
max3d_pro,00038,second,Giải Nhì,3,666
max3d_pro,00038,second,Giải Nhì,4,758
max3d_pro,00038,second,Giải Nhì,5,536
max3d_pro,00038,second,Giải Nhì,6,657
max3d_pro,00038,third,Giải Ba,1,327
max3d_pro,00038,third,Giải Ba,2,511
max3d_pro,00038,third,Giải Ba,3,678
max3d_pro,00038,third,Giải Ba,4,216
max3d_pro,00038,third,Giải Ba,5,455
max3d_pro,00038,third,Giải Ba,6,287
max3d_pro,00038,third,Giải Ba,7,421
max3d_pro,00038,third,Giải Ba,8,477
max3d_pro,00039,special,Giải Đặc biệt,1,486
max3d_pro,00039,special,Giải Đặc biệt,2,745
max3d_pro,00039,first,Giải Nhất,1,972
max3d_pro,00039,first,Giải Nhất,2,441
max3d_pro,00039,first,Giải Nhất,3,032
max3d_pro,00039,first,Giải Nhất,4,530
max3d_pro,00039,second,Giải Nhì,1,209
max3d_pro,00039,second,Giải Nhì,2,217
max3d_pro,00039,second,Giải Nhì,3,801
max3d_pro,00039,second,Giải Nhì,4,859
max3d_pro,00039,second,Giải Nhì,5,365
max3d_pro,00039,second,Giải Nhì,6,606
max3d_pro,00039,third,Giải Ba,1,666
max3d_pro,00039,third,Giải Ba,2,123
max3d_pro,00039,third,Giải Ba,3,346
max3d_pro,00039,third,Giải Ba,4,214
max3d_pro,00039,third,Giải Ba,5,162
max3d_pro,00039,third,Giải Ba,6,113
max3d_pro,00039,third,Giải Ba,7,077
max3d_pro,00039,third,Giải Ba,8,613
max3d_pro,00040,special,Giải Đặc biệt,1,825
max3d_pro,00040,special,Giải Đặc biệt,2,082
max3d_pro,00040,first,Giải Nhất,1,187
max3d_pro,00040,first,Giải Nhất,2,817
max3d_pro,00040,first,Giải Nhất,3,371
max3d_pro,00040,first,Giải Nhất,4,028
max3d_pro,00040,second,Giải Nhì,1,698
max3d_pro,00040,second,Giải Nhì,2,080
max3d_pro,00040,second,Giải Nhì,3,553
max3d_pro,00040,second,Giải Nhì,4,572
max3d_pro,00040,second,Giải Nhì,5,460
max3d_pro,00040,second,Giải Nhì,6,863
max3d_pro,00040,third,Giải Ba,1,478
max3d_pro,00040,third,Giải Ba,2,402
max3d_pro,00040,third,Giải Ba,3,025
max3d_pro,00040,third,Giải Ba,4,025
max3d_pro,00040,third,Giải Ba,5,449
max3d_pro,00040,third,Giải Ba,6,830
max3d_pro,00040,third,Giải Ba,7,074
max3d_pro,00040,third,Giải Ba,8,524
max3d_pro,00041,special,Giải Đặc biệt,1,938
max3d_pro,00041,special,Giải Đặc biệt,2,723
max3d_pro,00041,first,Giải Nhất,1,589
max3d_pro,00041,first,Giải Nhất,2,555
max3d_pro,00041,first,Giải Nhất,3,971
max3d_pro,00041,first,Giải Nhất,4,303
max3d_pro,00041,second,Giải Nhì,1,826
max3d_pro,00041,second,Giải Nhì,2,156
max3d_pro,00041,second,Giải Nhì,3,410
max3d_pro,00041,second,Giải Nhì,4,008
max3d_pro,00041,second,Giải Nhì,5,057
max3d_pro,00041,second,Giải Nhì,6,388
max3d_pro,00041,third,Giải Ba,1,453
max3d_pro,00041,third,Giải Ba,2,614
max3d_pro,00041,third,Giải Ba,3,290
max3d_pro,00041,third,Giải Ba,4,130
max3d_pro,00041,third,Giải Ba,5,110
max3d_pro,00041,third,Giải Ba,6,459
max3d_pro,00041,third,Giải Ba,7,366
max3d_pro,00041,third,Giải Ba,8,074
max3d_pro,00042,special,Giải Đặc biệt,1,164
max3d_pro,00042,special,Giải Đặc biệt,2,092
max3d_pro,00042,first,Giải Nhất,1,382
max3d_pro,00042,first,Giải Nhất,2,826
max3d_pro,00042,first,Giải Nhất,3,681
max3d_pro,00042,first,Giải Nhất,4,925
max3d_pro,00042,second,Giải Nhì,1,962
max3d_pro,00042,second,Giải Nhì,2,394
max3d_pro,00042,second,Giải Nhì,3,147
max3d_pro,00042,second,Giải Nhì,4,555
max3d_pro,00042,second,Giải Nhì,5,762
max3d_pro,00042,second,Giải Nhì,6,303
max3d_pro,00042,third,Giải Ba,1,689
max3d_pro,00042,third,Giải Ba,2,144
max3d_pro,00042,third,Giải Ba,3,368
max3d_pro,00042,third,Giải Ba,4,232
max3d_pro,00042,third,Giải Ba,5,698
max3d_pro,00042,third,Giải Ba,6,322
max3d_pro,00042,third,Giải Ba,7,591
max3d_pro,00042,third,Giải Ba,8,309
max3d_pro,00043,special,Giải Đặc biệt,1,474
max3d_pro,00043,special,Giải Đặc biệt,2,784
max3d_pro,00043,first,Giải Nhất,1,871
max3d_pro,00043,first,Giải Nhất,2,926
max3d_pro,00043,first,Giải Nhất,3,034
max3d_pro,00043,first,Giải Nhất,4,262
max3d_pro,00043,second,Giải Nhì,1,343
max3d_pro,00043,second,Giải Nhì,2,087
max3d_pro,00043,second,Giải Nhì,3,809
max3d_pro,00043,second,Giải Nhì,4,763
max3d_pro,00043,second,Giải Nhì,5,129
max3d_pro,00043,second,Giải Nhì,6,082
max3d_pro,00043,third,Giải Ba,1,848
max3d_pro,00043,third,Giải Ba,2,676
max3d_pro,00043,third,Giải Ba,3,929
max3d_pro,00043,third,Giải Ba,4,336
max3d_pro,00043,third,Giải Ba,5,338
max3d_pro,00043,third,Giải Ba,6,399
max3d_pro,00043,third,Giải Ba,7,178
max3d_pro,00043,third,Giải Ba,8,325
max3d_pro,00044,special,Giải Đặc biệt,1,609
max3d_pro,00044,special,Giải Đặc biệt,2,770
max3d_pro,00044,first,Giải Nhất,1,915
max3d_pro,00044,first,Giải Nhất,2,490
max3d_pro,00044,first,Giải Nhất,3,800
max3d_pro,00044,first,Giải Nhất,4,277
max3d_pro,00044,second,Giải Nhì,1,473
max3d_pro,00044,second,Giải Nhì,2,038
max3d_pro,00044,second,Giải Nhì,3,556
max3d_pro,00044,second,Giải Nhì,4,966
max3d_pro,00044,second,Giải Nhì,5,719
max3d_pro,00044,second,Giải Nhì,6,426
max3d_pro,00044,third,Giải Ba,1,953
max3d_pro,00044,third,Giải Ba,2,900
max3d_pro,00044,third,Giải Ba,3,365
max3d_pro,00044,third,Giải Ba,4,885
max3d_pro,00044,third,Giải Ba,5,619
max3d_pro,00044,third,Giải Ba,6,830
max3d_pro,00044,third,Giải Ba,7,369
max3d_pro,00044,third,Giải Ba,8,729
max3d_pro,00045,special,Giải Đặc biệt,1,878
max3d_pro,00045,special,Giải Đặc biệt,2,480
max3d_pro,00045,first,Giải Nhất,1,519
max3d_pro,00045,first,Giải Nhất,2,433
max3d_pro,00045,first,Giải Nhất,3,840
max3d_pro,00045,first,Giải Nhất,4,816
max3d_pro,00045,second,Giải Nhì,1,291
max3d_pro,00045,second,Giải Nhì,2,586
max3d_pro,00045,second,Giải Nhì,3,397
max3d_pro,00045,second,Giải Nhì,4,174
max3d_pro,00045,second,Giải Nhì,5,145
max3d_pro,00045,second,Giải Nhì,6,485
max3d_pro,00045,third,Giải Ba,1,763
max3d_pro,00045,third,Giải Ba,2,682
max3d_pro,00045,third,Giải Ba,3,691
max3d_pro,00045,third,Giải Ba,4,124
max3d_pro,00045,third,Giải Ba,5,430
max3d_pro,00045,third,Giải Ba,6,511
max3d_pro,00045,third,Giải Ba,7,861
max3d_pro,00045,third,Giải Ba,8,716
max3d_pro,00046,special,Giải Đặc biệt,1,829
max3d_pro,00046,special,Giải Đặc biệt,2,217
max3d_pro,00046,first,Giải Nhất,1,711
max3d_pro,00046,first,Giải Nhất,2,614
max3d_pro,00046,first,Giải Nhất,3,886
max3d_pro,00046,first,Giải Nhất,4,538
max3d_pro,00046,second,Giải Nhì,1,024
max3d_pro,00046,second,Giải Nhì,2,863
max3d_pro,00046,second,Giải Nhì,3,411
max3d_pro,00046,second,Giải Nhì,4,148
max3d_pro,00046,second,Giải Nhì,5,426
max3d_pro,00046,second,Giải Nhì,6,229
max3d_pro,00046,third,Giải Ba,1,417
max3d_pro,00046,third,Giải Ba,2,487
max3d_pro,00046,third,Giải Ba,3,899
max3d_pro,00046,third,Giải Ba,4,340
max3d_pro,00046,third,Giải Ba,5,375
max3d_pro,00046,third,Giải Ba,6,413
max3d_pro,00046,third,Giải Ba,7,918
max3d_pro,00046,third,Giải Ba,8,057
max3d_pro,00047,special,Giải Đặc biệt,1,957
max3d_pro,00047,special,Giải Đặc biệt,2,052
max3d_pro,00047,first,Giải Nhất,1,615
max3d_pro,00047,first,Giải Nhất,2,462
max3d_pro,00047,first,Giải Nhất,3,685
max3d_pro,00047,first,Giải Nhất,4,652
max3d_pro,00047,second,Giải Nhì,1,374
max3d_pro,00047,second,Giải Nhì,2,476
max3d_pro,00047,second,Giải Nhì,3,234
max3d_pro,00047,second,Giải Nhì,4,863
max3d_pro,00047,second,Giải Nhì,5,316
max3d_pro,00047,second,Giải Nhì,6,803
max3d_pro,00047,third,Giải Ba,1,693
max3d_pro,00047,third,Giải Ba,2,674
max3d_pro,00047,third,Giải Ba,3,416
max3d_pro,00047,third,Giải Ba,4,055
max3d_pro,00047,third,Giải Ba,5,851
max3d_pro,00047,third,Giải Ba,6,395
max3d_pro,00047,third,Giải Ba,7,028
max3d_pro,00047,third,Giải Ba,8,872
max3d_pro,00048,special,Giải Đặc biệt,1,056
max3d_pro,00048,special,Giải Đặc biệt,2,071
max3d_pro,00048,first,Giải Nhất,1,506
max3d_pro,00048,first,Giải Nhất,2,695
max3d_pro,00048,first,Giải Nhất,3,787
max3d_pro,00048,first,Giải Nhất,4,699
max3d_pro,00048,second,Giải Nhì,1,179
max3d_pro,00048,second,Giải Nhì,2,621
max3d_pro,00048,second,Giải Nhì,3,336
max3d_pro,00048,second,Giải Nhì,4,237
max3d_pro,00048,second,Giải Nhì,5,021
max3d_pro,00048,second,Giải Nhì,6,597
max3d_pro,00048,third,Giải Ba,1,470
max3d_pro,00048,third,Giải Ba,2,947
max3d_pro,00048,third,Giải Ba,3,854
max3d_pro,00048,third,Giải Ba,4,383
max3d_pro,00048,third,Giải Ba,5,944
max3d_pro,00048,third,Giải Ba,6,829
max3d_pro,00048,third,Giải Ba,7,402
max3d_pro,00048,third,Giải Ba,8,841
max3d_pro,00049,special,Giải Đặc biệt,1,605
max3d_pro,00049,special,Giải Đặc biệt,2,705
max3d_pro,00049,first,Giải Nhất,1,106
max3d_pro,00049,first,Giải Nhất,2,515
max3d_pro,00049,first,Giải Nhất,3,866
max3d_pro,00049,first,Giải Nhất,4,827
max3d_pro,00049,second,Giải Nhì,1,067
max3d_pro,00049,second,Giải Nhì,2,829
max3d_pro,00049,second,Giải Nhì,3,872
max3d_pro,00049,second,Giải Nhì,4,650
max3d_pro,00049,second,Giải Nhì,5,367
max3d_pro,00049,second,Giải Nhì,6,104
max3d_pro,00049,third,Giải Ba,1,222
max3d_pro,00049,third,Giải Ba,2,221
max3d_pro,00049,third,Giải Ba,3,420
max3d_pro,00049,third,Giải Ba,4,698
max3d_pro,00049,third,Giải Ba,5,945
max3d_pro,00049,third,Giải Ba,6,942
max3d_pro,00049,third,Giải Ba,7,436
max3d_pro,00049,third,Giải Ba,8,395
max3d_pro,00050,special,Giải Đặc biệt,1,666
max3d_pro,00050,special,Giải Đặc biệt,2,597
max3d_pro,00050,first,Giải Nhất,1,199
max3d_pro,00050,first,Giải Nhất,2,055
max3d_pro,00050,first,Giải Nhất,3,057
max3d_pro,00050,first,Giải Nhất,4,704
max3d_pro,00050,second,Giải Nhì,1,743
max3d_pro,00050,second,Giải Nhì,2,876
max3d_pro,00050,second,Giải Nhì,3,628
max3d_pro,00050,second,Giải Nhì,4,556
max3d_pro,00050,second,Giải Nhì,5,185
max3d_pro,00050,second,Giải Nhì,6,421
max3d_pro,00050,third,Giải Ba,1,066
max3d_pro,00050,third,Giải Ba,2,205
max3d_pro,00050,third,Giải Ba,3,041
max3d_pro,00050,third,Giải Ba,4,641
max3d_pro,00050,third,Giải Ba,5,854
max3d_pro,00050,third,Giải Ba,6,280
max3d_pro,00050,third,Giải Ba,7,328
max3d_pro,00050,third,Giải Ba,8,485
max3d_pro,00051,special,Giải Đặc biệt,1,665
max3d_pro,00051,special,Giải Đặc biệt,2,457
max3d_pro,00051,first,Giải Nhất,1,280
max3d_pro,00051,first,Giải Nhất,2,003
max3d_pro,00051,first,Giải Nhất,3,966
max3d_pro,00051,first,Giải Nhất,4,793
max3d_pro,00051,second,Giải Nhì,1,336
max3d_pro,00051,second,Giải Nhì,2,318
max3d_pro,00051,second,Giải Nhì,3,054
max3d_pro,00051,second,Giải Nhì,4,001
max3d_pro,00051,second,Giải Nhì,5,143
max3d_pro,00051,second,Giải Nhì,6,592
max3d_pro,00051,third,Giải Ba,1,074
max3d_pro,00051,third,Giải Ba,2,445
max3d_pro,00051,third,Giải Ba,3,546
max3d_pro,00051,third,Giải Ba,4,523
max3d_pro,00051,third,Giải Ba,5,674
max3d_pro,00051,third,Giải Ba,6,262
max3d_pro,00051,third,Giải Ba,7,389
max3d_pro,00051,third,Giải Ba,8,763
max3d_pro,00052,special,Giải Đặc biệt,1,504
max3d_pro,00052,special,Giải Đặc biệt,2,056
max3d_pro,00052,first,Giải Nhất,1,823
max3d_pro,00052,first,Giải Nhất,2,949
max3d_pro,00052,first,Giải Nhất,3,940
max3d_pro,00052,first,Giải Nhất,4,984
max3d_pro,00052,second,Giải Nhì,1,839
max3d_pro,00052,second,Giải Nhì,2,895
max3d_pro,00052,second,Giải Nhì,3,625
max3d_pro,00052,second,Giải Nhì,4,682
max3d_pro,00052,second,Giải Nhì,5,398
max3d_pro,00052,second,Giải Nhì,6,874
max3d_pro,00052,third,Giải Ba,1,742
max3d_pro,00052,third,Giải Ba,2,021
max3d_pro,00052,third,Giải Ba,3,871
max3d_pro,00052,third,Giải Ba,4,460
max3d_pro,00052,third,Giải Ba,5,322
max3d_pro,00052,third,Giải Ba,6,313
max3d_pro,00052,third,Giải Ba,7,739
max3d_pro,00052,third,Giải Ba,8,669
max3d_pro,00053,special,Giải Đặc biệt,1,773
max3d_pro,00053,special,Giải Đặc biệt,2,499
max3d_pro,00053,first,Giải Nhất,1,654
max3d_pro,00053,first,Giải Nhất,2,782
max3d_pro,00053,first,Giải Nhất,3,381
max3d_pro,00053,first,Giải Nhất,4,875
max3d_pro,00053,second,Giải Nhì,1,159
max3d_pro,00053,second,Giải Nhì,2,936
max3d_pro,00053,second,Giải Nhì,3,121
max3d_pro,00053,second,Giải Nhì,4,939
max3d_pro,00053,second,Giải Nhì,5,408
max3d_pro,00053,second,Giải Nhì,6,387
max3d_pro,00053,third,Giải Ba,1,886
max3d_pro,00053,third,Giải Ba,2,440
max3d_pro,00053,third,Giải Ba,3,785
max3d_pro,00053,third,Giải Ba,4,078
max3d_pro,00053,third,Giải Ba,5,129
max3d_pro,00053,third,Giải Ba,6,852
max3d_pro,00053,third,Giải Ba,7,573
max3d_pro,00053,third,Giải Ba,8,738
max3d_pro,00054,special,Giải Đặc biệt,1,456
max3d_pro,00054,special,Giải Đặc biệt,2,467
max3d_pro,00054,first,Giải Nhất,1,857
max3d_pro,00054,first,Giải Nhất,2,359
max3d_pro,00054,first,Giải Nhất,3,127
max3d_pro,00054,first,Giải Nhất,4,786
max3d_pro,00054,second,Giải Nhì,1,206
max3d_pro,00054,second,Giải Nhì,2,199
max3d_pro,00054,second,Giải Nhì,3,899
max3d_pro,00054,second,Giải Nhì,4,911
max3d_pro,00054,second,Giải Nhì,5,066
max3d_pro,00054,second,Giải Nhì,6,259
max3d_pro,00054,third,Giải Ba,1,848
max3d_pro,00054,third,Giải Ba,2,616
max3d_pro,00054,third,Giải Ba,3,914
max3d_pro,00054,third,Giải Ba,4,317
max3d_pro,00054,third,Giải Ba,5,694
max3d_pro,00054,third,Giải Ba,6,154
max3d_pro,00054,third,Giải Ba,7,036
max3d_pro,00054,third,Giải Ba,8,341
max3d_pro,00055,special,Giải Đặc biệt,1,895
max3d_pro,00055,special,Giải Đặc biệt,2,505
max3d_pro,00055,first,Giải Nhất,1,515
max3d_pro,00055,first,Giải Nhất,2,226
max3d_pro,00055,first,Giải Nhất,3,252
max3d_pro,00055,first,Giải Nhất,4,690
max3d_pro,00055,second,Giải Nhì,1,865
max3d_pro,00055,second,Giải Nhì,2,652
max3d_pro,00055,second,Giải Nhì,3,873
max3d_pro,00055,second,Giải Nhì,4,766
max3d_pro,00055,second,Giải Nhì,5,411
max3d_pro,00055,second,Giải Nhì,6,001
max3d_pro,00055,third,Giải Ba,1,821
max3d_pro,00055,third,Giải Ba,2,547
max3d_pro,00055,third,Giải Ba,3,203
max3d_pro,00055,third,Giải Ba,4,469
max3d_pro,00055,third,Giải Ba,5,202
max3d_pro,00055,third,Giải Ba,6,141
max3d_pro,00055,third,Giải Ba,7,093
max3d_pro,00055,third,Giải Ba,8,274
max3d_pro,00056,special,Giải Đặc biệt,1,003
max3d_pro,00056,special,Giải Đặc biệt,2,178
max3d_pro,00056,first,Giải Nhất,1,882
max3d_pro,00056,first,Giải Nhất,2,848
max3d_pro,00056,first,Giải Nhất,3,001
max3d_pro,00056,first,Giải Nhất,4,479
max3d_pro,00056,second,Giải Nhì,1,731
max3d_pro,00056,second,Giải Nhì,2,476
max3d_pro,00056,second,Giải Nhì,3,864
max3d_pro,00056,second,Giải Nhì,4,373
max3d_pro,00056,second,Giải Nhì,5,234
max3d_pro,00056,second,Giải Nhì,6,499
max3d_pro,00056,third,Giải Ba,1,451
max3d_pro,00056,third,Giải Ba,2,661
max3d_pro,00056,third,Giải Ba,3,801
max3d_pro,00056,third,Giải Ba,4,796
max3d_pro,00056,third,Giải Ba,5,071
max3d_pro,00056,third,Giải Ba,6,853
max3d_pro,00056,third,Giải Ba,7,137
max3d_pro,00056,third,Giải Ba,8,961
max3d_pro,00057,special,Giải Đặc biệt,1,159
max3d_pro,00057,special,Giải Đặc biệt,2,771
max3d_pro,00057,first,Giải Nhất,1,435
max3d_pro,00057,first,Giải Nhất,2,682
max3d_pro,00057,first,Giải Nhất,3,063
max3d_pro,00057,first,Giải Nhất,4,597
max3d_pro,00057,second,Giải Nhì,1,027
max3d_pro,00057,second,Giải Nhì,2,095
max3d_pro,00057,second,Giải Nhì,3,145
max3d_pro,00057,second,Giải Nhì,4,954
max3d_pro,00057,second,Giải Nhì,5,312
max3d_pro,00057,second,Giải Nhì,6,484
max3d_pro,00057,third,Giải Ba,1,299
max3d_pro,00057,third,Giải Ba,2,427
max3d_pro,00057,third,Giải Ba,3,229
max3d_pro,00057,third,Giải Ba,4,129
max3d_pro,00057,third,Giải Ba,5,933
max3d_pro,00057,third,Giải Ba,6,693
max3d_pro,00057,third,Giải Ba,7,641
max3d_pro,00057,third,Giải Ba,8,934
max3d_pro,00058,special,Giải Đặc biệt,1,852
max3d_pro,00058,special,Giải Đặc biệt,2,617
max3d_pro,00058,first,Giải Nhất,1,319
max3d_pro,00058,first,Giải Nhất,2,209
max3d_pro,00058,first,Giải Nhất,3,568
max3d_pro,00058,first,Giải Nhất,4,798
max3d_pro,00058,second,Giải Nhì,1,303
max3d_pro,00058,second,Giải Nhì,2,015
max3d_pro,00058,second,Giải Nhì,3,670
max3d_pro,00058,second,Giải Nhì,4,849
max3d_pro,00058,second,Giải Nhì,5,927
max3d_pro,00058,second,Giải Nhì,6,510
max3d_pro,00058,third,Giải Ba,1,148
max3d_pro,00058,third,Giải Ba,2,468
max3d_pro,00058,third,Giải Ba,3,453
max3d_pro,00058,third,Giải Ba,4,783
max3d_pro,00058,third,Giải Ba,5,261
max3d_pro,00058,third,Giải Ba,6,179
max3d_pro,00058,third,Giải Ba,7,748
max3d_pro,00058,third,Giải Ba,8,646
max3d_pro,00059,special,Giải Đặc biệt,1,078
max3d_pro,00059,special,Giải Đặc biệt,2,120
max3d_pro,00059,first,Giải Nhất,1,349
max3d_pro,00059,first,Giải Nhất,2,567
max3d_pro,00059,first,Giải Nhất,3,514
max3d_pro,00059,first,Giải Nhất,4,973
max3d_pro,00059,second,Giải Nhì,1,208
max3d_pro,00059,second,Giải Nhì,2,922
max3d_pro,00059,second,Giải Nhì,3,361
max3d_pro,00059,second,Giải Nhì,4,093
max3d_pro,00059,second,Giải Nhì,5,372
max3d_pro,00059,second,Giải Nhì,6,279
max3d_pro,00059,third,Giải Ba,1,757
max3d_pro,00059,third,Giải Ba,2,434
max3d_pro,00059,third,Giải Ba,3,916
max3d_pro,00059,third,Giải Ba,4,164
max3d_pro,00059,third,Giải Ba,5,366
max3d_pro,00059,third,Giải Ba,6,530
max3d_pro,00059,third,Giải Ba,7,584
max3d_pro,00059,third,Giải Ba,8,166
max3d_pro,00060,special,Giải Đặc biệt,1,186
max3d_pro,00060,special,Giải Đặc biệt,2,576
max3d_pro,00060,first,Giải Nhất,1,564
max3d_pro,00060,first,Giải Nhất,2,241
max3d_pro,00060,first,Giải Nhất,3,534
max3d_pro,00060,first,Giải Nhất,4,807
max3d_pro,00060,second,Giải Nhì,1,512
max3d_pro,00060,second,Giải Nhì,2,921
max3d_pro,00060,second,Giải Nhì,3,167
max3d_pro,00060,second,Giải Nhì,4,569
max3d_pro,00060,second,Giải Nhì,5,165
max3d_pro,00060,second,Giải Nhì,6,450
max3d_pro,00060,third,Giải Ba,1,223
max3d_pro,00060,third,Giải Ba,2,888
max3d_pro,00060,third,Giải Ba,3,483
max3d_pro,00060,third,Giải Ba,4,665
max3d_pro,00060,third,Giải Ba,5,623
max3d_pro,00060,third,Giải Ba,6,321
max3d_pro,00060,third,Giải Ba,7,933
max3d_pro,00060,third,Giải Ba,8,468
max3d_pro,00061,special,Giải Đặc biệt,1,158
max3d_pro,00061,special,Giải Đặc biệt,2,455
max3d_pro,00061,first,Giải Nhất,1,789
max3d_pro,00061,first,Giải Nhất,2,435
max3d_pro,00061,first,Giải Nhất,3,629
max3d_pro,00061,first,Giải Nhất,4,628
max3d_pro,00061,second,Giải Nhì,1,834
max3d_pro,00061,second,Giải Nhì,2,421
max3d_pro,00061,second,Giải Nhì,3,098
max3d_pro,00061,second,Giải Nhì,4,810
max3d_pro,00061,second,Giải Nhì,5,566
max3d_pro,00061,second,Giải Nhì,6,196
max3d_pro,00061,third,Giải Ba,1,175
max3d_pro,00061,third,Giải Ba,2,262
max3d_pro,00061,third,Giải Ba,3,503
max3d_pro,00061,third,Giải Ba,4,321
max3d_pro,00061,third,Giải Ba,5,497
max3d_pro,00061,third,Giải Ba,6,011
max3d_pro,00061,third,Giải Ba,7,352
max3d_pro,00061,third,Giải Ba,8,563
max3d_pro,00062,special,Giải Đặc biệt,1,850
max3d_pro,00062,special,Giải Đặc biệt,2,389
max3d_pro,00062,first,Giải Nhất,1,358
max3d_pro,00062,first,Giải Nhất,2,871
max3d_pro,00062,first,Giải Nhất,3,217
max3d_pro,00062,first,Giải Nhất,4,311
max3d_pro,00062,second,Giải Nhì,1,430
max3d_pro,00062,second,Giải Nhì,2,184
max3d_pro,00062,second,Giải Nhì,3,409
max3d_pro,00062,second,Giải Nhì,4,477
max3d_pro,00062,second,Giải Nhì,5,823
max3d_pro,00062,second,Giải Nhì,6,087
max3d_pro,00062,third,Giải Ba,1,849
max3d_pro,00062,third,Giải Ba,2,769
max3d_pro,00062,third,Giải Ba,3,346
max3d_pro,00062,third,Giải Ba,4,503
max3d_pro,00062,third,Giải Ba,5,927
max3d_pro,00062,third,Giải Ba,6,001
max3d_pro,00062,third,Giải Ba,7,883
max3d_pro,00062,third,Giải Ba,8,014
max3d_pro,00063,special,Giải Đặc biệt,1,427
max3d_pro,00063,special,Giải Đặc biệt,2,838
max3d_pro,00063,first,Giải Nhất,1,954
max3d_pro,00063,first,Giải Nhất,2,296
max3d_pro,00063,first,Giải Nhất,3,577
max3d_pro,00063,first,Giải Nhất,4,097
max3d_pro,00063,second,Giải Nhì,1,830
max3d_pro,00063,second,Giải Nhì,2,018
max3d_pro,00063,second,Giải Nhì,3,952
max3d_pro,00063,second,Giải Nhì,4,769
max3d_pro,00063,second,Giải Nhì,5,119
max3d_pro,00063,second,Giải Nhì,6,789
max3d_pro,00063,third,Giải Ba,1,450
max3d_pro,00063,third,Giải Ba,2,791
max3d_pro,00063,third,Giải Ba,3,661
max3d_pro,00063,third,Giải Ba,4,249
max3d_pro,00063,third,Giải Ba,5,910
max3d_pro,00063,third,Giải Ba,6,792
max3d_pro,00063,third,Giải Ba,7,580
max3d_pro,00063,third,Giải Ba,8,445
max3d_pro,00064,special,Giải Đặc biệt,1,830
max3d_pro,00064,special,Giải Đặc biệt,2,303
max3d_pro,00064,first,Giải Nhất,1,869
max3d_pro,00064,first,Giải Nhất,2,573
max3d_pro,00064,first,Giải Nhất,3,547
max3d_pro,00064,first,Giải Nhất,4,999
max3d_pro,00064,second,Giải Nhì,1,809
max3d_pro,00064,second,Giải Nhì,2,790
max3d_pro,00064,second,Giải Nhì,3,807
max3d_pro,00064,second,Giải Nhì,4,080
max3d_pro,00064,second,Giải Nhì,5,683
max3d_pro,00064,second,Giải Nhì,6,915
max3d_pro,00064,third,Giải Ba,1,129
max3d_pro,00064,third,Giải Ba,2,881
max3d_pro,00064,third,Giải Ba,3,029
max3d_pro,00064,third,Giải Ba,4,318
max3d_pro,00064,third,Giải Ba,5,903
max3d_pro,00064,third,Giải Ba,6,888
max3d_pro,00064,third,Giải Ba,7,450
max3d_pro,00064,third,Giải Ba,8,258
max3d_pro,00065,special,Giải Đặc biệt,1,969
max3d_pro,00065,special,Giải Đặc biệt,2,262
max3d_pro,00065,first,Giải Nhất,1,387
max3d_pro,00065,first,Giải Nhất,2,644
max3d_pro,00065,first,Giải Nhất,3,015
max3d_pro,00065,first,Giải Nhất,4,503
max3d_pro,00065,second,Giải Nhì,1,752
max3d_pro,00065,second,Giải Nhì,2,823
max3d_pro,00065,second,Giải Nhì,3,424
max3d_pro,00065,second,Giải Nhì,4,998
max3d_pro,00065,second,Giải Nhì,5,900
max3d_pro,00065,second,Giải Nhì,6,812
max3d_pro,00065,third,Giải Ba,1,073
max3d_pro,00065,third,Giải Ba,2,088
max3d_pro,00065,third,Giải Ba,3,584
max3d_pro,00065,third,Giải Ba,4,212
max3d_pro,00065,third,Giải Ba,5,139
max3d_pro,00065,third,Giải Ba,6,964
max3d_pro,00065,third,Giải Ba,7,159
max3d_pro,00065,third,Giải Ba,8,270
max3d_pro,00066,special,Giải Đặc biệt,1,494
max3d_pro,00066,special,Giải Đặc biệt,2,040
max3d_pro,00066,first,Giải Nhất,1,982
max3d_pro,00066,first,Giải Nhất,2,404
max3d_pro,00066,first,Giải Nhất,3,820
max3d_pro,00066,first,Giải Nhất,4,244
max3d_pro,00066,second,Giải Nhì,1,303
max3d_pro,00066,second,Giải Nhì,2,895
max3d_pro,00066,second,Giải Nhì,3,729
max3d_pro,00066,second,Giải Nhì,4,672
max3d_pro,00066,second,Giải Nhì,5,366
max3d_pro,00066,second,Giải Nhì,6,591
max3d_pro,00066,third,Giải Ba,1,541
max3d_pro,00066,third,Giải Ba,2,137
max3d_pro,00066,third,Giải Ba,3,571
max3d_pro,00066,third,Giải Ba,4,420
max3d_pro,00066,third,Giải Ba,5,560
max3d_pro,00066,third,Giải Ba,6,001
max3d_pro,00066,third,Giải Ba,7,911
max3d_pro,00066,third,Giải Ba,8,422
max3d_pro,00067,special,Giải Đặc biệt,1,532
max3d_pro,00067,special,Giải Đặc biệt,2,635
max3d_pro,00067,first,Giải Nhất,1,149
max3d_pro,00067,first,Giải Nhất,2,047
max3d_pro,00067,first,Giải Nhất,3,829
max3d_pro,00067,first,Giải Nhất,4,161
max3d_pro,00067,second,Giải Nhì,1,521
max3d_pro,00067,second,Giải Nhì,2,249
max3d_pro,00067,second,Giải Nhì,3,112
max3d_pro,00067,second,Giải Nhì,4,507
max3d_pro,00067,second,Giải Nhì,5,028
max3d_pro,00067,second,Giải Nhì,6,327
max3d_pro,00067,third,Giải Ba,1,908
max3d_pro,00067,third,Giải Ba,2,620
max3d_pro,00067,third,Giải Ba,3,918
max3d_pro,00067,third,Giải Ba,4,376
max3d_pro,00067,third,Giải Ba,5,478
max3d_pro,00067,third,Giải Ba,6,151
max3d_pro,00067,third,Giải Ba,7,497
max3d_pro,00067,third,Giải Ba,8,522
max3d_pro,00068,special,Giải Đặc biệt,1,787
max3d_pro,00068,special,Giải Đặc biệt,2,534
max3d_pro,00068,first,Giải Nhất,1,612
max3d_pro,00068,first,Giải Nhất,2,078
max3d_pro,00068,first,Giải Nhất,3,139
max3d_pro,00068,first,Giải Nhất,4,721
max3d_pro,00068,second,Giải Nhì,1,534
max3d_pro,00068,second,Giải Nhì,2,186
max3d_pro,00068,second,Giải Nhì,3,201
max3d_pro,00068,second,Giải Nhì,4,585
max3d_pro,00068,second,Giải Nhì,5,857
max3d_pro,00068,second,Giải Nhì,6,728
max3d_pro,00068,third,Giải Ba,1,738
max3d_pro,00068,third,Giải Ba,2,675
max3d_pro,00068,third,Giải Ba,3,940
max3d_pro,00068,third,Giải Ba,4,982
max3d_pro,00068,third,Giải Ba,5,446
max3d_pro,00068,third,Giải Ba,6,417
max3d_pro,00068,third,Giải Ba,7,643
max3d_pro,00068,third,Giải Ba,8,033
max3d_pro,00069,special,Giải Đặc biệt,1,585
max3d_pro,00069,special,Giải Đặc biệt,2,081
max3d_pro,00069,first,Giải Nhất,1,934
max3d_pro,00069,first,Giải Nhất,2,206
max3d_pro,00069,first,Giải Nhất,3,581
max3d_pro,00069,first,Giải Nhất,4,532
max3d_pro,00069,second,Giải Nhì,1,922
max3d_pro,00069,second,Giải Nhì,2,755
max3d_pro,00069,second,Giải Nhì,3,617
max3d_pro,00069,second,Giải Nhì,4,857
max3d_pro,00069,second,Giải Nhì,5,918
max3d_pro,00069,second,Giải Nhì,6,216
max3d_pro,00069,third,Giải Ba,1,145
max3d_pro,00069,third,Giải Ba,2,797
max3d_pro,00069,third,Giải Ba,3,538
max3d_pro,00069,third,Giải Ba,4,660
max3d_pro,00069,third,Giải Ba,5,153
max3d_pro,00069,third,Giải Ba,6,097
max3d_pro,00069,third,Giải Ba,7,182
max3d_pro,00069,third,Giải Ba,8,430
max3d_pro,00070,special,Giải Đặc biệt,1,026
max3d_pro,00070,special,Giải Đặc biệt,2,680
max3d_pro,00070,first,Giải Nhất,1,211
max3d_pro,00070,first,Giải Nhất,2,394
max3d_pro,00070,first,Giải Nhất,3,820
max3d_pro,00070,first,Giải Nhất,4,032
max3d_pro,00070,second,Giải Nhì,1,749
max3d_pro,00070,second,Giải Nhì,2,762
max3d_pro,00070,second,Giải Nhì,3,103
max3d_pro,00070,second,Giải Nhì,4,284
max3d_pro,00070,second,Giải Nhì,5,828
max3d_pro,00070,second,Giải Nhì,6,258
max3d_pro,00070,third,Giải Ba,1,808
max3d_pro,00070,third,Giải Ba,2,011
max3d_pro,00070,third,Giải Ba,3,836
max3d_pro,00070,third,Giải Ba,4,264
max3d_pro,00070,third,Giải Ba,5,358
max3d_pro,00070,third,Giải Ba,6,413
max3d_pro,00070,third,Giải Ba,7,995
max3d_pro,00070,third,Giải Ba,8,235
max3d_pro,00071,special,Giải Đặc biệt,1,127
max3d_pro,00071,special,Giải Đặc biệt,2,868
max3d_pro,00071,first,Giải Nhất,1,860
max3d_pro,00071,first,Giải Nhất,2,423
max3d_pro,00071,first,Giải Nhất,3,233
max3d_pro,00071,first,Giải Nhất,4,248
max3d_pro,00071,second,Giải Nhì,1,527
max3d_pro,00071,second,Giải Nhì,2,185
max3d_pro,00071,second,Giải Nhì,3,499
max3d_pro,00071,second,Giải Nhì,4,549
max3d_pro,00071,second,Giải Nhì,5,114
max3d_pro,00071,second,Giải Nhì,6,046
max3d_pro,00071,third,Giải Ba,1,370
max3d_pro,00071,third,Giải Ba,2,500
max3d_pro,00071,third,Giải Ba,3,896
max3d_pro,00071,third,Giải Ba,4,191
max3d_pro,00071,third,Giải Ba,5,770
max3d_pro,00071,third,Giải Ba,6,112
max3d_pro,00071,third,Giải Ba,7,048
max3d_pro,00071,third,Giải Ba,8,839
max3d_pro,00072,special,Giải Đặc biệt,1,188
max3d_pro,00072,special,Giải Đặc biệt,2,421
max3d_pro,00072,first,Giải Nhất,1,251
max3d_pro,00072,first,Giải Nhất,2,562
max3d_pro,00072,first,Giải Nhất,3,119
max3d_pro,00072,first,Giải Nhất,4,074
max3d_pro,00072,second,Giải Nhì,1,604
max3d_pro,00072,second,Giải Nhì,2,796
max3d_pro,00072,second,Giải Nhì,3,436
max3d_pro,00072,second,Giải Nhì,4,599
max3d_pro,00072,second,Giải Nhì,5,699
max3d_pro,00072,second,Giải Nhì,6,369
max3d_pro,00072,third,Giải Ba,1,128
max3d_pro,00072,third,Giải Ba,2,653
max3d_pro,00072,third,Giải Ba,3,221
max3d_pro,00072,third,Giải Ba,4,709
max3d_pro,00072,third,Giải Ba,5,644
max3d_pro,00072,third,Giải Ba,6,460
max3d_pro,00072,third,Giải Ba,7,693
max3d_pro,00072,third,Giải Ba,8,748
max3d_pro,00073,special,Giải Đặc biệt,1,903
max3d_pro,00073,special,Giải Đặc biệt,2,294
max3d_pro,00073,first,Giải Nhất,1,453
max3d_pro,00073,first,Giải Nhất,2,964
max3d_pro,00073,first,Giải Nhất,3,252
max3d_pro,00073,first,Giải Nhất,4,109
max3d_pro,00073,second,Giải Nhì,1,727
max3d_pro,00073,second,Giải Nhì,2,837
max3d_pro,00073,second,Giải Nhì,3,813
max3d_pro,00073,second,Giải Nhì,4,868
max3d_pro,00073,second,Giải Nhì,5,332
max3d_pro,00073,second,Giải Nhì,6,671
max3d_pro,00073,third,Giải Ba,1,827
max3d_pro,00073,third,Giải Ba,2,563
max3d_pro,00073,third,Giải Ba,3,514
max3d_pro,00073,third,Giải Ba,4,078
max3d_pro,00073,third,Giải Ba,5,062
max3d_pro,00073,third,Giải Ba,6,580
max3d_pro,00073,third,Giải Ba,7,629
max3d_pro,00073,third,Giải Ba,8,451
max3d_pro,00074,special,Giải Đặc biệt,1,118
max3d_pro,00074,special,Giải Đặc biệt,2,750
max3d_pro,00074,first,Giải Nhất,1,669
max3d_pro,00074,first,Giải Nhất,2,491
max3d_pro,00074,first,Giải Nhất,3,967
max3d_pro,00074,first,Giải Nhất,4,089
max3d_pro,00074,second,Giải Nhì,1,234
max3d_pro,00074,second,Giải Nhì,2,851
max3d_pro,00074,second,Giải Nhì,3,029
max3d_pro,00074,second,Giải Nhì,4,864
max3d_pro,00074,second,Giải Nhì,5,966
max3d_pro,00074,second,Giải Nhì,6,509
max3d_pro,00074,third,Giải Ba,1,235
max3d_pro,00074,third,Giải Ba,2,520
max3d_pro,00074,third,Giải Ba,3,558
max3d_pro,00074,third,Giải Ba,4,705
max3d_pro,00074,third,Giải Ba,5,592
max3d_pro,00074,third,Giải Ba,6,476
max3d_pro,00074,third,Giải Ba,7,489
max3d_pro,00074,third,Giải Ba,8,727
max3d_pro,00075,special,Giải Đặc biệt,1,522
max3d_pro,00075,special,Giải Đặc biệt,2,460
max3d_pro,00075,first,Giải Nhất,1,765
max3d_pro,00075,first,Giải Nhất,2,973
max3d_pro,00075,first,Giải Nhất,3,954
max3d_pro,00075,first,Giải Nhất,4,943
max3d_pro,00075,second,Giải Nhì,1,013
max3d_pro,00075,second,Giải Nhì,2,926
max3d_pro,00075,second,Giải Nhì,3,771
max3d_pro,00075,second,Giải Nhì,4,709
max3d_pro,00075,second,Giải Nhì,5,722
max3d_pro,00075,second,Giải Nhì,6,021
max3d_pro,00075,third,Giải Ba,1,845
max3d_pro,00075,third,Giải Ba,2,292
max3d_pro,00075,third,Giải Ba,3,600
max3d_pro,00075,third,Giải Ba,4,105
max3d_pro,00075,third,Giải Ba,5,651
max3d_pro,00075,third,Giải Ba,6,751
max3d_pro,00075,third,Giải Ba,7,980
max3d_pro,00075,third,Giải Ba,8,499
max3d_pro,00076,special,Giải Đặc biệt,1,277
max3d_pro,00076,special,Giải Đặc biệt,2,432
max3d_pro,00076,first,Giải Nhất,1,935
max3d_pro,00076,first,Giải Nhất,2,753
max3d_pro,00076,first,Giải Nhất,3,128
max3d_pro,00076,first,Giải Nhất,4,269
max3d_pro,00076,second,Giải Nhì,1,444
max3d_pro,00076,second,Giải Nhì,2,469
max3d_pro,00076,second,Giải Nhì,3,645
max3d_pro,00076,second,Giải Nhì,4,926
max3d_pro,00076,second,Giải Nhì,5,813
max3d_pro,00076,second,Giải Nhì,6,243
max3d_pro,00076,third,Giải Ba,1,298
max3d_pro,00076,third,Giải Ba,2,184
max3d_pro,00076,third,Giải Ba,3,114
max3d_pro,00076,third,Giải Ba,4,336
max3d_pro,00076,third,Giải Ba,5,132
max3d_pro,00076,third,Giải Ba,6,426
max3d_pro,00076,third,Giải Ba,7,933
max3d_pro,00076,third,Giải Ba,8,554
max3d_pro,00077,special,Giải Đặc biệt,1,496
max3d_pro,00077,special,Giải Đặc biệt,2,912
max3d_pro,00077,first,Giải Nhất,1,555
max3d_pro,00077,first,Giải Nhất,2,223
max3d_pro,00077,first,Giải Nhất,3,158
max3d_pro,00077,first,Giải Nhất,4,956
max3d_pro,00077,second,Giải Nhì,1,351
max3d_pro,00077,second,Giải Nhì,2,979
max3d_pro,00077,second,Giải Nhì,3,790
max3d_pro,00077,second,Giải Nhì,4,158
max3d_pro,00077,second,Giải Nhì,5,997
max3d_pro,00077,second,Giải Nhì,6,395
max3d_pro,00077,third,Giải Ba,1,543
max3d_pro,00077,third,Giải Ba,2,161
max3d_pro,00077,third,Giải Ba,3,719
max3d_pro,00077,third,Giải Ba,4,240
max3d_pro,00077,third,Giải Ba,5,339
max3d_pro,00077,third,Giải Ba,6,425
max3d_pro,00077,third,Giải Ba,7,649
max3d_pro,00077,third,Giải Ba,8,665
max3d_pro,00078,special,Giải Đặc biệt,1,310
max3d_pro,00078,special,Giải Đặc biệt,2,669
max3d_pro,00078,first,Giải Nhất,1,909
max3d_pro,00078,first,Giải Nhất,2,754
max3d_pro,00078,first,Giải Nhất,3,398
max3d_pro,00078,first,Giải Nhất,4,723
max3d_pro,00078,second,Giải Nhì,1,602
max3d_pro,00078,second,Giải Nhì,2,838
max3d_pro,00078,second,Giải Nhì,3,555
max3d_pro,00078,second,Giải Nhì,4,256
max3d_pro,00078,second,Giải Nhì,5,010
max3d_pro,00078,second,Giải Nhì,6,666
max3d_pro,00078,third,Giải Ba,1,755
max3d_pro,00078,third,Giải Ba,2,922
max3d_pro,00078,third,Giải Ba,3,769
max3d_pro,00078,third,Giải Ba,4,538
max3d_pro,00078,third,Giải Ba,5,868
max3d_pro,00078,third,Giải Ba,6,229
max3d_pro,00078,third,Giải Ba,7,138
max3d_pro,00078,third,Giải Ba,8,064
max3d_pro,00079,special,Giải Đặc biệt,1,363
max3d_pro,00079,special,Giải Đặc biệt,2,066
max3d_pro,00079,first,Giải Nhất,1,304
max3d_pro,00079,first,Giải Nhất,2,789
max3d_pro,00079,first,Giải Nhất,3,684
max3d_pro,00079,first,Giải Nhất,4,460
max3d_pro,00079,second,Giải Nhì,1,790
max3d_pro,00079,second,Giải Nhì,2,186
max3d_pro,00079,second,Giải Nhì,3,329
max3d_pro,00079,second,Giải Nhì,4,425
max3d_pro,00079,second,Giải Nhì,5,880
max3d_pro,00079,second,Giải Nhì,6,276
max3d_pro,00079,third,Giải Ba,1,723
max3d_pro,00079,third,Giải Ba,2,278
max3d_pro,00079,third,Giải Ba,3,244
max3d_pro,00079,third,Giải Ba,4,316
max3d_pro,00079,third,Giải Ba,5,054
max3d_pro,00079,third,Giải Ba,6,011
max3d_pro,00079,third,Giải Ba,7,259
max3d_pro,00079,third,Giải Ba,8,995
max3d_pro,00080,special,Giải Đặc biệt,1,667
max3d_pro,00080,special,Giải Đặc biệt,2,107
max3d_pro,00080,first,Giải Nhất,1,536
max3d_pro,00080,first,Giải Nhất,2,046
max3d_pro,00080,first,Giải Nhất,3,533
max3d_pro,00080,first,Giải Nhất,4,376
max3d_pro,00080,second,Giải Nhì,1,524
max3d_pro,00080,second,Giải Nhì,2,821
max3d_pro,00080,second,Giải Nhì,3,914
max3d_pro,00080,second,Giải Nhì,4,809
max3d_pro,00080,second,Giải Nhì,5,443
max3d_pro,00080,second,Giải Nhì,6,696
max3d_pro,00080,third,Giải Ba,1,676
max3d_pro,00080,third,Giải Ba,2,955
max3d_pro,00080,third,Giải Ba,3,492
max3d_pro,00080,third,Giải Ba,4,671
max3d_pro,00080,third,Giải Ba,5,104
max3d_pro,00080,third,Giải Ba,6,122
max3d_pro,00080,third,Giải Ba,7,500
max3d_pro,00080,third,Giải Ba,8,026
max3d_pro,00081,special,Giải Đặc biệt,1,036
max3d_pro,00081,special,Giải Đặc biệt,2,855
max3d_pro,00081,first,Giải Nhất,1,355
max3d_pro,00081,first,Giải Nhất,2,763
max3d_pro,00081,first,Giải Nhất,3,892
max3d_pro,00081,first,Giải Nhất,4,342
max3d_pro,00081,second,Giải Nhì,1,861
max3d_pro,00081,second,Giải Nhì,2,269
max3d_pro,00081,second,Giải Nhì,3,670
max3d_pro,00081,second,Giải Nhì,4,576
max3d_pro,00081,second,Giải Nhì,5,175
max3d_pro,00081,second,Giải Nhì,6,865
max3d_pro,00081,third,Giải Ba,1,405
max3d_pro,00081,third,Giải Ba,2,869
max3d_pro,00081,third,Giải Ba,3,275
max3d_pro,00081,third,Giải Ba,4,861
max3d_pro,00081,third,Giải Ba,5,297
max3d_pro,00081,third,Giải Ba,6,132
max3d_pro,00081,third,Giải Ba,7,196
max3d_pro,00081,third,Giải Ba,8,240
max3d_pro,00082,special,Giải Đặc biệt,1,896
max3d_pro,00082,special,Giải Đặc biệt,2,549
max3d_pro,00082,first,Giải Nhất,1,137
max3d_pro,00082,first,Giải Nhất,2,018
max3d_pro,00082,first,Giải Nhất,3,878
max3d_pro,00082,first,Giải Nhất,4,661
max3d_pro,00082,second,Giải Nhì,1,089
max3d_pro,00082,second,Giải Nhì,2,896
max3d_pro,00082,second,Giải Nhì,3,566
max3d_pro,00082,second,Giải Nhì,4,890
max3d_pro,00082,second,Giải Nhì,5,476
max3d_pro,00082,second,Giải Nhì,6,744
max3d_pro,00082,third,Giải Ba,1,140
max3d_pro,00082,third,Giải Ba,2,452
max3d_pro,00082,third,Giải Ba,3,136
max3d_pro,00082,third,Giải Ba,4,766
max3d_pro,00082,third,Giải Ba,5,878
max3d_pro,00082,third,Giải Ba,6,133
max3d_pro,00082,third,Giải Ba,7,085
max3d_pro,00082,third,Giải Ba,8,661
max3d_pro,00083,special,Giải Đặc biệt,1,251
max3d_pro,00083,special,Giải Đặc biệt,2,639
max3d_pro,00083,first,Giải Nhất,1,826
max3d_pro,00083,first,Giải Nhất,2,519
max3d_pro,00083,first,Giải Nhất,3,038
max3d_pro,00083,first,Giải Nhất,4,413
max3d_pro,00083,second,Giải Nhì,1,567
max3d_pro,00083,second,Giải Nhì,2,546
max3d_pro,00083,second,Giải Nhì,3,101
max3d_pro,00083,second,Giải Nhì,4,360
max3d_pro,00083,second,Giải Nhì,5,858
max3d_pro,00083,second,Giải Nhì,6,429
max3d_pro,00083,third,Giải Ba,1,839
max3d_pro,00083,third,Giải Ba,2,707
max3d_pro,00083,third,Giải Ba,3,449
max3d_pro,00083,third,Giải Ba,4,353
max3d_pro,00083,third,Giải Ba,5,674
max3d_pro,00083,third,Giải Ba,6,051
max3d_pro,00083,third,Giải Ba,7,173
max3d_pro,00083,third,Giải Ba,8,926
max3d_pro,00084,special,Giải Đặc biệt,1,289
max3d_pro,00084,special,Giải Đặc biệt,2,734
max3d_pro,00084,first,Giải Nhất,1,946
max3d_pro,00084,first,Giải Nhất,2,775
max3d_pro,00084,first,Giải Nhất,3,475
max3d_pro,00084,first,Giải Nhất,4,667
max3d_pro,00084,second,Giải Nhì,1,501
max3d_pro,00084,second,Giải Nhì,2,959
max3d_pro,00084,second,Giải Nhì,3,955
max3d_pro,00084,second,Giải Nhì,4,272
max3d_pro,00084,second,Giải Nhì,5,720
max3d_pro,00084,second,Giải Nhì,6,892
max3d_pro,00084,third,Giải Ba,1,425
max3d_pro,00084,third,Giải Ba,2,214
max3d_pro,00084,third,Giải Ba,3,892
max3d_pro,00084,third,Giải Ba,4,535
max3d_pro,00084,third,Giải Ba,5,922
max3d_pro,00084,third,Giải Ba,6,741
max3d_pro,00084,third,Giải Ba,7,237
max3d_pro,00084,third,Giải Ba,8,142
max3d_pro,00085,special,Giải Đặc biệt,1,772
max3d_pro,00085,special,Giải Đặc biệt,2,157
max3d_pro,00085,first,Giải Nhất,1,267
max3d_pro,00085,first,Giải Nhất,2,139
max3d_pro,00085,first,Giải Nhất,3,327
max3d_pro,00085,first,Giải Nhất,4,267
max3d_pro,00085,second,Giải Nhì,1,146
max3d_pro,00085,second,Giải Nhì,2,639
max3d_pro,00085,second,Giải Nhì,3,234
max3d_pro,00085,second,Giải Nhì,4,880
max3d_pro,00085,second,Giải Nhì,5,357
max3d_pro,00085,second,Giải Nhì,6,416
max3d_pro,00085,third,Giải Ba,1,095
max3d_pro,00085,third,Giải Ba,2,858
max3d_pro,00085,third,Giải Ba,3,462
max3d_pro,00085,third,Giải Ba,4,658
max3d_pro,00085,third,Giải Ba,5,353
max3d_pro,00085,third,Giải Ba,6,485
max3d_pro,00085,third,Giải Ba,7,966
max3d_pro,00085,third,Giải Ba,8,150
max3d_pro,00086,special,Giải Đặc biệt,1,228
max3d_pro,00086,special,Giải Đặc biệt,2,709
max3d_pro,00086,first,Giải Nhất,1,885
max3d_pro,00086,first,Giải Nhất,2,440
max3d_pro,00086,first,Giải Nhất,3,299
max3d_pro,00086,first,Giải Nhất,4,265
max3d_pro,00086,second,Giải Nhì,1,531
max3d_pro,00086,second,Giải Nhì,2,009
max3d_pro,00086,second,Giải Nhì,3,909
max3d_pro,00086,second,Giải Nhì,4,222
max3d_pro,00086,second,Giải Nhì,5,608
max3d_pro,00086,second,Giải Nhì,6,176
max3d_pro,00086,third,Giải Ba,1,887
max3d_pro,00086,third,Giải Ba,2,817
max3d_pro,00086,third,Giải Ba,3,241
max3d_pro,00086,third,Giải Ba,4,498
max3d_pro,00086,third,Giải Ba,5,798
max3d_pro,00086,third,Giải Ba,6,704
max3d_pro,00086,third,Giải Ba,7,527
max3d_pro,00086,third,Giải Ba,8,619
max3d_pro,00087,special,Giải Đặc biệt,1,857
max3d_pro,00087,special,Giải Đặc biệt,2,661
max3d_pro,00087,first,Giải Nhất,1,923
max3d_pro,00087,first,Giải Nhất,2,871
max3d_pro,00087,first,Giải Nhất,3,010
max3d_pro,00087,first,Giải Nhất,4,317
max3d_pro,00087,second,Giải Nhì,1,437
max3d_pro,00087,second,Giải Nhì,2,454
max3d_pro,00087,second,Giải Nhì,3,123
max3d_pro,00087,second,Giải Nhì,4,234
max3d_pro,00087,second,Giải Nhì,5,558
max3d_pro,00087,second,Giải Nhì,6,981
max3d_pro,00087,third,Giải Ba,1,905
max3d_pro,00087,third,Giải Ba,2,985
max3d_pro,00087,third,Giải Ba,3,081
max3d_pro,00087,third,Giải Ba,4,076
max3d_pro,00087,third,Giải Ba,5,811
max3d_pro,00087,third,Giải Ba,6,047
max3d_pro,00087,third,Giải Ba,7,041
max3d_pro,00087,third,Giải Ba,8,032
max3d_pro,00088,special,Giải Đặc biệt,1,658
max3d_pro,00088,special,Giải Đặc biệt,2,359
max3d_pro,00088,first,Giải Nhất,1,704
max3d_pro,00088,first,Giải Nhất,2,452
max3d_pro,00088,first,Giải Nhất,3,944
max3d_pro,00088,first,Giải Nhất,4,951
max3d_pro,00088,second,Giải Nhì,1,367
max3d_pro,00088,second,Giải Nhì,2,204
max3d_pro,00088,second,Giải Nhì,3,859
max3d_pro,00088,second,Giải Nhì,4,246
max3d_pro,00088,second,Giải Nhì,5,032
max3d_pro,00088,second,Giải Nhì,6,351
max3d_pro,00088,third,Giải Ba,1,726
max3d_pro,00088,third,Giải Ba,2,733
max3d_pro,00088,third,Giải Ba,3,192
max3d_pro,00088,third,Giải Ba,4,456
max3d_pro,00088,third,Giải Ba,5,370
max3d_pro,00088,third,Giải Ba,6,857
max3d_pro,00088,third,Giải Ba,7,827
max3d_pro,00088,third,Giải Ba,8,769
max3d_pro,00089,special,Giải Đặc biệt,1,351
max3d_pro,00089,special,Giải Đặc biệt,2,810
max3d_pro,00089,first,Giải Nhất,1,548
max3d_pro,00089,first,Giải Nhất,2,622
max3d_pro,00089,first,Giải Nhất,3,782
max3d_pro,00089,first,Giải Nhất,4,287
max3d_pro,00089,second,Giải Nhì,1,498
max3d_pro,00089,second,Giải Nhì,2,602
max3d_pro,00089,second,Giải Nhì,3,992
max3d_pro,00089,second,Giải Nhì,4,917
max3d_pro,00089,second,Giải Nhì,5,088
max3d_pro,00089,second,Giải Nhì,6,595
max3d_pro,00089,third,Giải Ba,1,942
max3d_pro,00089,third,Giải Ba,2,978
max3d_pro,00089,third,Giải Ba,3,137
max3d_pro,00089,third,Giải Ba,4,027
max3d_pro,00089,third,Giải Ba,5,320
max3d_pro,00089,third,Giải Ba,6,790
max3d_pro,00089,third,Giải Ba,7,706
max3d_pro,00089,third,Giải Ba,8,422
max3d_pro,00090,special,Giải Đặc biệt,1,116
max3d_pro,00090,special,Giải Đặc biệt,2,803
max3d_pro,00090,first,Giải Nhất,1,523
max3d_pro,00090,first,Giải Nhất,2,085
max3d_pro,00090,first,Giải Nhất,3,249
max3d_pro,00090,first,Giải Nhất,4,824
max3d_pro,00090,second,Giải Nhì,1,055
max3d_pro,00090,second,Giải Nhì,2,341
max3d_pro,00090,second,Giải Nhì,3,952
max3d_pro,00090,second,Giải Nhì,4,990
max3d_pro,00090,second,Giải Nhì,5,638
max3d_pro,00090,second,Giải Nhì,6,168
max3d_pro,00090,third,Giải Ba,1,381
max3d_pro,00090,third,Giải Ba,2,011
max3d_pro,00090,third,Giải Ba,3,145
max3d_pro,00090,third,Giải Ba,4,290
max3d_pro,00090,third,Giải Ba,5,509
max3d_pro,00090,third,Giải Ba,6,711
max3d_pro,00090,third,Giải Ba,7,685
max3d_pro,00090,third,Giải Ba,8,105
max3d_pro,00091,special,Giải Đặc biệt,1,199
max3d_pro,00091,special,Giải Đặc biệt,2,660
max3d_pro,00091,first,Giải Nhất,1,653
max3d_pro,00091,first,Giải Nhất,2,056
max3d_pro,00091,first,Giải Nhất,3,348
max3d_pro,00091,first,Giải Nhất,4,250
max3d_pro,00091,second,Giải Nhì,1,024
max3d_pro,00091,second,Giải Nhì,2,422
max3d_pro,00091,second,Giải Nhì,3,721
max3d_pro,00091,second,Giải Nhì,4,112
max3d_pro,00091,second,Giải Nhì,5,341
max3d_pro,00091,second,Giải Nhì,6,582
max3d_pro,00091,third,Giải Ba,1,790
max3d_pro,00091,third,Giải Ba,2,393
max3d_pro,00091,third,Giải Ba,3,277
max3d_pro,00091,third,Giải Ba,4,352
max3d_pro,00091,third,Giải Ba,5,369
max3d_pro,00091,third,Giải Ba,6,701
max3d_pro,00091,third,Giải Ba,7,476
max3d_pro,00091,third,Giải Ba,8,268
max3d_pro,00092,special,Giải Đặc biệt,1,416
max3d_pro,00092,special,Giải Đặc biệt,2,756
max3d_pro,00092,first,Giải Nhất,1,133
max3d_pro,00092,first,Giải Nhất,2,013
max3d_pro,00092,first,Giải Nhất,3,519
max3d_pro,00092,first,Giải Nhất,4,396
max3d_pro,00092,second,Giải Nhì,1,283
max3d_pro,00092,second,Giải Nhì,2,005
max3d_pro,00092,second,Giải Nhì,3,058
max3d_pro,00092,second,Giải Nhì,4,065
max3d_pro,00092,second,Giải Nhì,5,079
max3d_pro,00092,second,Giải Nhì,6,307
max3d_pro,00092,third,Giải Ba,1,587
max3d_pro,00092,third,Giải Ba,2,496
max3d_pro,00092,third,Giải Ba,3,312
max3d_pro,00092,third,Giải Ba,4,139
max3d_pro,00092,third,Giải Ba,5,044
max3d_pro,00092,third,Giải Ba,6,916
max3d_pro,00092,third,Giải Ba,7,863
max3d_pro,00092,third,Giải Ba,8,741
max3d_pro,00093,special,Giải Đặc biệt,1,160
max3d_pro,00093,special,Giải Đặc biệt,2,937
max3d_pro,00093,first,Giải Nhất,1,746
max3d_pro,00093,first,Giải Nhất,2,127
max3d_pro,00093,first,Giải Nhất,3,050
max3d_pro,00093,first,Giải Nhất,4,578
max3d_pro,00093,second,Giải Nhì,1,540
max3d_pro,00093,second,Giải Nhì,2,332
max3d_pro,00093,second,Giải Nhì,3,901
max3d_pro,00093,second,Giải Nhì,4,599
max3d_pro,00093,second,Giải Nhì,5,091
max3d_pro,00093,second,Giải Nhì,6,362
max3d_pro,00093,third,Giải Ba,1,861
max3d_pro,00093,third,Giải Ba,2,896
max3d_pro,00093,third,Giải Ba,3,080
max3d_pro,00093,third,Giải Ba,4,217
max3d_pro,00093,third,Giải Ba,5,340
max3d_pro,00093,third,Giải Ba,6,636
max3d_pro,00093,third,Giải Ba,7,984
max3d_pro,00093,third,Giải Ba,8,367
max3d_pro,00094,special,Giải Đặc biệt,1,285
max3d_pro,00094,special,Giải Đặc biệt,2,706
max3d_pro,00094,first,Giải Nhất,1,303
max3d_pro,00094,first,Giải Nhất,2,814
max3d_pro,00094,first,Giải Nhất,3,347
max3d_pro,00094,first,Giải Nhất,4,285
max3d_pro,00094,second,Giải Nhì,1,013
max3d_pro,00094,second,Giải Nhì,2,828
max3d_pro,00094,second,Giải Nhì,3,446
max3d_pro,00094,second,Giải Nhì,4,151
max3d_pro,00094,second,Giải Nhì,5,357
max3d_pro,00094,second,Giải Nhì,6,348
max3d_pro,00094,third,Giải Ba,1,733
max3d_pro,00094,third,Giải Ba,2,822
max3d_pro,00094,third,Giải Ba,3,399
max3d_pro,00094,third,Giải Ba,4,008
max3d_pro,00094,third,Giải Ba,5,040
max3d_pro,00094,third,Giải Ba,6,409
max3d_pro,00094,third,Giải Ba,7,006
max3d_pro,00094,third,Giải Ba,8,524
max3d_pro,00095,special,Giải Đặc biệt,1,544
max3d_pro,00095,special,Giải Đặc biệt,2,515
max3d_pro,00095,first,Giải Nhất,1,469
max3d_pro,00095,first,Giải Nhất,2,349
max3d_pro,00095,first,Giải Nhất,3,525
max3d_pro,00095,first,Giải Nhất,4,364
max3d_pro,00095,second,Giải Nhì,1,689
max3d_pro,00095,second,Giải Nhì,2,056
max3d_pro,00095,second,Giải Nhì,3,854
max3d_pro,00095,second,Giải Nhì,4,056
max3d_pro,00095,second,Giải Nhì,5,334
max3d_pro,00095,second,Giải Nhì,6,852
max3d_pro,00095,third,Giải Ba,1,219
max3d_pro,00095,third,Giải Ba,2,763
max3d_pro,00095,third,Giải Ba,3,161
max3d_pro,00095,third,Giải Ba,4,438
max3d_pro,00095,third,Giải Ba,5,681
max3d_pro,00095,third,Giải Ba,6,738
max3d_pro,00095,third,Giải Ba,7,444
max3d_pro,00095,third,Giải Ba,8,205
max3d_pro,00096,special,Giải Đặc biệt,1,296
max3d_pro,00096,special,Giải Đặc biệt,2,024
max3d_pro,00096,first,Giải Nhất,1,391
max3d_pro,00096,first,Giải Nhất,2,837
max3d_pro,00096,first,Giải Nhất,3,231
max3d_pro,00096,first,Giải Nhất,4,676
max3d_pro,00096,second,Giải Nhì,1,950
max3d_pro,00096,second,Giải Nhì,2,626
max3d_pro,00096,second,Giải Nhì,3,661
max3d_pro,00096,second,Giải Nhì,4,221
max3d_pro,00096,second,Giải Nhì,5,072
max3d_pro,00096,second,Giải Nhì,6,326
max3d_pro,00096,third,Giải Ba,1,482
max3d_pro,00096,third,Giải Ba,2,963
max3d_pro,00096,third,Giải Ba,3,890
max3d_pro,00096,third,Giải Ba,4,911
max3d_pro,00096,third,Giải Ba,5,383
max3d_pro,00096,third,Giải Ba,6,003
max3d_pro,00096,third,Giải Ba,7,464
max3d_pro,00096,third,Giải Ba,8,374
max3d_pro,00097,special,Giải Đặc biệt,1,452
max3d_pro,00097,special,Giải Đặc biệt,2,543
max3d_pro,00097,first,Giải Nhất,1,468
max3d_pro,00097,first,Giải Nhất,2,202
max3d_pro,00097,first,Giải Nhất,3,783
max3d_pro,00097,first,Giải Nhất,4,456
max3d_pro,00097,second,Giải Nhì,1,901
max3d_pro,00097,second,Giải Nhì,2,528
max3d_pro,00097,second,Giải Nhì,3,473
max3d_pro,00097,second,Giải Nhì,4,304
max3d_pro,00097,second,Giải Nhì,5,232
max3d_pro,00097,second,Giải Nhì,6,357
max3d_pro,00097,third,Giải Ba,1,544
max3d_pro,00097,third,Giải Ba,2,086
max3d_pro,00097,third,Giải Ba,3,057
max3d_pro,00097,third,Giải Ba,4,026
max3d_pro,00097,third,Giải Ba,5,534
max3d_pro,00097,third,Giải Ba,6,637
max3d_pro,00097,third,Giải Ba,7,994
max3d_pro,00097,third,Giải Ba,8,246
max3d_pro,00098,special,Giải Đặc biệt,1,837
max3d_pro,00098,special,Giải Đặc biệt,2,296
max3d_pro,00098,first,Giải Nhất,1,755
max3d_pro,00098,first,Giải Nhất,2,477
max3d_pro,00098,first,Giải Nhất,3,821
max3d_pro,00098,first,Giải Nhất,4,454
max3d_pro,00098,second,Giải Nhì,1,357
max3d_pro,00098,second,Giải Nhì,2,014
max3d_pro,00098,second,Giải Nhì,3,122
max3d_pro,00098,second,Giải Nhì,4,052
max3d_pro,00098,second,Giải Nhì,5,588
max3d_pro,00098,second,Giải Nhì,6,053
max3d_pro,00098,third,Giải Ba,1,133
max3d_pro,00098,third,Giải Ba,2,881
max3d_pro,00098,third,Giải Ba,3,960
max3d_pro,00098,third,Giải Ba,4,388
max3d_pro,00098,third,Giải Ba,5,370
max3d_pro,00098,third,Giải Ba,6,788
max3d_pro,00098,third,Giải Ba,7,664
max3d_pro,00098,third,Giải Ba,8,753
max3d_pro,00099,special,Giải Đặc biệt,1,163
max3d_pro,00099,special,Giải Đặc biệt,2,681
max3d_pro,00099,first,Giải Nhất,1,705
max3d_pro,00099,first,Giải Nhất,2,560
max3d_pro,00099,first,Giải Nhất,3,232
max3d_pro,00099,first,Giải Nhất,4,296
max3d_pro,00099,second,Giải Nhì,1,133
max3d_pro,00099,second,Giải Nhì,2,517
max3d_pro,00099,second,Giải Nhì,3,539
max3d_pro,00099,second,Giải Nhì,4,050
max3d_pro,00099,second,Giải Nhì,5,654
max3d_pro,00099,second,Giải Nhì,6,191
max3d_pro,00099,third,Giải Ba,1,555
max3d_pro,00099,third,Giải Ba,2,306
max3d_pro,00099,third,Giải Ba,3,213
max3d_pro,00099,third,Giải Ba,4,473
max3d_pro,00099,third,Giải Ba,5,858
max3d_pro,00099,third,Giải Ba,6,840
max3d_pro,00099,third,Giải Ba,7,779
max3d_pro,00099,third,Giải Ba,8,458
max3d_pro,00100,special,Giải Đặc biệt,1,734
max3d_pro,00100,special,Giải Đặc biệt,2,471
max3d_pro,00100,first,Giải Nhất,1,031
max3d_pro,00100,first,Giải Nhất,2,163
max3d_pro,00100,first,Giải Nhất,3,256
max3d_pro,00100,first,Giải Nhất,4,565
max3d_pro,00100,second,Giải Nhì,1,600
max3d_pro,00100,second,Giải Nhì,2,258
max3d_pro,00100,second,Giải Nhì,3,714
max3d_pro,00100,second,Giải Nhì,4,649
max3d_pro,00100,second,Giải Nhì,5,729
max3d_pro,00100,second,Giải Nhì,6,946
max3d_pro,00100,third,Giải Ba,1,109
max3d_pro,00100,third,Giải Ba,2,381
max3d_pro,00100,third,Giải Ba,3,037
max3d_pro,00100,third,Giải Ba,4,882
max3d_pro,00100,third,Giải Ba,5,624
max3d_pro,00100,third,Giải Ba,6,538
max3d_pro,00100,third,Giải Ba,7,221
max3d_pro,00100,third,Giải Ba,8,569
max3d_pro,00101,special,Giải Đặc biệt,1,495
max3d_pro,00101,special,Giải Đặc biệt,2,238
max3d_pro,00101,first,Giải Nhất,1,442
max3d_pro,00101,first,Giải Nhất,2,751
max3d_pro,00101,first,Giải Nhất,3,050
max3d_pro,00101,first,Giải Nhất,4,114
max3d_pro,00101,second,Giải Nhì,1,542
max3d_pro,00101,second,Giải Nhì,2,734
max3d_pro,00101,second,Giải Nhì,3,447
max3d_pro,00101,second,Giải Nhì,4,730
max3d_pro,00101,second,Giải Nhì,5,882
max3d_pro,00101,second,Giải Nhì,6,397
max3d_pro,00101,third,Giải Ba,1,600
max3d_pro,00101,third,Giải Ba,2,666
max3d_pro,00101,third,Giải Ba,3,976
max3d_pro,00101,third,Giải Ba,4,323
max3d_pro,00101,third,Giải Ba,5,858
max3d_pro,00101,third,Giải Ba,6,305
max3d_pro,00101,third,Giải Ba,7,543
max3d_pro,00101,third,Giải Ba,8,537
max3d_pro,00102,special,Giải Đặc biệt,1,222
max3d_pro,00102,special,Giải Đặc biệt,2,194
max3d_pro,00102,first,Giải Nhất,1,740
max3d_pro,00102,first,Giải Nhất,2,523
max3d_pro,00102,first,Giải Nhất,3,332
max3d_pro,00102,first,Giải Nhất,4,519
max3d_pro,00102,second,Giải Nhì,1,702
max3d_pro,00102,second,Giải Nhì,2,362
max3d_pro,00102,second,Giải Nhì,3,099
max3d_pro,00102,second,Giải Nhì,4,805
max3d_pro,00102,second,Giải Nhì,5,177
max3d_pro,00102,second,Giải Nhì,6,218
max3d_pro,00102,third,Giải Ba,1,240
max3d_pro,00102,third,Giải Ba,2,241
max3d_pro,00102,third,Giải Ba,3,505
max3d_pro,00102,third,Giải Ba,4,603
max3d_pro,00102,third,Giải Ba,5,604
max3d_pro,00102,third,Giải Ba,6,801
max3d_pro,00102,third,Giải Ba,7,262
max3d_pro,00102,third,Giải Ba,8,138
max3d_pro,00103,special,Giải Đặc biệt,1,932
max3d_pro,00103,special,Giải Đặc biệt,2,403
max3d_pro,00103,first,Giải Nhất,1,904
max3d_pro,00103,first,Giải Nhất,2,205
max3d_pro,00103,first,Giải Nhất,3,976
max3d_pro,00103,first,Giải Nhất,4,378
max3d_pro,00103,second,Giải Nhì,1,281
max3d_pro,00103,second,Giải Nhì,2,630
max3d_pro,00103,second,Giải Nhì,3,786
max3d_pro,00103,second,Giải Nhì,4,639
max3d_pro,00103,second,Giải Nhì,5,387
max3d_pro,00103,second,Giải Nhì,6,385
max3d_pro,00103,third,Giải Ba,1,440
max3d_pro,00103,third,Giải Ba,2,858
max3d_pro,00103,third,Giải Ba,3,500
max3d_pro,00103,third,Giải Ba,4,136
max3d_pro,00103,third,Giải Ba,5,223
max3d_pro,00103,third,Giải Ba,6,046
max3d_pro,00103,third,Giải Ba,7,406
max3d_pro,00103,third,Giải Ba,8,258
max3d_pro,00104,special,Giải Đặc biệt,1,928
max3d_pro,00104,special,Giải Đặc biệt,2,581
max3d_pro,00104,first,Giải Nhất,1,604
max3d_pro,00104,first,Giải Nhất,2,601
max3d_pro,00104,first,Giải Nhất,3,572
max3d_pro,00104,first,Giải Nhất,4,616
max3d_pro,00104,second,Giải Nhì,1,249
max3d_pro,00104,second,Giải Nhì,2,696
max3d_pro,00104,second,Giải Nhì,3,780
max3d_pro,00104,second,Giải Nhì,4,778
max3d_pro,00104,second,Giải Nhì,5,755
max3d_pro,00104,second,Giải Nhì,6,530
max3d_pro,00104,third,Giải Ba,1,515
max3d_pro,00104,third,Giải Ba,2,752
max3d_pro,00104,third,Giải Ba,3,449
max3d_pro,00104,third,Giải Ba,4,380
max3d_pro,00104,third,Giải Ba,5,016
max3d_pro,00104,third,Giải Ba,6,760
max3d_pro,00104,third,Giải Ba,7,878
max3d_pro,00104,third,Giải Ba,8,160
max3d_pro,00105,special,Giải Đặc biệt,1,291
max3d_pro,00105,special,Giải Đặc biệt,2,481
max3d_pro,00105,first,Giải Nhất,1,907
max3d_pro,00105,first,Giải Nhất,2,398
max3d_pro,00105,first,Giải Nhất,3,140
max3d_pro,00105,first,Giải Nhất,4,037
max3d_pro,00105,second,Giải Nhì,1,340
max3d_pro,00105,second,Giải Nhì,2,934
max3d_pro,00105,second,Giải Nhì,3,408
max3d_pro,00105,second,Giải Nhì,4,959
max3d_pro,00105,second,Giải Nhì,5,298
max3d_pro,00105,second,Giải Nhì,6,235
max3d_pro,00105,third,Giải Ba,1,285
max3d_pro,00105,third,Giải Ba,2,828
max3d_pro,00105,third,Giải Ba,3,489
max3d_pro,00105,third,Giải Ba,4,720
max3d_pro,00105,third,Giải Ba,5,841
max3d_pro,00105,third,Giải Ba,6,673
max3d_pro,00105,third,Giải Ba,7,326
max3d_pro,00105,third,Giải Ba,8,105
max3d_pro,00106,special,Giải Đặc biệt,1,110
max3d_pro,00106,special,Giải Đặc biệt,2,772
max3d_pro,00106,first,Giải Nhất,1,166
max3d_pro,00106,first,Giải Nhất,2,033
max3d_pro,00106,first,Giải Nhất,3,625
max3d_pro,00106,first,Giải Nhất,4,178
max3d_pro,00106,second,Giải Nhì,1,762
max3d_pro,00106,second,Giải Nhì,2,404
max3d_pro,00106,second,Giải Nhì,3,458
max3d_pro,00106,second,Giải Nhì,4,037
max3d_pro,00106,second,Giải Nhì,5,790
max3d_pro,00106,second,Giải Nhì,6,759
max3d_pro,00106,third,Giải Ba,1,801
max3d_pro,00106,third,Giải Ba,2,168
max3d_pro,00106,third,Giải Ba,3,086
max3d_pro,00106,third,Giải Ba,4,856
max3d_pro,00106,third,Giải Ba,5,275
max3d_pro,00106,third,Giải Ba,6,601
max3d_pro,00106,third,Giải Ba,7,619
max3d_pro,00106,third,Giải Ba,8,548
max3d_pro,00107,special,Giải Đặc biệt,1,584
max3d_pro,00107,special,Giải Đặc biệt,2,058
max3d_pro,00107,first,Giải Nhất,1,605
max3d_pro,00107,first,Giải Nhất,2,998
max3d_pro,00107,first,Giải Nhất,3,570
max3d_pro,00107,first,Giải Nhất,4,159
max3d_pro,00107,second,Giải Nhì,1,356
max3d_pro,00107,second,Giải Nhì,2,380
max3d_pro,00107,second,Giải Nhì,3,950
max3d_pro,00107,second,Giải Nhì,4,646
max3d_pro,00107,second,Giải Nhì,5,994
max3d_pro,00107,second,Giải Nhì,6,566
max3d_pro,00107,third,Giải Ba,1,131
max3d_pro,00107,third,Giải Ba,2,946
max3d_pro,00107,third,Giải Ba,3,832
max3d_pro,00107,third,Giải Ba,4,278
max3d_pro,00107,third,Giải Ba,5,615
max3d_pro,00107,third,Giải Ba,6,413
max3d_pro,00107,third,Giải Ba,7,420
max3d_pro,00107,third,Giải Ba,8,388
max3d_pro,00108,special,Giải Đặc biệt,1,548
max3d_pro,00108,special,Giải Đặc biệt,2,800
max3d_pro,00108,first,Giải Nhất,1,701
max3d_pro,00108,first,Giải Nhất,2,222
max3d_pro,00108,first,Giải Nhất,3,667
max3d_pro,00108,first,Giải Nhất,4,736
max3d_pro,00108,second,Giải Nhì,1,988
max3d_pro,00108,second,Giải Nhì,2,433
max3d_pro,00108,second,Giải Nhì,3,867
max3d_pro,00108,second,Giải Nhì,4,148
max3d_pro,00108,second,Giải Nhì,5,099
max3d_pro,00108,second,Giải Nhì,6,468
max3d_pro,00108,third,Giải Ba,1,948
max3d_pro,00108,third,Giải Ba,2,860
max3d_pro,00108,third,Giải Ba,3,183
max3d_pro,00108,third,Giải Ba,4,456
max3d_pro,00108,third,Giải Ba,5,829
max3d_pro,00108,third,Giải Ba,6,155
max3d_pro,00108,third,Giải Ba,7,582
max3d_pro,00108,third,Giải Ba,8,531
max3d_pro,00109,special,Giải Đặc biệt,1,779
max3d_pro,00109,special,Giải Đặc biệt,2,286
max3d_pro,00109,first,Giải Nhất,1,711
max3d_pro,00109,first,Giải Nhất,2,356
max3d_pro,00109,first,Giải Nhất,3,030
max3d_pro,00109,first,Giải Nhất,4,080
max3d_pro,00109,second,Giải Nhì,1,728
max3d_pro,00109,second,Giải Nhì,2,381
max3d_pro,00109,second,Giải Nhì,3,969
max3d_pro,00109,second,Giải Nhì,4,849
max3d_pro,00109,second,Giải Nhì,5,695
max3d_pro,00109,second,Giải Nhì,6,141
max3d_pro,00109,third,Giải Ba,1,077
max3d_pro,00109,third,Giải Ba,2,869
max3d_pro,00109,third,Giải Ba,3,297
max3d_pro,00109,third,Giải Ba,4,885
max3d_pro,00109,third,Giải Ba,5,339
max3d_pro,00109,third,Giải Ba,6,937
max3d_pro,00109,third,Giải Ba,7,323
max3d_pro,00109,third,Giải Ba,8,542
max3d_pro,00110,special,Giải Đặc biệt,1,141
max3d_pro,00110,special,Giải Đặc biệt,2,345
max3d_pro,00110,first,Giải Nhất,1,953
max3d_pro,00110,first,Giải Nhất,2,198
max3d_pro,00110,first,Giải Nhất,3,982
max3d_pro,00110,first,Giải Nhất,4,437
max3d_pro,00110,second,Giải Nhì,1,738
max3d_pro,00110,second,Giải Nhì,2,433
max3d_pro,00110,second,Giải Nhì,3,689
max3d_pro,00110,second,Giải Nhì,4,738
max3d_pro,00110,second,Giải Nhì,5,898
max3d_pro,00110,second,Giải Nhì,6,992
max3d_pro,00110,third,Giải Ba,1,583
max3d_pro,00110,third,Giải Ba,2,080
max3d_pro,00110,third,Giải Ba,3,771
max3d_pro,00110,third,Giải Ba,4,962
max3d_pro,00110,third,Giải Ba,5,907
max3d_pro,00110,third,Giải Ba,6,660
max3d_pro,00110,third,Giải Ba,7,667
max3d_pro,00110,third,Giải Ba,8,444
max3d_pro,00111,special,Giải Đặc biệt,1,933
max3d_pro,00111,special,Giải Đặc biệt,2,977
max3d_pro,00111,first,Giải Nhất,1,789
max3d_pro,00111,first,Giải Nhất,2,834
max3d_pro,00111,first,Giải Nhất,3,048
max3d_pro,00111,first,Giải Nhất,4,300
max3d_pro,00111,second,Giải Nhì,1,053
max3d_pro,00111,second,Giải Nhì,2,327
max3d_pro,00111,second,Giải Nhì,3,423
max3d_pro,00111,second,Giải Nhì,4,909
max3d_pro,00111,second,Giải Nhì,5,090
max3d_pro,00111,second,Giải Nhì,6,392
max3d_pro,00111,third,Giải Ba,1,671
max3d_pro,00111,third,Giải Ba,2,728
max3d_pro,00111,third,Giải Ba,3,182
max3d_pro,00111,third,Giải Ba,4,223
max3d_pro,00111,third,Giải Ba,5,260
max3d_pro,00111,third,Giải Ba,6,857
max3d_pro,00111,third,Giải Ba,7,674
max3d_pro,00111,third,Giải Ba,8,023
max3d_pro,00112,special,Giải Đặc biệt,1,666
max3d_pro,00112,special,Giải Đặc biệt,2,728
max3d_pro,00112,first,Giải Nhất,1,813
max3d_pro,00112,first,Giải Nhất,2,696
max3d_pro,00112,first,Giải Nhất,3,629
max3d_pro,00112,first,Giải Nhất,4,493
max3d_pro,00112,second,Giải Nhì,1,550
max3d_pro,00112,second,Giải Nhì,2,281
max3d_pro,00112,second,Giải Nhì,3,827
max3d_pro,00112,second,Giải Nhì,4,166
max3d_pro,00112,second,Giải Nhì,5,854
max3d_pro,00112,second,Giải Nhì,6,452
max3d_pro,00112,third,Giải Ba,1,224
max3d_pro,00112,third,Giải Ba,2,468
max3d_pro,00112,third,Giải Ba,3,495
max3d_pro,00112,third,Giải Ba,4,047
max3d_pro,00112,third,Giải Ba,5,531
max3d_pro,00112,third,Giải Ba,6,981
max3d_pro,00112,third,Giải Ba,7,967
max3d_pro,00112,third,Giải Ba,8,518
max3d_pro,00113,special,Giải Đặc biệt,1,591
max3d_pro,00113,special,Giải Đặc biệt,2,727
max3d_pro,00113,first,Giải Nhất,1,542
max3d_pro,00113,first,Giải Nhất,2,463
max3d_pro,00113,first,Giải Nhất,3,562
max3d_pro,00113,first,Giải Nhất,4,080
max3d_pro,00113,second,Giải Nhì,1,582
max3d_pro,00113,second,Giải Nhì,2,877
max3d_pro,00113,second,Giải Nhì,3,384
max3d_pro,00113,second,Giải Nhì,4,760
max3d_pro,00113,second,Giải Nhì,5,177
max3d_pro,00113,second,Giải Nhì,6,049
max3d_pro,00113,third,Giải Ba,1,331
max3d_pro,00113,third,Giải Ba,2,891
max3d_pro,00113,third,Giải Ba,3,919
max3d_pro,00113,third,Giải Ba,4,694
max3d_pro,00113,third,Giải Ba,5,727
max3d_pro,00113,third,Giải Ba,6,667
max3d_pro,00113,third,Giải Ba,7,032
max3d_pro,00113,third,Giải Ba,8,159
max3d_pro,00114,special,Giải Đặc biệt,1,785
max3d_pro,00114,special,Giải Đặc biệt,2,861
max3d_pro,00114,first,Giải Nhất,1,945
max3d_pro,00114,first,Giải Nhất,2,022
max3d_pro,00114,first,Giải Nhất,3,546
max3d_pro,00114,first,Giải Nhất,4,153
max3d_pro,00114,second,Giải Nhì,1,125
max3d_pro,00114,second,Giải Nhì,2,569
max3d_pro,00114,second,Giải Nhì,3,632
max3d_pro,00114,second,Giải Nhì,4,244
max3d_pro,00114,second,Giải Nhì,5,950
max3d_pro,00114,second,Giải Nhì,6,552
max3d_pro,00114,third,Giải Ba,1,205
max3d_pro,00114,third,Giải Ba,2,052
max3d_pro,00114,third,Giải Ba,3,449
max3d_pro,00114,third,Giải Ba,4,705
max3d_pro,00114,third,Giải Ba,5,638
max3d_pro,00114,third,Giải Ba,6,697
max3d_pro,00114,third,Giải Ba,7,694
max3d_pro,00114,third,Giải Ba,8,185
max3d_pro,00115,special,Giải Đặc biệt,1,162
max3d_pro,00115,special,Giải Đặc biệt,2,022
max3d_pro,00115,first,Giải Nhất,1,217
max3d_pro,00115,first,Giải Nhất,2,218
max3d_pro,00115,first,Giải Nhất,3,529
max3d_pro,00115,first,Giải Nhất,4,083
max3d_pro,00115,second,Giải Nhì,1,330
max3d_pro,00115,second,Giải Nhì,2,815
max3d_pro,00115,second,Giải Nhì,3,750
max3d_pro,00115,second,Giải Nhì,4,888
max3d_pro,00115,second,Giải Nhì,5,537
max3d_pro,00115,second,Giải Nhì,6,589
max3d_pro,00115,third,Giải Ba,1,007
max3d_pro,00115,third,Giải Ba,2,538
max3d_pro,00115,third,Giải Ba,3,149
max3d_pro,00115,third,Giải Ba,4,210
max3d_pro,00115,third,Giải Ba,5,739
max3d_pro,00115,third,Giải Ba,6,588
max3d_pro,00115,third,Giải Ba,7,561
max3d_pro,00115,third,Giải Ba,8,761
max3d_pro,00116,special,Giải Đặc biệt,1,026
max3d_pro,00116,special,Giải Đặc biệt,2,591
max3d_pro,00116,first,Giải Nhất,1,658
max3d_pro,00116,first,Giải Nhất,2,954
max3d_pro,00116,first,Giải Nhất,3,750
max3d_pro,00116,first,Giải Nhất,4,647
max3d_pro,00116,second,Giải Nhì,1,608
max3d_pro,00116,second,Giải Nhì,2,294
max3d_pro,00116,second,Giải Nhì,3,599
max3d_pro,00116,second,Giải Nhì,4,121
max3d_pro,00116,second,Giải Nhì,5,212
max3d_pro,00116,second,Giải Nhì,6,834
max3d_pro,00116,third,Giải Ba,1,980
max3d_pro,00116,third,Giải Ba,2,021
max3d_pro,00116,third,Giải Ba,3,869
max3d_pro,00116,third,Giải Ba,4,027
max3d_pro,00116,third,Giải Ba,5,117
max3d_pro,00116,third,Giải Ba,6,897
max3d_pro,00116,third,Giải Ba,7,894
max3d_pro,00116,third,Giải Ba,8,970
max3d_pro,00117,special,Giải Đặc biệt,1,536
max3d_pro,00117,special,Giải Đặc biệt,2,639
max3d_pro,00117,first,Giải Nhất,1,609
max3d_pro,00117,first,Giải Nhất,2,464
max3d_pro,00117,first,Giải Nhất,3,899
max3d_pro,00117,first,Giải Nhất,4,724
max3d_pro,00117,second,Giải Nhì,1,537
max3d_pro,00117,second,Giải Nhì,2,689
max3d_pro,00117,second,Giải Nhì,3,561
max3d_pro,00117,second,Giải Nhì,4,753
max3d_pro,00117,second,Giải Nhì,5,031
max3d_pro,00117,second,Giải Nhì,6,417
max3d_pro,00117,third,Giải Ba,1,392
max3d_pro,00117,third,Giải Ba,2,932
max3d_pro,00117,third,Giải Ba,3,146
max3d_pro,00117,third,Giải Ba,4,889
max3d_pro,00117,third,Giải Ba,5,615
max3d_pro,00117,third,Giải Ba,6,818
max3d_pro,00117,third,Giải Ba,7,802
max3d_pro,00117,third,Giải Ba,8,769
max3d_pro,00118,special,Giải Đặc biệt,1,707
max3d_pro,00118,special,Giải Đặc biệt,2,758
max3d_pro,00118,first,Giải Nhất,1,135
max3d_pro,00118,first,Giải Nhất,2,583
max3d_pro,00118,first,Giải Nhất,3,135
max3d_pro,00118,first,Giải Nhất,4,514
max3d_pro,00118,second,Giải Nhì,1,165
max3d_pro,00118,second,Giải Nhì,2,746
max3d_pro,00118,second,Giải Nhì,3,410
max3d_pro,00118,second,Giải Nhì,4,110
max3d_pro,00118,second,Giải Nhì,5,306
max3d_pro,00118,second,Giải Nhì,6,732
max3d_pro,00118,third,Giải Ba,1,757
max3d_pro,00118,third,Giải Ba,2,863
max3d_pro,00118,third,Giải Ba,3,328
max3d_pro,00118,third,Giải Ba,4,899
max3d_pro,00118,third,Giải Ba,5,327
max3d_pro,00118,third,Giải Ba,6,416
max3d_pro,00118,third,Giải Ba,7,558
max3d_pro,00118,third,Giải Ba,8,834
max3d_pro,00119,special,Giải Đặc biệt,1,374
max3d_pro,00119,special,Giải Đặc biệt,2,030
max3d_pro,00119,first,Giải Nhất,1,023
max3d_pro,00119,first,Giải Nhất,2,062
max3d_pro,00119,first,Giải Nhất,3,910
max3d_pro,00119,first,Giải Nhất,4,868
max3d_pro,00119,second,Giải Nhì,1,725
max3d_pro,00119,second,Giải Nhì,2,430
max3d_pro,00119,second,Giải Nhì,3,683
max3d_pro,00119,second,Giải Nhì,4,474
max3d_pro,00119,second,Giải Nhì,5,397
max3d_pro,00119,second,Giải Nhì,6,249
max3d_pro,00119,third,Giải Ba,1,307
max3d_pro,00119,third,Giải Ba,2,828
max3d_pro,00119,third,Giải Ba,3,246
max3d_pro,00119,third,Giải Ba,4,902
max3d_pro,00119,third,Giải Ba,5,712
max3d_pro,00119,third,Giải Ba,6,331
max3d_pro,00119,third,Giải Ba,7,998
max3d_pro,00119,third,Giải Ba,8,987
max3d_pro,00120,special,Giải Đặc biệt,1,324
max3d_pro,00120,special,Giải Đặc biệt,2,871
max3d_pro,00120,first,Giải Nhất,1,607
max3d_pro,00120,first,Giải Nhất,2,806
max3d_pro,00120,first,Giải Nhất,3,590
max3d_pro,00120,first,Giải Nhất,4,081
max3d_pro,00120,second,Giải Nhì,1,598
max3d_pro,00120,second,Giải Nhì,2,602
max3d_pro,00120,second,Giải Nhì,3,531
max3d_pro,00120,second,Giải Nhì,4,216
max3d_pro,00120,second,Giải Nhì,5,104
max3d_pro,00120,second,Giải Nhì,6,318
max3d_pro,00120,third,Giải Ba,1,989
max3d_pro,00120,third,Giải Ba,2,545
max3d_pro,00120,third,Giải Ba,3,266
max3d_pro,00120,third,Giải Ba,4,613
max3d_pro,00120,third,Giải Ba,5,323
max3d_pro,00120,third,Giải Ba,6,364
max3d_pro,00120,third,Giải Ba,7,021
max3d_pro,00120,third,Giải Ba,8,964
max3d_pro,00121,special,Giải Đặc biệt,1,955
max3d_pro,00121,special,Giải Đặc biệt,2,269
max3d_pro,00121,first,Giải Nhất,1,939
max3d_pro,00121,first,Giải Nhất,2,970
max3d_pro,00121,first,Giải Nhất,3,772
max3d_pro,00121,first,Giải Nhất,4,627
max3d_pro,00121,second,Giải Nhì,1,421
max3d_pro,00121,second,Giải Nhì,2,346
max3d_pro,00121,second,Giải Nhì,3,743
max3d_pro,00121,second,Giải Nhì,4,682
max3d_pro,00121,second,Giải Nhì,5,843
max3d_pro,00121,second,Giải Nhì,6,835
max3d_pro,00121,third,Giải Ba,1,392
max3d_pro,00121,third,Giải Ba,2,451
max3d_pro,00121,third,Giải Ba,3,498
max3d_pro,00121,third,Giải Ba,4,950
max3d_pro,00121,third,Giải Ba,5,123
max3d_pro,00121,third,Giải Ba,6,334
max3d_pro,00121,third,Giải Ba,7,251
max3d_pro,00121,third,Giải Ba,8,196
max3d_pro,00122,special,Giải Đặc biệt,1,280
max3d_pro,00122,special,Giải Đặc biệt,2,081
max3d_pro,00122,first,Giải Nhất,1,533
max3d_pro,00122,first,Giải Nhất,2,038
max3d_pro,00122,first,Giải Nhất,3,741
max3d_pro,00122,first,Giải Nhất,4,879
max3d_pro,00122,second,Giải Nhì,1,201
max3d_pro,00122,second,Giải Nhì,2,481
max3d_pro,00122,second,Giải Nhì,3,145
max3d_pro,00122,second,Giải Nhì,4,175
max3d_pro,00122,second,Giải Nhì,5,694
max3d_pro,00122,second,Giải Nhì,6,979
max3d_pro,00122,third,Giải Ba,1,006
max3d_pro,00122,third,Giải Ba,2,509
max3d_pro,00122,third,Giải Ba,3,417
max3d_pro,00122,third,Giải Ba,4,625
max3d_pro,00122,third,Giải Ba,5,388
max3d_pro,00122,third,Giải Ba,6,079
max3d_pro,00122,third,Giải Ba,7,218
max3d_pro,00122,third,Giải Ba,8,178
max3d_pro,00123,special,Giải Đặc biệt,1,139
max3d_pro,00123,special,Giải Đặc biệt,2,594
max3d_pro,00123,first,Giải Nhất,1,889
max3d_pro,00123,first,Giải Nhất,2,772
max3d_pro,00123,first,Giải Nhất,3,354
max3d_pro,00123,first,Giải Nhất,4,018
max3d_pro,00123,second,Giải Nhì,1,587
max3d_pro,00123,second,Giải Nhì,2,792
max3d_pro,00123,second,Giải Nhì,3,692
max3d_pro,00123,second,Giải Nhì,4,187
max3d_pro,00123,second,Giải Nhì,5,756
max3d_pro,00123,second,Giải Nhì,6,437
max3d_pro,00123,third,Giải Ba,1,185
max3d_pro,00123,third,Giải Ba,2,330
max3d_pro,00123,third,Giải Ba,3,397
max3d_pro,00123,third,Giải Ba,4,129
max3d_pro,00123,third,Giải Ba,5,008
max3d_pro,00123,third,Giải Ba,6,692
max3d_pro,00123,third,Giải Ba,7,073
max3d_pro,00123,third,Giải Ba,8,229
max3d_pro,00124,special,Giải Đặc biệt,1,354
max3d_pro,00124,special,Giải Đặc biệt,2,032
max3d_pro,00124,first,Giải Nhất,1,659
max3d_pro,00124,first,Giải Nhất,2,176
max3d_pro,00124,first,Giải Nhất,3,065
max3d_pro,00124,first,Giải Nhất,4,683
max3d_pro,00124,second,Giải Nhì,1,640
max3d_pro,00124,second,Giải Nhì,2,319
max3d_pro,00124,second,Giải Nhì,3,554
max3d_pro,00124,second,Giải Nhì,4,505
max3d_pro,00124,second,Giải Nhì,5,465
max3d_pro,00124,second,Giải Nhì,6,173
max3d_pro,00124,third,Giải Ba,1,659
max3d_pro,00124,third,Giải Ba,2,254
max3d_pro,00124,third,Giải Ba,3,166
max3d_pro,00124,third,Giải Ba,4,257
max3d_pro,00124,third,Giải Ba,5,709
max3d_pro,00124,third,Giải Ba,6,070
max3d_pro,00124,third,Giải Ba,7,695
max3d_pro,00124,third,Giải Ba,8,200
max3d_pro,00125,special,Giải Đặc biệt,1,352
max3d_pro,00125,special,Giải Đặc biệt,2,485
max3d_pro,00125,first,Giải Nhất,1,943
max3d_pro,00125,first,Giải Nhất,2,282
max3d_pro,00125,first,Giải Nhất,3,249
max3d_pro,00125,first,Giải Nhất,4,727
max3d_pro,00125,second,Giải Nhì,1,832
max3d_pro,00125,second,Giải Nhì,2,356
max3d_pro,00125,second,Giải Nhì,3,897
max3d_pro,00125,second,Giải Nhì,4,334
max3d_pro,00125,second,Giải Nhì,5,091
max3d_pro,00125,second,Giải Nhì,6,291
max3d_pro,00125,third,Giải Ba,1,503
max3d_pro,00125,third,Giải Ba,2,335
max3d_pro,00125,third,Giải Ba,3,168
max3d_pro,00125,third,Giải Ba,4,837
max3d_pro,00125,third,Giải Ba,5,751
max3d_pro,00125,third,Giải Ba,6,121
max3d_pro,00125,third,Giải Ba,7,794
max3d_pro,00125,third,Giải Ba,8,791
max3d_pro,00126,special,Giải Đặc biệt,1,814
max3d_pro,00126,special,Giải Đặc biệt,2,157
max3d_pro,00126,first,Giải Nhất,1,346
max3d_pro,00126,first,Giải Nhất,2,929
max3d_pro,00126,first,Giải Nhất,3,720
max3d_pro,00126,first,Giải Nhất,4,865
max3d_pro,00126,second,Giải Nhì,1,398
max3d_pro,00126,second,Giải Nhì,2,775
max3d_pro,00126,second,Giải Nhì,3,492
max3d_pro,00126,second,Giải Nhì,4,134
max3d_pro,00126,second,Giải Nhì,5,722
max3d_pro,00126,second,Giải Nhì,6,643
max3d_pro,00126,third,Giải Ba,1,928
max3d_pro,00126,third,Giải Ba,2,502
max3d_pro,00126,third,Giải Ba,3,942
max3d_pro,00126,third,Giải Ba,4,584
max3d_pro,00126,third,Giải Ba,5,454
max3d_pro,00126,third,Giải Ba,6,864
max3d_pro,00126,third,Giải Ba,7,836
max3d_pro,00126,third,Giải Ba,8,949
max3d_pro,00127,special,Giải Đặc biệt,1,331
max3d_pro,00127,special,Giải Đặc biệt,2,491
max3d_pro,00127,first,Giải Nhất,1,446
max3d_pro,00127,first,Giải Nhất,2,772
max3d_pro,00127,first,Giải Nhất,3,301
max3d_pro,00127,first,Giải Nhất,4,528
max3d_pro,00127,second,Giải Nhì,1,683
max3d_pro,00127,second,Giải Nhì,2,289
max3d_pro,00127,second,Giải Nhì,3,218
max3d_pro,00127,second,Giải Nhì,4,619
max3d_pro,00127,second,Giải Nhì,5,271
max3d_pro,00127,second,Giải Nhì,6,267
max3d_pro,00127,third,Giải Ba,1,746
max3d_pro,00127,third,Giải Ba,2,423
max3d_pro,00127,third,Giải Ba,3,319
max3d_pro,00127,third,Giải Ba,4,765
max3d_pro,00127,third,Giải Ba,5,703
max3d_pro,00127,third,Giải Ba,6,064
max3d_pro,00127,third,Giải Ba,7,201
max3d_pro,00127,third,Giải Ba,8,069
max3d_pro,00128,special,Giải Đặc biệt,1,433
max3d_pro,00128,special,Giải Đặc biệt,2,717
max3d_pro,00128,first,Giải Nhất,1,072
max3d_pro,00128,first,Giải Nhất,2,495
max3d_pro,00128,first,Giải Nhất,3,154
max3d_pro,00128,first,Giải Nhất,4,341
max3d_pro,00128,second,Giải Nhì,1,182
max3d_pro,00128,second,Giải Nhì,2,557
max3d_pro,00128,second,Giải Nhì,3,305
max3d_pro,00128,second,Giải Nhì,4,178
max3d_pro,00128,second,Giải Nhì,5,788
max3d_pro,00128,second,Giải Nhì,6,458
max3d_pro,00128,third,Giải Ba,1,343
max3d_pro,00128,third,Giải Ba,2,067
max3d_pro,00128,third,Giải Ba,3,871
max3d_pro,00128,third,Giải Ba,4,468
max3d_pro,00128,third,Giải Ba,5,801
max3d_pro,00128,third,Giải Ba,6,913
max3d_pro,00128,third,Giải Ba,7,799
max3d_pro,00128,third,Giải Ba,8,446
max3d_pro,00129,special,Giải Đặc biệt,1,955
max3d_pro,00129,special,Giải Đặc biệt,2,456
max3d_pro,00129,first,Giải Nhất,1,019
max3d_pro,00129,first,Giải Nhất,2,513
max3d_pro,00129,first,Giải Nhất,3,895
max3d_pro,00129,first,Giải Nhất,4,916
max3d_pro,00129,second,Giải Nhì,1,536
max3d_pro,00129,second,Giải Nhì,2,779
max3d_pro,00129,second,Giải Nhì,3,042
max3d_pro,00129,second,Giải Nhì,4,291
max3d_pro,00129,second,Giải Nhì,5,203
max3d_pro,00129,second,Giải Nhì,6,763
max3d_pro,00129,third,Giải Ba,1,980
max3d_pro,00129,third,Giải Ba,2,848
max3d_pro,00129,third,Giải Ba,3,334
max3d_pro,00129,third,Giải Ba,4,314
max3d_pro,00129,third,Giải Ba,5,854
max3d_pro,00129,third,Giải Ba,6,677
max3d_pro,00129,third,Giải Ba,7,787
max3d_pro,00129,third,Giải Ba,8,167
max3d_pro,00130,special,Giải Đặc biệt,1,997
max3d_pro,00130,special,Giải Đặc biệt,2,374
max3d_pro,00130,first,Giải Nhất,1,858
max3d_pro,00130,first,Giải Nhất,2,258
max3d_pro,00130,first,Giải Nhất,3,418
max3d_pro,00130,first,Giải Nhất,4,638
max3d_pro,00130,second,Giải Nhì,1,528
max3d_pro,00130,second,Giải Nhì,2,508
max3d_pro,00130,second,Giải Nhì,3,173
max3d_pro,00130,second,Giải Nhì,4,834
max3d_pro,00130,second,Giải Nhì,5,766
max3d_pro,00130,second,Giải Nhì,6,784
max3d_pro,00130,third,Giải Ba,1,042
max3d_pro,00130,third,Giải Ba,2,719
max3d_pro,00130,third,Giải Ba,3,582
max3d_pro,00130,third,Giải Ba,4,305
max3d_pro,00130,third,Giải Ba,5,828
max3d_pro,00130,third,Giải Ba,6,130
max3d_pro,00130,third,Giải Ba,7,248
max3d_pro,00130,third,Giải Ba,8,158
max3d_pro,00131,special,Giải Đặc biệt,1,531
max3d_pro,00131,special,Giải Đặc biệt,2,765
max3d_pro,00131,first,Giải Nhất,1,543
max3d_pro,00131,first,Giải Nhất,2,689
max3d_pro,00131,first,Giải Nhất,3,658
max3d_pro,00131,first,Giải Nhất,4,787
max3d_pro,00131,second,Giải Nhì,1,343
max3d_pro,00131,second,Giải Nhì,2,992
max3d_pro,00131,second,Giải Nhì,3,683
max3d_pro,00131,second,Giải Nhì,4,127
max3d_pro,00131,second,Giải Nhì,5,076
max3d_pro,00131,second,Giải Nhì,6,734
max3d_pro,00131,third,Giải Ba,1,547
max3d_pro,00131,third,Giải Ba,2,124
max3d_pro,00131,third,Giải Ba,3,069
max3d_pro,00131,third,Giải Ba,4,972
max3d_pro,00131,third,Giải Ba,5,052
max3d_pro,00131,third,Giải Ba,6,729
max3d_pro,00131,third,Giải Ba,7,890
max3d_pro,00131,third,Giải Ba,8,989
max3d_pro,00132,special,Giải Đặc biệt,1,178
max3d_pro,00132,special,Giải Đặc biệt,2,130
max3d_pro,00132,first,Giải Nhất,1,114
max3d_pro,00132,first,Giải Nhất,2,591
max3d_pro,00132,first,Giải Nhất,3,898
max3d_pro,00132,first,Giải Nhất,4,732
max3d_pro,00132,second,Giải Nhì,1,114
max3d_pro,00132,second,Giải Nhì,2,019
max3d_pro,00132,second,Giải Nhì,3,585
max3d_pro,00132,second,Giải Nhì,4,041
max3d_pro,00132,second,Giải Nhì,5,594
max3d_pro,00132,second,Giải Nhì,6,531
max3d_pro,00132,third,Giải Ba,1,181
max3d_pro,00132,third,Giải Ba,2,747
max3d_pro,00132,third,Giải Ba,3,905
max3d_pro,00132,third,Giải Ba,4,971
max3d_pro,00132,third,Giải Ba,5,329
max3d_pro,00132,third,Giải Ba,6,669
max3d_pro,00132,third,Giải Ba,7,262
max3d_pro,00132,third,Giải Ba,8,367
max3d_pro,00133,special,Giải Đặc biệt,1,231
max3d_pro,00133,special,Giải Đặc biệt,2,677
max3d_pro,00133,first,Giải Nhất,1,703
max3d_pro,00133,first,Giải Nhất,2,638
max3d_pro,00133,first,Giải Nhất,3,106
max3d_pro,00133,first,Giải Nhất,4,327
max3d_pro,00133,second,Giải Nhì,1,803
max3d_pro,00133,second,Giải Nhì,2,293
max3d_pro,00133,second,Giải Nhì,3,586
max3d_pro,00133,second,Giải Nhì,4,867
max3d_pro,00133,second,Giải Nhì,5,633
max3d_pro,00133,second,Giải Nhì,6,107
max3d_pro,00133,third,Giải Ba,1,369
max3d_pro,00133,third,Giải Ba,2,359
max3d_pro,00133,third,Giải Ba,3,173
max3d_pro,00133,third,Giải Ba,4,002
max3d_pro,00133,third,Giải Ba,5,494
max3d_pro,00133,third,Giải Ba,6,505
max3d_pro,00133,third,Giải Ba,7,536
max3d_pro,00133,third,Giải Ba,8,552
max3d_pro,00134,special,Giải Đặc biệt,1,735
max3d_pro,00134,special,Giải Đặc biệt,2,572
max3d_pro,00134,first,Giải Nhất,1,406
max3d_pro,00134,first,Giải Nhất,2,682
max3d_pro,00134,first,Giải Nhất,3,467
max3d_pro,00134,first,Giải Nhất,4,027
max3d_pro,00134,second,Giải Nhì,1,495
max3d_pro,00134,second,Giải Nhì,2,400
max3d_pro,00134,second,Giải Nhì,3,909
max3d_pro,00134,second,Giải Nhì,4,118
max3d_pro,00134,second,Giải Nhì,5,039
max3d_pro,00134,second,Giải Nhì,6,068
max3d_pro,00134,third,Giải Ba,1,505
max3d_pro,00134,third,Giải Ba,2,249
max3d_pro,00134,third,Giải Ba,3,933
max3d_pro,00134,third,Giải Ba,4,001
max3d_pro,00134,third,Giải Ba,5,071
max3d_pro,00134,third,Giải Ba,6,622
max3d_pro,00134,third,Giải Ba,7,467
max3d_pro,00134,third,Giải Ba,8,477
max3d_pro,00135,special,Giải Đặc biệt,1,831
max3d_pro,00135,special,Giải Đặc biệt,2,005
max3d_pro,00135,first,Giải Nhất,1,944
max3d_pro,00135,first,Giải Nhất,2,315
max3d_pro,00135,first,Giải Nhất,3,700
max3d_pro,00135,first,Giải Nhất,4,661
max3d_pro,00135,second,Giải Nhì,1,340
max3d_pro,00135,second,Giải Nhì,2,353
max3d_pro,00135,second,Giải Nhì,3,815
max3d_pro,00135,second,Giải Nhì,4,144
max3d_pro,00135,second,Giải Nhì,5,098
max3d_pro,00135,second,Giải Nhì,6,023
max3d_pro,00135,third,Giải Ba,1,105
max3d_pro,00135,third,Giải Ba,2,701
max3d_pro,00135,third,Giải Ba,3,864
max3d_pro,00135,third,Giải Ba,4,744
max3d_pro,00135,third,Giải Ba,5,004
max3d_pro,00135,third,Giải Ba,6,280
max3d_pro,00135,third,Giải Ba,7,108
max3d_pro,00135,third,Giải Ba,8,487
max3d_pro,00136,special,Giải Đặc biệt,1,775
max3d_pro,00136,special,Giải Đặc biệt,2,705
max3d_pro,00136,first,Giải Nhất,1,461
max3d_pro,00136,first,Giải Nhất,2,686
max3d_pro,00136,first,Giải Nhất,3,467
max3d_pro,00136,first,Giải Nhất,4,811
max3d_pro,00136,second,Giải Nhì,1,565
max3d_pro,00136,second,Giải Nhì,2,774
max3d_pro,00136,second,Giải Nhì,3,553
max3d_pro,00136,second,Giải Nhì,4,668
max3d_pro,00136,second,Giải Nhì,5,647
max3d_pro,00136,second,Giải Nhì,6,899
max3d_pro,00136,third,Giải Ba,1,862
max3d_pro,00136,third,Giải Ba,2,256
max3d_pro,00136,third,Giải Ba,3,656
max3d_pro,00136,third,Giải Ba,4,256
max3d_pro,00136,third,Giải Ba,5,481
max3d_pro,00136,third,Giải Ba,6,999
max3d_pro,00136,third,Giải Ba,7,758
max3d_pro,00136,third,Giải Ba,8,041
max3d_pro,00137,special,Giải Đặc biệt,1,786
max3d_pro,00137,special,Giải Đặc biệt,2,969
max3d_pro,00137,first,Giải Nhất,1,232
max3d_pro,00137,first,Giải Nhất,2,192
max3d_pro,00137,first,Giải Nhất,3,914
max3d_pro,00137,first,Giải Nhất,4,441
max3d_pro,00137,second,Giải Nhì,1,871
max3d_pro,00137,second,Giải Nhì,2,918
max3d_pro,00137,second,Giải Nhì,3,685
max3d_pro,00137,second,Giải Nhì,4,966
max3d_pro,00137,second,Giải Nhì,5,955
max3d_pro,00137,second,Giải Nhì,6,965
max3d_pro,00137,third,Giải Ba,1,205
max3d_pro,00137,third,Giải Ba,2,626
max3d_pro,00137,third,Giải Ba,3,830
max3d_pro,00137,third,Giải Ba,4,107
max3d_pro,00137,third,Giải Ba,5,996
max3d_pro,00137,third,Giải Ba,6,551
max3d_pro,00137,third,Giải Ba,7,689
max3d_pro,00137,third,Giải Ba,8,719
max3d_pro,00138,special,Giải Đặc biệt,1,808
max3d_pro,00138,special,Giải Đặc biệt,2,595
max3d_pro,00138,first,Giải Nhất,1,739
max3d_pro,00138,first,Giải Nhất,2,568
max3d_pro,00138,first,Giải Nhất,3,770
max3d_pro,00138,first,Giải Nhất,4,583
max3d_pro,00138,second,Giải Nhì,1,134
max3d_pro,00138,second,Giải Nhì,2,987
max3d_pro,00138,second,Giải Nhì,3,480
max3d_pro,00138,second,Giải Nhì,4,967
max3d_pro,00138,second,Giải Nhì,5,326
max3d_pro,00138,second,Giải Nhì,6,114
max3d_pro,00138,third,Giải Ba,1,656
max3d_pro,00138,third,Giải Ba,2,362
max3d_pro,00138,third,Giải Ba,3,373
max3d_pro,00138,third,Giải Ba,4,345
max3d_pro,00138,third,Giải Ba,5,842
max3d_pro,00138,third,Giải Ba,6,055
max3d_pro,00138,third,Giải Ba,7,581
max3d_pro,00138,third,Giải Ba,8,637
max3d_pro,00139,special,Giải Đặc biệt,1,846
max3d_pro,00139,special,Giải Đặc biệt,2,393
max3d_pro,00139,first,Giải Nhất,1,456
max3d_pro,00139,first,Giải Nhất,2,222
max3d_pro,00139,first,Giải Nhất,3,814
max3d_pro,00139,first,Giải Nhất,4,537
max3d_pro,00139,second,Giải Nhì,1,976
max3d_pro,00139,second,Giải Nhì,2,293
max3d_pro,00139,second,Giải Nhì,3,296
max3d_pro,00139,second,Giải Nhì,4,112
max3d_pro,00139,second,Giải Nhì,5,455
max3d_pro,00139,second,Giải Nhì,6,779
max3d_pro,00139,third,Giải Ba,1,203
max3d_pro,00139,third,Giải Ba,2,265
max3d_pro,00139,third,Giải Ba,3,039
max3d_pro,00139,third,Giải Ba,4,070
max3d_pro,00139,third,Giải Ba,5,085
max3d_pro,00139,third,Giải Ba,6,216
max3d_pro,00139,third,Giải Ba,7,594
max3d_pro,00139,third,Giải Ba,8,157
max3d_pro,00140,special,Giải Đặc biệt,1,543
max3d_pro,00140,special,Giải Đặc biệt,2,468
max3d_pro,00140,first,Giải Nhất,1,500
max3d_pro,00140,first,Giải Nhất,2,894
max3d_pro,00140,first,Giải Nhất,3,463
max3d_pro,00140,first,Giải Nhất,4,738
max3d_pro,00140,second,Giải Nhì,1,756
max3d_pro,00140,second,Giải Nhì,2,698
max3d_pro,00140,second,Giải Nhì,3,832
max3d_pro,00140,second,Giải Nhì,4,745
max3d_pro,00140,second,Giải Nhì,5,399
max3d_pro,00140,second,Giải Nhì,6,637
max3d_pro,00140,third,Giải Ba,1,804
max3d_pro,00140,third,Giải Ba,2,123
max3d_pro,00140,third,Giải Ba,3,427
max3d_pro,00140,third,Giải Ba,4,827
max3d_pro,00140,third,Giải Ba,5,216
max3d_pro,00140,third,Giải Ba,6,004
max3d_pro,00140,third,Giải Ba,7,699
max3d_pro,00140,third,Giải Ba,8,268
max3d_pro,00141,special,Giải Đặc biệt,1,922
max3d_pro,00141,special,Giải Đặc biệt,2,107
max3d_pro,00141,first,Giải Nhất,1,641
max3d_pro,00141,first,Giải Nhất,2,280
max3d_pro,00141,first,Giải Nhất,3,866
max3d_pro,00141,first,Giải Nhất,4,878
max3d_pro,00141,second,Giải Nhì,1,269
max3d_pro,00141,second,Giải Nhì,2,967
max3d_pro,00141,second,Giải Nhì,3,987
max3d_pro,00141,second,Giải Nhì,4,417
max3d_pro,00141,second,Giải Nhì,5,817
max3d_pro,00141,second,Giải Nhì,6,542
max3d_pro,00141,third,Giải Ba,1,494
max3d_pro,00141,third,Giải Ba,2,340
max3d_pro,00141,third,Giải Ba,3,096
max3d_pro,00141,third,Giải Ba,4,702
max3d_pro,00141,third,Giải Ba,5,319
max3d_pro,00141,third,Giải Ba,6,540
max3d_pro,00141,third,Giải Ba,7,224
max3d_pro,00141,third,Giải Ba,8,490
max3d_pro,00142,special,Giải Đặc biệt,1,162
max3d_pro,00142,special,Giải Đặc biệt,2,738
max3d_pro,00142,first,Giải Nhất,1,035
max3d_pro,00142,first,Giải Nhất,2,703
max3d_pro,00142,first,Giải Nhất,3,547
max3d_pro,00142,first,Giải Nhất,4,491
max3d_pro,00142,second,Giải Nhì,1,908
max3d_pro,00142,second,Giải Nhì,2,915
max3d_pro,00142,second,Giải Nhì,3,863
max3d_pro,00142,second,Giải Nhì,4,381
max3d_pro,00142,second,Giải Nhì,5,598
max3d_pro,00142,second,Giải Nhì,6,070
max3d_pro,00142,third,Giải Ba,1,452
max3d_pro,00142,third,Giải Ba,2,911
max3d_pro,00142,third,Giải Ba,3,311
max3d_pro,00142,third,Giải Ba,4,508
max3d_pro,00142,third,Giải Ba,5,955
max3d_pro,00142,third,Giải Ba,6,306
max3d_pro,00142,third,Giải Ba,7,236
max3d_pro,00142,third,Giải Ba,8,074
max3d_pro,00143,special,Giải Đặc biệt,1,351
max3d_pro,00143,special,Giải Đặc biệt,2,327
max3d_pro,00143,first,Giải Nhất,1,116
max3d_pro,00143,first,Giải Nhất,2,778
max3d_pro,00143,first,Giải Nhất,3,053
max3d_pro,00143,first,Giải Nhất,4,663
max3d_pro,00143,second,Giải Nhì,1,503
max3d_pro,00143,second,Giải Nhì,2,648
max3d_pro,00143,second,Giải Nhì,3,533
max3d_pro,00143,second,Giải Nhì,4,372
max3d_pro,00143,second,Giải Nhì,5,013
max3d_pro,00143,second,Giải Nhì,6,746
max3d_pro,00143,third,Giải Ba,1,143
max3d_pro,00143,third,Giải Ba,2,623
max3d_pro,00143,third,Giải Ba,3,652
max3d_pro,00143,third,Giải Ba,4,526
max3d_pro,00143,third,Giải Ba,5,341
max3d_pro,00143,third,Giải Ba,6,097
max3d_pro,00143,third,Giải Ba,7,665
max3d_pro,00143,third,Giải Ba,8,221
max3d_pro,00144,special,Giải Đặc biệt,1,324
max3d_pro,00144,special,Giải Đặc biệt,2,569
max3d_pro,00144,first,Giải Nhất,1,121
max3d_pro,00144,first,Giải Nhất,2,772
max3d_pro,00144,first,Giải Nhất,3,473
max3d_pro,00144,first,Giải Nhất,4,218
max3d_pro,00144,second,Giải Nhì,1,994
max3d_pro,00144,second,Giải Nhì,2,721
max3d_pro,00144,second,Giải Nhì,3,361
max3d_pro,00144,second,Giải Nhì,4,741
max3d_pro,00144,second,Giải Nhì,5,190
max3d_pro,00144,second,Giải Nhì,6,792
max3d_pro,00144,third,Giải Ba,1,429
max3d_pro,00144,third,Giải Ba,2,724
max3d_pro,00144,third,Giải Ba,3,650
max3d_pro,00144,third,Giải Ba,4,050
max3d_pro,00144,third,Giải Ba,5,143
max3d_pro,00144,third,Giải Ba,6,999
max3d_pro,00144,third,Giải Ba,7,024
max3d_pro,00144,third,Giải Ba,8,069
max3d_pro,00145,special,Giải Đặc biệt,1,054
max3d_pro,00145,special,Giải Đặc biệt,2,425
max3d_pro,00145,first,Giải Nhất,1,769
max3d_pro,00145,first,Giải Nhất,2,905
max3d_pro,00145,first,Giải Nhất,3,090
max3d_pro,00145,first,Giải Nhất,4,191
max3d_pro,00145,second,Giải Nhì,1,623
max3d_pro,00145,second,Giải Nhì,2,196
max3d_pro,00145,second,Giải Nhì,3,094
max3d_pro,00145,second,Giải Nhì,4,770
max3d_pro,00145,second,Giải Nhì,5,595
max3d_pro,00145,second,Giải Nhì,6,235
max3d_pro,00145,third,Giải Ba,1,236
max3d_pro,00145,third,Giải Ba,2,172
max3d_pro,00145,third,Giải Ba,3,683
max3d_pro,00145,third,Giải Ba,4,195
max3d_pro,00145,third,Giải Ba,5,757
max3d_pro,00145,third,Giải Ba,6,415
max3d_pro,00145,third,Giải Ba,7,410
max3d_pro,00145,third,Giải Ba,8,361
max3d_pro,00146,special,Giải Đặc biệt,1,027
max3d_pro,00146,special,Giải Đặc biệt,2,437
max3d_pro,00146,first,Giải Nhất,1,450
max3d_pro,00146,first,Giải Nhất,2,689
max3d_pro,00146,first,Giải Nhất,3,042
max3d_pro,00146,first,Giải Nhất,4,477
max3d_pro,00146,second,Giải Nhì,1,829
max3d_pro,00146,second,Giải Nhì,2,049
max3d_pro,00146,second,Giải Nhì,3,040
max3d_pro,00146,second,Giải Nhì,4,700
max3d_pro,00146,second,Giải Nhì,5,106
max3d_pro,00146,second,Giải Nhì,6,480
max3d_pro,00146,third,Giải Ba,1,581
max3d_pro,00146,third,Giải Ba,2,709
max3d_pro,00146,third,Giải Ba,3,935
max3d_pro,00146,third,Giải Ba,4,336
max3d_pro,00146,third,Giải Ba,5,374
max3d_pro,00146,third,Giải Ba,6,450
max3d_pro,00146,third,Giải Ba,7,787
max3d_pro,00146,third,Giải Ba,8,242
max3d_pro,00147,special,Giải Đặc biệt,1,068
max3d_pro,00147,special,Giải Đặc biệt,2,743
max3d_pro,00147,first,Giải Nhất,1,805
max3d_pro,00147,first,Giải Nhất,2,400
max3d_pro,00147,first,Giải Nhất,3,543
max3d_pro,00147,first,Giải Nhất,4,380
max3d_pro,00147,second,Giải Nhì,1,536
max3d_pro,00147,second,Giải Nhì,2,493
max3d_pro,00147,second,Giải Nhì,3,422
max3d_pro,00147,second,Giải Nhì,4,261
max3d_pro,00147,second,Giải Nhì,5,010
max3d_pro,00147,second,Giải Nhì,6,494
max3d_pro,00147,third,Giải Ba,1,850
max3d_pro,00147,third,Giải Ba,2,981
max3d_pro,00147,third,Giải Ba,3,133
max3d_pro,00147,third,Giải Ba,4,537
max3d_pro,00147,third,Giải Ba,5,157
max3d_pro,00147,third,Giải Ba,6,452
max3d_pro,00147,third,Giải Ba,7,302
max3d_pro,00147,third,Giải Ba,8,813
max3d_pro,00148,special,Giải Đặc biệt,1,344
max3d_pro,00148,special,Giải Đặc biệt,2,634
max3d_pro,00148,first,Giải Nhất,1,043
max3d_pro,00148,first,Giải Nhất,2,621
max3d_pro,00148,first,Giải Nhất,3,720
max3d_pro,00148,first,Giải Nhất,4,719
max3d_pro,00148,second,Giải Nhì,1,361
max3d_pro,00148,second,Giải Nhì,2,056
max3d_pro,00148,second,Giải Nhì,3,386
max3d_pro,00148,second,Giải Nhì,4,297
max3d_pro,00148,second,Giải Nhì,5,645
max3d_pro,00148,second,Giải Nhì,6,034
max3d_pro,00148,third,Giải Ba,1,104
max3d_pro,00148,third,Giải Ba,2,356
max3d_pro,00148,third,Giải Ba,3,422
max3d_pro,00148,third,Giải Ba,4,697
max3d_pro,00148,third,Giải Ba,5,812
max3d_pro,00148,third,Giải Ba,6,386
max3d_pro,00148,third,Giải Ba,7,036
max3d_pro,00148,third,Giải Ba,8,763
max3d_pro,00149,special,Giải Đặc biệt,1,450
max3d_pro,00149,special,Giải Đặc biệt,2,477
max3d_pro,00149,first,Giải Nhất,1,226
max3d_pro,00149,first,Giải Nhất,2,273
max3d_pro,00149,first,Giải Nhất,3,419
max3d_pro,00149,first,Giải Nhất,4,053
max3d_pro,00149,second,Giải Nhì,1,506
max3d_pro,00149,second,Giải Nhì,2,736
max3d_pro,00149,second,Giải Nhì,3,642
max3d_pro,00149,second,Giải Nhì,4,964
max3d_pro,00149,second,Giải Nhì,5,048
max3d_pro,00149,second,Giải Nhì,6,942
max3d_pro,00149,third,Giải Ba,1,285
max3d_pro,00149,third,Giải Ba,2,535
max3d_pro,00149,third,Giải Ba,3,317
max3d_pro,00149,third,Giải Ba,4,081
max3d_pro,00149,third,Giải Ba,5,891
max3d_pro,00149,third,Giải Ba,6,023
max3d_pro,00149,third,Giải Ba,7,337
max3d_pro,00149,third,Giải Ba,8,112
max3d_pro,00150,special,Giải Đặc biệt,1,948
max3d_pro,00150,special,Giải Đặc biệt,2,832
max3d_pro,00150,first,Giải Nhất,1,425
max3d_pro,00150,first,Giải Nhất,2,290
max3d_pro,00150,first,Giải Nhất,3,607
max3d_pro,00150,first,Giải Nhất,4,416
max3d_pro,00150,second,Giải Nhì,1,630
max3d_pro,00150,second,Giải Nhì,2,124
max3d_pro,00150,second,Giải Nhì,3,443
max3d_pro,00150,second,Giải Nhì,4,012
max3d_pro,00150,second,Giải Nhì,5,283
max3d_pro,00150,second,Giải Nhì,6,000
max3d_pro,00150,third,Giải Ba,1,490
max3d_pro,00150,third,Giải Ba,2,715
max3d_pro,00150,third,Giải Ba,3,110
max3d_pro,00150,third,Giải Ba,4,082
max3d_pro,00150,third,Giải Ba,5,066
max3d_pro,00150,third,Giải Ba,6,059
max3d_pro,00150,third,Giải Ba,7,566
max3d_pro,00150,third,Giải Ba,8,238
max3d_pro,00151,special,Giải Đặc biệt,1,608
max3d_pro,00151,special,Giải Đặc biệt,2,355
max3d_pro,00151,first,Giải Nhất,1,108
max3d_pro,00151,first,Giải Nhất,2,830
max3d_pro,00151,first,Giải Nhất,3,842
max3d_pro,00151,first,Giải Nhất,4,177
max3d_pro,00151,second,Giải Nhì,1,819
max3d_pro,00151,second,Giải Nhì,2,788
max3d_pro,00151,second,Giải Nhì,3,150
max3d_pro,00151,second,Giải Nhì,4,088
max3d_pro,00151,second,Giải Nhì,5,878
max3d_pro,00151,second,Giải Nhì,6,764
max3d_pro,00151,third,Giải Ba,1,703
max3d_pro,00151,third,Giải Ba,2,130
max3d_pro,00151,third,Giải Ba,3,239
max3d_pro,00151,third,Giải Ba,4,164
max3d_pro,00151,third,Giải Ba,5,699
max3d_pro,00151,third,Giải Ba,6,179
max3d_pro,00151,third,Giải Ba,7,330
max3d_pro,00151,third,Giải Ba,8,173
max3d_pro,00152,special,Giải Đặc biệt,1,316
max3d_pro,00152,special,Giải Đặc biệt,2,317
max3d_pro,00152,first,Giải Nhất,1,082
max3d_pro,00152,first,Giải Nhất,2,075
max3d_pro,00152,first,Giải Nhất,3,801
max3d_pro,00152,first,Giải Nhất,4,858
max3d_pro,00152,second,Giải Nhì,1,617
max3d_pro,00152,second,Giải Nhì,2,622
max3d_pro,00152,second,Giải Nhì,3,326
max3d_pro,00152,second,Giải Nhì,4,722
max3d_pro,00152,second,Giải Nhì,5,856
max3d_pro,00152,second,Giải Nhì,6,634
max3d_pro,00152,third,Giải Ba,1,453
max3d_pro,00152,third,Giải Ba,2,796
max3d_pro,00152,third,Giải Ba,3,515
max3d_pro,00152,third,Giải Ba,4,263
max3d_pro,00152,third,Giải Ba,5,763
max3d_pro,00152,third,Giải Ba,6,350
max3d_pro,00152,third,Giải Ba,7,565
max3d_pro,00152,third,Giải Ba,8,842
max3d_pro,00153,special,Giải Đặc biệt,1,392
max3d_pro,00153,special,Giải Đặc biệt,2,009
max3d_pro,00153,first,Giải Nhất,1,159
max3d_pro,00153,first,Giải Nhất,2,541
max3d_pro,00153,first,Giải Nhất,3,045
max3d_pro,00153,first,Giải Nhất,4,929
max3d_pro,00153,second,Giải Nhì,1,278
max3d_pro,00153,second,Giải Nhì,2,360
max3d_pro,00153,second,Giải Nhì,3,010
max3d_pro,00153,second,Giải Nhì,4,359
max3d_pro,00153,second,Giải Nhì,5,160
max3d_pro,00153,second,Giải Nhì,6,822
max3d_pro,00153,third,Giải Ba,1,306
max3d_pro,00153,third,Giải Ba,2,004
max3d_pro,00153,third,Giải Ba,3,523
max3d_pro,00153,third,Giải Ba,4,359
max3d_pro,00153,third,Giải Ba,5,377
max3d_pro,00153,third,Giải Ba,6,673
max3d_pro,00153,third,Giải Ba,7,072
max3d_pro,00153,third,Giải Ba,8,958
max3d_pro,00154,special,Giải Đặc biệt,1,967
max3d_pro,00154,special,Giải Đặc biệt,2,063
max3d_pro,00154,first,Giải Nhất,1,210
max3d_pro,00154,first,Giải Nhất,2,890
max3d_pro,00154,first,Giải Nhất,3,354
max3d_pro,00154,first,Giải Nhất,4,852
max3d_pro,00154,second,Giải Nhì,1,985
max3d_pro,00154,second,Giải Nhì,2,987
max3d_pro,00154,second,Giải Nhì,3,556
max3d_pro,00154,second,Giải Nhì,4,824
max3d_pro,00154,second,Giải Nhì,5,522
max3d_pro,00154,second,Giải Nhì,6,264
max3d_pro,00154,third,Giải Ba,1,856
max3d_pro,00154,third,Giải Ba,2,605
max3d_pro,00154,third,Giải Ba,3,434
max3d_pro,00154,third,Giải Ba,4,469
max3d_pro,00154,third,Giải Ba,5,340
max3d_pro,00154,third,Giải Ba,6,606
max3d_pro,00154,third,Giải Ba,7,715
max3d_pro,00154,third,Giải Ba,8,223
max3d_pro,00155,special,Giải Đặc biệt,1,486
max3d_pro,00155,special,Giải Đặc biệt,2,856
max3d_pro,00155,first,Giải Nhất,1,463
max3d_pro,00155,first,Giải Nhất,2,186
max3d_pro,00155,first,Giải Nhất,3,001
max3d_pro,00155,first,Giải Nhất,4,988
max3d_pro,00155,second,Giải Nhì,1,332
max3d_pro,00155,second,Giải Nhì,2,244
max3d_pro,00155,second,Giải Nhì,3,736
max3d_pro,00155,second,Giải Nhì,4,056
max3d_pro,00155,second,Giải Nhì,5,125
max3d_pro,00155,second,Giải Nhì,6,183
max3d_pro,00155,third,Giải Ba,1,941
max3d_pro,00155,third,Giải Ba,2,420
max3d_pro,00155,third,Giải Ba,3,761
max3d_pro,00155,third,Giải Ba,4,863
max3d_pro,00155,third,Giải Ba,5,363
max3d_pro,00155,third,Giải Ba,6,629
max3d_pro,00155,third,Giải Ba,7,034
max3d_pro,00155,third,Giải Ba,8,267
max3d_pro,00156,special,Giải Đặc biệt,1,518
max3d_pro,00156,special,Giải Đặc biệt,2,598
max3d_pro,00156,first,Giải Nhất,1,302
max3d_pro,00156,first,Giải Nhất,2,967
max3d_pro,00156,first,Giải Nhất,3,160
max3d_pro,00156,first,Giải Nhất,4,073
max3d_pro,00156,second,Giải Nhì,1,805
max3d_pro,00156,second,Giải Nhì,2,834
max3d_pro,00156,second,Giải Nhì,3,670
max3d_pro,00156,second,Giải Nhì,4,679
max3d_pro,00156,second,Giải Nhì,5,296
max3d_pro,00156,second,Giải Nhì,6,810
max3d_pro,00156,third,Giải Ba,1,681
max3d_pro,00156,third,Giải Ba,2,782
max3d_pro,00156,third,Giải Ba,3,723
max3d_pro,00156,third,Giải Ba,4,104
max3d_pro,00156,third,Giải Ba,5,023
max3d_pro,00156,third,Giải Ba,6,159
max3d_pro,00156,third,Giải Ba,7,416
max3d_pro,00156,third,Giải Ba,8,611
max3d_pro,00157,special,Giải Đặc biệt,1,984
max3d_pro,00157,special,Giải Đặc biệt,2,150
max3d_pro,00157,first,Giải Nhất,1,187
max3d_pro,00157,first,Giải Nhất,2,270
max3d_pro,00157,first,Giải Nhất,3,503
max3d_pro,00157,first,Giải Nhất,4,394
max3d_pro,00157,second,Giải Nhì,1,917
max3d_pro,00157,second,Giải Nhì,2,718
max3d_pro,00157,second,Giải Nhì,3,098
max3d_pro,00157,second,Giải Nhì,4,418
max3d_pro,00157,second,Giải Nhì,5,637
max3d_pro,00157,second,Giải Nhì,6,930
max3d_pro,00157,third,Giải Ba,1,483
max3d_pro,00157,third,Giải Ba,2,916
max3d_pro,00157,third,Giải Ba,3,115
max3d_pro,00157,third,Giải Ba,4,392
max3d_pro,00157,third,Giải Ba,5,866
max3d_pro,00157,third,Giải Ba,6,175
max3d_pro,00157,third,Giải Ba,7,399
max3d_pro,00157,third,Giải Ba,8,849
max3d_pro,00158,special,Giải Đặc biệt,1,071
max3d_pro,00158,special,Giải Đặc biệt,2,245
max3d_pro,00158,first,Giải Nhất,1,577
max3d_pro,00158,first,Giải Nhất,2,636
max3d_pro,00158,first,Giải Nhất,3,837
max3d_pro,00158,first,Giải Nhất,4,201
max3d_pro,00158,second,Giải Nhì,1,397
max3d_pro,00158,second,Giải Nhì,2,608
max3d_pro,00158,second,Giải Nhì,3,803
max3d_pro,00158,second,Giải Nhì,4,927
max3d_pro,00158,second,Giải Nhì,5,952
max3d_pro,00158,second,Giải Nhì,6,346
max3d_pro,00158,third,Giải Ba,1,975
max3d_pro,00158,third,Giải Ba,2,243
max3d_pro,00158,third,Giải Ba,3,899
max3d_pro,00158,third,Giải Ba,4,032
max3d_pro,00158,third,Giải Ba,5,866
max3d_pro,00158,third,Giải Ba,6,705
max3d_pro,00158,third,Giải Ba,7,844
max3d_pro,00158,third,Giải Ba,8,858
max3d_pro,00159,special,Giải Đặc biệt,1,708
max3d_pro,00159,special,Giải Đặc biệt,2,745
max3d_pro,00159,first,Giải Nhất,1,263
max3d_pro,00159,first,Giải Nhất,2,411
max3d_pro,00159,first,Giải Nhất,3,367
max3d_pro,00159,first,Giải Nhất,4,164
max3d_pro,00159,second,Giải Nhì,1,159
max3d_pro,00159,second,Giải Nhì,2,342
max3d_pro,00159,second,Giải Nhì,3,286
max3d_pro,00159,second,Giải Nhì,4,065
max3d_pro,00159,second,Giải Nhì,5,553
max3d_pro,00159,second,Giải Nhì,6,706
max3d_pro,00159,third,Giải Ba,1,113
max3d_pro,00159,third,Giải Ba,2,598
max3d_pro,00159,third,Giải Ba,3,673
max3d_pro,00159,third,Giải Ba,4,906
max3d_pro,00159,third,Giải Ba,5,799
max3d_pro,00159,third,Giải Ba,6,405
max3d_pro,00159,third,Giải Ba,7,710
max3d_pro,00159,third,Giải Ba,8,594
max3d_pro,00160,special,Giải Đặc biệt,1,488
max3d_pro,00160,special,Giải Đặc biệt,2,313
max3d_pro,00160,first,Giải Nhất,1,424
max3d_pro,00160,first,Giải Nhất,2,893
max3d_pro,00160,first,Giải Nhất,3,002
max3d_pro,00160,first,Giải Nhất,4,174
max3d_pro,00160,second,Giải Nhì,1,533
max3d_pro,00160,second,Giải Nhì,2,573
max3d_pro,00160,second,Giải Nhì,3,737
max3d_pro,00160,second,Giải Nhì,4,901
max3d_pro,00160,second,Giải Nhì,5,917
max3d_pro,00160,second,Giải Nhì,6,997
max3d_pro,00160,third,Giải Ba,1,726
max3d_pro,00160,third,Giải Ba,2,166
max3d_pro,00160,third,Giải Ba,3,293
max3d_pro,00160,third,Giải Ba,4,605
max3d_pro,00160,third,Giải Ba,5,627
max3d_pro,00160,third,Giải Ba,6,393
max3d_pro,00160,third,Giải Ba,7,631
max3d_pro,00160,third,Giải Ba,8,539
max3d_pro,00161,special,Giải Đặc biệt,1,458
max3d_pro,00161,special,Giải Đặc biệt,2,191
max3d_pro,00161,first,Giải Nhất,1,605
max3d_pro,00161,first,Giải Nhất,2,300
max3d_pro,00161,first,Giải Nhất,3,592
max3d_pro,00161,first,Giải Nhất,4,112
max3d_pro,00161,second,Giải Nhì,1,229
max3d_pro,00161,second,Giải Nhì,2,923
max3d_pro,00161,second,Giải Nhì,3,694
max3d_pro,00161,second,Giải Nhì,4,985
max3d_pro,00161,second,Giải Nhì,5,116
max3d_pro,00161,second,Giải Nhì,6,274
max3d_pro,00161,third,Giải Ba,1,940
max3d_pro,00161,third,Giải Ba,2,339
max3d_pro,00161,third,Giải Ba,3,221
max3d_pro,00161,third,Giải Ba,4,909
max3d_pro,00161,third,Giải Ba,5,392
max3d_pro,00161,third,Giải Ba,6,453
max3d_pro,00161,third,Giải Ba,7,052
max3d_pro,00161,third,Giải Ba,8,494
max3d_pro,00162,special,Giải Đặc biệt,1,826
max3d_pro,00162,special,Giải Đặc biệt,2,716
max3d_pro,00162,first,Giải Nhất,1,925
max3d_pro,00162,first,Giải Nhất,2,634
max3d_pro,00162,first,Giải Nhất,3,695
max3d_pro,00162,first,Giải Nhất,4,446
max3d_pro,00162,second,Giải Nhì,1,380
max3d_pro,00162,second,Giải Nhì,2,688
max3d_pro,00162,second,Giải Nhì,3,038
max3d_pro,00162,second,Giải Nhì,4,245
max3d_pro,00162,second,Giải Nhì,5,244
max3d_pro,00162,second,Giải Nhì,6,270
max3d_pro,00162,third,Giải Ba,1,356
max3d_pro,00162,third,Giải Ba,2,005
max3d_pro,00162,third,Giải Ba,3,595
max3d_pro,00162,third,Giải Ba,4,706
max3d_pro,00162,third,Giải Ba,5,907
max3d_pro,00162,third,Giải Ba,6,396
max3d_pro,00162,third,Giải Ba,7,108
max3d_pro,00162,third,Giải Ba,8,804
max3d_pro,00163,special,Giải Đặc biệt,1,350
max3d_pro,00163,special,Giải Đặc biệt,2,999
max3d_pro,00163,first,Giải Nhất,1,821
max3d_pro,00163,first,Giải Nhất,2,207
max3d_pro,00163,first,Giải Nhất,3,920
max3d_pro,00163,first,Giải Nhất,4,524
max3d_pro,00163,second,Giải Nhì,1,580
max3d_pro,00163,second,Giải Nhì,2,403
max3d_pro,00163,second,Giải Nhì,3,348
max3d_pro,00163,second,Giải Nhì,4,879
max3d_pro,00163,second,Giải Nhì,5,184
max3d_pro,00163,second,Giải Nhì,6,499
max3d_pro,00163,third,Giải Ba,1,711
max3d_pro,00163,third,Giải Ba,2,509
max3d_pro,00163,third,Giải Ba,3,878
max3d_pro,00163,third,Giải Ba,4,706
max3d_pro,00163,third,Giải Ba,5,587
max3d_pro,00163,third,Giải Ba,6,981
max3d_pro,00163,third,Giải Ba,7,375
max3d_pro,00163,third,Giải Ba,8,490
max3d_pro,00164,special,Giải Đặc biệt,1,120
max3d_pro,00164,special,Giải Đặc biệt,2,112
max3d_pro,00164,first,Giải Nhất,1,986
max3d_pro,00164,first,Giải Nhất,2,595
max3d_pro,00164,first,Giải Nhất,3,185
max3d_pro,00164,first,Giải Nhất,4,910
max3d_pro,00164,second,Giải Nhì,1,689
max3d_pro,00164,second,Giải Nhì,2,612
max3d_pro,00164,second,Giải Nhì,3,003
max3d_pro,00164,second,Giải Nhì,4,571
max3d_pro,00164,second,Giải Nhì,5,024
max3d_pro,00164,second,Giải Nhì,6,731
max3d_pro,00164,third,Giải Ba,1,417
max3d_pro,00164,third,Giải Ba,2,225
max3d_pro,00164,third,Giải Ba,3,740
max3d_pro,00164,third,Giải Ba,4,665
max3d_pro,00164,third,Giải Ba,5,562
max3d_pro,00164,third,Giải Ba,6,364
max3d_pro,00164,third,Giải Ba,7,832
max3d_pro,00164,third,Giải Ba,8,187
max3d_pro,00165,special,Giải Đặc biệt,1,295
max3d_pro,00165,special,Giải Đặc biệt,2,696
max3d_pro,00165,first,Giải Nhất,1,319
max3d_pro,00165,first,Giải Nhất,2,961
max3d_pro,00165,first,Giải Nhất,3,383
max3d_pro,00165,first,Giải Nhất,4,236
max3d_pro,00165,second,Giải Nhì,1,110
max3d_pro,00165,second,Giải Nhì,2,894
max3d_pro,00165,second,Giải Nhì,3,523
max3d_pro,00165,second,Giải Nhì,4,117
max3d_pro,00165,second,Giải Nhì,5,540
max3d_pro,00165,second,Giải Nhì,6,688
max3d_pro,00165,third,Giải Ba,1,191
max3d_pro,00165,third,Giải Ba,2,639
max3d_pro,00165,third,Giải Ba,3,067
max3d_pro,00165,third,Giải Ba,4,360
max3d_pro,00165,third,Giải Ba,5,638
max3d_pro,00165,third,Giải Ba,6,445
max3d_pro,00165,third,Giải Ba,7,507
max3d_pro,00165,third,Giải Ba,8,449
max3d_pro,00166,special,Giải Đặc biệt,1,772
max3d_pro,00166,special,Giải Đặc biệt,2,347
max3d_pro,00166,first,Giải Nhất,1,726
max3d_pro,00166,first,Giải Nhất,2,864
max3d_pro,00166,first,Giải Nhất,3,017
max3d_pro,00166,first,Giải Nhất,4,697
max3d_pro,00166,second,Giải Nhì,1,861
max3d_pro,00166,second,Giải Nhì,2,087
max3d_pro,00166,second,Giải Nhì,3,033
max3d_pro,00166,second,Giải Nhì,4,389
max3d_pro,00166,second,Giải Nhì,5,087
max3d_pro,00166,second,Giải Nhì,6,626
max3d_pro,00166,third,Giải Ba,1,693
max3d_pro,00166,third,Giải Ba,2,840
max3d_pro,00166,third,Giải Ba,3,999
max3d_pro,00166,third,Giải Ba,4,944
max3d_pro,00166,third,Giải Ba,5,427
max3d_pro,00166,third,Giải Ba,6,105
max3d_pro,00166,third,Giải Ba,7,057
max3d_pro,00166,third,Giải Ba,8,143
max3d_pro,00167,special,Giải Đặc biệt,1,110
max3d_pro,00167,special,Giải Đặc biệt,2,198
max3d_pro,00167,first,Giải Nhất,1,608
max3d_pro,00167,first,Giải Nhất,2,716
max3d_pro,00167,first,Giải Nhất,3,049
max3d_pro,00167,first,Giải Nhất,4,613
max3d_pro,00167,second,Giải Nhì,1,395
max3d_pro,00167,second,Giải Nhì,2,723
max3d_pro,00167,second,Giải Nhì,3,197
max3d_pro,00167,second,Giải Nhì,4,895
max3d_pro,00167,second,Giải Nhì,5,038
max3d_pro,00167,second,Giải Nhì,6,564
max3d_pro,00167,third,Giải Ba,1,728
max3d_pro,00167,third,Giải Ba,2,133
max3d_pro,00167,third,Giải Ba,3,216
max3d_pro,00167,third,Giải Ba,4,472
max3d_pro,00167,third,Giải Ba,5,827
max3d_pro,00167,third,Giải Ba,6,011
max3d_pro,00167,third,Giải Ba,7,201
max3d_pro,00167,third,Giải Ba,8,108
max3d_pro,00168,special,Giải Đặc biệt,1,689
max3d_pro,00168,special,Giải Đặc biệt,2,320
max3d_pro,00168,first,Giải Nhất,1,808
max3d_pro,00168,first,Giải Nhất,2,374
max3d_pro,00168,first,Giải Nhất,3,202
max3d_pro,00168,first,Giải Nhất,4,117
max3d_pro,00168,second,Giải Nhì,1,922
max3d_pro,00168,second,Giải Nhì,2,909
max3d_pro,00168,second,Giải Nhì,3,213
max3d_pro,00168,second,Giải Nhì,4,272
max3d_pro,00168,second,Giải Nhì,5,092
max3d_pro,00168,second,Giải Nhì,6,570
max3d_pro,00168,third,Giải Ba,1,634
max3d_pro,00168,third,Giải Ba,2,712
max3d_pro,00168,third,Giải Ba,3,943
max3d_pro,00168,third,Giải Ba,4,529
max3d_pro,00168,third,Giải Ba,5,777
max3d_pro,00168,third,Giải Ba,6,641
max3d_pro,00168,third,Giải Ba,7,065
max3d_pro,00168,third,Giải Ba,8,752
max3d_pro,00169,special,Giải Đặc biệt,1,243
max3d_pro,00169,special,Giải Đặc biệt,2,802
max3d_pro,00169,first,Giải Nhất,1,205
max3d_pro,00169,first,Giải Nhất,2,520
max3d_pro,00169,first,Giải Nhất,3,045
max3d_pro,00169,first,Giải Nhất,4,513
max3d_pro,00169,second,Giải Nhì,1,496
max3d_pro,00169,second,Giải Nhì,2,644
max3d_pro,00169,second,Giải Nhì,3,150
max3d_pro,00169,second,Giải Nhì,4,272
max3d_pro,00169,second,Giải Nhì,5,241
max3d_pro,00169,second,Giải Nhì,6,821
max3d_pro,00169,third,Giải Ba,1,254
max3d_pro,00169,third,Giải Ba,2,401
max3d_pro,00169,third,Giải Ba,3,049
max3d_pro,00169,third,Giải Ba,4,178
max3d_pro,00169,third,Giải Ba,5,481
max3d_pro,00169,third,Giải Ba,6,196
max3d_pro,00169,third,Giải Ba,7,082
max3d_pro,00169,third,Giải Ba,8,423
max3d_pro,00170,special,Giải Đặc biệt,1,462
max3d_pro,00170,special,Giải Đặc biệt,2,693
max3d_pro,00170,first,Giải Nhất,1,771
max3d_pro,00170,first,Giải Nhất,2,750
max3d_pro,00170,first,Giải Nhất,3,270
max3d_pro,00170,first,Giải Nhất,4,268
max3d_pro,00170,second,Giải Nhì,1,196
max3d_pro,00170,second,Giải Nhì,2,241
max3d_pro,00170,second,Giải Nhì,3,217
max3d_pro,00170,second,Giải Nhì,4,505
max3d_pro,00170,second,Giải Nhì,5,720
max3d_pro,00170,second,Giải Nhì,6,435
max3d_pro,00170,third,Giải Ba,1,556
max3d_pro,00170,third,Giải Ba,2,050
max3d_pro,00170,third,Giải Ba,3,555
max3d_pro,00170,third,Giải Ba,4,620
max3d_pro,00170,third,Giải Ba,5,913
max3d_pro,00170,third,Giải Ba,6,329
max3d_pro,00170,third,Giải Ba,7,327
max3d_pro,00170,third,Giải Ba,8,804
max3d_pro,00171,special,Giải Đặc biệt,1,734
max3d_pro,00171,special,Giải Đặc biệt,2,155
max3d_pro,00171,first,Giải Nhất,1,465
max3d_pro,00171,first,Giải Nhất,2,195
max3d_pro,00171,first,Giải Nhất,3,267
max3d_pro,00171,first,Giải Nhất,4,506
max3d_pro,00171,second,Giải Nhì,1,023
max3d_pro,00171,second,Giải Nhì,2,162
max3d_pro,00171,second,Giải Nhì,3,692
max3d_pro,00171,second,Giải Nhì,4,531
max3d_pro,00171,second,Giải Nhì,5,507
max3d_pro,00171,second,Giải Nhì,6,368
max3d_pro,00171,third,Giải Ba,1,422
max3d_pro,00171,third,Giải Ba,2,890
max3d_pro,00171,third,Giải Ba,3,147
max3d_pro,00171,third,Giải Ba,4,315
max3d_pro,00171,third,Giải Ba,5,405
max3d_pro,00171,third,Giải Ba,6,269
max3d_pro,00171,third,Giải Ba,7,019
max3d_pro,00171,third,Giải Ba,8,920
max3d_pro,00172,special,Giải Đặc biệt,1,551
max3d_pro,00172,special,Giải Đặc biệt,2,102
max3d_pro,00172,first,Giải Nhất,1,017
max3d_pro,00172,first,Giải Nhất,2,646
max3d_pro,00172,first,Giải Nhất,3,775
max3d_pro,00172,first,Giải Nhất,4,008
max3d_pro,00172,second,Giải Nhì,1,678
max3d_pro,00172,second,Giải Nhì,2,699
max3d_pro,00172,second,Giải Nhì,3,146
max3d_pro,00172,second,Giải Nhì,4,984
max3d_pro,00172,second,Giải Nhì,5,781
max3d_pro,00172,second,Giải Nhì,6,288
max3d_pro,00172,third,Giải Ba,1,476
max3d_pro,00172,third,Giải Ba,2,404
max3d_pro,00172,third,Giải Ba,3,119
max3d_pro,00172,third,Giải Ba,4,647
max3d_pro,00172,third,Giải Ba,5,697
max3d_pro,00172,third,Giải Ba,6,919
max3d_pro,00172,third,Giải Ba,7,534
max3d_pro,00172,third,Giải Ba,8,235
max3d_pro,00173,special,Giải Đặc biệt,1,790
max3d_pro,00173,special,Giải Đặc biệt,2,389
max3d_pro,00173,first,Giải Nhất,1,346
max3d_pro,00173,first,Giải Nhất,2,791
max3d_pro,00173,first,Giải Nhất,3,653
max3d_pro,00173,first,Giải Nhất,4,746
max3d_pro,00173,second,Giải Nhì,1,008
max3d_pro,00173,second,Giải Nhì,2,398
max3d_pro,00173,second,Giải Nhì,3,873
max3d_pro,00173,second,Giải Nhì,4,061
max3d_pro,00173,second,Giải Nhì,5,234
max3d_pro,00173,second,Giải Nhì,6,281
max3d_pro,00173,third,Giải Ba,1,683
max3d_pro,00173,third,Giải Ba,2,958
max3d_pro,00173,third,Giải Ba,3,966
max3d_pro,00173,third,Giải Ba,4,014
max3d_pro,00173,third,Giải Ba,5,028
max3d_pro,00173,third,Giải Ba,6,996
max3d_pro,00173,third,Giải Ba,7,887
max3d_pro,00173,third,Giải Ba,8,624
max3d_pro,00174,special,Giải Đặc biệt,1,769
max3d_pro,00174,special,Giải Đặc biệt,2,700
max3d_pro,00174,first,Giải Nhất,1,277
max3d_pro,00174,first,Giải Nhất,2,387
max3d_pro,00174,first,Giải Nhất,3,575
max3d_pro,00174,first,Giải Nhất,4,963
max3d_pro,00174,second,Giải Nhì,1,712
max3d_pro,00174,second,Giải Nhì,2,328
max3d_pro,00174,second,Giải Nhì,3,446
max3d_pro,00174,second,Giải Nhì,4,106
max3d_pro,00174,second,Giải Nhì,5,185
max3d_pro,00174,second,Giải Nhì,6,342
max3d_pro,00174,third,Giải Ba,1,726
max3d_pro,00174,third,Giải Ba,2,624
max3d_pro,00174,third,Giải Ba,3,636
max3d_pro,00174,third,Giải Ba,4,894
max3d_pro,00174,third,Giải Ba,5,493
max3d_pro,00174,third,Giải Ba,6,033
max3d_pro,00174,third,Giải Ba,7,297
max3d_pro,00174,third,Giải Ba,8,466
max3d_pro,00175,special,Giải Đặc biệt,1,593
max3d_pro,00175,special,Giải Đặc biệt,2,035
max3d_pro,00175,first,Giải Nhất,1,278
max3d_pro,00175,first,Giải Nhất,2,767
max3d_pro,00175,first,Giải Nhất,3,619
max3d_pro,00175,first,Giải Nhất,4,053
max3d_pro,00175,second,Giải Nhì,1,792
max3d_pro,00175,second,Giải Nhì,2,217
max3d_pro,00175,second,Giải Nhì,3,171
max3d_pro,00175,second,Giải Nhì,4,820
max3d_pro,00175,second,Giải Nhì,5,183
max3d_pro,00175,second,Giải Nhì,6,871
max3d_pro,00175,third,Giải Ba,1,256
max3d_pro,00175,third,Giải Ba,2,980
max3d_pro,00175,third,Giải Ba,3,977
max3d_pro,00175,third,Giải Ba,4,624
max3d_pro,00175,third,Giải Ba,5,257
max3d_pro,00175,third,Giải Ba,6,415
max3d_pro,00175,third,Giải Ba,7,262
max3d_pro,00175,third,Giải Ba,8,785
max3d_pro,00176,special,Giải Đặc biệt,1,785
max3d_pro,00176,special,Giải Đặc biệt,2,982
max3d_pro,00176,first,Giải Nhất,1,527
max3d_pro,00176,first,Giải Nhất,2,779
max3d_pro,00176,first,Giải Nhất,3,529
max3d_pro,00176,first,Giải Nhất,4,469
max3d_pro,00176,second,Giải Nhì,1,475
max3d_pro,00176,second,Giải Nhì,2,191
max3d_pro,00176,second,Giải Nhì,3,293
max3d_pro,00176,second,Giải Nhì,4,701
max3d_pro,00176,second,Giải Nhì,5,266
max3d_pro,00176,second,Giải Nhì,6,214
max3d_pro,00176,third,Giải Ba,1,301
max3d_pro,00176,third,Giải Ba,2,392
max3d_pro,00176,third,Giải Ba,3,570
max3d_pro,00176,third,Giải Ba,4,278
max3d_pro,00176,third,Giải Ba,5,630
max3d_pro,00176,third,Giải Ba,6,798
max3d_pro,00176,third,Giải Ba,7,341
max3d_pro,00176,third,Giải Ba,8,911
max3d_pro,00177,special,Giải Đặc biệt,1,990
max3d_pro,00177,special,Giải Đặc biệt,2,732
max3d_pro,00177,first,Giải Nhất,1,124
max3d_pro,00177,first,Giải Nhất,2,005
max3d_pro,00177,first,Giải Nhất,3,566
max3d_pro,00177,first,Giải Nhất,4,126
max3d_pro,00177,second,Giải Nhì,1,978
max3d_pro,00177,second,Giải Nhì,2,733
max3d_pro,00177,second,Giải Nhì,3,862
max3d_pro,00177,second,Giải Nhì,4,354
max3d_pro,00177,second,Giải Nhì,5,681
max3d_pro,00177,second,Giải Nhì,6,412
max3d_pro,00177,third,Giải Ba,1,192
max3d_pro,00177,third,Giải Ba,2,870
max3d_pro,00177,third,Giải Ba,3,098
max3d_pro,00177,third,Giải Ba,4,894
max3d_pro,00177,third,Giải Ba,5,598
max3d_pro,00177,third,Giải Ba,6,894
max3d_pro,00177,third,Giải Ba,7,290
max3d_pro,00177,third,Giải Ba,8,957
max3d_pro,00178,special,Giải Đặc biệt,1,769
max3d_pro,00178,special,Giải Đặc biệt,2,829
max3d_pro,00178,first,Giải Nhất,1,029
max3d_pro,00178,first,Giải Nhất,2,529
max3d_pro,00178,first,Giải Nhất,3,367
max3d_pro,00178,first,Giải Nhất,4,709
max3d_pro,00178,second,Giải Nhì,1,731
max3d_pro,00178,second,Giải Nhì,2,450
max3d_pro,00178,second,Giải Nhì,3,141
max3d_pro,00178,second,Giải Nhì,4,150
max3d_pro,00178,second,Giải Nhì,5,861
max3d_pro,00178,second,Giải Nhì,6,590
max3d_pro,00178,third,Giải Ba,1,488
max3d_pro,00178,third,Giải Ba,2,089
max3d_pro,00178,third,Giải Ba,3,793
max3d_pro,00178,third,Giải Ba,4,566
max3d_pro,00178,third,Giải Ba,5,112
max3d_pro,00178,third,Giải Ba,6,114
max3d_pro,00178,third,Giải Ba,7,873
max3d_pro,00178,third,Giải Ba,8,220
max3d_pro,00179,special,Giải Đặc biệt,1,637
max3d_pro,00179,special,Giải Đặc biệt,2,766
max3d_pro,00179,first,Giải Nhất,1,620
max3d_pro,00179,first,Giải Nhất,2,864
max3d_pro,00179,first,Giải Nhất,3,480
max3d_pro,00179,first,Giải Nhất,4,342
max3d_pro,00179,second,Giải Nhì,1,891
max3d_pro,00179,second,Giải Nhì,2,558
max3d_pro,00179,second,Giải Nhì,3,068
max3d_pro,00179,second,Giải Nhì,4,118
max3d_pro,00179,second,Giải Nhì,5,818
max3d_pro,00179,second,Giải Nhì,6,945
max3d_pro,00179,third,Giải Ba,1,479
max3d_pro,00179,third,Giải Ba,2,077
max3d_pro,00179,third,Giải Ba,3,440
max3d_pro,00179,third,Giải Ba,4,746
max3d_pro,00179,third,Giải Ba,5,041
max3d_pro,00179,third,Giải Ba,6,174
max3d_pro,00179,third,Giải Ba,7,258
max3d_pro,00179,third,Giải Ba,8,442
max3d_pro,00180,special,Giải Đặc biệt,1,497
max3d_pro,00180,special,Giải Đặc biệt,2,753
max3d_pro,00180,first,Giải Nhất,1,423
max3d_pro,00180,first,Giải Nhất,2,047
max3d_pro,00180,first,Giải Nhất,3,784
max3d_pro,00180,first,Giải Nhất,4,375
max3d_pro,00180,second,Giải Nhì,1,149
max3d_pro,00180,second,Giải Nhì,2,454
max3d_pro,00180,second,Giải Nhì,3,240
max3d_pro,00180,second,Giải Nhì,4,550
max3d_pro,00180,second,Giải Nhì,5,598
max3d_pro,00180,second,Giải Nhì,6,543
max3d_pro,00180,third,Giải Ba,1,306
max3d_pro,00180,third,Giải Ba,2,086
max3d_pro,00180,third,Giải Ba,3,459
max3d_pro,00180,third,Giải Ba,4,023
max3d_pro,00180,third,Giải Ba,5,821
max3d_pro,00180,third,Giải Ba,6,539
max3d_pro,00180,third,Giải Ba,7,305
max3d_pro,00180,third,Giải Ba,8,073
max3d_pro,00181,special,Giải Đặc biệt,1,187
max3d_pro,00181,special,Giải Đặc biệt,2,379
max3d_pro,00181,first,Giải Nhất,1,180
max3d_pro,00181,first,Giải Nhất,2,508
max3d_pro,00181,first,Giải Nhất,3,982
max3d_pro,00181,first,Giải Nhất,4,725
max3d_pro,00181,second,Giải Nhì,1,255
max3d_pro,00181,second,Giải Nhì,2,153
max3d_pro,00181,second,Giải Nhì,3,791
max3d_pro,00181,second,Giải Nhì,4,754
max3d_pro,00181,second,Giải Nhì,5,373
max3d_pro,00181,second,Giải Nhì,6,759
max3d_pro,00181,third,Giải Ba,1,258
max3d_pro,00181,third,Giải Ba,2,173
max3d_pro,00181,third,Giải Ba,3,947
max3d_pro,00181,third,Giải Ba,4,164
max3d_pro,00181,third,Giải Ba,5,093
max3d_pro,00181,third,Giải Ba,6,303
max3d_pro,00181,third,Giải Ba,7,119
max3d_pro,00181,third,Giải Ba,8,992
max3d_pro,00182,special,Giải Đặc biệt,1,719
max3d_pro,00182,special,Giải Đặc biệt,2,282
max3d_pro,00182,first,Giải Nhất,1,694
max3d_pro,00182,first,Giải Nhất,2,605
max3d_pro,00182,first,Giải Nhất,3,571
max3d_pro,00182,first,Giải Nhất,4,304
max3d_pro,00182,second,Giải Nhì,1,121
max3d_pro,00182,second,Giải Nhì,2,161
max3d_pro,00182,second,Giải Nhì,3,727
max3d_pro,00182,second,Giải Nhì,4,208
max3d_pro,00182,second,Giải Nhì,5,718
max3d_pro,00182,second,Giải Nhì,6,895
max3d_pro,00182,third,Giải Ba,1,491
max3d_pro,00182,third,Giải Ba,2,443
max3d_pro,00182,third,Giải Ba,3,385
max3d_pro,00182,third,Giải Ba,4,335
max3d_pro,00182,third,Giải Ba,5,702
max3d_pro,00182,third,Giải Ba,6,609
max3d_pro,00182,third,Giải Ba,7,841
max3d_pro,00182,third,Giải Ba,8,550
max3d_pro,00183,special,Giải Đặc biệt,1,684
max3d_pro,00183,special,Giải Đặc biệt,2,388
max3d_pro,00183,first,Giải Nhất,1,199
max3d_pro,00183,first,Giải Nhất,2,182
max3d_pro,00183,first,Giải Nhất,3,687
max3d_pro,00183,first,Giải Nhất,4,790
max3d_pro,00183,second,Giải Nhì,1,327
max3d_pro,00183,second,Giải Nhì,2,528
max3d_pro,00183,second,Giải Nhì,3,966
max3d_pro,00183,second,Giải Nhì,4,350
max3d_pro,00183,second,Giải Nhì,5,307
max3d_pro,00183,second,Giải Nhì,6,103
max3d_pro,00183,third,Giải Ba,1,010
max3d_pro,00183,third,Giải Ba,2,806
max3d_pro,00183,third,Giải Ba,3,484
max3d_pro,00183,third,Giải Ba,4,130
max3d_pro,00183,third,Giải Ba,5,753
max3d_pro,00183,third,Giải Ba,6,265
max3d_pro,00183,third,Giải Ba,7,241
max3d_pro,00183,third,Giải Ba,8,815
max3d_pro,00184,special,Giải Đặc biệt,1,216
max3d_pro,00184,special,Giải Đặc biệt,2,806
max3d_pro,00184,first,Giải Nhất,1,247
max3d_pro,00184,first,Giải Nhất,2,846
max3d_pro,00184,first,Giải Nhất,3,734
max3d_pro,00184,first,Giải Nhất,4,174
max3d_pro,00184,second,Giải Nhì,1,730
max3d_pro,00184,second,Giải Nhì,2,893
max3d_pro,00184,second,Giải Nhì,3,312
max3d_pro,00184,second,Giải Nhì,4,717
max3d_pro,00184,second,Giải Nhì,5,507
max3d_pro,00184,second,Giải Nhì,6,519
max3d_pro,00184,third,Giải Ba,1,680
max3d_pro,00184,third,Giải Ba,2,027
max3d_pro,00184,third,Giải Ba,3,087
max3d_pro,00184,third,Giải Ba,4,509
max3d_pro,00184,third,Giải Ba,5,985
max3d_pro,00184,third,Giải Ba,6,299
max3d_pro,00184,third,Giải Ba,7,108
max3d_pro,00184,third,Giải Ba,8,033
max3d_pro,00185,special,Giải Đặc biệt,1,213
max3d_pro,00185,special,Giải Đặc biệt,2,296
max3d_pro,00185,first,Giải Nhất,1,076
max3d_pro,00185,first,Giải Nhất,2,856
max3d_pro,00185,first,Giải Nhất,3,130
max3d_pro,00185,first,Giải Nhất,4,898
max3d_pro,00185,second,Giải Nhì,1,911
max3d_pro,00185,second,Giải Nhì,2,871
max3d_pro,00185,second,Giải Nhì,3,732
max3d_pro,00185,second,Giải Nhì,4,399
max3d_pro,00185,second,Giải Nhì,5,954
max3d_pro,00185,second,Giải Nhì,6,042
max3d_pro,00185,third,Giải Ba,1,682
max3d_pro,00185,third,Giải Ba,2,565
max3d_pro,00185,third,Giải Ba,3,368
max3d_pro,00185,third,Giải Ba,4,999
max3d_pro,00185,third,Giải Ba,5,084
max3d_pro,00185,third,Giải Ba,6,283
max3d_pro,00185,third,Giải Ba,7,165
max3d_pro,00185,third,Giải Ba,8,152
max3d_pro,00186,special,Giải Đặc biệt,1,165
max3d_pro,00186,special,Giải Đặc biệt,2,923
max3d_pro,00186,first,Giải Nhất,1,009
max3d_pro,00186,first,Giải Nhất,2,828
max3d_pro,00186,first,Giải Nhất,3,840
max3d_pro,00186,first,Giải Nhất,4,785
max3d_pro,00186,second,Giải Nhì,1,508
max3d_pro,00186,second,Giải Nhì,2,182
max3d_pro,00186,second,Giải Nhì,3,866
max3d_pro,00186,second,Giải Nhì,4,356
max3d_pro,00186,second,Giải Nhì,5,738
max3d_pro,00186,second,Giải Nhì,6,276
max3d_pro,00186,third,Giải Ba,1,635
max3d_pro,00186,third,Giải Ba,2,866
max3d_pro,00186,third,Giải Ba,3,606
max3d_pro,00186,third,Giải Ba,4,366
max3d_pro,00186,third,Giải Ba,5,683
max3d_pro,00186,third,Giải Ba,6,050
max3d_pro,00186,third,Giải Ba,7,175
max3d_pro,00186,third,Giải Ba,8,199
max3d_pro,00187,special,Giải Đặc biệt,1,866
max3d_pro,00187,special,Giải Đặc biệt,2,625
max3d_pro,00187,first,Giải Nhất,1,765
max3d_pro,00187,first,Giải Nhất,2,927
max3d_pro,00187,first,Giải Nhất,3,652
max3d_pro,00187,first,Giải Nhất,4,855
max3d_pro,00187,second,Giải Nhì,1,328
max3d_pro,00187,second,Giải Nhì,2,372
max3d_pro,00187,second,Giải Nhì,3,767
max3d_pro,00187,second,Giải Nhì,4,297
max3d_pro,00187,second,Giải Nhì,5,157
max3d_pro,00187,second,Giải Nhì,6,363
max3d_pro,00187,third,Giải Ba,1,931
max3d_pro,00187,third,Giải Ba,2,340
max3d_pro,00187,third,Giải Ba,3,846
max3d_pro,00187,third,Giải Ba,4,227
max3d_pro,00187,third,Giải Ba,5,273
max3d_pro,00187,third,Giải Ba,6,883
max3d_pro,00187,third,Giải Ba,7,986
max3d_pro,00187,third,Giải Ba,8,822
max3d_pro,00188,special,Giải Đặc biệt,1,599
max3d_pro,00188,special,Giải Đặc biệt,2,457
max3d_pro,00188,first,Giải Nhất,1,868
max3d_pro,00188,first,Giải Nhất,2,265
max3d_pro,00188,first,Giải Nhất,3,516
max3d_pro,00188,first,Giải Nhất,4,507
max3d_pro,00188,second,Giải Nhì,1,705
max3d_pro,00188,second,Giải Nhì,2,076
max3d_pro,00188,second,Giải Nhì,3,904
max3d_pro,00188,second,Giải Nhì,4,531
max3d_pro,00188,second,Giải Nhì,5,792
max3d_pro,00188,second,Giải Nhì,6,921
max3d_pro,00188,third,Giải Ba,1,882
max3d_pro,00188,third,Giải Ba,2,201
max3d_pro,00188,third,Giải Ba,3,908
max3d_pro,00188,third,Giải Ba,4,267
max3d_pro,00188,third,Giải Ba,5,356
max3d_pro,00188,third,Giải Ba,6,206
max3d_pro,00188,third,Giải Ba,7,300
max3d_pro,00188,third,Giải Ba,8,651
max3d_pro,00189,special,Giải Đặc biệt,1,193
max3d_pro,00189,special,Giải Đặc biệt,2,099
max3d_pro,00189,first,Giải Nhất,1,658
max3d_pro,00189,first,Giải Nhất,2,244
max3d_pro,00189,first,Giải Nhất,3,798
max3d_pro,00189,first,Giải Nhất,4,985
max3d_pro,00189,second,Giải Nhì,1,839
max3d_pro,00189,second,Giải Nhì,2,785
max3d_pro,00189,second,Giải Nhì,3,119
max3d_pro,00189,second,Giải Nhì,4,638
max3d_pro,00189,second,Giải Nhì,5,958
max3d_pro,00189,second,Giải Nhì,6,355
max3d_pro,00189,third,Giải Ba,1,598
max3d_pro,00189,third,Giải Ba,2,557
max3d_pro,00189,third,Giải Ba,3,378
max3d_pro,00189,third,Giải Ba,4,736
max3d_pro,00189,third,Giải Ba,5,436
max3d_pro,00189,third,Giải Ba,6,856
max3d_pro,00189,third,Giải Ba,7,033
max3d_pro,00189,third,Giải Ba,8,917
max3d_pro,00190,special,Giải Đặc biệt,1,367
max3d_pro,00190,special,Giải Đặc biệt,2,358
max3d_pro,00190,first,Giải Nhất,1,306
max3d_pro,00190,first,Giải Nhất,2,547
max3d_pro,00190,first,Giải Nhất,3,169
max3d_pro,00190,first,Giải Nhất,4,964
max3d_pro,00190,second,Giải Nhì,1,761
max3d_pro,00190,second,Giải Nhì,2,906
max3d_pro,00190,second,Giải Nhì,3,152
max3d_pro,00190,second,Giải Nhì,4,961
max3d_pro,00190,second,Giải Nhì,5,220
max3d_pro,00190,second,Giải Nhì,6,880
max3d_pro,00190,third,Giải Ba,1,708
max3d_pro,00190,third,Giải Ba,2,096
max3d_pro,00190,third,Giải Ba,3,080
max3d_pro,00190,third,Giải Ba,4,944
max3d_pro,00190,third,Giải Ba,5,642
max3d_pro,00190,third,Giải Ba,6,682
max3d_pro,00190,third,Giải Ba,7,654
max3d_pro,00190,third,Giải Ba,8,834
max3d_pro,00191,special,Giải Đặc biệt,1,210
max3d_pro,00191,special,Giải Đặc biệt,2,557
max3d_pro,00191,first,Giải Nhất,1,688
max3d_pro,00191,first,Giải Nhất,2,176
max3d_pro,00191,first,Giải Nhất,3,130
max3d_pro,00191,first,Giải Nhất,4,195
max3d_pro,00191,second,Giải Nhì,1,309
max3d_pro,00191,second,Giải Nhì,2,431
max3d_pro,00191,second,Giải Nhì,3,998
max3d_pro,00191,second,Giải Nhì,4,533
max3d_pro,00191,second,Giải Nhì,5,343
max3d_pro,00191,second,Giải Nhì,6,516
max3d_pro,00191,third,Giải Ba,1,470
max3d_pro,00191,third,Giải Ba,2,628
max3d_pro,00191,third,Giải Ba,3,149
max3d_pro,00191,third,Giải Ba,4,173
max3d_pro,00191,third,Giải Ba,5,270
max3d_pro,00191,third,Giải Ba,6,337
max3d_pro,00191,third,Giải Ba,7,539
max3d_pro,00191,third,Giải Ba,8,315
max3d_pro,00192,special,Giải Đặc biệt,1,423
max3d_pro,00192,special,Giải Đặc biệt,2,354
max3d_pro,00192,first,Giải Nhất,1,576
max3d_pro,00192,first,Giải Nhất,2,351
max3d_pro,00192,first,Giải Nhất,3,429
max3d_pro,00192,first,Giải Nhất,4,250
max3d_pro,00192,second,Giải Nhì,1,158
max3d_pro,00192,second,Giải Nhì,2,868
max3d_pro,00192,second,Giải Nhì,3,556
max3d_pro,00192,second,Giải Nhì,4,306
max3d_pro,00192,second,Giải Nhì,5,724
max3d_pro,00192,second,Giải Nhì,6,400
max3d_pro,00192,third,Giải Ba,1,479
max3d_pro,00192,third,Giải Ba,2,399
max3d_pro,00192,third,Giải Ba,3,649
max3d_pro,00192,third,Giải Ba,4,537
max3d_pro,00192,third,Giải Ba,5,140
max3d_pro,00192,third,Giải Ba,6,183
max3d_pro,00192,third,Giải Ba,7,808
max3d_pro,00192,third,Giải Ba,8,757
max3d_pro,00193,special,Giải Đặc biệt,1,306
max3d_pro,00193,special,Giải Đặc biệt,2,725
max3d_pro,00193,first,Giải Nhất,1,170
max3d_pro,00193,first,Giải Nhất,2,681
max3d_pro,00193,first,Giải Nhất,3,590
max3d_pro,00193,first,Giải Nhất,4,143
max3d_pro,00193,second,Giải Nhì,1,951
max3d_pro,00193,second,Giải Nhì,2,292
max3d_pro,00193,second,Giải Nhì,3,772
max3d_pro,00193,second,Giải Nhì,4,025
max3d_pro,00193,second,Giải Nhì,5,560
max3d_pro,00193,second,Giải Nhì,6,170
max3d_pro,00193,third,Giải Ba,1,358
max3d_pro,00193,third,Giải Ba,2,207
max3d_pro,00193,third,Giải Ba,3,271
max3d_pro,00193,third,Giải Ba,4,834
max3d_pro,00193,third,Giải Ba,5,278
max3d_pro,00193,third,Giải Ba,6,139
max3d_pro,00193,third,Giải Ba,7,448
max3d_pro,00193,third,Giải Ba,8,525
max3d_pro,00194,special,Giải Đặc biệt,1,551
max3d_pro,00194,special,Giải Đặc biệt,2,484
max3d_pro,00194,first,Giải Nhất,1,197
max3d_pro,00194,first,Giải Nhất,2,153
max3d_pro,00194,first,Giải Nhất,3,553
max3d_pro,00194,first,Giải Nhất,4,141
max3d_pro,00194,second,Giải Nhì,1,418
max3d_pro,00194,second,Giải Nhì,2,530
max3d_pro,00194,second,Giải Nhì,3,875
max3d_pro,00194,second,Giải Nhì,4,845
max3d_pro,00194,second,Giải Nhì,5,772
max3d_pro,00194,second,Giải Nhì,6,455
max3d_pro,00194,third,Giải Ba,1,388
max3d_pro,00194,third,Giải Ba,2,087
max3d_pro,00194,third,Giải Ba,3,017
max3d_pro,00194,third,Giải Ba,4,127
max3d_pro,00194,third,Giải Ba,5,143
max3d_pro,00194,third,Giải Ba,6,809
max3d_pro,00194,third,Giải Ba,7,553
max3d_pro,00194,third,Giải Ba,8,801
max3d_pro,00195,special,Giải Đặc biệt,1,226
max3d_pro,00195,special,Giải Đặc biệt,2,661
max3d_pro,00195,first,Giải Nhất,1,896
max3d_pro,00195,first,Giải Nhất,2,104
max3d_pro,00195,first,Giải Nhất,3,362
max3d_pro,00195,first,Giải Nhất,4,075
max3d_pro,00195,second,Giải Nhì,1,991
max3d_pro,00195,second,Giải Nhì,2,825
max3d_pro,00195,second,Giải Nhì,3,056
max3d_pro,00195,second,Giải Nhì,4,694
max3d_pro,00195,second,Giải Nhì,5,327
max3d_pro,00195,second,Giải Nhì,6,089
max3d_pro,00195,third,Giải Ba,1,316
max3d_pro,00195,third,Giải Ba,2,376
max3d_pro,00195,third,Giải Ba,3,623
max3d_pro,00195,third,Giải Ba,4,873
max3d_pro,00195,third,Giải Ba,5,846
max3d_pro,00195,third,Giải Ba,6,892
max3d_pro,00195,third,Giải Ba,7,888
max3d_pro,00195,third,Giải Ba,8,917
max3d_pro,00196,special,Giải Đặc biệt,1,209
max3d_pro,00196,special,Giải Đặc biệt,2,272
max3d_pro,00196,first,Giải Nhất,1,383
max3d_pro,00196,first,Giải Nhất,2,302
max3d_pro,00196,first,Giải Nhất,3,839
max3d_pro,00196,first,Giải Nhất,4,194
max3d_pro,00196,second,Giải Nhì,1,468
max3d_pro,00196,second,Giải Nhì,2,325
max3d_pro,00196,second,Giải Nhì,3,454
max3d_pro,00196,second,Giải Nhì,4,332
max3d_pro,00196,second,Giải Nhì,5,119
max3d_pro,00196,second,Giải Nhì,6,896
max3d_pro,00196,third,Giải Ba,1,719
max3d_pro,00196,third,Giải Ba,2,615
max3d_pro,00196,third,Giải Ba,3,182
max3d_pro,00196,third,Giải Ba,4,652
max3d_pro,00196,third,Giải Ba,5,807
max3d_pro,00196,third,Giải Ba,6,384
max3d_pro,00196,third,Giải Ba,7,999
max3d_pro,00196,third,Giải Ba,8,237
max3d_pro,00197,special,Giải Đặc biệt,1,057
max3d_pro,00197,special,Giải Đặc biệt,2,285
max3d_pro,00197,first,Giải Nhất,1,362
max3d_pro,00197,first,Giải Nhất,2,740
max3d_pro,00197,first,Giải Nhất,3,102
max3d_pro,00197,first,Giải Nhất,4,170
max3d_pro,00197,second,Giải Nhì,1,924
max3d_pro,00197,second,Giải Nhì,2,343
max3d_pro,00197,second,Giải Nhì,3,126
max3d_pro,00197,second,Giải Nhì,4,772
max3d_pro,00197,second,Giải Nhì,5,512
max3d_pro,00197,second,Giải Nhì,6,126
max3d_pro,00197,third,Giải Ba,1,034
max3d_pro,00197,third,Giải Ba,2,533
max3d_pro,00197,third,Giải Ba,3,132
max3d_pro,00197,third,Giải Ba,4,680
max3d_pro,00197,third,Giải Ba,5,117
max3d_pro,00197,third,Giải Ba,6,632
max3d_pro,00197,third,Giải Ba,7,855
max3d_pro,00197,third,Giải Ba,8,312
max3d_pro,00198,special,Giải Đặc biệt,1,466
max3d_pro,00198,special,Giải Đặc biệt,2,389
max3d_pro,00198,first,Giải Nhất,1,452
max3d_pro,00198,first,Giải Nhất,2,486
max3d_pro,00198,first,Giải Nhất,3,791
max3d_pro,00198,first,Giải Nhất,4,464
max3d_pro,00198,second,Giải Nhì,1,392
max3d_pro,00198,second,Giải Nhì,2,284
max3d_pro,00198,second,Giải Nhì,3,751
max3d_pro,00198,second,Giải Nhì,4,133
max3d_pro,00198,second,Giải Nhì,5,230
max3d_pro,00198,second,Giải Nhì,6,498
max3d_pro,00198,third,Giải Ba,1,963
max3d_pro,00198,third,Giải Ba,2,197
max3d_pro,00198,third,Giải Ba,3,425
max3d_pro,00198,third,Giải Ba,4,550
max3d_pro,00198,third,Giải Ba,5,488
max3d_pro,00198,third,Giải Ba,6,008
max3d_pro,00198,third,Giải Ba,7,143
max3d_pro,00198,third,Giải Ba,8,153
max3d_pro,00199,special,Giải Đặc biệt,1,319
max3d_pro,00199,special,Giải Đặc biệt,2,247
max3d_pro,00199,first,Giải Nhất,1,533
max3d_pro,00199,first,Giải Nhất,2,250
max3d_pro,00199,first,Giải Nhất,3,636
max3d_pro,00199,first,Giải Nhất,4,561
max3d_pro,00199,second,Giải Nhì,1,698
max3d_pro,00199,second,Giải Nhì,2,648
max3d_pro,00199,second,Giải Nhì,3,786
max3d_pro,00199,second,Giải Nhì,4,453
max3d_pro,00199,second,Giải Nhì,5,990
max3d_pro,00199,second,Giải Nhì,6,424
max3d_pro,00199,third,Giải Ba,1,769
max3d_pro,00199,third,Giải Ba,2,363
max3d_pro,00199,third,Giải Ba,3,052
max3d_pro,00199,third,Giải Ba,4,544
max3d_pro,00199,third,Giải Ba,5,152
max3d_pro,00199,third,Giải Ba,6,107
max3d_pro,00199,third,Giải Ba,7,526
max3d_pro,00199,third,Giải Ba,8,088
max3d_pro,00200,special,Giải Đặc biệt,1,849
max3d_pro,00200,special,Giải Đặc biệt,2,103
max3d_pro,00200,first,Giải Nhất,1,154
max3d_pro,00200,first,Giải Nhất,2,117
max3d_pro,00200,first,Giải Nhất,3,090
max3d_pro,00200,first,Giải Nhất,4,601
max3d_pro,00200,second,Giải Nhì,1,814
max3d_pro,00200,second,Giải Nhì,2,356
max3d_pro,00200,second,Giải Nhì,3,438
max3d_pro,00200,second,Giải Nhì,4,465
max3d_pro,00200,second,Giải Nhì,5,074
max3d_pro,00200,second,Giải Nhì,6,552
max3d_pro,00200,third,Giải Ba,1,724
max3d_pro,00200,third,Giải Ba,2,401
max3d_pro,00200,third,Giải Ba,3,159
max3d_pro,00200,third,Giải Ba,4,638
max3d_pro,00200,third,Giải Ba,5,378
max3d_pro,00200,third,Giải Ba,6,955
max3d_pro,00200,third,Giải Ba,7,196
max3d_pro,00200,third,Giải Ba,8,829
max3d_pro,00201,special,Giải Đặc biệt,1,266
max3d_pro,00201,special,Giải Đặc biệt,2,557
max3d_pro,00201,first,Giải Nhất,1,761
max3d_pro,00201,first,Giải Nhất,2,414
max3d_pro,00201,first,Giải Nhất,3,414
max3d_pro,00201,first,Giải Nhất,4,716
max3d_pro,00201,second,Giải Nhì,1,579
max3d_pro,00201,second,Giải Nhì,2,645
max3d_pro,00201,second,Giải Nhì,3,632
max3d_pro,00201,second,Giải Nhì,4,206
max3d_pro,00201,second,Giải Nhì,5,285
max3d_pro,00201,second,Giải Nhì,6,448
max3d_pro,00201,third,Giải Ba,1,690
max3d_pro,00201,third,Giải Ba,2,549
max3d_pro,00201,third,Giải Ba,3,244
max3d_pro,00201,third,Giải Ba,4,344
max3d_pro,00201,third,Giải Ba,5,611
max3d_pro,00201,third,Giải Ba,6,849
max3d_pro,00201,third,Giải Ba,7,735
max3d_pro,00201,third,Giải Ba,8,702
max3d_pro,00202,special,Giải Đặc biệt,1,548
max3d_pro,00202,special,Giải Đặc biệt,2,542
max3d_pro,00202,first,Giải Nhất,1,536
max3d_pro,00202,first,Giải Nhất,2,025
max3d_pro,00202,first,Giải Nhất,3,234
max3d_pro,00202,first,Giải Nhất,4,948
max3d_pro,00202,second,Giải Nhì,1,383
max3d_pro,00202,second,Giải Nhì,2,561
max3d_pro,00202,second,Giải Nhì,3,164
max3d_pro,00202,second,Giải Nhì,4,411
max3d_pro,00202,second,Giải Nhì,5,294
max3d_pro,00202,second,Giải Nhì,6,627
max3d_pro,00202,third,Giải Ba,1,958
max3d_pro,00202,third,Giải Ba,2,674
max3d_pro,00202,third,Giải Ba,3,073
max3d_pro,00202,third,Giải Ba,4,086
max3d_pro,00202,third,Giải Ba,5,216
max3d_pro,00202,third,Giải Ba,6,629
max3d_pro,00202,third,Giải Ba,7,607
max3d_pro,00202,third,Giải Ba,8,023
max3d_pro,00203,special,Giải Đặc biệt,1,436
max3d_pro,00203,special,Giải Đặc biệt,2,095
max3d_pro,00203,first,Giải Nhất,1,817
max3d_pro,00203,first,Giải Nhất,2,562
max3d_pro,00203,first,Giải Nhất,3,746
max3d_pro,00203,first,Giải Nhất,4,167
max3d_pro,00203,second,Giải Nhì,1,684
max3d_pro,00203,second,Giải Nhì,2,593
max3d_pro,00203,second,Giải Nhì,3,473
max3d_pro,00203,second,Giải Nhì,4,072
max3d_pro,00203,second,Giải Nhì,5,069
max3d_pro,00203,second,Giải Nhì,6,692
max3d_pro,00203,third,Giải Ba,1,062
max3d_pro,00203,third,Giải Ba,2,810
max3d_pro,00203,third,Giải Ba,3,985
max3d_pro,00203,third,Giải Ba,4,348
max3d_pro,00203,third,Giải Ba,5,109
max3d_pro,00203,third,Giải Ba,6,393
max3d_pro,00203,third,Giải Ba,7,044
max3d_pro,00203,third,Giải Ba,8,215
max3d_pro,00204,special,Giải Đặc biệt,1,903
max3d_pro,00204,special,Giải Đặc biệt,2,825
max3d_pro,00204,first,Giải Nhất,1,977
max3d_pro,00204,first,Giải Nhất,2,884
max3d_pro,00204,first,Giải Nhất,3,376
max3d_pro,00204,first,Giải Nhất,4,689
max3d_pro,00204,second,Giải Nhì,1,011
max3d_pro,00204,second,Giải Nhì,2,480
max3d_pro,00204,second,Giải Nhì,3,700
max3d_pro,00204,second,Giải Nhì,4,243
max3d_pro,00204,second,Giải Nhì,5,610
max3d_pro,00204,second,Giải Nhì,6,156
max3d_pro,00204,third,Giải Ba,1,079
max3d_pro,00204,third,Giải Ba,2,269
max3d_pro,00204,third,Giải Ba,3,090
max3d_pro,00204,third,Giải Ba,4,626
max3d_pro,00204,third,Giải Ba,5,716
max3d_pro,00204,third,Giải Ba,6,062
max3d_pro,00204,third,Giải Ba,7,605
max3d_pro,00204,third,Giải Ba,8,077
max3d_pro,00205,special,Giải Đặc biệt,1,130
max3d_pro,00205,special,Giải Đặc biệt,2,109
max3d_pro,00205,first,Giải Nhất,1,236
max3d_pro,00205,first,Giải Nhất,2,100
max3d_pro,00205,first,Giải Nhất,3,630
max3d_pro,00205,first,Giải Nhất,4,271
max3d_pro,00205,second,Giải Nhì,1,624
max3d_pro,00205,second,Giải Nhì,2,479
max3d_pro,00205,second,Giải Nhì,3,836
max3d_pro,00205,second,Giải Nhì,4,864
max3d_pro,00205,second,Giải Nhì,5,025
max3d_pro,00205,second,Giải Nhì,6,275
max3d_pro,00205,third,Giải Ba,1,077
max3d_pro,00205,third,Giải Ba,2,966
max3d_pro,00205,third,Giải Ba,3,586
max3d_pro,00205,third,Giải Ba,4,710
max3d_pro,00205,third,Giải Ba,5,066
max3d_pro,00205,third,Giải Ba,6,023
max3d_pro,00205,third,Giải Ba,7,074
max3d_pro,00205,third,Giải Ba,8,577
max3d_pro,00206,special,Giải Đặc biệt,1,172
max3d_pro,00206,special,Giải Đặc biệt,2,037
max3d_pro,00206,first,Giải Nhất,1,383
max3d_pro,00206,first,Giải Nhất,2,583
max3d_pro,00206,first,Giải Nhất,3,733
max3d_pro,00206,first,Giải Nhất,4,457
max3d_pro,00206,second,Giải Nhì,1,169
max3d_pro,00206,second,Giải Nhì,2,505
max3d_pro,00206,second,Giải Nhì,3,543
max3d_pro,00206,second,Giải Nhì,4,724
max3d_pro,00206,second,Giải Nhì,5,786
max3d_pro,00206,second,Giải Nhì,6,802
max3d_pro,00206,third,Giải Ba,1,778
max3d_pro,00206,third,Giải Ba,2,527
max3d_pro,00206,third,Giải Ba,3,015
max3d_pro,00206,third,Giải Ba,4,118
max3d_pro,00206,third,Giải Ba,5,111
max3d_pro,00206,third,Giải Ba,6,351
max3d_pro,00206,third,Giải Ba,7,890
max3d_pro,00206,third,Giải Ba,8,487
max3d_pro,00207,special,Giải Đặc biệt,1,572
max3d_pro,00207,special,Giải Đặc biệt,2,256
max3d_pro,00207,first,Giải Nhất,1,369
max3d_pro,00207,first,Giải Nhất,2,656
max3d_pro,00207,first,Giải Nhất,3,087
max3d_pro,00207,first,Giải Nhất,4,618
max3d_pro,00207,second,Giải Nhì,1,237
max3d_pro,00207,second,Giải Nhì,2,400
max3d_pro,00207,second,Giải Nhì,3,653
max3d_pro,00207,second,Giải Nhì,4,888
max3d_pro,00207,second,Giải Nhì,5,146
max3d_pro,00207,second,Giải Nhì,6,219
max3d_pro,00207,third,Giải Ba,1,455
max3d_pro,00207,third,Giải Ba,2,499
max3d_pro,00207,third,Giải Ba,3,136
max3d_pro,00207,third,Giải Ba,4,446
max3d_pro,00207,third,Giải Ba,5,183
max3d_pro,00207,third,Giải Ba,6,883
max3d_pro,00207,third,Giải Ba,7,210
max3d_pro,00207,third,Giải Ba,8,685
max3d_pro,00208,special,Giải Đặc biệt,1,980
max3d_pro,00208,special,Giải Đặc biệt,2,120
max3d_pro,00208,first,Giải Nhất,1,428
max3d_pro,00208,first,Giải Nhất,2,549
max3d_pro,00208,first,Giải Nhất,3,254
max3d_pro,00208,first,Giải Nhất,4,192
max3d_pro,00208,second,Giải Nhì,1,090
max3d_pro,00208,second,Giải Nhì,2,824
max3d_pro,00208,second,Giải Nhì,3,628
max3d_pro,00208,second,Giải Nhì,4,639
max3d_pro,00208,second,Giải Nhì,5,298
max3d_pro,00208,second,Giải Nhì,6,259
max3d_pro,00208,third,Giải Ba,1,500
max3d_pro,00208,third,Giải Ba,2,502
max3d_pro,00208,third,Giải Ba,3,468
max3d_pro,00208,third,Giải Ba,4,677
max3d_pro,00208,third,Giải Ba,5,254
max3d_pro,00208,third,Giải Ba,6,497
max3d_pro,00208,third,Giải Ba,7,296
max3d_pro,00208,third,Giải Ba,8,288
max3d_pro,00209,special,Giải Đặc biệt,1,722
max3d_pro,00209,special,Giải Đặc biệt,2,738
max3d_pro,00209,first,Giải Nhất,1,918
max3d_pro,00209,first,Giải Nhất,2,934
max3d_pro,00209,first,Giải Nhất,3,659
max3d_pro,00209,first,Giải Nhất,4,665
max3d_pro,00209,second,Giải Nhì,1,504
max3d_pro,00209,second,Giải Nhì,2,638
max3d_pro,00209,second,Giải Nhì,3,736
max3d_pro,00209,second,Giải Nhì,4,047
max3d_pro,00209,second,Giải Nhì,5,332
max3d_pro,00209,second,Giải Nhì,6,684
max3d_pro,00209,third,Giải Ba,1,772
max3d_pro,00209,third,Giải Ba,2,716
max3d_pro,00209,third,Giải Ba,3,993
max3d_pro,00209,third,Giải Ba,4,593
max3d_pro,00209,third,Giải Ba,5,772
max3d_pro,00209,third,Giải Ba,6,296
max3d_pro,00209,third,Giải Ba,7,010
max3d_pro,00209,third,Giải Ba,8,267
max3d_pro,00210,special,Giải Đặc biệt,1,235
max3d_pro,00210,special,Giải Đặc biệt,2,819
max3d_pro,00210,first,Giải Nhất,1,514
max3d_pro,00210,first,Giải Nhất,2,355
max3d_pro,00210,first,Giải Nhất,3,874
max3d_pro,00210,first,Giải Nhất,4,420
max3d_pro,00210,second,Giải Nhì,1,072
max3d_pro,00210,second,Giải Nhì,2,410
max3d_pro,00210,second,Giải Nhì,3,675
max3d_pro,00210,second,Giải Nhì,4,317
max3d_pro,00210,second,Giải Nhì,5,296
max3d_pro,00210,second,Giải Nhì,6,756
max3d_pro,00210,third,Giải Ba,1,778
max3d_pro,00210,third,Giải Ba,2,923
max3d_pro,00210,third,Giải Ba,3,320
max3d_pro,00210,third,Giải Ba,4,786
max3d_pro,00210,third,Giải Ba,5,107
max3d_pro,00210,third,Giải Ba,6,145
max3d_pro,00210,third,Giải Ba,7,446
max3d_pro,00210,third,Giải Ba,8,292
max3d_pro,00211,special,Giải Đặc biệt,1,252
max3d_pro,00211,special,Giải Đặc biệt,2,232
max3d_pro,00211,first,Giải Nhất,1,653
max3d_pro,00211,first,Giải Nhất,2,750
max3d_pro,00211,first,Giải Nhất,3,369
max3d_pro,00211,first,Giải Nhất,4,006
max3d_pro,00211,second,Giải Nhì,1,621
max3d_pro,00211,second,Giải Nhì,2,096
max3d_pro,00211,second,Giải Nhì,3,272
max3d_pro,00211,second,Giải Nhì,4,163
max3d_pro,00211,second,Giải Nhì,5,029
max3d_pro,00211,second,Giải Nhì,6,375
max3d_pro,00211,third,Giải Ba,1,502
max3d_pro,00211,third,Giải Ba,2,466
max3d_pro,00211,third,Giải Ba,3,446
max3d_pro,00211,third,Giải Ba,4,283
max3d_pro,00211,third,Giải Ba,5,496
max3d_pro,00211,third,Giải Ba,6,761
max3d_pro,00211,third,Giải Ba,7,446
max3d_pro,00211,third,Giải Ba,8,118
max3d_pro,00212,special,Giải Đặc biệt,1,841
max3d_pro,00212,special,Giải Đặc biệt,2,170
max3d_pro,00212,first,Giải Nhất,1,916
max3d_pro,00212,first,Giải Nhất,2,168
max3d_pro,00212,first,Giải Nhất,3,982
max3d_pro,00212,first,Giải Nhất,4,618
max3d_pro,00212,second,Giải Nhì,1,651
max3d_pro,00212,second,Giải Nhì,2,338
max3d_pro,00212,second,Giải Nhì,3,113
max3d_pro,00212,second,Giải Nhì,4,522
max3d_pro,00212,second,Giải Nhì,5,319
max3d_pro,00212,second,Giải Nhì,6,836
max3d_pro,00212,third,Giải Ba,1,208
max3d_pro,00212,third,Giải Ba,2,956
max3d_pro,00212,third,Giải Ba,3,581
max3d_pro,00212,third,Giải Ba,4,455
max3d_pro,00212,third,Giải Ba,5,783
max3d_pro,00212,third,Giải Ba,6,317
max3d_pro,00212,third,Giải Ba,7,462
max3d_pro,00212,third,Giải Ba,8,650
max3d_pro,00213,special,Giải Đặc biệt,1,992
max3d_pro,00213,special,Giải Đặc biệt,2,042
max3d_pro,00213,first,Giải Nhất,1,389
max3d_pro,00213,first,Giải Nhất,2,940
max3d_pro,00213,first,Giải Nhất,3,935
max3d_pro,00213,first,Giải Nhất,4,308
max3d_pro,00213,second,Giải Nhì,1,070
max3d_pro,00213,second,Giải Nhì,2,638
max3d_pro,00213,second,Giải Nhì,3,941
max3d_pro,00213,second,Giải Nhì,4,008
max3d_pro,00213,second,Giải Nhì,5,804
max3d_pro,00213,second,Giải Nhì,6,306
max3d_pro,00213,third,Giải Ba,1,240
max3d_pro,00213,third,Giải Ba,2,070
max3d_pro,00213,third,Giải Ba,3,542
max3d_pro,00213,third,Giải Ba,4,849
max3d_pro,00213,third,Giải Ba,5,856
max3d_pro,00213,third,Giải Ba,6,151
max3d_pro,00213,third,Giải Ba,7,235
max3d_pro,00213,third,Giải Ba,8,830
max3d_pro,00214,special,Giải Đặc biệt,1,239
max3d_pro,00214,special,Giải Đặc biệt,2,265
max3d_pro,00214,first,Giải Nhất,1,524
max3d_pro,00214,first,Giải Nhất,2,901
max3d_pro,00214,first,Giải Nhất,3,061
max3d_pro,00214,first,Giải Nhất,4,250
max3d_pro,00214,second,Giải Nhì,1,421
max3d_pro,00214,second,Giải Nhì,2,326
max3d_pro,00214,second,Giải Nhì,3,071
max3d_pro,00214,second,Giải Nhì,4,977
max3d_pro,00214,second,Giải Nhì,5,515
max3d_pro,00214,second,Giải Nhì,6,802
max3d_pro,00214,third,Giải Ba,1,769
max3d_pro,00214,third,Giải Ba,2,133
max3d_pro,00214,third,Giải Ba,3,840
max3d_pro,00214,third,Giải Ba,4,708
max3d_pro,00214,third,Giải Ba,5,681
max3d_pro,00214,third,Giải Ba,6,240
max3d_pro,00214,third,Giải Ba,7,129
max3d_pro,00214,third,Giải Ba,8,066
max3d_pro,00215,special,Giải Đặc biệt,1,778
max3d_pro,00215,special,Giải Đặc biệt,2,419
max3d_pro,00215,first,Giải Nhất,1,128
max3d_pro,00215,first,Giải Nhất,2,884
max3d_pro,00215,first,Giải Nhất,3,230
max3d_pro,00215,first,Giải Nhất,4,034
max3d_pro,00215,second,Giải Nhì,1,760
max3d_pro,00215,second,Giải Nhì,2,795
max3d_pro,00215,second,Giải Nhì,3,457
max3d_pro,00215,second,Giải Nhì,4,060
max3d_pro,00215,second,Giải Nhì,5,243
max3d_pro,00215,second,Giải Nhì,6,114
max3d_pro,00215,third,Giải Ba,1,896
max3d_pro,00215,third,Giải Ba,2,031
max3d_pro,00215,third,Giải Ba,3,983
max3d_pro,00215,third,Giải Ba,4,546
max3d_pro,00215,third,Giải Ba,5,092
max3d_pro,00215,third,Giải Ba,6,071
max3d_pro,00215,third,Giải Ba,7,468
max3d_pro,00215,third,Giải Ba,8,712
max3d_pro,00216,special,Giải Đặc biệt,1,073
max3d_pro,00216,special,Giải Đặc biệt,2,564
max3d_pro,00216,first,Giải Nhất,1,482
max3d_pro,00216,first,Giải Nhất,2,923
max3d_pro,00216,first,Giải Nhất,3,554
max3d_pro,00216,first,Giải Nhất,4,747
max3d_pro,00216,second,Giải Nhì,1,070
max3d_pro,00216,second,Giải Nhì,2,793
max3d_pro,00216,second,Giải Nhì,3,496
max3d_pro,00216,second,Giải Nhì,4,594
max3d_pro,00216,second,Giải Nhì,5,728
max3d_pro,00216,second,Giải Nhì,6,480
max3d_pro,00216,third,Giải Ba,1,865
max3d_pro,00216,third,Giải Ba,2,468
max3d_pro,00216,third,Giải Ba,3,163
max3d_pro,00216,third,Giải Ba,4,776
max3d_pro,00216,third,Giải Ba,5,453
max3d_pro,00216,third,Giải Ba,6,532
max3d_pro,00216,third,Giải Ba,7,691
max3d_pro,00216,third,Giải Ba,8,347
max3d_pro,00217,special,Giải Đặc biệt,1,793
max3d_pro,00217,special,Giải Đặc biệt,2,515
max3d_pro,00217,first,Giải Nhất,1,225
max3d_pro,00217,first,Giải Nhất,2,773
max3d_pro,00217,first,Giải Nhất,3,809
max3d_pro,00217,first,Giải Nhất,4,377
max3d_pro,00217,second,Giải Nhì,1,857
max3d_pro,00217,second,Giải Nhì,2,554
max3d_pro,00217,second,Giải Nhì,3,451
max3d_pro,00217,second,Giải Nhì,4,607
max3d_pro,00217,second,Giải Nhì,5,953
max3d_pro,00217,second,Giải Nhì,6,427
max3d_pro,00217,third,Giải Ba,1,704
max3d_pro,00217,third,Giải Ba,2,332
max3d_pro,00217,third,Giải Ba,3,966
max3d_pro,00217,third,Giải Ba,4,886
max3d_pro,00217,third,Giải Ba,5,387
max3d_pro,00217,third,Giải Ba,6,398
max3d_pro,00217,third,Giải Ba,7,420
max3d_pro,00217,third,Giải Ba,8,197
max3d_pro,00218,special,Giải Đặc biệt,1,823
max3d_pro,00218,special,Giải Đặc biệt,2,404
max3d_pro,00218,first,Giải Nhất,1,134
max3d_pro,00218,first,Giải Nhất,2,459
max3d_pro,00218,first,Giải Nhất,3,616
max3d_pro,00218,first,Giải Nhất,4,355
max3d_pro,00218,second,Giải Nhì,1,495
max3d_pro,00218,second,Giải Nhì,2,742
max3d_pro,00218,second,Giải Nhì,3,658
max3d_pro,00218,second,Giải Nhì,4,785
max3d_pro,00218,second,Giải Nhì,5,673
max3d_pro,00218,second,Giải Nhì,6,834
max3d_pro,00218,third,Giải Ba,1,013
max3d_pro,00218,third,Giải Ba,2,718
max3d_pro,00218,third,Giải Ba,3,240
max3d_pro,00218,third,Giải Ba,4,615
max3d_pro,00218,third,Giải Ba,5,994
max3d_pro,00218,third,Giải Ba,6,182
max3d_pro,00218,third,Giải Ba,7,692
max3d_pro,00218,third,Giải Ba,8,804
max3d_pro,00219,special,Giải Đặc biệt,1,743
max3d_pro,00219,special,Giải Đặc biệt,2,935
max3d_pro,00219,first,Giải Nhất,1,945
max3d_pro,00219,first,Giải Nhất,2,558
max3d_pro,00219,first,Giải Nhất,3,259
max3d_pro,00219,first,Giải Nhất,4,179
max3d_pro,00219,second,Giải Nhì,1,686
max3d_pro,00219,second,Giải Nhì,2,371
max3d_pro,00219,second,Giải Nhì,3,790
max3d_pro,00219,second,Giải Nhì,4,418
max3d_pro,00219,second,Giải Nhì,5,694
max3d_pro,00219,second,Giải Nhì,6,370
max3d_pro,00219,third,Giải Ba,1,138
max3d_pro,00219,third,Giải Ba,2,698
max3d_pro,00219,third,Giải Ba,3,516
max3d_pro,00219,third,Giải Ba,4,832
max3d_pro,00219,third,Giải Ba,5,167
max3d_pro,00219,third,Giải Ba,6,619
max3d_pro,00219,third,Giải Ba,7,854
max3d_pro,00219,third,Giải Ba,8,715
max3d_pro,00220,special,Giải Đặc biệt,1,372
max3d_pro,00220,special,Giải Đặc biệt,2,088
max3d_pro,00220,first,Giải Nhất,1,865
max3d_pro,00220,first,Giải Nhất,2,730
max3d_pro,00220,first,Giải Nhất,3,599
max3d_pro,00220,first,Giải Nhất,4,307
max3d_pro,00220,second,Giải Nhì,1,601
max3d_pro,00220,second,Giải Nhì,2,984
max3d_pro,00220,second,Giải Nhì,3,640
max3d_pro,00220,second,Giải Nhì,4,850
max3d_pro,00220,second,Giải Nhì,5,290
max3d_pro,00220,second,Giải Nhì,6,059
max3d_pro,00220,third,Giải Ba,1,493
max3d_pro,00220,third,Giải Ba,2,609
max3d_pro,00220,third,Giải Ba,3,966
max3d_pro,00220,third,Giải Ba,4,350
max3d_pro,00220,third,Giải Ba,5,395
max3d_pro,00220,third,Giải Ba,6,970
max3d_pro,00220,third,Giải Ba,7,307
max3d_pro,00220,third,Giải Ba,8,207
max3d_pro,00221,special,Giải Đặc biệt,1,015
max3d_pro,00221,special,Giải Đặc biệt,2,398
max3d_pro,00221,first,Giải Nhất,1,010
max3d_pro,00221,first,Giải Nhất,2,195
max3d_pro,00221,first,Giải Nhất,3,733
max3d_pro,00221,first,Giải Nhất,4,581
max3d_pro,00221,second,Giải Nhì,1,457
max3d_pro,00221,second,Giải Nhì,2,694
max3d_pro,00221,second,Giải Nhì,3,460
max3d_pro,00221,second,Giải Nhì,4,325
max3d_pro,00221,second,Giải Nhì,5,816
max3d_pro,00221,second,Giải Nhì,6,120
max3d_pro,00221,third,Giải Ba,1,282
max3d_pro,00221,third,Giải Ba,2,824
max3d_pro,00221,third,Giải Ba,3,276
max3d_pro,00221,third,Giải Ba,4,719
max3d_pro,00221,third,Giải Ba,5,652
max3d_pro,00221,third,Giải Ba,6,695
max3d_pro,00221,third,Giải Ba,7,636
max3d_pro,00221,third,Giải Ba,8,793
max3d_pro,00222,special,Giải Đặc biệt,1,965
max3d_pro,00222,special,Giải Đặc biệt,2,063
max3d_pro,00222,first,Giải Nhất,1,792
max3d_pro,00222,first,Giải Nhất,2,948
max3d_pro,00222,first,Giải Nhất,3,067
max3d_pro,00222,first,Giải Nhất,4,004
max3d_pro,00222,second,Giải Nhì,1,706
max3d_pro,00222,second,Giải Nhì,2,672
max3d_pro,00222,second,Giải Nhì,3,453
max3d_pro,00222,second,Giải Nhì,4,504
max3d_pro,00222,second,Giải Nhì,5,731
max3d_pro,00222,second,Giải Nhì,6,832
max3d_pro,00222,third,Giải Ba,1,317
max3d_pro,00222,third,Giải Ba,2,944
max3d_pro,00222,third,Giải Ba,3,029
max3d_pro,00222,third,Giải Ba,4,026
max3d_pro,00222,third,Giải Ba,5,070
max3d_pro,00222,third,Giải Ba,6,718
max3d_pro,00222,third,Giải Ba,7,112
max3d_pro,00222,third,Giải Ba,8,474
max3d_pro,00223,special,Giải Đặc biệt,1,468
max3d_pro,00223,special,Giải Đặc biệt,2,866
max3d_pro,00223,first,Giải Nhất,1,646
max3d_pro,00223,first,Giải Nhất,2,527
max3d_pro,00223,first,Giải Nhất,3,836
max3d_pro,00223,first,Giải Nhất,4,243
max3d_pro,00223,second,Giải Nhì,1,890
max3d_pro,00223,second,Giải Nhì,2,908
max3d_pro,00223,second,Giải Nhì,3,234
max3d_pro,00223,second,Giải Nhì,4,276
max3d_pro,00223,second,Giải Nhì,5,554
max3d_pro,00223,second,Giải Nhì,6,930
max3d_pro,00223,third,Giải Ba,1,342
max3d_pro,00223,third,Giải Ba,2,633
max3d_pro,00223,third,Giải Ba,3,547
max3d_pro,00223,third,Giải Ba,4,394
max3d_pro,00223,third,Giải Ba,5,674
max3d_pro,00223,third,Giải Ba,6,150
max3d_pro,00223,third,Giải Ba,7,719
max3d_pro,00223,third,Giải Ba,8,542
max3d_pro,00224,special,Giải Đặc biệt,1,279
max3d_pro,00224,special,Giải Đặc biệt,2,603
max3d_pro,00224,first,Giải Nhất,1,945
max3d_pro,00224,first,Giải Nhất,2,699
max3d_pro,00224,first,Giải Nhất,3,657
max3d_pro,00224,first,Giải Nhất,4,506
max3d_pro,00224,second,Giải Nhì,1,558
max3d_pro,00224,second,Giải Nhì,2,272
max3d_pro,00224,second,Giải Nhì,3,296
max3d_pro,00224,second,Giải Nhì,4,879
max3d_pro,00224,second,Giải Nhì,5,406
max3d_pro,00224,second,Giải Nhì,6,506
max3d_pro,00224,third,Giải Ba,1,512
max3d_pro,00224,third,Giải Ba,2,101
max3d_pro,00224,third,Giải Ba,3,365
max3d_pro,00224,third,Giải Ba,4,946
max3d_pro,00224,third,Giải Ba,5,613
max3d_pro,00224,third,Giải Ba,6,995
max3d_pro,00224,third,Giải Ba,7,536
max3d_pro,00224,third,Giải Ba,8,465
max3d_pro,00225,special,Giải Đặc biệt,1,550
max3d_pro,00225,special,Giải Đặc biệt,2,439
max3d_pro,00225,first,Giải Nhất,1,209
max3d_pro,00225,first,Giải Nhất,2,803
max3d_pro,00225,first,Giải Nhất,3,895
max3d_pro,00225,first,Giải Nhất,4,426
max3d_pro,00225,second,Giải Nhì,1,198
max3d_pro,00225,second,Giải Nhì,2,732
max3d_pro,00225,second,Giải Nhì,3,276
max3d_pro,00225,second,Giải Nhì,4,426
max3d_pro,00225,second,Giải Nhì,5,025
max3d_pro,00225,second,Giải Nhì,6,117
max3d_pro,00225,third,Giải Ba,1,494
max3d_pro,00225,third,Giải Ba,2,225
max3d_pro,00225,third,Giải Ba,3,636
max3d_pro,00225,third,Giải Ba,4,935
max3d_pro,00225,third,Giải Ba,5,220
max3d_pro,00225,third,Giải Ba,6,803
max3d_pro,00225,third,Giải Ba,7,313
max3d_pro,00225,third,Giải Ba,8,290
max3d_pro,00226,special,Giải Đặc biệt,1,698
max3d_pro,00226,special,Giải Đặc biệt,2,348
max3d_pro,00226,first,Giải Nhất,1,642
max3d_pro,00226,first,Giải Nhất,2,773
max3d_pro,00226,first,Giải Nhất,3,211
max3d_pro,00226,first,Giải Nhất,4,086
max3d_pro,00226,second,Giải Nhì,1,129
max3d_pro,00226,second,Giải Nhì,2,009
max3d_pro,00226,second,Giải Nhì,3,074
max3d_pro,00226,second,Giải Nhì,4,723
max3d_pro,00226,second,Giải Nhì,5,948
max3d_pro,00226,second,Giải Nhì,6,541
max3d_pro,00226,third,Giải Ba,1,714
max3d_pro,00226,third,Giải Ba,2,351
max3d_pro,00226,third,Giải Ba,3,680
max3d_pro,00226,third,Giải Ba,4,796
max3d_pro,00226,third,Giải Ba,5,912
max3d_pro,00226,third,Giải Ba,6,495
max3d_pro,00226,third,Giải Ba,7,683
max3d_pro,00226,third,Giải Ba,8,324
max3d_pro,00227,special,Giải Đặc biệt,1,600
max3d_pro,00227,special,Giải Đặc biệt,2,942
max3d_pro,00227,first,Giải Nhất,1,820
max3d_pro,00227,first,Giải Nhất,2,140
max3d_pro,00227,first,Giải Nhất,3,067
max3d_pro,00227,first,Giải Nhất,4,403
max3d_pro,00227,second,Giải Nhì,1,186
max3d_pro,00227,second,Giải Nhì,2,732
max3d_pro,00227,second,Giải Nhì,3,990
max3d_pro,00227,second,Giải Nhì,4,616
max3d_pro,00227,second,Giải Nhì,5,663
max3d_pro,00227,second,Giải Nhì,6,701
max3d_pro,00227,third,Giải Ba,1,767
max3d_pro,00227,third,Giải Ba,2,980
max3d_pro,00227,third,Giải Ba,3,919
max3d_pro,00227,third,Giải Ba,4,269
max3d_pro,00227,third,Giải Ba,5,156
max3d_pro,00227,third,Giải Ba,6,599
max3d_pro,00227,third,Giải Ba,7,049
max3d_pro,00227,third,Giải Ba,8,753
max3d_pro,00228,special,Giải Đặc biệt,1,367
max3d_pro,00228,special,Giải Đặc biệt,2,551
max3d_pro,00228,first,Giải Nhất,1,443
max3d_pro,00228,first,Giải Nhất,2,920
max3d_pro,00228,first,Giải Nhất,3,822
max3d_pro,00228,first,Giải Nhất,4,965
max3d_pro,00228,second,Giải Nhì,1,616
max3d_pro,00228,second,Giải Nhì,2,433
max3d_pro,00228,second,Giải Nhì,3,717
max3d_pro,00228,second,Giải Nhì,4,099
max3d_pro,00228,second,Giải Nhì,5,117
max3d_pro,00228,second,Giải Nhì,6,518
max3d_pro,00228,third,Giải Ba,1,859
max3d_pro,00228,third,Giải Ba,2,737
max3d_pro,00228,third,Giải Ba,3,633
max3d_pro,00228,third,Giải Ba,4,019
max3d_pro,00228,third,Giải Ba,5,545
max3d_pro,00228,third,Giải Ba,6,324
max3d_pro,00228,third,Giải Ba,7,575
max3d_pro,00228,third,Giải Ba,8,252
max3d_pro,00229,special,Giải Đặc biệt,1,432
max3d_pro,00229,special,Giải Đặc biệt,2,589
max3d_pro,00229,first,Giải Nhất,1,798
max3d_pro,00229,first,Giải Nhất,2,233
max3d_pro,00229,first,Giải Nhất,3,542
max3d_pro,00229,first,Giải Nhất,4,774
max3d_pro,00229,second,Giải Nhì,1,228
max3d_pro,00229,second,Giải Nhì,2,047
max3d_pro,00229,second,Giải Nhì,3,207
max3d_pro,00229,second,Giải Nhì,4,576
max3d_pro,00229,second,Giải Nhì,5,724
max3d_pro,00229,second,Giải Nhì,6,075
max3d_pro,00229,third,Giải Ba,1,094
max3d_pro,00229,third,Giải Ba,2,682
max3d_pro,00229,third,Giải Ba,3,597
max3d_pro,00229,third,Giải Ba,4,386
max3d_pro,00229,third,Giải Ba,5,086
max3d_pro,00229,third,Giải Ba,6,099
max3d_pro,00229,third,Giải Ba,7,395
max3d_pro,00229,third,Giải Ba,8,257
max3d_pro,00230,special,Giải Đặc biệt,1,587
max3d_pro,00230,special,Giải Đặc biệt,2,955
max3d_pro,00230,first,Giải Nhất,1,571
max3d_pro,00230,first,Giải Nhất,2,178
max3d_pro,00230,first,Giải Nhất,3,850
max3d_pro,00230,first,Giải Nhất,4,872
max3d_pro,00230,second,Giải Nhì,1,438
max3d_pro,00230,second,Giải Nhì,2,188
max3d_pro,00230,second,Giải Nhì,3,982
max3d_pro,00230,second,Giải Nhì,4,440
max3d_pro,00230,second,Giải Nhì,5,154
max3d_pro,00230,second,Giải Nhì,6,286
max3d_pro,00230,third,Giải Ba,1,885
max3d_pro,00230,third,Giải Ba,2,664
max3d_pro,00230,third,Giải Ba,3,918
max3d_pro,00230,third,Giải Ba,4,815
max3d_pro,00230,third,Giải Ba,5,313
max3d_pro,00230,third,Giải Ba,6,180
max3d_pro,00230,third,Giải Ba,7,568
max3d_pro,00230,third,Giải Ba,8,045
max3d_pro,00231,special,Giải Đặc biệt,1,333
max3d_pro,00231,special,Giải Đặc biệt,2,432
max3d_pro,00231,first,Giải Nhất,1,198
max3d_pro,00231,first,Giải Nhất,2,523
max3d_pro,00231,first,Giải Nhất,3,784
max3d_pro,00231,first,Giải Nhất,4,155
max3d_pro,00231,second,Giải Nhì,1,438
max3d_pro,00231,second,Giải Nhì,2,115
max3d_pro,00231,second,Giải Nhì,3,018
max3d_pro,00231,second,Giải Nhì,4,027
max3d_pro,00231,second,Giải Nhì,5,410
max3d_pro,00231,second,Giải Nhì,6,999
max3d_pro,00231,third,Giải Ba,1,497
max3d_pro,00231,third,Giải Ba,2,749
max3d_pro,00231,third,Giải Ba,3,069
max3d_pro,00231,third,Giải Ba,4,470
max3d_pro,00231,third,Giải Ba,5,432
max3d_pro,00231,third,Giải Ba,6,272
max3d_pro,00231,third,Giải Ba,7,456
max3d_pro,00231,third,Giải Ba,8,592
max3d_pro,00232,special,Giải Đặc biệt,1,291
max3d_pro,00232,special,Giải Đặc biệt,2,024
max3d_pro,00232,first,Giải Nhất,1,068
max3d_pro,00232,first,Giải Nhất,2,327
max3d_pro,00232,first,Giải Nhất,3,621
max3d_pro,00232,first,Giải Nhất,4,611
max3d_pro,00232,second,Giải Nhì,1,502
max3d_pro,00232,second,Giải Nhì,2,657
max3d_pro,00232,second,Giải Nhì,3,858
max3d_pro,00232,second,Giải Nhì,4,846
max3d_pro,00232,second,Giải Nhì,5,498
max3d_pro,00232,second,Giải Nhì,6,789
max3d_pro,00232,third,Giải Ba,1,769
max3d_pro,00232,third,Giải Ba,2,480
max3d_pro,00232,third,Giải Ba,3,931
max3d_pro,00232,third,Giải Ba,4,527
max3d_pro,00232,third,Giải Ba,5,578
max3d_pro,00232,third,Giải Ba,6,274
max3d_pro,00232,third,Giải Ba,7,307
max3d_pro,00232,third,Giải Ba,8,116
max3d_pro,00233,special,Giải Đặc biệt,1,883
max3d_pro,00233,special,Giải Đặc biệt,2,786
max3d_pro,00233,first,Giải Nhất,1,004
max3d_pro,00233,first,Giải Nhất,2,809
max3d_pro,00233,first,Giải Nhất,3,026
max3d_pro,00233,first,Giải Nhất,4,887
max3d_pro,00233,second,Giải Nhì,1,109
max3d_pro,00233,second,Giải Nhì,2,477
max3d_pro,00233,second,Giải Nhì,3,109
max3d_pro,00233,second,Giải Nhì,4,605
max3d_pro,00233,second,Giải Nhì,5,313
max3d_pro,00233,second,Giải Nhì,6,970
max3d_pro,00233,third,Giải Ba,1,230
max3d_pro,00233,third,Giải Ba,2,303
max3d_pro,00233,third,Giải Ba,3,677
max3d_pro,00233,third,Giải Ba,4,397
max3d_pro,00233,third,Giải Ba,5,048
max3d_pro,00233,third,Giải Ba,6,880
max3d_pro,00233,third,Giải Ba,7,766
max3d_pro,00233,third,Giải Ba,8,385
max3d_pro,00234,special,Giải Đặc biệt,1,161
max3d_pro,00234,special,Giải Đặc biệt,2,206
max3d_pro,00234,first,Giải Nhất,1,089
max3d_pro,00234,first,Giải Nhất,2,852
max3d_pro,00234,first,Giải Nhất,3,971
max3d_pro,00234,first,Giải Nhất,4,756
max3d_pro,00234,second,Giải Nhì,1,163
max3d_pro,00234,second,Giải Nhì,2,183
max3d_pro,00234,second,Giải Nhì,3,644
max3d_pro,00234,second,Giải Nhì,4,177
max3d_pro,00234,second,Giải Nhì,5,674
max3d_pro,00234,second,Giải Nhì,6,461
max3d_pro,00234,third,Giải Ba,1,569
max3d_pro,00234,third,Giải Ba,2,534
max3d_pro,00234,third,Giải Ba,3,836
max3d_pro,00234,third,Giải Ba,4,983
max3d_pro,00234,third,Giải Ba,5,862
max3d_pro,00234,third,Giải Ba,6,644
max3d_pro,00234,third,Giải Ba,7,382
max3d_pro,00234,third,Giải Ba,8,300
max3d_pro,00235,special,Giải Đặc biệt,1,278
max3d_pro,00235,special,Giải Đặc biệt,2,163
max3d_pro,00235,first,Giải Nhất,1,536
max3d_pro,00235,first,Giải Nhất,2,411
max3d_pro,00235,first,Giải Nhất,3,224
max3d_pro,00235,first,Giải Nhất,4,794
max3d_pro,00235,second,Giải Nhì,1,231
max3d_pro,00235,second,Giải Nhì,2,521
max3d_pro,00235,second,Giải Nhì,3,320
max3d_pro,00235,second,Giải Nhì,4,818
max3d_pro,00235,second,Giải Nhì,5,736
max3d_pro,00235,second,Giải Nhì,6,758
max3d_pro,00235,third,Giải Ba,1,081
max3d_pro,00235,third,Giải Ba,2,281
max3d_pro,00235,third,Giải Ba,3,923
max3d_pro,00235,third,Giải Ba,4,058
max3d_pro,00235,third,Giải Ba,5,749
max3d_pro,00235,third,Giải Ba,6,687
max3d_pro,00235,third,Giải Ba,7,069
max3d_pro,00235,third,Giải Ba,8,259
max3d_pro,00236,special,Giải Đặc biệt,1,237
max3d_pro,00236,special,Giải Đặc biệt,2,447
max3d_pro,00236,first,Giải Nhất,1,259
max3d_pro,00236,first,Giải Nhất,2,128
max3d_pro,00236,first,Giải Nhất,3,986
max3d_pro,00236,first,Giải Nhất,4,740
max3d_pro,00236,second,Giải Nhì,1,163
max3d_pro,00236,second,Giải Nhì,2,369
max3d_pro,00236,second,Giải Nhì,3,952
max3d_pro,00236,second,Giải Nhì,4,092
max3d_pro,00236,second,Giải Nhì,5,859
max3d_pro,00236,second,Giải Nhì,6,624
max3d_pro,00236,third,Giải Ba,1,012
max3d_pro,00236,third,Giải Ba,2,177
max3d_pro,00236,third,Giải Ba,3,005
max3d_pro,00236,third,Giải Ba,4,055
max3d_pro,00236,third,Giải Ba,5,034
max3d_pro,00236,third,Giải Ba,6,350
max3d_pro,00236,third,Giải Ba,7,271
max3d_pro,00236,third,Giải Ba,8,106
max3d_pro,00237,special,Giải Đặc biệt,1,296
max3d_pro,00237,special,Giải Đặc biệt,2,284
max3d_pro,00237,first,Giải Nhất,1,011
max3d_pro,00237,first,Giải Nhất,2,885
max3d_pro,00237,first,Giải Nhất,3,860
max3d_pro,00237,first,Giải Nhất,4,467
max3d_pro,00237,second,Giải Nhì,1,655
max3d_pro,00237,second,Giải Nhì,2,415
max3d_pro,00237,second,Giải Nhì,3,829
max3d_pro,00237,second,Giải Nhì,4,294
max3d_pro,00237,second,Giải Nhì,5,270
max3d_pro,00237,second,Giải Nhì,6,736
max3d_pro,00237,third,Giải Ba,1,151
max3d_pro,00237,third,Giải Ba,2,746
max3d_pro,00237,third,Giải Ba,3,746
max3d_pro,00237,third,Giải Ba,4,416
max3d_pro,00237,third,Giải Ba,5,901
max3d_pro,00237,third,Giải Ba,6,348
max3d_pro,00237,third,Giải Ba,7,489
max3d_pro,00237,third,Giải Ba,8,215
max3d_pro,00238,special,Giải Đặc biệt,1,256
max3d_pro,00238,special,Giải Đặc biệt,2,085
max3d_pro,00238,first,Giải Nhất,1,610
max3d_pro,00238,first,Giải Nhất,2,849
max3d_pro,00238,first,Giải Nhất,3,128
max3d_pro,00238,first,Giải Nhất,4,389
max3d_pro,00238,second,Giải Nhì,1,540
max3d_pro,00238,second,Giải Nhì,2,967
max3d_pro,00238,second,Giải Nhì,3,456
max3d_pro,00238,second,Giải Nhì,4,357
max3d_pro,00238,second,Giải Nhì,5,592
max3d_pro,00238,second,Giải Nhì,6,619
max3d_pro,00238,third,Giải Ba,1,165
max3d_pro,00238,third,Giải Ba,2,896
max3d_pro,00238,third,Giải Ba,3,795
max3d_pro,00238,third,Giải Ba,4,196
max3d_pro,00238,third,Giải Ba,5,433
max3d_pro,00238,third,Giải Ba,6,812
max3d_pro,00238,third,Giải Ba,7,423
max3d_pro,00238,third,Giải Ba,8,753
max3d_pro,00239,special,Giải Đặc biệt,1,760
max3d_pro,00239,special,Giải Đặc biệt,2,507
max3d_pro,00239,first,Giải Nhất,1,699
max3d_pro,00239,first,Giải Nhất,2,236
max3d_pro,00239,first,Giải Nhất,3,036
max3d_pro,00239,first,Giải Nhất,4,990
max3d_pro,00239,second,Giải Nhì,1,320
max3d_pro,00239,second,Giải Nhì,2,351
max3d_pro,00239,second,Giải Nhì,3,556
max3d_pro,00239,second,Giải Nhì,4,634
max3d_pro,00239,second,Giải Nhì,5,135
max3d_pro,00239,second,Giải Nhì,6,147
max3d_pro,00239,third,Giải Ba,1,519
max3d_pro,00239,third,Giải Ba,2,788
max3d_pro,00239,third,Giải Ba,3,028
max3d_pro,00239,third,Giải Ba,4,566
max3d_pro,00239,third,Giải Ba,5,523
max3d_pro,00239,third,Giải Ba,6,702
max3d_pro,00239,third,Giải Ba,7,285
max3d_pro,00239,third,Giải Ba,8,238
max3d_pro,00240,special,Giải Đặc biệt,1,634
max3d_pro,00240,special,Giải Đặc biệt,2,410
max3d_pro,00240,first,Giải Nhất,1,341
max3d_pro,00240,first,Giải Nhất,2,858
max3d_pro,00240,first,Giải Nhất,3,277
max3d_pro,00240,first,Giải Nhất,4,853
max3d_pro,00240,second,Giải Nhì,1,039
max3d_pro,00240,second,Giải Nhì,2,032
max3d_pro,00240,second,Giải Nhì,3,051
max3d_pro,00240,second,Giải Nhì,4,494
max3d_pro,00240,second,Giải Nhì,5,316
max3d_pro,00240,second,Giải Nhì,6,543
max3d_pro,00240,third,Giải Ba,1,494
max3d_pro,00240,third,Giải Ba,2,869
max3d_pro,00240,third,Giải Ba,3,201
max3d_pro,00240,third,Giải Ba,4,102
max3d_pro,00240,third,Giải Ba,5,845
max3d_pro,00240,third,Giải Ba,6,879
max3d_pro,00240,third,Giải Ba,7,073
max3d_pro,00240,third,Giải Ba,8,855
max3d_pro,00241,special,Giải Đặc biệt,1,791
max3d_pro,00241,special,Giải Đặc biệt,2,029
max3d_pro,00241,first,Giải Nhất,1,481
max3d_pro,00241,first,Giải Nhất,2,607
max3d_pro,00241,first,Giải Nhất,3,713
max3d_pro,00241,first,Giải Nhất,4,859
max3d_pro,00241,second,Giải Nhì,1,863
max3d_pro,00241,second,Giải Nhì,2,543
max3d_pro,00241,second,Giải Nhì,3,888
max3d_pro,00241,second,Giải Nhì,4,960
max3d_pro,00241,second,Giải Nhì,5,013
max3d_pro,00241,second,Giải Nhì,6,354
max3d_pro,00241,third,Giải Ba,1,790
max3d_pro,00241,third,Giải Ba,2,274
max3d_pro,00241,third,Giải Ba,3,951
max3d_pro,00241,third,Giải Ba,4,329
max3d_pro,00241,third,Giải Ba,5,313
max3d_pro,00241,third,Giải Ba,6,373
max3d_pro,00241,third,Giải Ba,7,866
max3d_pro,00241,third,Giải Ba,8,379
max3d_pro,00242,special,Giải Đặc biệt,1,961
max3d_pro,00242,special,Giải Đặc biệt,2,580
max3d_pro,00242,first,Giải Nhất,1,088
max3d_pro,00242,first,Giải Nhất,2,256
max3d_pro,00242,first,Giải Nhất,3,102
max3d_pro,00242,first,Giải Nhất,4,725
max3d_pro,00242,second,Giải Nhì,1,166
max3d_pro,00242,second,Giải Nhì,2,554
max3d_pro,00242,second,Giải Nhì,3,200
max3d_pro,00242,second,Giải Nhì,4,502
max3d_pro,00242,second,Giải Nhì,5,722
max3d_pro,00242,second,Giải Nhì,6,802
max3d_pro,00242,third,Giải Ba,1,135
max3d_pro,00242,third,Giải Ba,2,436
max3d_pro,00242,third,Giải Ba,3,759
max3d_pro,00242,third,Giải Ba,4,414
max3d_pro,00242,third,Giải Ba,5,851
max3d_pro,00242,third,Giải Ba,6,991
max3d_pro,00242,third,Giải Ba,7,638
max3d_pro,00242,third,Giải Ba,8,869
max3d_pro,00243,special,Giải Đặc biệt,1,049
max3d_pro,00243,special,Giải Đặc biệt,2,038
max3d_pro,00243,first,Giải Nhất,1,193
max3d_pro,00243,first,Giải Nhất,2,480
max3d_pro,00243,first,Giải Nhất,3,685
max3d_pro,00243,first,Giải Nhất,4,832
max3d_pro,00243,second,Giải Nhì,1,605
max3d_pro,00243,second,Giải Nhì,2,323
max3d_pro,00243,second,Giải Nhì,3,681
max3d_pro,00243,second,Giải Nhì,4,560
max3d_pro,00243,second,Giải Nhì,5,676
max3d_pro,00243,second,Giải Nhì,6,714
max3d_pro,00243,third,Giải Ba,1,137
max3d_pro,00243,third,Giải Ba,2,429
max3d_pro,00243,third,Giải Ba,3,777
max3d_pro,00243,third,Giải Ba,4,641
max3d_pro,00243,third,Giải Ba,5,143
max3d_pro,00243,third,Giải Ba,6,374
max3d_pro,00243,third,Giải Ba,7,568
max3d_pro,00243,third,Giải Ba,8,377
max3d_pro,00244,special,Giải Đặc biệt,1,022
max3d_pro,00244,special,Giải Đặc biệt,2,718
max3d_pro,00244,first,Giải Nhất,1,625
max3d_pro,00244,first,Giải Nhất,2,727
max3d_pro,00244,first,Giải Nhất,3,337
max3d_pro,00244,first,Giải Nhất,4,331
max3d_pro,00244,second,Giải Nhì,1,389
max3d_pro,00244,second,Giải Nhì,2,940
max3d_pro,00244,second,Giải Nhì,3,966
max3d_pro,00244,second,Giải Nhì,4,432
max3d_pro,00244,second,Giải Nhì,5,622
max3d_pro,00244,second,Giải Nhì,6,604
max3d_pro,00244,third,Giải Ba,1,328
max3d_pro,00244,third,Giải Ba,2,765
max3d_pro,00244,third,Giải Ba,3,409
max3d_pro,00244,third,Giải Ba,4,919
max3d_pro,00244,third,Giải Ba,5,222
max3d_pro,00244,third,Giải Ba,6,364
max3d_pro,00244,third,Giải Ba,7,839
max3d_pro,00244,third,Giải Ba,8,617
max3d_pro,00245,special,Giải Đặc biệt,1,742
max3d_pro,00245,special,Giải Đặc biệt,2,427
max3d_pro,00245,first,Giải Nhất,1,831
max3d_pro,00245,first,Giải Nhất,2,862
max3d_pro,00245,first,Giải Nhất,3,609
max3d_pro,00245,first,Giải Nhất,4,218
max3d_pro,00245,second,Giải Nhì,1,226
max3d_pro,00245,second,Giải Nhì,2,615
max3d_pro,00245,second,Giải Nhì,3,317
max3d_pro,00245,second,Giải Nhì,4,646
max3d_pro,00245,second,Giải Nhì,5,500
max3d_pro,00245,second,Giải Nhì,6,469
max3d_pro,00245,third,Giải Ba,1,456
max3d_pro,00245,third,Giải Ba,2,101
max3d_pro,00245,third,Giải Ba,3,310
max3d_pro,00245,third,Giải Ba,4,660
max3d_pro,00245,third,Giải Ba,5,060
max3d_pro,00245,third,Giải Ba,6,138
max3d_pro,00245,third,Giải Ba,7,952
max3d_pro,00245,third,Giải Ba,8,696
max3d_pro,00246,special,Giải Đặc biệt,1,696
max3d_pro,00246,special,Giải Đặc biệt,2,506
max3d_pro,00246,first,Giải Nhất,1,470
max3d_pro,00246,first,Giải Nhất,2,430
max3d_pro,00246,first,Giải Nhất,3,458
max3d_pro,00246,first,Giải Nhất,4,027
max3d_pro,00246,second,Giải Nhì,1,134
max3d_pro,00246,second,Giải Nhì,2,062
max3d_pro,00246,second,Giải Nhì,3,453
max3d_pro,00246,second,Giải Nhì,4,158
max3d_pro,00246,second,Giải Nhì,5,166
max3d_pro,00246,second,Giải Nhì,6,818
max3d_pro,00246,third,Giải Ba,1,028
max3d_pro,00246,third,Giải Ba,2,674
max3d_pro,00246,third,Giải Ba,3,742
max3d_pro,00246,third,Giải Ba,4,065
max3d_pro,00246,third,Giải Ba,5,957
max3d_pro,00246,third,Giải Ba,6,761
max3d_pro,00246,third,Giải Ba,7,113
max3d_pro,00246,third,Giải Ba,8,626
max3d_pro,00247,special,Giải Đặc biệt,1,790
max3d_pro,00247,special,Giải Đặc biệt,2,893
max3d_pro,00247,first,Giải Nhất,1,330
max3d_pro,00247,first,Giải Nhất,2,396
max3d_pro,00247,first,Giải Nhất,3,899
max3d_pro,00247,first,Giải Nhất,4,782
max3d_pro,00247,second,Giải Nhì,1,191
max3d_pro,00247,second,Giải Nhì,2,320
max3d_pro,00247,second,Giải Nhì,3,389
max3d_pro,00247,second,Giải Nhì,4,803
max3d_pro,00247,second,Giải Nhì,5,275
max3d_pro,00247,second,Giải Nhì,6,253
max3d_pro,00247,third,Giải Ba,1,375
max3d_pro,00247,third,Giải Ba,2,756
max3d_pro,00247,third,Giải Ba,3,837
max3d_pro,00247,third,Giải Ba,4,998
max3d_pro,00247,third,Giải Ba,5,865
max3d_pro,00247,third,Giải Ba,6,999
max3d_pro,00247,third,Giải Ba,7,198
max3d_pro,00247,third,Giải Ba,8,759
max3d_pro,00248,special,Giải Đặc biệt,1,951
max3d_pro,00248,special,Giải Đặc biệt,2,604
max3d_pro,00248,first,Giải Nhất,1,391
max3d_pro,00248,first,Giải Nhất,2,800
max3d_pro,00248,first,Giải Nhất,3,237
max3d_pro,00248,first,Giải Nhất,4,028
max3d_pro,00248,second,Giải Nhì,1,111
max3d_pro,00248,second,Giải Nhì,2,380
max3d_pro,00248,second,Giải Nhì,3,193
max3d_pro,00248,second,Giải Nhì,4,812
max3d_pro,00248,second,Giải Nhì,5,150
max3d_pro,00248,second,Giải Nhì,6,553
max3d_pro,00248,third,Giải Ba,1,720
max3d_pro,00248,third,Giải Ba,2,244
max3d_pro,00248,third,Giải Ba,3,960
max3d_pro,00248,third,Giải Ba,4,962
max3d_pro,00248,third,Giải Ba,5,877
max3d_pro,00248,third,Giải Ba,6,268
max3d_pro,00248,third,Giải Ba,7,009
max3d_pro,00248,third,Giải Ba,8,925
max3d_pro,00249,special,Giải Đặc biệt,1,795
max3d_pro,00249,special,Giải Đặc biệt,2,295
max3d_pro,00249,first,Giải Nhất,1,804
max3d_pro,00249,first,Giải Nhất,2,630
max3d_pro,00249,first,Giải Nhất,3,680
max3d_pro,00249,first,Giải Nhất,4,438
max3d_pro,00249,second,Giải Nhì,1,054
max3d_pro,00249,second,Giải Nhì,2,910
max3d_pro,00249,second,Giải Nhì,3,615
max3d_pro,00249,second,Giải Nhì,4,277
max3d_pro,00249,second,Giải Nhì,5,891
max3d_pro,00249,second,Giải Nhì,6,935
max3d_pro,00249,third,Giải Ba,1,874
max3d_pro,00249,third,Giải Ba,2,963
max3d_pro,00249,third,Giải Ba,3,142
max3d_pro,00249,third,Giải Ba,4,914
max3d_pro,00249,third,Giải Ba,5,757
max3d_pro,00249,third,Giải Ba,6,372
max3d_pro,00249,third,Giải Ba,7,600
max3d_pro,00249,third,Giải Ba,8,796
max3d_pro,00250,special,Giải Đặc biệt,1,665
max3d_pro,00250,special,Giải Đặc biệt,2,547
max3d_pro,00250,first,Giải Nhất,1,078
max3d_pro,00250,first,Giải Nhất,2,302
max3d_pro,00250,first,Giải Nhất,3,585
max3d_pro,00250,first,Giải Nhất,4,979
max3d_pro,00250,second,Giải Nhì,1,328
max3d_pro,00250,second,Giải Nhì,2,234
max3d_pro,00250,second,Giải Nhì,3,158
max3d_pro,00250,second,Giải Nhì,4,656
max3d_pro,00250,second,Giải Nhì,5,309
max3d_pro,00250,second,Giải Nhì,6,779
max3d_pro,00250,third,Giải Ba,1,882
max3d_pro,00250,third,Giải Ba,2,648
max3d_pro,00250,third,Giải Ba,3,845
max3d_pro,00250,third,Giải Ba,4,218
max3d_pro,00250,third,Giải Ba,5,542
max3d_pro,00250,third,Giải Ba,6,366
max3d_pro,00250,third,Giải Ba,7,032
max3d_pro,00250,third,Giải Ba,8,452
max3d_pro,00251,special,Giải Đặc biệt,1,993
max3d_pro,00251,special,Giải Đặc biệt,2,109
max3d_pro,00251,first,Giải Nhất,1,015
max3d_pro,00251,first,Giải Nhất,2,819
max3d_pro,00251,first,Giải Nhất,3,735
max3d_pro,00251,first,Giải Nhất,4,853
max3d_pro,00251,second,Giải Nhì,1,823
max3d_pro,00251,second,Giải Nhì,2,099
max3d_pro,00251,second,Giải Nhì,3,794
max3d_pro,00251,second,Giải Nhì,4,346
max3d_pro,00251,second,Giải Nhì,5,269
max3d_pro,00251,second,Giải Nhì,6,246
max3d_pro,00251,third,Giải Ba,1,964
max3d_pro,00251,third,Giải Ba,2,552
max3d_pro,00251,third,Giải Ba,3,496
max3d_pro,00251,third,Giải Ba,4,298
max3d_pro,00251,third,Giải Ba,5,500
max3d_pro,00251,third,Giải Ba,6,127
max3d_pro,00251,third,Giải Ba,7,347
max3d_pro,00251,third,Giải Ba,8,370
max3d_pro,00252,special,Giải Đặc biệt,1,284
max3d_pro,00252,special,Giải Đặc biệt,2,749
max3d_pro,00252,first,Giải Nhất,1,425
max3d_pro,00252,first,Giải Nhất,2,913
max3d_pro,00252,first,Giải Nhất,3,222
max3d_pro,00252,first,Giải Nhất,4,283
max3d_pro,00252,second,Giải Nhì,1,569
max3d_pro,00252,second,Giải Nhì,2,946
max3d_pro,00252,second,Giải Nhì,3,652
max3d_pro,00252,second,Giải Nhì,4,627
max3d_pro,00252,second,Giải Nhì,5,551
max3d_pro,00252,second,Giải Nhì,6,945
max3d_pro,00252,third,Giải Ba,1,542
max3d_pro,00252,third,Giải Ba,2,117
max3d_pro,00252,third,Giải Ba,3,339
max3d_pro,00252,third,Giải Ba,4,554
max3d_pro,00252,third,Giải Ba,5,520
max3d_pro,00252,third,Giải Ba,6,389
max3d_pro,00252,third,Giải Ba,7,768
max3d_pro,00252,third,Giải Ba,8,088
max3d_pro,00253,special,Giải Đặc biệt,1,142
max3d_pro,00253,special,Giải Đặc biệt,2,616
max3d_pro,00253,first,Giải Nhất,1,665
max3d_pro,00253,first,Giải Nhất,2,882
max3d_pro,00253,first,Giải Nhất,3,157
max3d_pro,00253,first,Giải Nhất,4,006
max3d_pro,00253,second,Giải Nhì,1,298
max3d_pro,00253,second,Giải Nhì,2,954
max3d_pro,00253,second,Giải Nhì,3,232
max3d_pro,00253,second,Giải Nhì,4,279
max3d_pro,00253,second,Giải Nhì,5,605
max3d_pro,00253,second,Giải Nhì,6,376
max3d_pro,00253,third,Giải Ba,1,350
max3d_pro,00253,third,Giải Ba,2,578
max3d_pro,00253,third,Giải Ba,3,649
max3d_pro,00253,third,Giải Ba,4,731
max3d_pro,00253,third,Giải Ba,5,636
max3d_pro,00253,third,Giải Ba,6,208
max3d_pro,00253,third,Giải Ba,7,586
max3d_pro,00253,third,Giải Ba,8,948
max3d_pro,00254,special,Giải Đặc biệt,1,406
max3d_pro,00254,special,Giải Đặc biệt,2,951
max3d_pro,00254,first,Giải Nhất,1,085
max3d_pro,00254,first,Giải Nhất,2,149
max3d_pro,00254,first,Giải Nhất,3,193
max3d_pro,00254,first,Giải Nhất,4,025
max3d_pro,00254,second,Giải Nhì,1,153
max3d_pro,00254,second,Giải Nhì,2,098
max3d_pro,00254,second,Giải Nhì,3,122
max3d_pro,00254,second,Giải Nhì,4,444
max3d_pro,00254,second,Giải Nhì,5,315
max3d_pro,00254,second,Giải Nhì,6,789
max3d_pro,00254,third,Giải Ba,1,911
max3d_pro,00254,third,Giải Ba,2,482
max3d_pro,00254,third,Giải Ba,3,019
max3d_pro,00254,third,Giải Ba,4,493
max3d_pro,00254,third,Giải Ba,5,157
max3d_pro,00254,third,Giải Ba,6,452
max3d_pro,00254,third,Giải Ba,7,270
max3d_pro,00254,third,Giải Ba,8,514
max3d_pro,00255,special,Giải Đặc biệt,1,595
max3d_pro,00255,special,Giải Đặc biệt,2,547
max3d_pro,00255,first,Giải Nhất,1,568
max3d_pro,00255,first,Giải Nhất,2,030
max3d_pro,00255,first,Giải Nhất,3,762
max3d_pro,00255,first,Giải Nhất,4,677
max3d_pro,00255,second,Giải Nhì,1,319
max3d_pro,00255,second,Giải Nhì,2,046
max3d_pro,00255,second,Giải Nhì,3,547
max3d_pro,00255,second,Giải Nhì,4,169
max3d_pro,00255,second,Giải Nhì,5,131
max3d_pro,00255,second,Giải Nhì,6,677
max3d_pro,00255,third,Giải Ba,1,506
max3d_pro,00255,third,Giải Ba,2,866
max3d_pro,00255,third,Giải Ba,3,634
max3d_pro,00255,third,Giải Ba,4,875
max3d_pro,00255,third,Giải Ba,5,187
max3d_pro,00255,third,Giải Ba,6,433
max3d_pro,00255,third,Giải Ba,7,416
max3d_pro,00255,third,Giải Ba,8,132
max3d_pro,00256,special,Giải Đặc biệt,1,185
max3d_pro,00256,special,Giải Đặc biệt,2,282
max3d_pro,00256,first,Giải Nhất,1,492
max3d_pro,00256,first,Giải Nhất,2,833
max3d_pro,00256,first,Giải Nhất,3,355
max3d_pro,00256,first,Giải Nhất,4,135
max3d_pro,00256,second,Giải Nhì,1,150
max3d_pro,00256,second,Giải Nhì,2,436
max3d_pro,00256,second,Giải Nhì,3,389
max3d_pro,00256,second,Giải Nhì,4,405
max3d_pro,00256,second,Giải Nhì,5,589
max3d_pro,00256,second,Giải Nhì,6,934
max3d_pro,00256,third,Giải Ba,1,323
max3d_pro,00256,third,Giải Ba,2,513
max3d_pro,00256,third,Giải Ba,3,852
max3d_pro,00256,third,Giải Ba,4,585
max3d_pro,00256,third,Giải Ba,5,696
max3d_pro,00256,third,Giải Ba,6,622
max3d_pro,00256,third,Giải Ba,7,168
max3d_pro,00256,third,Giải Ba,8,058
max3d_pro,00257,special,Giải Đặc biệt,1,370
max3d_pro,00257,special,Giải Đặc biệt,2,376
max3d_pro,00257,first,Giải Nhất,1,649
max3d_pro,00257,first,Giải Nhất,2,057
max3d_pro,00257,first,Giải Nhất,3,044
max3d_pro,00257,first,Giải Nhất,4,700
max3d_pro,00257,second,Giải Nhì,1,943
max3d_pro,00257,second,Giải Nhì,2,025
max3d_pro,00257,second,Giải Nhì,3,486
max3d_pro,00257,second,Giải Nhì,4,867
max3d_pro,00257,second,Giải Nhì,5,747
max3d_pro,00257,second,Giải Nhì,6,835
max3d_pro,00257,third,Giải Ba,1,826
max3d_pro,00257,third,Giải Ba,2,510
max3d_pro,00257,third,Giải Ba,3,364
max3d_pro,00257,third,Giải Ba,4,642
max3d_pro,00257,third,Giải Ba,5,985
max3d_pro,00257,third,Giải Ba,6,370
max3d_pro,00257,third,Giải Ba,7,657
max3d_pro,00257,third,Giải Ba,8,874
max3d_pro,00258,special,Giải Đặc biệt,1,195
max3d_pro,00258,special,Giải Đặc biệt,2,367
max3d_pro,00258,first,Giải Nhất,1,193
max3d_pro,00258,first,Giải Nhất,2,449
max3d_pro,00258,first,Giải Nhất,3,755
max3d_pro,00258,first,Giải Nhất,4,597
max3d_pro,00258,second,Giải Nhì,1,038
max3d_pro,00258,second,Giải Nhì,2,049
max3d_pro,00258,second,Giải Nhì,3,309
max3d_pro,00258,second,Giải Nhì,4,066
max3d_pro,00258,second,Giải Nhì,5,012
max3d_pro,00258,second,Giải Nhì,6,095
max3d_pro,00258,third,Giải Ba,1,443
max3d_pro,00258,third,Giải Ba,2,109
max3d_pro,00258,third,Giải Ba,3,840
max3d_pro,00258,third,Giải Ba,4,314
max3d_pro,00258,third,Giải Ba,5,547
max3d_pro,00258,third,Giải Ba,6,427
max3d_pro,00258,third,Giải Ba,7,447
max3d_pro,00258,third,Giải Ba,8,806
max3d_pro,00259,special,Giải Đặc biệt,1,953
max3d_pro,00259,special,Giải Đặc biệt,2,838
max3d_pro,00259,first,Giải Nhất,1,789
max3d_pro,00259,first,Giải Nhất,2,144
max3d_pro,00259,first,Giải Nhất,3,471
max3d_pro,00259,first,Giải Nhất,4,699
max3d_pro,00259,second,Giải Nhì,1,985
max3d_pro,00259,second,Giải Nhì,2,685
max3d_pro,00259,second,Giải Nhì,3,926
max3d_pro,00259,second,Giải Nhì,4,329
max3d_pro,00259,second,Giải Nhì,5,481
max3d_pro,00259,second,Giải Nhì,6,303
max3d_pro,00259,third,Giải Ba,1,872
max3d_pro,00259,third,Giải Ba,2,693
max3d_pro,00259,third,Giải Ba,3,145
max3d_pro,00259,third,Giải Ba,4,789
max3d_pro,00259,third,Giải Ba,5,195
max3d_pro,00259,third,Giải Ba,6,574
max3d_pro,00259,third,Giải Ba,7,794
max3d_pro,00259,third,Giải Ba,8,160
max3d_pro,00260,special,Giải Đặc biệt,1,110
max3d_pro,00260,special,Giải Đặc biệt,2,926
max3d_pro,00260,first,Giải Nhất,1,383
max3d_pro,00260,first,Giải Nhất,2,917
max3d_pro,00260,first,Giải Nhất,3,553
max3d_pro,00260,first,Giải Nhất,4,917
max3d_pro,00260,second,Giải Nhì,1,814
max3d_pro,00260,second,Giải Nhì,2,773
max3d_pro,00260,second,Giải Nhì,3,420
max3d_pro,00260,second,Giải Nhì,4,487
max3d_pro,00260,second,Giải Nhì,5,293
max3d_pro,00260,second,Giải Nhì,6,545
max3d_pro,00260,third,Giải Ba,1,220
max3d_pro,00260,third,Giải Ba,2,663
max3d_pro,00260,third,Giải Ba,3,608
max3d_pro,00260,third,Giải Ba,4,003
max3d_pro,00260,third,Giải Ba,5,342
max3d_pro,00260,third,Giải Ba,6,412
max3d_pro,00260,third,Giải Ba,7,591
max3d_pro,00260,third,Giải Ba,8,963
max3d_pro,00261,special,Giải Đặc biệt,1,979
max3d_pro,00261,special,Giải Đặc biệt,2,682
max3d_pro,00261,first,Giải Nhất,1,366
max3d_pro,00261,first,Giải Nhất,2,376
max3d_pro,00261,first,Giải Nhất,3,110
max3d_pro,00261,first,Giải Nhất,4,920
max3d_pro,00261,second,Giải Nhì,1,665
max3d_pro,00261,second,Giải Nhì,2,956
max3d_pro,00261,second,Giải Nhì,3,338
max3d_pro,00261,second,Giải Nhì,4,207
max3d_pro,00261,second,Giải Nhì,5,851
max3d_pro,00261,second,Giải Nhì,6,935
max3d_pro,00261,third,Giải Ba,1,190
max3d_pro,00261,third,Giải Ba,2,799
max3d_pro,00261,third,Giải Ba,3,474
max3d_pro,00261,third,Giải Ba,4,659
max3d_pro,00261,third,Giải Ba,5,231
max3d_pro,00261,third,Giải Ba,6,254
max3d_pro,00261,third,Giải Ba,7,340
max3d_pro,00261,third,Giải Ba,8,014
max3d_pro,00262,special,Giải Đặc biệt,1,150
max3d_pro,00262,special,Giải Đặc biệt,2,086
max3d_pro,00262,first,Giải Nhất,1,247
max3d_pro,00262,first,Giải Nhất,2,824
max3d_pro,00262,first,Giải Nhất,3,244
max3d_pro,00262,first,Giải Nhất,4,367
max3d_pro,00262,second,Giải Nhì,1,585
max3d_pro,00262,second,Giải Nhì,2,174
max3d_pro,00262,second,Giải Nhì,3,424
max3d_pro,00262,second,Giải Nhì,4,800
max3d_pro,00262,second,Giải Nhì,5,349
max3d_pro,00262,second,Giải Nhì,6,323
max3d_pro,00262,third,Giải Ba,1,149
max3d_pro,00262,third,Giải Ba,2,975
max3d_pro,00262,third,Giải Ba,3,731
max3d_pro,00262,third,Giải Ba,4,841
max3d_pro,00262,third,Giải Ba,5,269
max3d_pro,00262,third,Giải Ba,6,976
max3d_pro,00262,third,Giải Ba,7,216
max3d_pro,00262,third,Giải Ba,8,130
max3d_pro,00263,special,Giải Đặc biệt,1,556
max3d_pro,00263,special,Giải Đặc biệt,2,999
max3d_pro,00263,first,Giải Nhất,1,978
max3d_pro,00263,first,Giải Nhất,2,393
max3d_pro,00263,first,Giải Nhất,3,610
max3d_pro,00263,first,Giải Nhất,4,415
max3d_pro,00263,second,Giải Nhì,1,473
max3d_pro,00263,second,Giải Nhì,2,218
max3d_pro,00263,second,Giải Nhì,3,790
max3d_pro,00263,second,Giải Nhì,4,316
max3d_pro,00263,second,Giải Nhì,5,089
max3d_pro,00263,second,Giải Nhì,6,982
max3d_pro,00263,third,Giải Ba,1,401
max3d_pro,00263,third,Giải Ba,2,026
max3d_pro,00263,third,Giải Ba,3,476
max3d_pro,00263,third,Giải Ba,4,213
max3d_pro,00263,third,Giải Ba,5,116
max3d_pro,00263,third,Giải Ba,6,690
max3d_pro,00263,third,Giải Ba,7,509
max3d_pro,00263,third,Giải Ba,8,841
max3d_pro,00264,special,Giải Đặc biệt,1,116
max3d_pro,00264,special,Giải Đặc biệt,2,716
max3d_pro,00264,first,Giải Nhất,1,692
max3d_pro,00264,first,Giải Nhất,2,011
max3d_pro,00264,first,Giải Nhất,3,282
max3d_pro,00264,first,Giải Nhất,4,170
max3d_pro,00264,second,Giải Nhì,1,991
max3d_pro,00264,second,Giải Nhì,2,471
max3d_pro,00264,second,Giải Nhì,3,727
max3d_pro,00264,second,Giải Nhì,4,330
max3d_pro,00264,second,Giải Nhì,5,554
max3d_pro,00264,second,Giải Nhì,6,952
max3d_pro,00264,third,Giải Ba,1,567
max3d_pro,00264,third,Giải Ba,2,780
max3d_pro,00264,third,Giải Ba,3,545
max3d_pro,00264,third,Giải Ba,4,259
max3d_pro,00264,third,Giải Ba,5,754
max3d_pro,00264,third,Giải Ba,6,174
max3d_pro,00264,third,Giải Ba,7,121
max3d_pro,00264,third,Giải Ba,8,634
max3d_pro,00265,special,Giải Đặc biệt,1,702
max3d_pro,00265,special,Giải Đặc biệt,2,475
max3d_pro,00265,first,Giải Nhất,1,671
max3d_pro,00265,first,Giải Nhất,2,410
max3d_pro,00265,first,Giải Nhất,3,051
max3d_pro,00265,first,Giải Nhất,4,853
max3d_pro,00265,second,Giải Nhì,1,244
max3d_pro,00265,second,Giải Nhì,2,536
max3d_pro,00265,second,Giải Nhì,3,064
max3d_pro,00265,second,Giải Nhì,4,620
max3d_pro,00265,second,Giải Nhì,5,855
max3d_pro,00265,second,Giải Nhì,6,331
max3d_pro,00265,third,Giải Ba,1,831
max3d_pro,00265,third,Giải Ba,2,814
max3d_pro,00265,third,Giải Ba,3,197
max3d_pro,00265,third,Giải Ba,4,651
max3d_pro,00265,third,Giải Ba,5,954
max3d_pro,00265,third,Giải Ba,6,548
max3d_pro,00265,third,Giải Ba,7,968
max3d_pro,00265,third,Giải Ba,8,007
max3d_pro,00266,special,Giải Đặc biệt,1,492
max3d_pro,00266,special,Giải Đặc biệt,2,365
max3d_pro,00266,first,Giải Nhất,1,958
max3d_pro,00266,first,Giải Nhất,2,629
max3d_pro,00266,first,Giải Nhất,3,734
max3d_pro,00266,first,Giải Nhất,4,689
max3d_pro,00266,second,Giải Nhì,1,424
max3d_pro,00266,second,Giải Nhì,2,507
max3d_pro,00266,second,Giải Nhì,3,212
max3d_pro,00266,second,Giải Nhì,4,615
max3d_pro,00266,second,Giải Nhì,5,120
max3d_pro,00266,second,Giải Nhì,6,741
max3d_pro,00266,third,Giải Ba,1,213
max3d_pro,00266,third,Giải Ba,2,319
max3d_pro,00266,third,Giải Ba,3,955
max3d_pro,00266,third,Giải Ba,4,933
max3d_pro,00266,third,Giải Ba,5,580
max3d_pro,00266,third,Giải Ba,6,463
max3d_pro,00266,third,Giải Ba,7,448
max3d_pro,00266,third,Giải Ba,8,157
max3d_pro,00267,special,Giải Đặc biệt,1,358
max3d_pro,00267,special,Giải Đặc biệt,2,608
max3d_pro,00267,first,Giải Nhất,1,068
max3d_pro,00267,first,Giải Nhất,2,543
max3d_pro,00267,first,Giải Nhất,3,147
max3d_pro,00267,first,Giải Nhất,4,594
max3d_pro,00267,second,Giải Nhì,1,132
max3d_pro,00267,second,Giải Nhì,2,766
max3d_pro,00267,second,Giải Nhì,3,080
max3d_pro,00267,second,Giải Nhì,4,450
max3d_pro,00267,second,Giải Nhì,5,502
max3d_pro,00267,second,Giải Nhì,6,904
max3d_pro,00267,third,Giải Ba,1,116
max3d_pro,00267,third,Giải Ba,2,588
max3d_pro,00267,third,Giải Ba,3,164
max3d_pro,00267,third,Giải Ba,4,391
max3d_pro,00267,third,Giải Ba,5,929
max3d_pro,00267,third,Giải Ba,6,062
max3d_pro,00267,third,Giải Ba,7,405
max3d_pro,00267,third,Giải Ba,8,560
max3d_pro,00268,special,Giải Đặc biệt,1,384
max3d_pro,00268,special,Giải Đặc biệt,2,623
max3d_pro,00268,first,Giải Nhất,1,616
max3d_pro,00268,first,Giải Nhất,2,147
max3d_pro,00268,first,Giải Nhất,3,408
max3d_pro,00268,first,Giải Nhất,4,287
max3d_pro,00268,second,Giải Nhì,1,277
max3d_pro,00268,second,Giải Nhì,2,987
max3d_pro,00268,second,Giải Nhì,3,696
max3d_pro,00268,second,Giải Nhì,4,218
max3d_pro,00268,second,Giải Nhì,5,809
max3d_pro,00268,second,Giải Nhì,6,250
max3d_pro,00268,third,Giải Ba,1,913
max3d_pro,00268,third,Giải Ba,2,118
max3d_pro,00268,third,Giải Ba,3,938
max3d_pro,00268,third,Giải Ba,4,909
max3d_pro,00268,third,Giải Ba,5,161
max3d_pro,00268,third,Giải Ba,6,786
max3d_pro,00268,third,Giải Ba,7,985
max3d_pro,00268,third,Giải Ba,8,756
max3d_pro,00269,special,Giải Đặc biệt,1,211
max3d_pro,00269,special,Giải Đặc biệt,2,933
max3d_pro,00269,first,Giải Nhất,1,943
max3d_pro,00269,first,Giải Nhất,2,675
max3d_pro,00269,first,Giải Nhất,3,121
max3d_pro,00269,first,Giải Nhất,4,685
max3d_pro,00269,second,Giải Nhì,1,524
max3d_pro,00269,second,Giải Nhì,2,516
max3d_pro,00269,second,Giải Nhì,3,074
max3d_pro,00269,second,Giải Nhì,4,431
max3d_pro,00269,second,Giải Nhì,5,938
max3d_pro,00269,second,Giải Nhì,6,669
max3d_pro,00269,third,Giải Ba,1,787
max3d_pro,00269,third,Giải Ba,2,374
max3d_pro,00269,third,Giải Ba,3,029
max3d_pro,00269,third,Giải Ba,4,037
max3d_pro,00269,third,Giải Ba,5,732
max3d_pro,00269,third,Giải Ba,6,327
max3d_pro,00269,third,Giải Ba,7,038
max3d_pro,00269,third,Giải Ba,8,195
max3d_pro,00270,special,Giải Đặc biệt,1,488
max3d_pro,00270,special,Giải Đặc biệt,2,656
max3d_pro,00270,first,Giải Nhất,1,338
max3d_pro,00270,first,Giải Nhất,2,572
max3d_pro,00270,first,Giải Nhất,3,395
max3d_pro,00270,first,Giải Nhất,4,730
max3d_pro,00270,second,Giải Nhì,1,918
max3d_pro,00270,second,Giải Nhì,2,952
max3d_pro,00270,second,Giải Nhì,3,225
max3d_pro,00270,second,Giải Nhì,4,096
max3d_pro,00270,second,Giải Nhì,5,934
max3d_pro,00270,second,Giải Nhì,6,992
max3d_pro,00270,third,Giải Ba,1,134
max3d_pro,00270,third,Giải Ba,2,520
max3d_pro,00270,third,Giải Ba,3,740
max3d_pro,00270,third,Giải Ba,4,489
max3d_pro,00270,third,Giải Ba,5,907
max3d_pro,00270,third,Giải Ba,6,673
max3d_pro,00270,third,Giải Ba,7,622
max3d_pro,00270,third,Giải Ba,8,143
max3d_pro,00271,special,Giải Đặc biệt,1,194
max3d_pro,00271,special,Giải Đặc biệt,2,885
max3d_pro,00271,first,Giải Nhất,1,241
max3d_pro,00271,first,Giải Nhất,2,591
max3d_pro,00271,first,Giải Nhất,3,697
max3d_pro,00271,first,Giải Nhất,4,341
max3d_pro,00271,second,Giải Nhì,1,090
max3d_pro,00271,second,Giải Nhì,2,436
max3d_pro,00271,second,Giải Nhì,3,966
max3d_pro,00271,second,Giải Nhì,4,636
max3d_pro,00271,second,Giải Nhì,5,666
max3d_pro,00271,second,Giải Nhì,6,294
max3d_pro,00271,third,Giải Ba,1,280
max3d_pro,00271,third,Giải Ba,2,245
max3d_pro,00271,third,Giải Ba,3,734
max3d_pro,00271,third,Giải Ba,4,801
max3d_pro,00271,third,Giải Ba,5,502
max3d_pro,00271,third,Giải Ba,6,916
max3d_pro,00271,third,Giải Ba,7,485
max3d_pro,00271,third,Giải Ba,8,183
max3d_pro,00272,special,Giải Đặc biệt,1,621
max3d_pro,00272,special,Giải Đặc biệt,2,670
max3d_pro,00272,first,Giải Nhất,1,198
max3d_pro,00272,first,Giải Nhất,2,805
max3d_pro,00272,first,Giải Nhất,3,089
max3d_pro,00272,first,Giải Nhất,4,604
max3d_pro,00272,second,Giải Nhì,1,539
max3d_pro,00272,second,Giải Nhì,2,306
max3d_pro,00272,second,Giải Nhì,3,908
max3d_pro,00272,second,Giải Nhì,4,435
max3d_pro,00272,second,Giải Nhì,5,423
max3d_pro,00272,second,Giải Nhì,6,420
max3d_pro,00272,third,Giải Ba,1,231
max3d_pro,00272,third,Giải Ba,2,199
max3d_pro,00272,third,Giải Ba,3,272
max3d_pro,00272,third,Giải Ba,4,581
max3d_pro,00272,third,Giải Ba,5,316
max3d_pro,00272,third,Giải Ba,6,404
max3d_pro,00272,third,Giải Ba,7,638
max3d_pro,00272,third,Giải Ba,8,872
max3d_pro,00273,special,Giải Đặc biệt,1,232
max3d_pro,00273,special,Giải Đặc biệt,2,979
max3d_pro,00273,first,Giải Nhất,1,391
max3d_pro,00273,first,Giải Nhất,2,460
max3d_pro,00273,first,Giải Nhất,3,898
max3d_pro,00273,first,Giải Nhất,4,476
max3d_pro,00273,second,Giải Nhì,1,435
max3d_pro,00273,second,Giải Nhì,2,568
max3d_pro,00273,second,Giải Nhì,3,079
max3d_pro,00273,second,Giải Nhì,4,326
max3d_pro,00273,second,Giải Nhì,5,317
max3d_pro,00273,second,Giải Nhì,6,408
max3d_pro,00273,third,Giải Ba,1,054
max3d_pro,00273,third,Giải Ba,2,062
max3d_pro,00273,third,Giải Ba,3,916
max3d_pro,00273,third,Giải Ba,4,755
max3d_pro,00273,third,Giải Ba,5,832
max3d_pro,00273,third,Giải Ba,6,074
max3d_pro,00273,third,Giải Ba,7,000
max3d_pro,00273,third,Giải Ba,8,706
max3d_pro,00274,special,Giải Đặc biệt,1,364
max3d_pro,00274,special,Giải Đặc biệt,2,052
max3d_pro,00274,first,Giải Nhất,1,562
max3d_pro,00274,first,Giải Nhất,2,926
max3d_pro,00274,first,Giải Nhất,3,008
max3d_pro,00274,first,Giải Nhất,4,831
max3d_pro,00274,second,Giải Nhì,1,328
max3d_pro,00274,second,Giải Nhì,2,885
max3d_pro,00274,second,Giải Nhì,3,927
max3d_pro,00274,second,Giải Nhì,4,856
max3d_pro,00274,second,Giải Nhì,5,966
max3d_pro,00274,second,Giải Nhì,6,482
max3d_pro,00274,third,Giải Ba,1,896
max3d_pro,00274,third,Giải Ba,2,522
max3d_pro,00274,third,Giải Ba,3,637
max3d_pro,00274,third,Giải Ba,4,447
max3d_pro,00274,third,Giải Ba,5,775
max3d_pro,00274,third,Giải Ba,6,352
max3d_pro,00274,third,Giải Ba,7,534
max3d_pro,00274,third,Giải Ba,8,766
max3d_pro,00275,special,Giải Đặc biệt,1,629
max3d_pro,00275,special,Giải Đặc biệt,2,846
max3d_pro,00275,first,Giải Nhất,1,252
max3d_pro,00275,first,Giải Nhất,2,534
max3d_pro,00275,first,Giải Nhất,3,967
max3d_pro,00275,first,Giải Nhất,4,520
max3d_pro,00275,second,Giải Nhì,1,013
max3d_pro,00275,second,Giải Nhì,2,520
max3d_pro,00275,second,Giải Nhì,3,382
max3d_pro,00275,second,Giải Nhì,4,325
max3d_pro,00275,second,Giải Nhì,5,306
max3d_pro,00275,second,Giải Nhì,6,244
max3d_pro,00275,third,Giải Ba,1,872
max3d_pro,00275,third,Giải Ba,2,229
max3d_pro,00275,third,Giải Ba,3,532
max3d_pro,00275,third,Giải Ba,4,438
max3d_pro,00275,third,Giải Ba,5,598
max3d_pro,00275,third,Giải Ba,6,562
max3d_pro,00275,third,Giải Ba,7,909
max3d_pro,00275,third,Giải Ba,8,790
max3d_pro,00276,special,Giải Đặc biệt,1,099
max3d_pro,00276,special,Giải Đặc biệt,2,181
max3d_pro,00276,first,Giải Nhất,1,556
max3d_pro,00276,first,Giải Nhất,2,850
max3d_pro,00276,first,Giải Nhất,3,768
max3d_pro,00276,first,Giải Nhất,4,765
max3d_pro,00276,second,Giải Nhì,1,436
max3d_pro,00276,second,Giải Nhì,2,940
max3d_pro,00276,second,Giải Nhì,3,819
max3d_pro,00276,second,Giải Nhì,4,356
max3d_pro,00276,second,Giải Nhì,5,004
max3d_pro,00276,second,Giải Nhì,6,039
max3d_pro,00276,third,Giải Ba,1,851
max3d_pro,00276,third,Giải Ba,2,639
max3d_pro,00276,third,Giải Ba,3,087
max3d_pro,00276,third,Giải Ba,4,971
max3d_pro,00276,third,Giải Ba,5,943
max3d_pro,00276,third,Giải Ba,6,287
max3d_pro,00276,third,Giải Ba,7,984
max3d_pro,00276,third,Giải Ba,8,132
max3d_pro,00277,special,Giải Đặc biệt,1,335
max3d_pro,00277,special,Giải Đặc biệt,2,932
max3d_pro,00277,first,Giải Nhất,1,652
max3d_pro,00277,first,Giải Nhất,2,927
max3d_pro,00277,first,Giải Nhất,3,454
max3d_pro,00277,first,Giải Nhất,4,716
max3d_pro,00277,second,Giải Nhì,1,093
max3d_pro,00277,second,Giải Nhì,2,290
max3d_pro,00277,second,Giải Nhì,3,399
max3d_pro,00277,second,Giải Nhì,4,430
max3d_pro,00277,second,Giải Nhì,5,026
max3d_pro,00277,second,Giải Nhì,6,526
max3d_pro,00277,third,Giải Ba,1,249
max3d_pro,00277,third,Giải Ba,2,555
max3d_pro,00277,third,Giải Ba,3,604
max3d_pro,00277,third,Giải Ba,4,222
max3d_pro,00277,third,Giải Ba,5,129
max3d_pro,00277,third,Giải Ba,6,312
max3d_pro,00277,third,Giải Ba,7,861
max3d_pro,00277,third,Giải Ba,8,127
max3d_pro,00278,special,Giải Đặc biệt,1,107
max3d_pro,00278,special,Giải Đặc biệt,2,528
max3d_pro,00278,first,Giải Nhất,1,039
max3d_pro,00278,first,Giải Nhất,2,818
max3d_pro,00278,first,Giải Nhất,3,460
max3d_pro,00278,first,Giải Nhất,4,582
max3d_pro,00278,second,Giải Nhì,1,860
max3d_pro,00278,second,Giải Nhì,2,496
max3d_pro,00278,second,Giải Nhì,3,470
max3d_pro,00278,second,Giải Nhì,4,229
max3d_pro,00278,second,Giải Nhì,5,039
max3d_pro,00278,second,Giải Nhì,6,243
max3d_pro,00278,third,Giải Ba,1,813
max3d_pro,00278,third,Giải Ba,2,171
max3d_pro,00278,third,Giải Ba,3,316
max3d_pro,00278,third,Giải Ba,4,779
max3d_pro,00278,third,Giải Ba,5,800
max3d_pro,00278,third,Giải Ba,6,451
max3d_pro,00278,third,Giải Ba,7,738
max3d_pro,00278,third,Giải Ba,8,258
max3d_pro,00279,special,Giải Đặc biệt,1,717
max3d_pro,00279,special,Giải Đặc biệt,2,421
max3d_pro,00279,first,Giải Nhất,1,805
max3d_pro,00279,first,Giải Nhất,2,671
max3d_pro,00279,first,Giải Nhất,3,447
max3d_pro,00279,first,Giải Nhất,4,835
max3d_pro,00279,second,Giải Nhì,1,696
max3d_pro,00279,second,Giải Nhì,2,994
max3d_pro,00279,second,Giải Nhì,3,196
max3d_pro,00279,second,Giải Nhì,4,302
max3d_pro,00279,second,Giải Nhì,5,134
max3d_pro,00279,second,Giải Nhì,6,190
max3d_pro,00279,third,Giải Ba,1,669
max3d_pro,00279,third,Giải Ba,2,702
max3d_pro,00279,third,Giải Ba,3,849
max3d_pro,00279,third,Giải Ba,4,308
max3d_pro,00279,third,Giải Ba,5,954
max3d_pro,00279,third,Giải Ba,6,866
max3d_pro,00279,third,Giải Ba,7,317
max3d_pro,00279,third,Giải Ba,8,558
max3d_pro,00280,special,Giải Đặc biệt,1,112
max3d_pro,00280,special,Giải Đặc biệt,2,809
max3d_pro,00280,first,Giải Nhất,1,205
max3d_pro,00280,first,Giải Nhất,2,645
max3d_pro,00280,first,Giải Nhất,3,407
max3d_pro,00280,first,Giải Nhất,4,639
max3d_pro,00280,second,Giải Nhì,1,677
max3d_pro,00280,second,Giải Nhì,2,902
max3d_pro,00280,second,Giải Nhì,3,531
max3d_pro,00280,second,Giải Nhì,4,739
max3d_pro,00280,second,Giải Nhì,5,602
max3d_pro,00280,second,Giải Nhì,6,815
max3d_pro,00280,third,Giải Ba,1,825
max3d_pro,00280,third,Giải Ba,2,741
max3d_pro,00280,third,Giải Ba,3,232
max3d_pro,00280,third,Giải Ba,4,582
max3d_pro,00280,third,Giải Ba,5,906
max3d_pro,00280,third,Giải Ba,6,045
max3d_pro,00280,third,Giải Ba,7,450
max3d_pro,00280,third,Giải Ba,8,974
max3d_pro,00281,special,Giải Đặc biệt,1,065
max3d_pro,00281,special,Giải Đặc biệt,2,078
max3d_pro,00281,first,Giải Nhất,1,025
max3d_pro,00281,first,Giải Nhất,2,965
max3d_pro,00281,first,Giải Nhất,3,119
max3d_pro,00281,first,Giải Nhất,4,917
max3d_pro,00281,second,Giải Nhì,1,502
max3d_pro,00281,second,Giải Nhì,2,755
max3d_pro,00281,second,Giải Nhì,3,820
max3d_pro,00281,second,Giải Nhì,4,026
max3d_pro,00281,second,Giải Nhì,5,386
max3d_pro,00281,second,Giải Nhì,6,117
max3d_pro,00281,third,Giải Ba,1,962
max3d_pro,00281,third,Giải Ba,2,170
max3d_pro,00281,third,Giải Ba,3,140
max3d_pro,00281,third,Giải Ba,4,956
max3d_pro,00281,third,Giải Ba,5,033
max3d_pro,00281,third,Giải Ba,6,548
max3d_pro,00281,third,Giải Ba,7,477
max3d_pro,00281,third,Giải Ba,8,852
max3d_pro,00282,special,Giải Đặc biệt,1,174
max3d_pro,00282,special,Giải Đặc biệt,2,623
max3d_pro,00282,first,Giải Nhất,1,333
max3d_pro,00282,first,Giải Nhất,2,095
max3d_pro,00282,first,Giải Nhất,3,887
max3d_pro,00282,first,Giải Nhất,4,066
max3d_pro,00282,second,Giải Nhì,1,248
max3d_pro,00282,second,Giải Nhì,2,701
max3d_pro,00282,second,Giải Nhì,3,605
max3d_pro,00282,second,Giải Nhì,4,608
max3d_pro,00282,second,Giải Nhì,5,256
max3d_pro,00282,second,Giải Nhì,6,170
max3d_pro,00282,third,Giải Ba,1,190
max3d_pro,00282,third,Giải Ba,2,156
max3d_pro,00282,third,Giải Ba,3,540
max3d_pro,00282,third,Giải Ba,4,851
max3d_pro,00282,third,Giải Ba,5,768
max3d_pro,00282,third,Giải Ba,6,680
max3d_pro,00282,third,Giải Ba,7,675
max3d_pro,00282,third,Giải Ba,8,470
max3d_pro,00283,special,Giải Đặc biệt,1,008
max3d_pro,00283,special,Giải Đặc biệt,2,025
max3d_pro,00283,first,Giải Nhất,1,451
max3d_pro,00283,first,Giải Nhất,2,895
max3d_pro,00283,first,Giải Nhất,3,503
max3d_pro,00283,first,Giải Nhất,4,623
max3d_pro,00283,second,Giải Nhì,1,428
max3d_pro,00283,second,Giải Nhì,2,789
max3d_pro,00283,second,Giải Nhì,3,196
max3d_pro,00283,second,Giải Nhì,4,946
max3d_pro,00283,second,Giải Nhì,5,021
max3d_pro,00283,second,Giải Nhì,6,410
max3d_pro,00283,third,Giải Ba,1,787
max3d_pro,00283,third,Giải Ba,2,424
max3d_pro,00283,third,Giải Ba,3,617
max3d_pro,00283,third,Giải Ba,4,188
max3d_pro,00283,third,Giải Ba,5,960
max3d_pro,00283,third,Giải Ba,6,415
max3d_pro,00283,third,Giải Ba,7,987
max3d_pro,00283,third,Giải Ba,8,597
max3d_pro,00284,special,Giải Đặc biệt,1,220
max3d_pro,00284,special,Giải Đặc biệt,2,469
max3d_pro,00284,first,Giải Nhất,1,990
max3d_pro,00284,first,Giải Nhất,2,038
max3d_pro,00284,first,Giải Nhất,3,412
max3d_pro,00284,first,Giải Nhất,4,624
max3d_pro,00284,second,Giải Nhì,1,661
max3d_pro,00284,second,Giải Nhì,2,418
max3d_pro,00284,second,Giải Nhì,3,114
max3d_pro,00284,second,Giải Nhì,4,391
max3d_pro,00284,second,Giải Nhì,5,201
max3d_pro,00284,second,Giải Nhì,6,946
max3d_pro,00284,third,Giải Ba,1,060
max3d_pro,00284,third,Giải Ba,2,881
max3d_pro,00284,third,Giải Ba,3,425
max3d_pro,00284,third,Giải Ba,4,454
max3d_pro,00284,third,Giải Ba,5,953
max3d_pro,00284,third,Giải Ba,6,718
max3d_pro,00284,third,Giải Ba,7,608
max3d_pro,00284,third,Giải Ba,8,925
max3d_pro,00285,special,Giải Đặc biệt,1,139
max3d_pro,00285,special,Giải Đặc biệt,2,579
max3d_pro,00285,first,Giải Nhất,1,821
max3d_pro,00285,first,Giải Nhất,2,603
max3d_pro,00285,first,Giải Nhất,3,626
max3d_pro,00285,first,Giải Nhất,4,587
max3d_pro,00285,second,Giải Nhì,1,100
max3d_pro,00285,second,Giải Nhì,2,789
max3d_pro,00285,second,Giải Nhì,3,215
max3d_pro,00285,second,Giải Nhì,4,337
max3d_pro,00285,second,Giải Nhì,5,302
max3d_pro,00285,second,Giải Nhì,6,479
max3d_pro,00285,third,Giải Ba,1,322
max3d_pro,00285,third,Giải Ba,2,106
max3d_pro,00285,third,Giải Ba,3,636
max3d_pro,00285,third,Giải Ba,4,472
max3d_pro,00285,third,Giải Ba,5,116
max3d_pro,00285,third,Giải Ba,6,064
max3d_pro,00285,third,Giải Ba,7,586
max3d_pro,00285,third,Giải Ba,8,462
max3d_pro,00286,special,Giải Đặc biệt,1,010
max3d_pro,00286,special,Giải Đặc biệt,2,193
max3d_pro,00286,first,Giải Nhất,1,742
max3d_pro,00286,first,Giải Nhất,2,090
max3d_pro,00286,first,Giải Nhất,3,393
max3d_pro,00286,first,Giải Nhất,4,697
max3d_pro,00286,second,Giải Nhì,1,543
max3d_pro,00286,second,Giải Nhì,2,776
max3d_pro,00286,second,Giải Nhì,3,530
max3d_pro,00286,second,Giải Nhì,4,357
max3d_pro,00286,second,Giải Nhì,5,295
max3d_pro,00286,second,Giải Nhì,6,221
max3d_pro,00286,third,Giải Ba,1,939
max3d_pro,00286,third,Giải Ba,2,931
max3d_pro,00286,third,Giải Ba,3,017
max3d_pro,00286,third,Giải Ba,4,546
max3d_pro,00286,third,Giải Ba,5,684
max3d_pro,00286,third,Giải Ba,6,812
max3d_pro,00286,third,Giải Ba,7,749
max3d_pro,00286,third,Giải Ba,8,280
max3d_pro,00287,special,Giải Đặc biệt,1,000
max3d_pro,00287,special,Giải Đặc biệt,2,524
max3d_pro,00287,first,Giải Nhất,1,997
max3d_pro,00287,first,Giải Nhất,2,315
max3d_pro,00287,first,Giải Nhất,3,262
max3d_pro,00287,first,Giải Nhất,4,076
max3d_pro,00287,second,Giải Nhì,1,004
max3d_pro,00287,second,Giải Nhì,2,077
max3d_pro,00287,second,Giải Nhì,3,633
max3d_pro,00287,second,Giải Nhì,4,679
max3d_pro,00287,second,Giải Nhì,5,324
max3d_pro,00287,second,Giải Nhì,6,195
max3d_pro,00287,third,Giải Ba,1,114
max3d_pro,00287,third,Giải Ba,2,280
max3d_pro,00287,third,Giải Ba,3,419
max3d_pro,00287,third,Giải Ba,4,341
max3d_pro,00287,third,Giải Ba,5,406
max3d_pro,00287,third,Giải Ba,6,720
max3d_pro,00287,third,Giải Ba,7,095
max3d_pro,00287,third,Giải Ba,8,124
max3d_pro,00288,special,Giải Đặc biệt,1,935
max3d_pro,00288,special,Giải Đặc biệt,2,107
max3d_pro,00288,first,Giải Nhất,1,655
max3d_pro,00288,first,Giải Nhất,2,914
max3d_pro,00288,first,Giải Nhất,3,324
max3d_pro,00288,first,Giải Nhất,4,984
max3d_pro,00288,second,Giải Nhì,1,625
max3d_pro,00288,second,Giải Nhì,2,189
max3d_pro,00288,second,Giải Nhì,3,359
max3d_pro,00288,second,Giải Nhì,4,956
max3d_pro,00288,second,Giải Nhì,5,828
max3d_pro,00288,second,Giải Nhì,6,417
max3d_pro,00288,third,Giải Ba,1,995
max3d_pro,00288,third,Giải Ba,2,973
max3d_pro,00288,third,Giải Ba,3,156
max3d_pro,00288,third,Giải Ba,4,774
max3d_pro,00288,third,Giải Ba,5,785
max3d_pro,00288,third,Giải Ba,6,881
max3d_pro,00288,third,Giải Ba,7,310
max3d_pro,00288,third,Giải Ba,8,997
max3d_pro,00289,special,Giải Đặc biệt,1,262
max3d_pro,00289,special,Giải Đặc biệt,2,948
max3d_pro,00289,first,Giải Nhất,1,587
max3d_pro,00289,first,Giải Nhất,2,676
max3d_pro,00289,first,Giải Nhất,3,864
max3d_pro,00289,first,Giải Nhất,4,564
max3d_pro,00289,second,Giải Nhì,1,819
max3d_pro,00289,second,Giải Nhì,2,158
max3d_pro,00289,second,Giải Nhì,3,448
max3d_pro,00289,second,Giải Nhì,4,747
max3d_pro,00289,second,Giải Nhì,5,546
max3d_pro,00289,second,Giải Nhì,6,789
max3d_pro,00289,third,Giải Ba,1,062
max3d_pro,00289,third,Giải Ba,2,984
max3d_pro,00289,third,Giải Ba,3,802
max3d_pro,00289,third,Giải Ba,4,658
max3d_pro,00289,third,Giải Ba,5,363
max3d_pro,00289,third,Giải Ba,6,995
max3d_pro,00289,third,Giải Ba,7,496
max3d_pro,00289,third,Giải Ba,8,015
max3d_pro,00290,special,Giải Đặc biệt,1,346
max3d_pro,00290,special,Giải Đặc biệt,2,285
max3d_pro,00290,first,Giải Nhất,1,861
max3d_pro,00290,first,Giải Nhất,2,647
max3d_pro,00290,first,Giải Nhất,3,742
max3d_pro,00290,first,Giải Nhất,4,161
max3d_pro,00290,second,Giải Nhì,1,955
max3d_pro,00290,second,Giải Nhì,2,254
max3d_pro,00290,second,Giải Nhì,3,804
max3d_pro,00290,second,Giải Nhì,4,229
max3d_pro,00290,second,Giải Nhì,5,819
max3d_pro,00290,second,Giải Nhì,6,197
max3d_pro,00290,third,Giải Ba,1,126
max3d_pro,00290,third,Giải Ba,2,459
max3d_pro,00290,third,Giải Ba,3,533
max3d_pro,00290,third,Giải Ba,4,959
max3d_pro,00290,third,Giải Ba,5,854
max3d_pro,00290,third,Giải Ba,6,146
max3d_pro,00290,third,Giải Ba,7,826
max3d_pro,00290,third,Giải Ba,8,554
max3d_pro,00291,special,Giải Đặc biệt,1,166
max3d_pro,00291,special,Giải Đặc biệt,2,484
max3d_pro,00291,first,Giải Nhất,1,985
max3d_pro,00291,first,Giải Nhất,2,071
max3d_pro,00291,first,Giải Nhất,3,653
max3d_pro,00291,first,Giải Nhất,4,185
max3d_pro,00291,second,Giải Nhì,1,049
max3d_pro,00291,second,Giải Nhì,2,357
max3d_pro,00291,second,Giải Nhì,3,290
max3d_pro,00291,second,Giải Nhì,4,635
max3d_pro,00291,second,Giải Nhì,5,151
max3d_pro,00291,second,Giải Nhì,6,119
max3d_pro,00291,third,Giải Ba,1,649
max3d_pro,00291,third,Giải Ba,2,304
max3d_pro,00291,third,Giải Ba,3,415
max3d_pro,00291,third,Giải Ba,4,650
max3d_pro,00291,third,Giải Ba,5,280
max3d_pro,00291,third,Giải Ba,6,216
max3d_pro,00291,third,Giải Ba,7,992
max3d_pro,00291,third,Giải Ba,8,551
max3d_pro,00292,special,Giải Đặc biệt,1,332
max3d_pro,00292,special,Giải Đặc biệt,2,872
max3d_pro,00292,first,Giải Nhất,1,536
max3d_pro,00292,first,Giải Nhất,2,912
max3d_pro,00292,first,Giải Nhất,3,134
max3d_pro,00292,first,Giải Nhất,4,716
max3d_pro,00292,second,Giải Nhì,1,875
max3d_pro,00292,second,Giải Nhì,2,118
max3d_pro,00292,second,Giải Nhì,3,439
max3d_pro,00292,second,Giải Nhì,4,295
max3d_pro,00292,second,Giải Nhì,5,848
max3d_pro,00292,second,Giải Nhì,6,241
max3d_pro,00292,third,Giải Ba,1,924
max3d_pro,00292,third,Giải Ba,2,722
max3d_pro,00292,third,Giải Ba,3,593
max3d_pro,00292,third,Giải Ba,4,027
max3d_pro,00292,third,Giải Ba,5,299
max3d_pro,00292,third,Giải Ba,6,701
max3d_pro,00292,third,Giải Ba,7,452
max3d_pro,00292,third,Giải Ba,8,769
max3d_pro,00293,special,Giải Đặc biệt,1,321
max3d_pro,00293,special,Giải Đặc biệt,2,854
max3d_pro,00293,first,Giải Nhất,1,938
max3d_pro,00293,first,Giải Nhất,2,470
max3d_pro,00293,first,Giải Nhất,3,388
max3d_pro,00293,first,Giải Nhất,4,728
max3d_pro,00293,second,Giải Nhì,1,732
max3d_pro,00293,second,Giải Nhì,2,302
max3d_pro,00293,second,Giải Nhì,3,865
max3d_pro,00293,second,Giải Nhì,4,346
max3d_pro,00293,second,Giải Nhì,5,093
max3d_pro,00293,second,Giải Nhì,6,307
max3d_pro,00293,third,Giải Ba,1,458
max3d_pro,00293,third,Giải Ba,2,057
max3d_pro,00293,third,Giải Ba,3,880
max3d_pro,00293,third,Giải Ba,4,778
max3d_pro,00293,third,Giải Ba,5,830
max3d_pro,00293,third,Giải Ba,6,048
max3d_pro,00293,third,Giải Ba,7,917
max3d_pro,00293,third,Giải Ba,8,834
max3d_pro,00294,special,Giải Đặc biệt,1,250
max3d_pro,00294,special,Giải Đặc biệt,2,387
max3d_pro,00294,first,Giải Nhất,1,542
max3d_pro,00294,first,Giải Nhất,2,059
max3d_pro,00294,first,Giải Nhất,3,457
max3d_pro,00294,first,Giải Nhất,4,416
max3d_pro,00294,second,Giải Nhì,1,482
max3d_pro,00294,second,Giải Nhì,2,220
max3d_pro,00294,second,Giải Nhì,3,174
max3d_pro,00294,second,Giải Nhì,4,427
max3d_pro,00294,second,Giải Nhì,5,740
max3d_pro,00294,second,Giải Nhì,6,409
max3d_pro,00294,third,Giải Ba,1,347
max3d_pro,00294,third,Giải Ba,2,250
max3d_pro,00294,third,Giải Ba,3,743
max3d_pro,00294,third,Giải Ba,4,385
max3d_pro,00294,third,Giải Ba,5,836
max3d_pro,00294,third,Giải Ba,6,827
max3d_pro,00294,third,Giải Ba,7,453
max3d_pro,00294,third,Giải Ba,8,398
max3d_pro,00295,special,Giải Đặc biệt,1,756
max3d_pro,00295,special,Giải Đặc biệt,2,749
max3d_pro,00295,first,Giải Nhất,1,454
max3d_pro,00295,first,Giải Nhất,2,940
max3d_pro,00295,first,Giải Nhất,3,920
max3d_pro,00295,first,Giải Nhất,4,352
max3d_pro,00295,second,Giải Nhì,1,676
max3d_pro,00295,second,Giải Nhì,2,688
max3d_pro,00295,second,Giải Nhì,3,694
max3d_pro,00295,second,Giải Nhì,4,122
max3d_pro,00295,second,Giải Nhì,5,340
max3d_pro,00295,second,Giải Nhì,6,607
max3d_pro,00295,third,Giải Ba,1,191
max3d_pro,00295,third,Giải Ba,2,565
max3d_pro,00295,third,Giải Ba,3,502
max3d_pro,00295,third,Giải Ba,4,231
max3d_pro,00295,third,Giải Ba,5,251
max3d_pro,00295,third,Giải Ba,6,266
max3d_pro,00295,third,Giải Ba,7,456
max3d_pro,00295,third,Giải Ba,8,522
max3d_pro,00296,special,Giải Đặc biệt,1,393
max3d_pro,00296,special,Giải Đặc biệt,2,589
max3d_pro,00296,first,Giải Nhất,1,773
max3d_pro,00296,first,Giải Nhất,2,574
max3d_pro,00296,first,Giải Nhất,3,650
max3d_pro,00296,first,Giải Nhất,4,685
max3d_pro,00296,second,Giải Nhì,1,585
max3d_pro,00296,second,Giải Nhì,2,362
max3d_pro,00296,second,Giải Nhì,3,551
max3d_pro,00296,second,Giải Nhì,4,488
max3d_pro,00296,second,Giải Nhì,5,572
max3d_pro,00296,second,Giải Nhì,6,103
max3d_pro,00296,third,Giải Ba,1,380
max3d_pro,00296,third,Giải Ba,2,703
max3d_pro,00296,third,Giải Ba,3,222
max3d_pro,00296,third,Giải Ba,4,470
max3d_pro,00296,third,Giải Ba,5,903
max3d_pro,00296,third,Giải Ba,6,282
max3d_pro,00296,third,Giải Ba,7,248
max3d_pro,00296,third,Giải Ba,8,922
max3d_pro,00297,special,Giải Đặc biệt,1,674
max3d_pro,00297,special,Giải Đặc biệt,2,303
max3d_pro,00297,first,Giải Nhất,1,401
max3d_pro,00297,first,Giải Nhất,2,164
max3d_pro,00297,first,Giải Nhất,3,251
max3d_pro,00297,first,Giải Nhất,4,429
max3d_pro,00297,second,Giải Nhì,1,033
max3d_pro,00297,second,Giải Nhì,2,082
max3d_pro,00297,second,Giải Nhì,3,071
max3d_pro,00297,second,Giải Nhì,4,259
max3d_pro,00297,second,Giải Nhì,5,329
max3d_pro,00297,second,Giải Nhì,6,093
max3d_pro,00297,third,Giải Ba,1,338
max3d_pro,00297,third,Giải Ba,2,225
max3d_pro,00297,third,Giải Ba,3,595
max3d_pro,00297,third,Giải Ba,4,696
max3d_pro,00297,third,Giải Ba,5,861
max3d_pro,00297,third,Giải Ba,6,206
max3d_pro,00297,third,Giải Ba,7,621
max3d_pro,00297,third,Giải Ba,8,368
max3d_pro,00298,special,Giải Đặc biệt,1,199
max3d_pro,00298,special,Giải Đặc biệt,2,203
max3d_pro,00298,first,Giải Nhất,1,135
max3d_pro,00298,first,Giải Nhất,2,687
max3d_pro,00298,first,Giải Nhất,3,430
max3d_pro,00298,first,Giải Nhất,4,420
max3d_pro,00298,second,Giải Nhì,1,439
max3d_pro,00298,second,Giải Nhì,2,074
max3d_pro,00298,second,Giải Nhì,3,948
max3d_pro,00298,second,Giải Nhì,4,853
max3d_pro,00298,second,Giải Nhì,5,179
max3d_pro,00298,second,Giải Nhì,6,602
max3d_pro,00298,third,Giải Ba,1,583
max3d_pro,00298,third,Giải Ba,2,856
max3d_pro,00298,third,Giải Ba,3,158
max3d_pro,00298,third,Giải Ba,4,835
max3d_pro,00298,third,Giải Ba,5,754
max3d_pro,00298,third,Giải Ba,6,901
max3d_pro,00298,third,Giải Ba,7,688
max3d_pro,00298,third,Giải Ba,8,345
max3d_pro,00299,special,Giải Đặc biệt,1,281
max3d_pro,00299,special,Giải Đặc biệt,2,338
max3d_pro,00299,first,Giải Nhất,1,190
max3d_pro,00299,first,Giải Nhất,2,549
max3d_pro,00299,first,Giải Nhất,3,830
max3d_pro,00299,first,Giải Nhất,4,654
max3d_pro,00299,second,Giải Nhì,1,569
max3d_pro,00299,second,Giải Nhì,2,457
max3d_pro,00299,second,Giải Nhì,3,918
max3d_pro,00299,second,Giải Nhì,4,421
max3d_pro,00299,second,Giải Nhì,5,601
max3d_pro,00299,second,Giải Nhì,6,451
max3d_pro,00299,third,Giải Ba,1,294
max3d_pro,00299,third,Giải Ba,2,421
max3d_pro,00299,third,Giải Ba,3,559
max3d_pro,00299,third,Giải Ba,4,273
max3d_pro,00299,third,Giải Ba,5,363
max3d_pro,00299,third,Giải Ba,6,953
max3d_pro,00299,third,Giải Ba,7,197
max3d_pro,00299,third,Giải Ba,8,026
max3d_pro,00300,special,Giải Đặc biệt,1,780
max3d_pro,00300,special,Giải Đặc biệt,2,375
max3d_pro,00300,first,Giải Nhất,1,931
max3d_pro,00300,first,Giải Nhất,2,251
max3d_pro,00300,first,Giải Nhất,3,615
max3d_pro,00300,first,Giải Nhất,4,423
max3d_pro,00300,second,Giải Nhì,1,018
max3d_pro,00300,second,Giải Nhì,2,254
max3d_pro,00300,second,Giải Nhì,3,057
max3d_pro,00300,second,Giải Nhì,4,421
max3d_pro,00300,second,Giải Nhì,5,587
max3d_pro,00300,second,Giải Nhì,6,883
max3d_pro,00300,third,Giải Ba,1,994
max3d_pro,00300,third,Giải Ba,2,645
max3d_pro,00300,third,Giải Ba,3,819
max3d_pro,00300,third,Giải Ba,4,298
max3d_pro,00300,third,Giải Ba,5,628
max3d_pro,00300,third,Giải Ba,6,435
max3d_pro,00300,third,Giải Ba,7,601
max3d_pro,00300,third,Giải Ba,8,684
max3d_pro,00301,special,Giải Đặc biệt,1,955
max3d_pro,00301,special,Giải Đặc biệt,2,992
max3d_pro,00301,first,Giải Nhất,1,245
max3d_pro,00301,first,Giải Nhất,2,502
max3d_pro,00301,first,Giải Nhất,3,111
max3d_pro,00301,first,Giải Nhất,4,914
max3d_pro,00301,second,Giải Nhì,1,756
max3d_pro,00301,second,Giải Nhì,2,794
max3d_pro,00301,second,Giải Nhì,3,850
max3d_pro,00301,second,Giải Nhì,4,776
max3d_pro,00301,second,Giải Nhì,5,231
max3d_pro,00301,second,Giải Nhì,6,543
max3d_pro,00301,third,Giải Ba,1,326
max3d_pro,00301,third,Giải Ba,2,974
max3d_pro,00301,third,Giải Ba,3,017
max3d_pro,00301,third,Giải Ba,4,190
max3d_pro,00301,third,Giải Ba,5,036
max3d_pro,00301,third,Giải Ba,6,036
max3d_pro,00301,third,Giải Ba,7,376
max3d_pro,00301,third,Giải Ba,8,143
max3d_pro,00302,special,Giải Đặc biệt,1,151
max3d_pro,00302,special,Giải Đặc biệt,2,088
max3d_pro,00302,first,Giải Nhất,1,553
max3d_pro,00302,first,Giải Nhất,2,492
max3d_pro,00302,first,Giải Nhất,3,286
max3d_pro,00302,first,Giải Nhất,4,404
max3d_pro,00302,second,Giải Nhì,1,679
max3d_pro,00302,second,Giải Nhì,2,185
max3d_pro,00302,second,Giải Nhì,3,016
max3d_pro,00302,second,Giải Nhì,4,099
max3d_pro,00302,second,Giải Nhì,5,364
max3d_pro,00302,second,Giải Nhì,6,796
max3d_pro,00302,third,Giải Ba,1,061
max3d_pro,00302,third,Giải Ba,2,080
max3d_pro,00302,third,Giải Ba,3,573
max3d_pro,00302,third,Giải Ba,4,746
max3d_pro,00302,third,Giải Ba,5,923
max3d_pro,00302,third,Giải Ba,6,436
max3d_pro,00302,third,Giải Ba,7,008
max3d_pro,00302,third,Giải Ba,8,740
max3d_pro,00303,special,Giải Đặc biệt,1,396
max3d_pro,00303,special,Giải Đặc biệt,2,407
max3d_pro,00303,first,Giải Nhất,1,875
max3d_pro,00303,first,Giải Nhất,2,815
max3d_pro,00303,first,Giải Nhất,3,568
max3d_pro,00303,first,Giải Nhất,4,312
max3d_pro,00303,second,Giải Nhì,1,098
max3d_pro,00303,second,Giải Nhì,2,117
max3d_pro,00303,second,Giải Nhì,3,824
max3d_pro,00303,second,Giải Nhì,4,248
max3d_pro,00303,second,Giải Nhì,5,353
max3d_pro,00303,second,Giải Nhì,6,120
max3d_pro,00303,third,Giải Ba,1,977
max3d_pro,00303,third,Giải Ba,2,915
max3d_pro,00303,third,Giải Ba,3,783
max3d_pro,00303,third,Giải Ba,4,577
max3d_pro,00303,third,Giải Ba,5,799
max3d_pro,00303,third,Giải Ba,6,135
max3d_pro,00303,third,Giải Ba,7,552
max3d_pro,00303,third,Giải Ba,8,133
max3d_pro,00304,special,Giải Đặc biệt,1,246
max3d_pro,00304,special,Giải Đặc biệt,2,178
max3d_pro,00304,first,Giải Nhất,1,530
max3d_pro,00304,first,Giải Nhất,2,276
max3d_pro,00304,first,Giải Nhất,3,488
max3d_pro,00304,first,Giải Nhất,4,361
max3d_pro,00304,second,Giải Nhì,1,794
max3d_pro,00304,second,Giải Nhì,2,832
max3d_pro,00304,second,Giải Nhì,3,954
max3d_pro,00304,second,Giải Nhì,4,007
max3d_pro,00304,second,Giải Nhì,5,463
max3d_pro,00304,second,Giải Nhì,6,202
max3d_pro,00304,third,Giải Ba,1,324
max3d_pro,00304,third,Giải Ba,2,591
max3d_pro,00304,third,Giải Ba,3,032
max3d_pro,00304,third,Giải Ba,4,837
max3d_pro,00304,third,Giải Ba,5,084
max3d_pro,00304,third,Giải Ba,6,889
max3d_pro,00304,third,Giải Ba,7,794
max3d_pro,00304,third,Giải Ba,8,361
max3d_pro,00305,special,Giải Đặc biệt,1,882
max3d_pro,00305,special,Giải Đặc biệt,2,636
max3d_pro,00305,first,Giải Nhất,1,655
max3d_pro,00305,first,Giải Nhất,2,293
max3d_pro,00305,first,Giải Nhất,3,194
max3d_pro,00305,first,Giải Nhất,4,097
max3d_pro,00305,second,Giải Nhì,1,739
max3d_pro,00305,second,Giải Nhì,2,315
max3d_pro,00305,second,Giải Nhì,3,617
max3d_pro,00305,second,Giải Nhì,4,419
max3d_pro,00305,second,Giải Nhì,5,333
max3d_pro,00305,second,Giải Nhì,6,300
max3d_pro,00305,third,Giải Ba,1,664
max3d_pro,00305,third,Giải Ba,2,090
max3d_pro,00305,third,Giải Ba,3,673
max3d_pro,00305,third,Giải Ba,4,367
max3d_pro,00305,third,Giải Ba,5,235
max3d_pro,00305,third,Giải Ba,6,475
max3d_pro,00305,third,Giải Ba,7,754
max3d_pro,00305,third,Giải Ba,8,536
max3d_pro,00306,special,Giải Đặc biệt,1,491
max3d_pro,00306,special,Giải Đặc biệt,2,802
max3d_pro,00306,first,Giải Nhất,1,806
max3d_pro,00306,first,Giải Nhất,2,298
max3d_pro,00306,first,Giải Nhất,3,258
max3d_pro,00306,first,Giải Nhất,4,849
max3d_pro,00306,second,Giải Nhì,1,599
max3d_pro,00306,second,Giải Nhì,2,914
max3d_pro,00306,second,Giải Nhì,3,728
max3d_pro,00306,second,Giải Nhì,4,539
max3d_pro,00306,second,Giải Nhì,5,265
max3d_pro,00306,second,Giải Nhì,6,961
max3d_pro,00306,third,Giải Ba,1,706
max3d_pro,00306,third,Giải Ba,2,322
max3d_pro,00306,third,Giải Ba,3,429
max3d_pro,00306,third,Giải Ba,4,106
max3d_pro,00306,third,Giải Ba,5,074
max3d_pro,00306,third,Giải Ba,6,421
max3d_pro,00306,third,Giải Ba,7,219
max3d_pro,00306,third,Giải Ba,8,026
max3d_pro,00307,special,Giải Đặc biệt,1,320
max3d_pro,00307,special,Giải Đặc biệt,2,804
max3d_pro,00307,first,Giải Nhất,1,668
max3d_pro,00307,first,Giải Nhất,2,675
max3d_pro,00307,first,Giải Nhất,3,023
max3d_pro,00307,first,Giải Nhất,4,110
max3d_pro,00307,second,Giải Nhì,1,116
max3d_pro,00307,second,Giải Nhì,2,022
max3d_pro,00307,second,Giải Nhì,3,257
max3d_pro,00307,second,Giải Nhì,4,657
max3d_pro,00307,second,Giải Nhì,5,520
max3d_pro,00307,second,Giải Nhì,6,119
max3d_pro,00307,third,Giải Ba,1,733
max3d_pro,00307,third,Giải Ba,2,529
max3d_pro,00307,third,Giải Ba,3,168
max3d_pro,00307,third,Giải Ba,4,513
max3d_pro,00307,third,Giải Ba,5,099
max3d_pro,00307,third,Giải Ba,6,587
max3d_pro,00307,third,Giải Ba,7,906
max3d_pro,00307,third,Giải Ba,8,363
max3d_pro,00308,special,Giải Đặc biệt,1,245
max3d_pro,00308,special,Giải Đặc biệt,2,356
max3d_pro,00308,first,Giải Nhất,1,936
max3d_pro,00308,first,Giải Nhất,2,297
max3d_pro,00308,first,Giải Nhất,3,306
max3d_pro,00308,first,Giải Nhất,4,237
max3d_pro,00308,second,Giải Nhì,1,702
max3d_pro,00308,second,Giải Nhì,2,686
max3d_pro,00308,second,Giải Nhì,3,285
max3d_pro,00308,second,Giải Nhì,4,429
max3d_pro,00308,second,Giải Nhì,5,451
max3d_pro,00308,second,Giải Nhì,6,304
max3d_pro,00308,third,Giải Ba,1,193
max3d_pro,00308,third,Giải Ba,2,570
max3d_pro,00308,third,Giải Ba,3,312
max3d_pro,00308,third,Giải Ba,4,446
max3d_pro,00308,third,Giải Ba,5,267
max3d_pro,00308,third,Giải Ba,6,932
max3d_pro,00308,third,Giải Ba,7,220
max3d_pro,00308,third,Giải Ba,8,852
max3d_pro,00309,special,Giải Đặc biệt,1,091
max3d_pro,00309,special,Giải Đặc biệt,2,435
max3d_pro,00309,first,Giải Nhất,1,316
max3d_pro,00309,first,Giải Nhất,2,276
max3d_pro,00309,first,Giải Nhất,3,362
max3d_pro,00309,first,Giải Nhất,4,761
max3d_pro,00309,second,Giải Nhì,1,454
max3d_pro,00309,second,Giải Nhì,2,417
max3d_pro,00309,second,Giải Nhì,3,337
max3d_pro,00309,second,Giải Nhì,4,904
max3d_pro,00309,second,Giải Nhì,5,215
max3d_pro,00309,second,Giải Nhì,6,500
max3d_pro,00309,third,Giải Ba,1,300
max3d_pro,00309,third,Giải Ba,2,110
max3d_pro,00309,third,Giải Ba,3,349
max3d_pro,00309,third,Giải Ba,4,279
max3d_pro,00309,third,Giải Ba,5,363
max3d_pro,00309,third,Giải Ba,6,246
max3d_pro,00309,third,Giải Ba,7,792
max3d_pro,00309,third,Giải Ba,8,944
max3d_pro,00310,special,Giải Đặc biệt,1,547
max3d_pro,00310,special,Giải Đặc biệt,2,535
max3d_pro,00310,first,Giải Nhất,1,908
max3d_pro,00310,first,Giải Nhất,2,107
max3d_pro,00310,first,Giải Nhất,3,620
max3d_pro,00310,first,Giải Nhất,4,579
max3d_pro,00310,second,Giải Nhì,1,202
max3d_pro,00310,second,Giải Nhì,2,424
max3d_pro,00310,second,Giải Nhì,3,537
max3d_pro,00310,second,Giải Nhì,4,571
max3d_pro,00310,second,Giải Nhì,5,809
max3d_pro,00310,second,Giải Nhì,6,611
max3d_pro,00310,third,Giải Ba,1,813
max3d_pro,00310,third,Giải Ba,2,990
max3d_pro,00310,third,Giải Ba,3,019
max3d_pro,00310,third,Giải Ba,4,078
max3d_pro,00310,third,Giải Ba,5,708
max3d_pro,00310,third,Giải Ba,6,986
max3d_pro,00310,third,Giải Ba,7,159
max3d_pro,00310,third,Giải Ba,8,734
max3d_pro,00311,special,Giải Đặc biệt,1,716
max3d_pro,00311,special,Giải Đặc biệt,2,304
max3d_pro,00311,first,Giải Nhất,1,149
max3d_pro,00311,first,Giải Nhất,2,190
max3d_pro,00311,first,Giải Nhất,3,573
max3d_pro,00311,first,Giải Nhất,4,047
max3d_pro,00311,second,Giải Nhì,1,722
max3d_pro,00311,second,Giải Nhì,2,977
max3d_pro,00311,second,Giải Nhì,3,303
max3d_pro,00311,second,Giải Nhì,4,655
max3d_pro,00311,second,Giải Nhì,5,194
max3d_pro,00311,second,Giải Nhì,6,791
max3d_pro,00311,third,Giải Ba,1,722
max3d_pro,00311,third,Giải Ba,2,634
max3d_pro,00311,third,Giải Ba,3,272
max3d_pro,00311,third,Giải Ba,4,429
max3d_pro,00311,third,Giải Ba,5,291
max3d_pro,00311,third,Giải Ba,6,144
max3d_pro,00311,third,Giải Ba,7,416
max3d_pro,00311,third,Giải Ba,8,979
max3d_pro,00312,special,Giải Đặc biệt,1,853
max3d_pro,00312,special,Giải Đặc biệt,2,466
max3d_pro,00312,first,Giải Nhất,1,712
max3d_pro,00312,first,Giải Nhất,2,599
max3d_pro,00312,first,Giải Nhất,3,854
max3d_pro,00312,first,Giải Nhất,4,688
max3d_pro,00312,second,Giải Nhì,1,942
max3d_pro,00312,second,Giải Nhì,2,505
max3d_pro,00312,second,Giải Nhì,3,741
max3d_pro,00312,second,Giải Nhì,4,816
max3d_pro,00312,second,Giải Nhì,5,805
max3d_pro,00312,second,Giải Nhì,6,466
max3d_pro,00312,third,Giải Ba,1,439
max3d_pro,00312,third,Giải Ba,2,434
max3d_pro,00312,third,Giải Ba,3,573
max3d_pro,00312,third,Giải Ba,4,711
max3d_pro,00312,third,Giải Ba,5,965
max3d_pro,00312,third,Giải Ba,6,674
max3d_pro,00312,third,Giải Ba,7,242
max3d_pro,00312,third,Giải Ba,8,260
max3d_pro,00313,special,Giải Đặc biệt,1,955
max3d_pro,00313,special,Giải Đặc biệt,2,646
max3d_pro,00313,first,Giải Nhất,1,720
max3d_pro,00313,first,Giải Nhất,2,422
max3d_pro,00313,first,Giải Nhất,3,088
max3d_pro,00313,first,Giải Nhất,4,216
max3d_pro,00313,second,Giải Nhì,1,089
max3d_pro,00313,second,Giải Nhì,2,102
max3d_pro,00313,second,Giải Nhì,3,884
max3d_pro,00313,second,Giải Nhì,4,868
max3d_pro,00313,second,Giải Nhì,5,885
max3d_pro,00313,second,Giải Nhì,6,812
max3d_pro,00313,third,Giải Ba,1,086
max3d_pro,00313,third,Giải Ba,2,597
max3d_pro,00313,third,Giải Ba,3,407
max3d_pro,00313,third,Giải Ba,4,480
max3d_pro,00313,third,Giải Ba,5,733
max3d_pro,00313,third,Giải Ba,6,662
max3d_pro,00313,third,Giải Ba,7,500
max3d_pro,00313,third,Giải Ba,8,442
max3d_pro,00314,special,Giải Đặc biệt,1,408
max3d_pro,00314,special,Giải Đặc biệt,2,535
max3d_pro,00314,first,Giải Nhất,1,770
max3d_pro,00314,first,Giải Nhất,2,675
max3d_pro,00314,first,Giải Nhất,3,831
max3d_pro,00314,first,Giải Nhất,4,097
max3d_pro,00314,second,Giải Nhì,1,802
max3d_pro,00314,second,Giải Nhì,2,965
max3d_pro,00314,second,Giải Nhì,3,890
max3d_pro,00314,second,Giải Nhì,4,776
max3d_pro,00314,second,Giải Nhì,5,239
max3d_pro,00314,second,Giải Nhì,6,585
max3d_pro,00314,third,Giải Ba,1,759
max3d_pro,00314,third,Giải Ba,2,497
max3d_pro,00314,third,Giải Ba,3,769
max3d_pro,00314,third,Giải Ba,4,282
max3d_pro,00314,third,Giải Ba,5,741
max3d_pro,00314,third,Giải Ba,6,907
max3d_pro,00314,third,Giải Ba,7,827
max3d_pro,00314,third,Giải Ba,8,334
max3d_pro,00315,special,Giải Đặc biệt,1,216
max3d_pro,00315,special,Giải Đặc biệt,2,145
max3d_pro,00315,first,Giải Nhất,1,881
max3d_pro,00315,first,Giải Nhất,2,992
max3d_pro,00315,first,Giải Nhất,3,026
max3d_pro,00315,first,Giải Nhất,4,968
max3d_pro,00315,second,Giải Nhì,1,863
max3d_pro,00315,second,Giải Nhì,2,418
max3d_pro,00315,second,Giải Nhì,3,758
max3d_pro,00315,second,Giải Nhì,4,008
max3d_pro,00315,second,Giải Nhì,5,754
max3d_pro,00315,second,Giải Nhì,6,901
max3d_pro,00315,third,Giải Ba,1,523
max3d_pro,00315,third,Giải Ba,2,346
max3d_pro,00315,third,Giải Ba,3,903
max3d_pro,00315,third,Giải Ba,4,201
max3d_pro,00315,third,Giải Ba,5,704
max3d_pro,00315,third,Giải Ba,6,543
max3d_pro,00315,third,Giải Ba,7,805
max3d_pro,00315,third,Giải Ba,8,091
max3d_pro,00316,special,Giải Đặc biệt,1,276
max3d_pro,00316,special,Giải Đặc biệt,2,623
max3d_pro,00316,first,Giải Nhất,1,419
max3d_pro,00316,first,Giải Nhất,2,598
max3d_pro,00316,first,Giải Nhất,3,365
max3d_pro,00316,first,Giải Nhất,4,551
max3d_pro,00316,second,Giải Nhì,1,310
max3d_pro,00316,second,Giải Nhì,2,701
max3d_pro,00316,second,Giải Nhì,3,329
max3d_pro,00316,second,Giải Nhì,4,986
max3d_pro,00316,second,Giải Nhì,5,570
max3d_pro,00316,second,Giải Nhì,6,351
max3d_pro,00316,third,Giải Ba,1,569
max3d_pro,00316,third,Giải Ba,2,006
max3d_pro,00316,third,Giải Ba,3,646
max3d_pro,00316,third,Giải Ba,4,084
max3d_pro,00316,third,Giải Ba,5,373
max3d_pro,00316,third,Giải Ba,6,132
max3d_pro,00316,third,Giải Ba,7,356
max3d_pro,00316,third,Giải Ba,8,385
max3d_pro,00317,special,Giải Đặc biệt,1,349
max3d_pro,00317,special,Giải Đặc biệt,2,334
max3d_pro,00317,first,Giải Nhất,1,654
max3d_pro,00317,first,Giải Nhất,2,636
max3d_pro,00317,first,Giải Nhất,3,956
max3d_pro,00317,first,Giải Nhất,4,281
max3d_pro,00317,second,Giải Nhì,1,204
max3d_pro,00317,second,Giải Nhì,2,663
max3d_pro,00317,second,Giải Nhì,3,345
max3d_pro,00317,second,Giải Nhì,4,424
max3d_pro,00317,second,Giải Nhì,5,467
max3d_pro,00317,second,Giải Nhì,6,976
max3d_pro,00317,third,Giải Ba,1,162
max3d_pro,00317,third,Giải Ba,2,596
max3d_pro,00317,third,Giải Ba,3,330
max3d_pro,00317,third,Giải Ba,4,304
max3d_pro,00317,third,Giải Ba,5,106
max3d_pro,00317,third,Giải Ba,6,344
max3d_pro,00317,third,Giải Ba,7,814
max3d_pro,00317,third,Giải Ba,8,473
max3d_pro,00318,special,Giải Đặc biệt,1,912
max3d_pro,00318,special,Giải Đặc biệt,2,737
max3d_pro,00318,first,Giải Nhất,1,871
max3d_pro,00318,first,Giải Nhất,2,811
max3d_pro,00318,first,Giải Nhất,3,641
max3d_pro,00318,first,Giải Nhất,4,618
max3d_pro,00318,second,Giải Nhì,1,987
max3d_pro,00318,second,Giải Nhì,2,350
max3d_pro,00318,second,Giải Nhì,3,747
max3d_pro,00318,second,Giải Nhì,4,083
max3d_pro,00318,second,Giải Nhì,5,825
max3d_pro,00318,second,Giải Nhì,6,846
max3d_pro,00318,third,Giải Ba,1,222
max3d_pro,00318,third,Giải Ba,2,263
max3d_pro,00318,third,Giải Ba,3,567
max3d_pro,00318,third,Giải Ba,4,804
max3d_pro,00318,third,Giải Ba,5,309
max3d_pro,00318,third,Giải Ba,6,798
max3d_pro,00318,third,Giải Ba,7,566
max3d_pro,00318,third,Giải Ba,8,183
max3d_pro,00319,special,Giải Đặc biệt,1,547
max3d_pro,00319,special,Giải Đặc biệt,2,183
max3d_pro,00319,first,Giải Nhất,1,160
max3d_pro,00319,first,Giải Nhất,2,781
max3d_pro,00319,first,Giải Nhất,3,005
max3d_pro,00319,first,Giải Nhất,4,243
max3d_pro,00319,second,Giải Nhì,1,190
max3d_pro,00319,second,Giải Nhì,2,573
max3d_pro,00319,second,Giải Nhì,3,151
max3d_pro,00319,second,Giải Nhì,4,063
max3d_pro,00319,second,Giải Nhì,5,498
max3d_pro,00319,second,Giải Nhì,6,634
max3d_pro,00319,third,Giải Ba,1,817
max3d_pro,00319,third,Giải Ba,2,142
max3d_pro,00319,third,Giải Ba,3,727
max3d_pro,00319,third,Giải Ba,4,096
max3d_pro,00319,third,Giải Ba,5,058
max3d_pro,00319,third,Giải Ba,6,186
max3d_pro,00319,third,Giải Ba,7,038
max3d_pro,00319,third,Giải Ba,8,925
max3d_pro,00320,special,Giải Đặc biệt,1,321
max3d_pro,00320,special,Giải Đặc biệt,2,944
max3d_pro,00320,first,Giải Nhất,1,346
max3d_pro,00320,first,Giải Nhất,2,470
max3d_pro,00320,first,Giải Nhất,3,680
max3d_pro,00320,first,Giải Nhất,4,385
max3d_pro,00320,second,Giải Nhì,1,115
max3d_pro,00320,second,Giải Nhì,2,003
max3d_pro,00320,second,Giải Nhì,3,566
max3d_pro,00320,second,Giải Nhì,4,859
max3d_pro,00320,second,Giải Nhì,5,162
max3d_pro,00320,second,Giải Nhì,6,755
max3d_pro,00320,third,Giải Ba,1,018
max3d_pro,00320,third,Giải Ba,2,776
max3d_pro,00320,third,Giải Ba,3,745
max3d_pro,00320,third,Giải Ba,4,576
max3d_pro,00320,third,Giải Ba,5,577
max3d_pro,00320,third,Giải Ba,6,839
max3d_pro,00320,third,Giải Ba,7,201
max3d_pro,00320,third,Giải Ba,8,593
max3d_pro,00321,special,Giải Đặc biệt,1,416
max3d_pro,00321,special,Giải Đặc biệt,2,406
max3d_pro,00321,first,Giải Nhất,1,526
max3d_pro,00321,first,Giải Nhất,2,474
max3d_pro,00321,first,Giải Nhất,3,913
max3d_pro,00321,first,Giải Nhất,4,646
max3d_pro,00321,second,Giải Nhì,1,494
max3d_pro,00321,second,Giải Nhì,2,876
max3d_pro,00321,second,Giải Nhì,3,392
max3d_pro,00321,second,Giải Nhì,4,197
max3d_pro,00321,second,Giải Nhì,5,787
max3d_pro,00321,second,Giải Nhì,6,356
max3d_pro,00321,third,Giải Ba,1,917
max3d_pro,00321,third,Giải Ba,2,028
max3d_pro,00321,third,Giải Ba,3,172
max3d_pro,00321,third,Giải Ba,4,184
max3d_pro,00321,third,Giải Ba,5,765
max3d_pro,00321,third,Giải Ba,6,244
max3d_pro,00321,third,Giải Ba,7,039
max3d_pro,00321,third,Giải Ba,8,254
max3d_pro,00322,special,Giải Đặc biệt,1,482
max3d_pro,00322,special,Giải Đặc biệt,2,091
max3d_pro,00322,first,Giải Nhất,1,456
max3d_pro,00322,first,Giải Nhất,2,242
max3d_pro,00322,first,Giải Nhất,3,147
max3d_pro,00322,first,Giải Nhất,4,455
max3d_pro,00322,second,Giải Nhì,1,573
max3d_pro,00322,second,Giải Nhì,2,605
max3d_pro,00322,second,Giải Nhì,3,618
max3d_pro,00322,second,Giải Nhì,4,044
max3d_pro,00322,second,Giải Nhì,5,206
max3d_pro,00322,second,Giải Nhì,6,788
max3d_pro,00322,third,Giải Ba,1,573
max3d_pro,00322,third,Giải Ba,2,256
max3d_pro,00322,third,Giải Ba,3,682
max3d_pro,00322,third,Giải Ba,4,946
max3d_pro,00322,third,Giải Ba,5,216
max3d_pro,00322,third,Giải Ba,6,755
max3d_pro,00322,third,Giải Ba,7,603
max3d_pro,00322,third,Giải Ba,8,198
max3d_pro,00323,special,Giải Đặc biệt,1,884
max3d_pro,00323,special,Giải Đặc biệt,2,242
max3d_pro,00323,first,Giải Nhất,1,338
max3d_pro,00323,first,Giải Nhất,2,455
max3d_pro,00323,first,Giải Nhất,3,069
max3d_pro,00323,first,Giải Nhất,4,442
max3d_pro,00323,second,Giải Nhì,1,466
max3d_pro,00323,second,Giải Nhì,2,622
max3d_pro,00323,second,Giải Nhì,3,249
max3d_pro,00323,second,Giải Nhì,4,075
max3d_pro,00323,second,Giải Nhì,5,744
max3d_pro,00323,second,Giải Nhì,6,321
max3d_pro,00323,third,Giải Ba,1,834
max3d_pro,00323,third,Giải Ba,2,467
max3d_pro,00323,third,Giải Ba,3,723
max3d_pro,00323,third,Giải Ba,4,386
max3d_pro,00323,third,Giải Ba,5,214
max3d_pro,00323,third,Giải Ba,6,603
max3d_pro,00323,third,Giải Ba,7,746
max3d_pro,00323,third,Giải Ba,8,671
max3d_pro,00324,special,Giải Đặc biệt,1,039
max3d_pro,00324,special,Giải Đặc biệt,2,748
max3d_pro,00324,first,Giải Nhất,1,140
max3d_pro,00324,first,Giải Nhất,2,413
max3d_pro,00324,first,Giải Nhất,3,173
max3d_pro,00324,first,Giải Nhất,4,357
max3d_pro,00324,second,Giải Nhì,1,746
max3d_pro,00324,second,Giải Nhì,2,324
max3d_pro,00324,second,Giải Nhì,3,985
max3d_pro,00324,second,Giải Nhì,4,122
max3d_pro,00324,second,Giải Nhì,5,389
max3d_pro,00324,second,Giải Nhì,6,389
max3d_pro,00324,third,Giải Ba,1,852
max3d_pro,00324,third,Giải Ba,2,410
max3d_pro,00324,third,Giải Ba,3,631
max3d_pro,00324,third,Giải Ba,4,594
max3d_pro,00324,third,Giải Ba,5,138
max3d_pro,00324,third,Giải Ba,6,585
max3d_pro,00324,third,Giải Ba,7,412
max3d_pro,00324,third,Giải Ba,8,706
max3d_pro,00325,special,Giải Đặc biệt,1,468
max3d_pro,00325,special,Giải Đặc biệt,2,496
max3d_pro,00325,first,Giải Nhất,1,512
max3d_pro,00325,first,Giải Nhất,2,820
max3d_pro,00325,first,Giải Nhất,3,328
max3d_pro,00325,first,Giải Nhất,4,913
max3d_pro,00325,second,Giải Nhì,1,022
max3d_pro,00325,second,Giải Nhì,2,161
max3d_pro,00325,second,Giải Nhì,3,074
max3d_pro,00325,second,Giải Nhì,4,072
max3d_pro,00325,second,Giải Nhì,5,329
max3d_pro,00325,second,Giải Nhì,6,019
max3d_pro,00325,third,Giải Ba,1,263
max3d_pro,00325,third,Giải Ba,2,793
max3d_pro,00325,third,Giải Ba,3,508
max3d_pro,00325,third,Giải Ba,4,770
max3d_pro,00325,third,Giải Ba,5,313
max3d_pro,00325,third,Giải Ba,6,892
max3d_pro,00325,third,Giải Ba,7,896
max3d_pro,00325,third,Giải Ba,8,894
max3d_pro,00326,special,Giải Đặc biệt,1,532
max3d_pro,00326,special,Giải Đặc biệt,2,085
max3d_pro,00326,first,Giải Nhất,1,615
max3d_pro,00326,first,Giải Nhất,2,065
max3d_pro,00326,first,Giải Nhất,3,555
max3d_pro,00326,first,Giải Nhất,4,937
max3d_pro,00326,second,Giải Nhì,1,721
max3d_pro,00326,second,Giải Nhì,2,703
max3d_pro,00326,second,Giải Nhì,3,902
max3d_pro,00326,second,Giải Nhì,4,843
max3d_pro,00326,second,Giải Nhì,5,209
max3d_pro,00326,second,Giải Nhì,6,352
max3d_pro,00326,third,Giải Ba,1,151
max3d_pro,00326,third,Giải Ba,2,397
max3d_pro,00326,third,Giải Ba,3,718
max3d_pro,00326,third,Giải Ba,4,306
max3d_pro,00326,third,Giải Ba,5,017
max3d_pro,00326,third,Giải Ba,6,457
max3d_pro,00326,third,Giải Ba,7,760
max3d_pro,00326,third,Giải Ba,8,194
max3d_pro,00327,special,Giải Đặc biệt,1,798
max3d_pro,00327,special,Giải Đặc biệt,2,969
max3d_pro,00327,first,Giải Nhất,1,565
max3d_pro,00327,first,Giải Nhất,2,207
max3d_pro,00327,first,Giải Nhất,3,289
max3d_pro,00327,first,Giải Nhất,4,051
max3d_pro,00327,second,Giải Nhì,1,633
max3d_pro,00327,second,Giải Nhì,2,023
max3d_pro,00327,second,Giải Nhì,3,200
max3d_pro,00327,second,Giải Nhì,4,041
max3d_pro,00327,second,Giải Nhì,5,117
max3d_pro,00327,second,Giải Nhì,6,169
max3d_pro,00327,third,Giải Ba,1,557
max3d_pro,00327,third,Giải Ba,2,540
max3d_pro,00327,third,Giải Ba,3,956
max3d_pro,00327,third,Giải Ba,4,003
max3d_pro,00327,third,Giải Ba,5,343
max3d_pro,00327,third,Giải Ba,6,614
max3d_pro,00327,third,Giải Ba,7,136
max3d_pro,00327,third,Giải Ba,8,962
max3d_pro,00328,special,Giải Đặc biệt,1,555
max3d_pro,00328,special,Giải Đặc biệt,2,416
max3d_pro,00328,first,Giải Nhất,1,806
max3d_pro,00328,first,Giải Nhất,2,914
max3d_pro,00328,first,Giải Nhất,3,343
max3d_pro,00328,first,Giải Nhất,4,912
max3d_pro,00328,second,Giải Nhì,1,679
max3d_pro,00328,second,Giải Nhì,2,794
max3d_pro,00328,second,Giải Nhì,3,212
max3d_pro,00328,second,Giải Nhì,4,064
max3d_pro,00328,second,Giải Nhì,5,233
max3d_pro,00328,second,Giải Nhì,6,215
max3d_pro,00328,third,Giải Ba,1,409
max3d_pro,00328,third,Giải Ba,2,729
max3d_pro,00328,third,Giải Ba,3,555
max3d_pro,00328,third,Giải Ba,4,448
max3d_pro,00328,third,Giải Ba,5,970
max3d_pro,00328,third,Giải Ba,6,651
max3d_pro,00328,third,Giải Ba,7,446
max3d_pro,00328,third,Giải Ba,8,602
max3d_pro,00329,special,Giải Đặc biệt,1,688
max3d_pro,00329,special,Giải Đặc biệt,2,103
max3d_pro,00329,first,Giải Nhất,1,016
max3d_pro,00329,first,Giải Nhất,2,412
max3d_pro,00329,first,Giải Nhất,3,342
max3d_pro,00329,first,Giải Nhất,4,449
max3d_pro,00329,second,Giải Nhì,1,017
max3d_pro,00329,second,Giải Nhì,2,724
max3d_pro,00329,second,Giải Nhì,3,001
max3d_pro,00329,second,Giải Nhì,4,518
max3d_pro,00329,second,Giải Nhì,5,230
max3d_pro,00329,second,Giải Nhì,6,098
max3d_pro,00329,third,Giải Ba,1,603
max3d_pro,00329,third,Giải Ba,2,164
max3d_pro,00329,third,Giải Ba,3,795
max3d_pro,00329,third,Giải Ba,4,025
max3d_pro,00329,third,Giải Ba,5,803
max3d_pro,00329,third,Giải Ba,6,792
max3d_pro,00329,third,Giải Ba,7,467
max3d_pro,00329,third,Giải Ba,8,176
max3d_pro,00330,special,Giải Đặc biệt,1,053
max3d_pro,00330,special,Giải Đặc biệt,2,695
max3d_pro,00330,first,Giải Nhất,1,554
max3d_pro,00330,first,Giải Nhất,2,798
max3d_pro,00330,first,Giải Nhất,3,415
max3d_pro,00330,first,Giải Nhất,4,614
max3d_pro,00330,second,Giải Nhì,1,665
max3d_pro,00330,second,Giải Nhì,2,933
max3d_pro,00330,second,Giải Nhì,3,261
max3d_pro,00330,second,Giải Nhì,4,476
max3d_pro,00330,second,Giải Nhì,5,991
max3d_pro,00330,second,Giải Nhì,6,802
max3d_pro,00330,third,Giải Ba,1,127
max3d_pro,00330,third,Giải Ba,2,524
max3d_pro,00330,third,Giải Ba,3,035
max3d_pro,00330,third,Giải Ba,4,276
max3d_pro,00330,third,Giải Ba,5,755
max3d_pro,00330,third,Giải Ba,6,637
max3d_pro,00330,third,Giải Ba,7,408
max3d_pro,00330,third,Giải Ba,8,587
max3d_pro,00331,special,Giải Đặc biệt,1,241
max3d_pro,00331,special,Giải Đặc biệt,2,544
max3d_pro,00331,first,Giải Nhất,1,174
max3d_pro,00331,first,Giải Nhất,2,125
max3d_pro,00331,first,Giải Nhất,3,147
max3d_pro,00331,first,Giải Nhất,4,875
max3d_pro,00331,second,Giải Nhì,1,893
max3d_pro,00331,second,Giải Nhì,2,004
max3d_pro,00331,second,Giải Nhì,3,393
max3d_pro,00331,second,Giải Nhì,4,605
max3d_pro,00331,second,Giải Nhì,5,561
max3d_pro,00331,second,Giải Nhì,6,995
max3d_pro,00331,third,Giải Ba,1,677
max3d_pro,00331,third,Giải Ba,2,922
max3d_pro,00331,third,Giải Ba,3,102
max3d_pro,00331,third,Giải Ba,4,130
max3d_pro,00331,third,Giải Ba,5,981
max3d_pro,00331,third,Giải Ba,6,534
max3d_pro,00331,third,Giải Ba,7,139
max3d_pro,00331,third,Giải Ba,8,886
max3d_pro,00332,special,Giải Đặc biệt,1,290
max3d_pro,00332,special,Giải Đặc biệt,2,170
max3d_pro,00332,first,Giải Nhất,1,582
max3d_pro,00332,first,Giải Nhất,2,026
max3d_pro,00332,first,Giải Nhất,3,637
max3d_pro,00332,first,Giải Nhất,4,144
max3d_pro,00332,second,Giải Nhì,1,865
max3d_pro,00332,second,Giải Nhì,2,801
max3d_pro,00332,second,Giải Nhì,3,846
max3d_pro,00332,second,Giải Nhì,4,963
max3d_pro,00332,second,Giải Nhì,5,687
max3d_pro,00332,second,Giải Nhì,6,441
max3d_pro,00332,third,Giải Ba,1,010
max3d_pro,00332,third,Giải Ba,2,783
max3d_pro,00332,third,Giải Ba,3,631
max3d_pro,00332,third,Giải Ba,4,571
max3d_pro,00332,third,Giải Ba,5,531
max3d_pro,00332,third,Giải Ba,6,561
max3d_pro,00332,third,Giải Ba,7,680
max3d_pro,00332,third,Giải Ba,8,534
max3d_pro,00333,special,Giải Đặc biệt,1,880
max3d_pro,00333,special,Giải Đặc biệt,2,240
max3d_pro,00333,first,Giải Nhất,1,014
max3d_pro,00333,first,Giải Nhất,2,175
max3d_pro,00333,first,Giải Nhất,3,561
max3d_pro,00333,first,Giải Nhất,4,624
max3d_pro,00333,second,Giải Nhì,1,858
max3d_pro,00333,second,Giải Nhì,2,634
max3d_pro,00333,second,Giải Nhì,3,987
max3d_pro,00333,second,Giải Nhì,4,725
max3d_pro,00333,second,Giải Nhì,5,116
max3d_pro,00333,second,Giải Nhì,6,059
max3d_pro,00333,third,Giải Ba,1,092
max3d_pro,00333,third,Giải Ba,2,658
max3d_pro,00333,third,Giải Ba,3,381
max3d_pro,00333,third,Giải Ba,4,920
max3d_pro,00333,third,Giải Ba,5,286
max3d_pro,00333,third,Giải Ba,6,127
max3d_pro,00333,third,Giải Ba,7,905
max3d_pro,00333,third,Giải Ba,8,174
max3d_pro,00334,special,Giải Đặc biệt,1,821
max3d_pro,00334,special,Giải Đặc biệt,2,583
max3d_pro,00334,first,Giải Nhất,1,795
max3d_pro,00334,first,Giải Nhất,2,690
max3d_pro,00334,first,Giải Nhất,3,776
max3d_pro,00334,first,Giải Nhất,4,135
max3d_pro,00334,second,Giải Nhì,1,127
max3d_pro,00334,second,Giải Nhì,2,849
max3d_pro,00334,second,Giải Nhì,3,272
max3d_pro,00334,second,Giải Nhì,4,842
max3d_pro,00334,second,Giải Nhì,5,496
max3d_pro,00334,second,Giải Nhì,6,018
max3d_pro,00334,third,Giải Ba,1,045
max3d_pro,00334,third,Giải Ba,2,071
max3d_pro,00334,third,Giải Ba,3,513
max3d_pro,00334,third,Giải Ba,4,368
max3d_pro,00334,third,Giải Ba,5,605
max3d_pro,00334,third,Giải Ba,6,417
max3d_pro,00334,third,Giải Ba,7,410
max3d_pro,00334,third,Giải Ba,8,251
max3d_pro,00335,special,Giải Đặc biệt,1,241
max3d_pro,00335,special,Giải Đặc biệt,2,810
max3d_pro,00335,first,Giải Nhất,1,785
max3d_pro,00335,first,Giải Nhất,2,240
max3d_pro,00335,first,Giải Nhất,3,672
max3d_pro,00335,first,Giải Nhất,4,336
max3d_pro,00335,second,Giải Nhì,1,311
max3d_pro,00335,second,Giải Nhì,2,341
max3d_pro,00335,second,Giải Nhì,3,946
max3d_pro,00335,second,Giải Nhì,4,487
max3d_pro,00335,second,Giải Nhì,5,735
max3d_pro,00335,second,Giải Nhì,6,483
max3d_pro,00335,third,Giải Ba,1,406
max3d_pro,00335,third,Giải Ba,2,335
max3d_pro,00335,third,Giải Ba,3,759
max3d_pro,00335,third,Giải Ba,4,920
max3d_pro,00335,third,Giải Ba,5,733
max3d_pro,00335,third,Giải Ba,6,310
max3d_pro,00335,third,Giải Ba,7,682
max3d_pro,00335,third,Giải Ba,8,426
max3d_pro,00336,special,Giải Đặc biệt,1,799
max3d_pro,00336,special,Giải Đặc biệt,2,920
max3d_pro,00336,first,Giải Nhất,1,919
max3d_pro,00336,first,Giải Nhất,2,319
max3d_pro,00336,first,Giải Nhất,3,093
max3d_pro,00336,first,Giải Nhất,4,087
max3d_pro,00336,second,Giải Nhì,1,066
max3d_pro,00336,second,Giải Nhì,2,513
max3d_pro,00336,second,Giải Nhì,3,854
max3d_pro,00336,second,Giải Nhì,4,199
max3d_pro,00336,second,Giải Nhì,5,188
max3d_pro,00336,second,Giải Nhì,6,128
max3d_pro,00336,third,Giải Ba,1,780
max3d_pro,00336,third,Giải Ba,2,619
max3d_pro,00336,third,Giải Ba,3,882
max3d_pro,00336,third,Giải Ba,4,262
max3d_pro,00336,third,Giải Ba,5,110
max3d_pro,00336,third,Giải Ba,6,864
max3d_pro,00336,third,Giải Ba,7,188
max3d_pro,00336,third,Giải Ba,8,121
max3d_pro,00337,special,Giải Đặc biệt,1,116
max3d_pro,00337,special,Giải Đặc biệt,2,520
max3d_pro,00337,first,Giải Nhất,1,018
max3d_pro,00337,first,Giải Nhất,2,907
max3d_pro,00337,first,Giải Nhất,3,136
max3d_pro,00337,first,Giải Nhất,4,883
max3d_pro,00337,second,Giải Nhì,1,554
max3d_pro,00337,second,Giải Nhì,2,008
max3d_pro,00337,second,Giải Nhì,3,997
max3d_pro,00337,second,Giải Nhì,4,157
max3d_pro,00337,second,Giải Nhì,5,970
max3d_pro,00337,second,Giải Nhì,6,587
max3d_pro,00337,third,Giải Ba,1,034
max3d_pro,00337,third,Giải Ba,2,552
max3d_pro,00337,third,Giải Ba,3,863
max3d_pro,00337,third,Giải Ba,4,930
max3d_pro,00337,third,Giải Ba,5,275
max3d_pro,00337,third,Giải Ba,6,359
max3d_pro,00337,third,Giải Ba,7,340
max3d_pro,00337,third,Giải Ba,8,139
max3d_pro,00338,special,Giải Đặc biệt,1,943
max3d_pro,00338,special,Giải Đặc biệt,2,380
max3d_pro,00338,first,Giải Nhất,1,874
max3d_pro,00338,first,Giải Nhất,2,872
max3d_pro,00338,first,Giải Nhất,3,296
max3d_pro,00338,first,Giải Nhất,4,359
max3d_pro,00338,second,Giải Nhì,1,465
max3d_pro,00338,second,Giải Nhì,2,605
max3d_pro,00338,second,Giải Nhì,3,158
max3d_pro,00338,second,Giải Nhì,4,454
max3d_pro,00338,second,Giải Nhì,5,271
max3d_pro,00338,second,Giải Nhì,6,555
max3d_pro,00338,third,Giải Ba,1,560
max3d_pro,00338,third,Giải Ba,2,943
max3d_pro,00338,third,Giải Ba,3,212
max3d_pro,00338,third,Giải Ba,4,420
max3d_pro,00338,third,Giải Ba,5,394
max3d_pro,00338,third,Giải Ba,6,417
max3d_pro,00338,third,Giải Ba,7,896
max3d_pro,00338,third,Giải Ba,8,714
max3d_pro,00339,special,Giải Đặc biệt,1,373
max3d_pro,00339,special,Giải Đặc biệt,2,044
max3d_pro,00339,first,Giải Nhất,1,456
max3d_pro,00339,first,Giải Nhất,2,253
max3d_pro,00339,first,Giải Nhất,3,270
max3d_pro,00339,first,Giải Nhất,4,876
max3d_pro,00339,second,Giải Nhì,1,728
max3d_pro,00339,second,Giải Nhì,2,306
max3d_pro,00339,second,Giải Nhì,3,136
max3d_pro,00339,second,Giải Nhì,4,417
max3d_pro,00339,second,Giải Nhì,5,172
max3d_pro,00339,second,Giải Nhì,6,688
max3d_pro,00339,third,Giải Ba,1,722
max3d_pro,00339,third,Giải Ba,2,563
max3d_pro,00339,third,Giải Ba,3,424
max3d_pro,00339,third,Giải Ba,4,197
max3d_pro,00339,third,Giải Ba,5,197
max3d_pro,00339,third,Giải Ba,6,617
max3d_pro,00339,third,Giải Ba,7,920
max3d_pro,00339,third,Giải Ba,8,641
max3d_pro,00340,special,Giải Đặc biệt,1,522
max3d_pro,00340,special,Giải Đặc biệt,2,050
max3d_pro,00340,first,Giải Nhất,1,447
max3d_pro,00340,first,Giải Nhất,2,250
max3d_pro,00340,first,Giải Nhất,3,702
max3d_pro,00340,first,Giải Nhất,4,798
max3d_pro,00340,second,Giải Nhì,1,485
max3d_pro,00340,second,Giải Nhì,2,088
max3d_pro,00340,second,Giải Nhì,3,103
max3d_pro,00340,second,Giải Nhì,4,599
max3d_pro,00340,second,Giải Nhì,5,345
max3d_pro,00340,second,Giải Nhì,6,090
max3d_pro,00340,third,Giải Ba,1,207
max3d_pro,00340,third,Giải Ba,2,414
max3d_pro,00340,third,Giải Ba,3,779
max3d_pro,00340,third,Giải Ba,4,129
max3d_pro,00340,third,Giải Ba,5,187
max3d_pro,00340,third,Giải Ba,6,024
max3d_pro,00340,third,Giải Ba,7,493
max3d_pro,00340,third,Giải Ba,8,765
max3d_pro,00341,special,Giải Đặc biệt,1,563
max3d_pro,00341,special,Giải Đặc biệt,2,922
max3d_pro,00341,first,Giải Nhất,1,042
max3d_pro,00341,first,Giải Nhất,2,574
max3d_pro,00341,first,Giải Nhất,3,064
max3d_pro,00341,first,Giải Nhất,4,598
max3d_pro,00341,second,Giải Nhì,1,805
max3d_pro,00341,second,Giải Nhì,2,659
max3d_pro,00341,second,Giải Nhì,3,163
max3d_pro,00341,second,Giải Nhì,4,125
max3d_pro,00341,second,Giải Nhì,5,940
max3d_pro,00341,second,Giải Nhì,6,696
max3d_pro,00341,third,Giải Ba,1,678
max3d_pro,00341,third,Giải Ba,2,688
max3d_pro,00341,third,Giải Ba,3,000
max3d_pro,00341,third,Giải Ba,4,089
max3d_pro,00341,third,Giải Ba,5,186
max3d_pro,00341,third,Giải Ba,6,982
max3d_pro,00341,third,Giải Ba,7,793
max3d_pro,00341,third,Giải Ba,8,654
max3d_pro,00342,special,Giải Đặc biệt,1,473
max3d_pro,00342,special,Giải Đặc biệt,2,651
max3d_pro,00342,first,Giải Nhất,1,729
max3d_pro,00342,first,Giải Nhất,2,892
max3d_pro,00342,first,Giải Nhất,3,759
max3d_pro,00342,first,Giải Nhất,4,119
max3d_pro,00342,second,Giải Nhì,1,874
max3d_pro,00342,second,Giải Nhì,2,374
max3d_pro,00342,second,Giải Nhì,3,751
max3d_pro,00342,second,Giải Nhì,4,096
max3d_pro,00342,second,Giải Nhì,5,524
max3d_pro,00342,second,Giải Nhì,6,661
max3d_pro,00342,third,Giải Ba,1,590
max3d_pro,00342,third,Giải Ba,2,367
max3d_pro,00342,third,Giải Ba,3,059
max3d_pro,00342,third,Giải Ba,4,147
max3d_pro,00342,third,Giải Ba,5,714
max3d_pro,00342,third,Giải Ba,6,707
max3d_pro,00342,third,Giải Ba,7,220
max3d_pro,00342,third,Giải Ba,8,808
max3d_pro,00343,special,Giải Đặc biệt,1,330
max3d_pro,00343,special,Giải Đặc biệt,2,159
max3d_pro,00343,first,Giải Nhất,1,756
max3d_pro,00343,first,Giải Nhất,2,314
max3d_pro,00343,first,Giải Nhất,3,043
max3d_pro,00343,first,Giải Nhất,4,612
max3d_pro,00343,second,Giải Nhì,1,541
max3d_pro,00343,second,Giải Nhì,2,103
max3d_pro,00343,second,Giải Nhì,3,801
max3d_pro,00343,second,Giải Nhì,4,622
max3d_pro,00343,second,Giải Nhì,5,686
max3d_pro,00343,second,Giải Nhì,6,304
max3d_pro,00343,third,Giải Ba,1,436
max3d_pro,00343,third,Giải Ba,2,660
max3d_pro,00343,third,Giải Ba,3,579
max3d_pro,00343,third,Giải Ba,4,720
max3d_pro,00343,third,Giải Ba,5,087
max3d_pro,00343,third,Giải Ba,6,014
max3d_pro,00343,third,Giải Ba,7,589
max3d_pro,00343,third,Giải Ba,8,159
max3d_pro,00344,special,Giải Đặc biệt,1,965
max3d_pro,00344,special,Giải Đặc biệt,2,447
max3d_pro,00344,first,Giải Nhất,1,190
max3d_pro,00344,first,Giải Nhất,2,435
max3d_pro,00344,first,Giải Nhất,3,355
max3d_pro,00344,first,Giải Nhất,4,370
max3d_pro,00344,second,Giải Nhì,1,843
max3d_pro,00344,second,Giải Nhì,2,472
max3d_pro,00344,second,Giải Nhì,3,051
max3d_pro,00344,second,Giải Nhì,4,469
max3d_pro,00344,second,Giải Nhì,5,855
max3d_pro,00344,second,Giải Nhì,6,048
max3d_pro,00344,third,Giải Ba,1,303
max3d_pro,00344,third,Giải Ba,2,684
max3d_pro,00344,third,Giải Ba,3,316
max3d_pro,00344,third,Giải Ba,4,223
max3d_pro,00344,third,Giải Ba,5,692
max3d_pro,00344,third,Giải Ba,6,359
max3d_pro,00344,third,Giải Ba,7,484
max3d_pro,00344,third,Giải Ba,8,748
max3d_pro,00345,special,Giải Đặc biệt,1,167
max3d_pro,00345,special,Giải Đặc biệt,2,536
max3d_pro,00345,first,Giải Nhất,1,691
max3d_pro,00345,first,Giải Nhất,2,004
max3d_pro,00345,first,Giải Nhất,3,225
max3d_pro,00345,first,Giải Nhất,4,504
max3d_pro,00345,second,Giải Nhì,1,988
max3d_pro,00345,second,Giải Nhì,2,306
max3d_pro,00345,second,Giải Nhì,3,326
max3d_pro,00345,second,Giải Nhì,4,641
max3d_pro,00345,second,Giải Nhì,5,837
max3d_pro,00345,second,Giải Nhì,6,397
max3d_pro,00345,third,Giải Ba,1,732
max3d_pro,00345,third,Giải Ba,2,329
max3d_pro,00345,third,Giải Ba,3,505
max3d_pro,00345,third,Giải Ba,4,266
max3d_pro,00345,third,Giải Ba,5,233
max3d_pro,00345,third,Giải Ba,6,760
max3d_pro,00345,third,Giải Ba,7,206
max3d_pro,00345,third,Giải Ba,8,399
max3d_pro,00346,special,Giải Đặc biệt,1,775
max3d_pro,00346,special,Giải Đặc biệt,2,476
max3d_pro,00346,first,Giải Nhất,1,776
max3d_pro,00346,first,Giải Nhất,2,146
max3d_pro,00346,first,Giải Nhất,3,118
max3d_pro,00346,first,Giải Nhất,4,852
max3d_pro,00346,second,Giải Nhì,1,064
max3d_pro,00346,second,Giải Nhì,2,847
max3d_pro,00346,second,Giải Nhì,3,413
max3d_pro,00346,second,Giải Nhì,4,536
max3d_pro,00346,second,Giải Nhì,5,221
max3d_pro,00346,second,Giải Nhì,6,238
max3d_pro,00346,third,Giải Ba,1,912
max3d_pro,00346,third,Giải Ba,2,672
max3d_pro,00346,third,Giải Ba,3,819
max3d_pro,00346,third,Giải Ba,4,697
max3d_pro,00346,third,Giải Ba,5,506
max3d_pro,00346,third,Giải Ba,6,825
max3d_pro,00346,third,Giải Ba,7,492
max3d_pro,00346,third,Giải Ba,8,663
max3d_pro,00347,special,Giải Đặc biệt,1,080
max3d_pro,00347,special,Giải Đặc biệt,2,473
max3d_pro,00347,first,Giải Nhất,1,657
max3d_pro,00347,first,Giải Nhất,2,430
max3d_pro,00347,first,Giải Nhất,3,966
max3d_pro,00347,first,Giải Nhất,4,976
max3d_pro,00347,second,Giải Nhì,1,106
max3d_pro,00347,second,Giải Nhì,2,133
max3d_pro,00347,second,Giải Nhì,3,477
max3d_pro,00347,second,Giải Nhì,4,235
max3d_pro,00347,second,Giải Nhì,5,089
max3d_pro,00347,second,Giải Nhì,6,193
max3d_pro,00347,third,Giải Ba,1,134
max3d_pro,00347,third,Giải Ba,2,634
max3d_pro,00347,third,Giải Ba,3,822
max3d_pro,00347,third,Giải Ba,4,758
max3d_pro,00347,third,Giải Ba,5,903
max3d_pro,00347,third,Giải Ba,6,937
max3d_pro,00347,third,Giải Ba,7,730
max3d_pro,00347,third,Giải Ba,8,057
max3d_pro,00348,special,Giải Đặc biệt,1,053
max3d_pro,00348,special,Giải Đặc biệt,2,476
max3d_pro,00348,first,Giải Nhất,1,245
max3d_pro,00348,first,Giải Nhất,2,663
max3d_pro,00348,first,Giải Nhất,3,616
max3d_pro,00348,first,Giải Nhất,4,894
max3d_pro,00348,second,Giải Nhì,1,987
max3d_pro,00348,second,Giải Nhì,2,370
max3d_pro,00348,second,Giải Nhì,3,841
max3d_pro,00348,second,Giải Nhì,4,041
max3d_pro,00348,second,Giải Nhì,5,201
max3d_pro,00348,second,Giải Nhì,6,072
max3d_pro,00348,third,Giải Ba,1,463
max3d_pro,00348,third,Giải Ba,2,117
max3d_pro,00348,third,Giải Ba,3,553
max3d_pro,00348,third,Giải Ba,4,100
max3d_pro,00348,third,Giải Ba,5,591
max3d_pro,00348,third,Giải Ba,6,553
max3d_pro,00348,third,Giải Ba,7,792
max3d_pro,00348,third,Giải Ba,8,117
max3d_pro,00349,special,Giải Đặc biệt,1,210
max3d_pro,00349,special,Giải Đặc biệt,2,609
max3d_pro,00349,first,Giải Nhất,1,284
max3d_pro,00349,first,Giải Nhất,2,754
max3d_pro,00349,first,Giải Nhất,3,007
max3d_pro,00349,first,Giải Nhất,4,879
max3d_pro,00349,second,Giải Nhì,1,770
max3d_pro,00349,second,Giải Nhì,2,879
max3d_pro,00349,second,Giải Nhì,3,539
max3d_pro,00349,second,Giải Nhì,4,846
max3d_pro,00349,second,Giải Nhì,5,799
max3d_pro,00349,second,Giải Nhì,6,880
max3d_pro,00349,third,Giải Ba,1,384
max3d_pro,00349,third,Giải Ba,2,562
max3d_pro,00349,third,Giải Ba,3,213
max3d_pro,00349,third,Giải Ba,4,353
max3d_pro,00349,third,Giải Ba,5,385
max3d_pro,00349,third,Giải Ba,6,803
max3d_pro,00349,third,Giải Ba,7,157
max3d_pro,00349,third,Giải Ba,8,013
max3d_pro,00350,special,Giải Đặc biệt,1,116
max3d_pro,00350,special,Giải Đặc biệt,2,511
max3d_pro,00350,first,Giải Nhất,1,996
max3d_pro,00350,first,Giải Nhất,2,221
max3d_pro,00350,first,Giải Nhất,3,507
max3d_pro,00350,first,Giải Nhất,4,811
max3d_pro,00350,second,Giải Nhì,1,723
max3d_pro,00350,second,Giải Nhì,2,727
max3d_pro,00350,second,Giải Nhì,3,762
max3d_pro,00350,second,Giải Nhì,4,875
max3d_pro,00350,second,Giải Nhì,5,620
max3d_pro,00350,second,Giải Nhì,6,690
max3d_pro,00350,third,Giải Ba,1,175
max3d_pro,00350,third,Giải Ba,2,348
max3d_pro,00350,third,Giải Ba,3,948
max3d_pro,00350,third,Giải Ba,4,886
max3d_pro,00350,third,Giải Ba,5,802
max3d_pro,00350,third,Giải Ba,6,574
max3d_pro,00350,third,Giải Ba,7,857
max3d_pro,00350,third,Giải Ba,8,159
max3d_pro,00351,special,Giải Đặc biệt,1,460
max3d_pro,00351,special,Giải Đặc biệt,2,775
max3d_pro,00351,first,Giải Nhất,1,966
max3d_pro,00351,first,Giải Nhất,2,420
max3d_pro,00351,first,Giải Nhất,3,475
max3d_pro,00351,first,Giải Nhất,4,189
max3d_pro,00351,second,Giải Nhì,1,542
max3d_pro,00351,second,Giải Nhì,2,078
max3d_pro,00351,second,Giải Nhì,3,296
max3d_pro,00351,second,Giải Nhì,4,233
max3d_pro,00351,second,Giải Nhì,5,604
max3d_pro,00351,second,Giải Nhì,6,979
max3d_pro,00351,third,Giải Ba,1,734
max3d_pro,00351,third,Giải Ba,2,120
max3d_pro,00351,third,Giải Ba,3,765
max3d_pro,00351,third,Giải Ba,4,810
max3d_pro,00351,third,Giải Ba,5,661
max3d_pro,00351,third,Giải Ba,6,060
max3d_pro,00351,third,Giải Ba,7,294
max3d_pro,00351,third,Giải Ba,8,028
max3d_pro,00352,special,Giải Đặc biệt,1,545
max3d_pro,00352,special,Giải Đặc biệt,2,010
max3d_pro,00352,first,Giải Nhất,1,855
max3d_pro,00352,first,Giải Nhất,2,039
max3d_pro,00352,first,Giải Nhất,3,563
max3d_pro,00352,first,Giải Nhất,4,064
max3d_pro,00352,second,Giải Nhì,1,083
max3d_pro,00352,second,Giải Nhì,2,512
max3d_pro,00352,second,Giải Nhì,3,630
max3d_pro,00352,second,Giải Nhì,4,061
max3d_pro,00352,second,Giải Nhì,5,976
max3d_pro,00352,second,Giải Nhì,6,051
max3d_pro,00352,third,Giải Ba,1,654
max3d_pro,00352,third,Giải Ba,2,627
max3d_pro,00352,third,Giải Ba,3,493
max3d_pro,00352,third,Giải Ba,4,777
max3d_pro,00352,third,Giải Ba,5,544
max3d_pro,00352,third,Giải Ba,6,523
max3d_pro,00352,third,Giải Ba,7,783
max3d_pro,00352,third,Giải Ba,8,186
max3d_pro,00353,special,Giải Đặc biệt,1,657
max3d_pro,00353,special,Giải Đặc biệt,2,987
max3d_pro,00353,first,Giải Nhất,1,675
max3d_pro,00353,first,Giải Nhất,2,960
max3d_pro,00353,first,Giải Nhất,3,523
max3d_pro,00353,first,Giải Nhất,4,637
max3d_pro,00353,second,Giải Nhì,1,210
max3d_pro,00353,second,Giải Nhì,2,615
max3d_pro,00353,second,Giải Nhì,3,291
max3d_pro,00353,second,Giải Nhì,4,199
max3d_pro,00353,second,Giải Nhì,5,307
max3d_pro,00353,second,Giải Nhì,6,814
max3d_pro,00353,third,Giải Ba,1,550
max3d_pro,00353,third,Giải Ba,2,425
max3d_pro,00353,third,Giải Ba,3,272
max3d_pro,00353,third,Giải Ba,4,443
max3d_pro,00353,third,Giải Ba,5,877
max3d_pro,00353,third,Giải Ba,6,629
max3d_pro,00353,third,Giải Ba,7,563
max3d_pro,00353,third,Giải Ba,8,636
max3d_pro,00354,special,Giải Đặc biệt,1,075
max3d_pro,00354,special,Giải Đặc biệt,2,046
max3d_pro,00354,first,Giải Nhất,1,083
max3d_pro,00354,first,Giải Nhất,2,212
max3d_pro,00354,first,Giải Nhất,3,200
max3d_pro,00354,first,Giải Nhất,4,955
max3d_pro,00354,second,Giải Nhì,1,485
max3d_pro,00354,second,Giải Nhì,2,514
max3d_pro,00354,second,Giải Nhì,3,595
max3d_pro,00354,second,Giải Nhì,4,213
max3d_pro,00354,second,Giải Nhì,5,496
max3d_pro,00354,second,Giải Nhì,6,165
max3d_pro,00354,third,Giải Ba,1,519
max3d_pro,00354,third,Giải Ba,2,143
max3d_pro,00354,third,Giải Ba,3,576
max3d_pro,00354,third,Giải Ba,4,493
max3d_pro,00354,third,Giải Ba,5,768
max3d_pro,00354,third,Giải Ba,6,312
max3d_pro,00354,third,Giải Ba,7,390
max3d_pro,00354,third,Giải Ba,8,013
max3d_pro,00355,special,Giải Đặc biệt,1,326
max3d_pro,00355,special,Giải Đặc biệt,2,912
max3d_pro,00355,first,Giải Nhất,1,451
max3d_pro,00355,first,Giải Nhất,2,774
max3d_pro,00355,first,Giải Nhất,3,712
max3d_pro,00355,first,Giải Nhất,4,365
max3d_pro,00355,second,Giải Nhì,1,041
max3d_pro,00355,second,Giải Nhì,2,619
max3d_pro,00355,second,Giải Nhì,3,150
max3d_pro,00355,second,Giải Nhì,4,875
max3d_pro,00355,second,Giải Nhì,5,728
max3d_pro,00355,second,Giải Nhì,6,891
max3d_pro,00355,third,Giải Ba,1,670
max3d_pro,00355,third,Giải Ba,2,157
max3d_pro,00355,third,Giải Ba,3,345
max3d_pro,00355,third,Giải Ba,4,515
max3d_pro,00355,third,Giải Ba,5,624
max3d_pro,00355,third,Giải Ba,6,238
max3d_pro,00355,third,Giải Ba,7,541
max3d_pro,00355,third,Giải Ba,8,308
max3d_pro,00356,special,Giải Đặc biệt,1,032
max3d_pro,00356,special,Giải Đặc biệt,2,961
max3d_pro,00356,first,Giải Nhất,1,536
max3d_pro,00356,first,Giải Nhất,2,280
max3d_pro,00356,first,Giải Nhất,3,217
max3d_pro,00356,first,Giải Nhất,4,876
max3d_pro,00356,second,Giải Nhì,1,886
max3d_pro,00356,second,Giải Nhì,2,752
max3d_pro,00356,second,Giải Nhì,3,010
max3d_pro,00356,second,Giải Nhì,4,594
max3d_pro,00356,second,Giải Nhì,5,832
max3d_pro,00356,second,Giải Nhì,6,685
max3d_pro,00356,third,Giải Ba,1,941
max3d_pro,00356,third,Giải Ba,2,876
max3d_pro,00356,third,Giải Ba,3,806
max3d_pro,00356,third,Giải Ba,4,237
max3d_pro,00356,third,Giải Ba,5,404
max3d_pro,00356,third,Giải Ba,6,663
max3d_pro,00356,third,Giải Ba,7,623
max3d_pro,00356,third,Giải Ba,8,035
max3d_pro,00357,special,Giải Đặc biệt,1,997
max3d_pro,00357,special,Giải Đặc biệt,2,775
max3d_pro,00357,first,Giải Nhất,1,291
max3d_pro,00357,first,Giải Nhất,2,164
max3d_pro,00357,first,Giải Nhất,3,785
max3d_pro,00357,first,Giải Nhất,4,097
max3d_pro,00357,second,Giải Nhì,1,213
max3d_pro,00357,second,Giải Nhì,2,881
max3d_pro,00357,second,Giải Nhì,3,138
max3d_pro,00357,second,Giải Nhì,4,698
max3d_pro,00357,second,Giải Nhì,5,260
max3d_pro,00357,second,Giải Nhì,6,815
max3d_pro,00357,third,Giải Ba,1,363
max3d_pro,00357,third,Giải Ba,2,208
max3d_pro,00357,third,Giải Ba,3,228
max3d_pro,00357,third,Giải Ba,4,272
max3d_pro,00357,third,Giải Ba,5,898
max3d_pro,00357,third,Giải Ba,6,141
max3d_pro,00357,third,Giải Ba,7,842
max3d_pro,00357,third,Giải Ba,8,736
max3d_pro,00358,special,Giải Đặc biệt,1,359
max3d_pro,00358,special,Giải Đặc biệt,2,066
max3d_pro,00358,first,Giải Nhất,1,752
max3d_pro,00358,first,Giải Nhất,2,940
max3d_pro,00358,first,Giải Nhất,3,326
max3d_pro,00358,first,Giải Nhất,4,805
max3d_pro,00358,second,Giải Nhì,1,814
max3d_pro,00358,second,Giải Nhì,2,767
max3d_pro,00358,second,Giải Nhì,3,250
max3d_pro,00358,second,Giải Nhì,4,363
max3d_pro,00358,second,Giải Nhì,5,972
max3d_pro,00358,second,Giải Nhì,6,878
max3d_pro,00358,third,Giải Ba,1,156
max3d_pro,00358,third,Giải Ba,2,735
max3d_pro,00358,third,Giải Ba,3,103
max3d_pro,00358,third,Giải Ba,4,550
max3d_pro,00358,third,Giải Ba,5,279
max3d_pro,00358,third,Giải Ba,6,898
max3d_pro,00358,third,Giải Ba,7,962
max3d_pro,00358,third,Giải Ba,8,254
max3d_pro,00359,special,Giải Đặc biệt,1,496
max3d_pro,00359,special,Giải Đặc biệt,2,891
max3d_pro,00359,first,Giải Nhất,1,558
max3d_pro,00359,first,Giải Nhất,2,006
max3d_pro,00359,first,Giải Nhất,3,897
max3d_pro,00359,first,Giải Nhất,4,380
max3d_pro,00359,second,Giải Nhì,1,988
max3d_pro,00359,second,Giải Nhì,2,959
max3d_pro,00359,second,Giải Nhì,3,856
max3d_pro,00359,second,Giải Nhì,4,959
max3d_pro,00359,second,Giải Nhì,5,776
max3d_pro,00359,second,Giải Nhì,6,068
max3d_pro,00359,third,Giải Ba,1,451
max3d_pro,00359,third,Giải Ba,2,761
max3d_pro,00359,third,Giải Ba,3,218
max3d_pro,00359,third,Giải Ba,4,808
max3d_pro,00359,third,Giải Ba,5,348
max3d_pro,00359,third,Giải Ba,6,300
max3d_pro,00359,third,Giải Ba,7,786
max3d_pro,00359,third,Giải Ba,8,747
max3d_pro,00360,special,Giải Đặc biệt,1,438
max3d_pro,00360,special,Giải Đặc biệt,2,180
max3d_pro,00360,first,Giải Nhất,1,258
max3d_pro,00360,first,Giải Nhất,2,260
max3d_pro,00360,first,Giải Nhất,3,212
max3d_pro,00360,first,Giải Nhất,4,601
max3d_pro,00360,second,Giải Nhì,1,104
max3d_pro,00360,second,Giải Nhì,2,502
max3d_pro,00360,second,Giải Nhì,3,740
max3d_pro,00360,second,Giải Nhì,4,104
max3d_pro,00360,second,Giải Nhì,5,773
max3d_pro,00360,second,Giải Nhì,6,753
max3d_pro,00360,third,Giải Ba,1,169
max3d_pro,00360,third,Giải Ba,2,103
max3d_pro,00360,third,Giải Ba,3,771
max3d_pro,00360,third,Giải Ba,4,265
max3d_pro,00360,third,Giải Ba,5,288
max3d_pro,00360,third,Giải Ba,6,835
max3d_pro,00360,third,Giải Ba,7,937
max3d_pro,00360,third,Giải Ba,8,535
max3d_pro,00361,special,Giải Đặc biệt,1,307
max3d_pro,00361,special,Giải Đặc biệt,2,528
max3d_pro,00361,first,Giải Nhất,1,043
max3d_pro,00361,first,Giải Nhất,2,665
max3d_pro,00361,first,Giải Nhất,3,015
max3d_pro,00361,first,Giải Nhất,4,559
max3d_pro,00361,second,Giải Nhì,1,578
max3d_pro,00361,second,Giải Nhì,2,761
max3d_pro,00361,second,Giải Nhì,3,660
max3d_pro,00361,second,Giải Nhì,4,931
max3d_pro,00361,second,Giải Nhì,5,315
max3d_pro,00361,second,Giải Nhì,6,655
max3d_pro,00361,third,Giải Ba,1,540
max3d_pro,00361,third,Giải Ba,2,085
max3d_pro,00361,third,Giải Ba,3,157
max3d_pro,00361,third,Giải Ba,4,338
max3d_pro,00361,third,Giải Ba,5,758
max3d_pro,00361,third,Giải Ba,6,052
max3d_pro,00361,third,Giải Ba,7,227
max3d_pro,00361,third,Giải Ba,8,040
max3d_pro,00362,special,Giải Đặc biệt,1,563
max3d_pro,00362,special,Giải Đặc biệt,2,933
max3d_pro,00362,first,Giải Nhất,1,761
max3d_pro,00362,first,Giải Nhất,2,477
max3d_pro,00362,first,Giải Nhất,3,387
max3d_pro,00362,first,Giải Nhất,4,273
max3d_pro,00362,second,Giải Nhì,1,747
max3d_pro,00362,second,Giải Nhì,2,705
max3d_pro,00362,second,Giải Nhì,3,937
max3d_pro,00362,second,Giải Nhì,4,774
max3d_pro,00362,second,Giải Nhì,5,086
max3d_pro,00362,second,Giải Nhì,6,169
max3d_pro,00362,third,Giải Ba,1,263
max3d_pro,00362,third,Giải Ba,2,376
max3d_pro,00362,third,Giải Ba,3,390
max3d_pro,00362,third,Giải Ba,4,941
max3d_pro,00362,third,Giải Ba,5,963
max3d_pro,00362,third,Giải Ba,6,751
max3d_pro,00362,third,Giải Ba,7,649
max3d_pro,00362,third,Giải Ba,8,140
max3d_pro,00363,special,Giải Đặc biệt,1,644
max3d_pro,00363,special,Giải Đặc biệt,2,296
max3d_pro,00363,first,Giải Nhất,1,754
max3d_pro,00363,first,Giải Nhất,2,577
max3d_pro,00363,first,Giải Nhất,3,377
max3d_pro,00363,first,Giải Nhất,4,297
max3d_pro,00363,second,Giải Nhì,1,169
max3d_pro,00363,second,Giải Nhì,2,351
max3d_pro,00363,second,Giải Nhì,3,568
max3d_pro,00363,second,Giải Nhì,4,726
max3d_pro,00363,second,Giải Nhì,5,386
max3d_pro,00363,second,Giải Nhì,6,477
max3d_pro,00363,third,Giải Ba,1,557
max3d_pro,00363,third,Giải Ba,2,869
max3d_pro,00363,third,Giải Ba,3,461
max3d_pro,00363,third,Giải Ba,4,082
max3d_pro,00363,third,Giải Ba,5,951
max3d_pro,00363,third,Giải Ba,6,547
max3d_pro,00363,third,Giải Ba,7,789
max3d_pro,00363,third,Giải Ba,8,278
max3d_pro,00364,special,Giải Đặc biệt,1,668
max3d_pro,00364,special,Giải Đặc biệt,2,626
max3d_pro,00364,first,Giải Nhất,1,806
max3d_pro,00364,first,Giải Nhất,2,463
max3d_pro,00364,first,Giải Nhất,3,473
max3d_pro,00364,first,Giải Nhất,4,979
max3d_pro,00364,second,Giải Nhì,1,617
max3d_pro,00364,second,Giải Nhì,2,335
max3d_pro,00364,second,Giải Nhì,3,021
max3d_pro,00364,second,Giải Nhì,4,229
max3d_pro,00364,second,Giải Nhì,5,858
max3d_pro,00364,second,Giải Nhì,6,352
max3d_pro,00364,third,Giải Ba,1,131
max3d_pro,00364,third,Giải Ba,2,987
max3d_pro,00364,third,Giải Ba,3,605
max3d_pro,00364,third,Giải Ba,4,355
max3d_pro,00364,third,Giải Ba,5,590
max3d_pro,00364,third,Giải Ba,6,742
max3d_pro,00364,third,Giải Ba,7,199
max3d_pro,00364,third,Giải Ba,8,480
max3d_pro,00365,special,Giải Đặc biệt,1,109
max3d_pro,00365,special,Giải Đặc biệt,2,334
max3d_pro,00365,first,Giải Nhất,1,263
max3d_pro,00365,first,Giải Nhất,2,290
max3d_pro,00365,first,Giải Nhất,3,349
max3d_pro,00365,first,Giải Nhất,4,726
max3d_pro,00365,second,Giải Nhì,1,801
max3d_pro,00365,second,Giải Nhì,2,782
max3d_pro,00365,second,Giải Nhì,3,740
max3d_pro,00365,second,Giải Nhì,4,404
max3d_pro,00365,second,Giải Nhì,5,907
max3d_pro,00365,second,Giải Nhì,6,089
max3d_pro,00365,third,Giải Ba,1,628
max3d_pro,00365,third,Giải Ba,2,731
max3d_pro,00365,third,Giải Ba,3,508
max3d_pro,00365,third,Giải Ba,4,833
max3d_pro,00365,third,Giải Ba,5,850
max3d_pro,00365,third,Giải Ba,6,092
max3d_pro,00365,third,Giải Ba,7,165
max3d_pro,00365,third,Giải Ba,8,506
max3d_pro,00366,special,Giải Đặc biệt,1,504
max3d_pro,00366,special,Giải Đặc biệt,2,340
max3d_pro,00366,first,Giải Nhất,1,666
max3d_pro,00366,first,Giải Nhất,2,119
max3d_pro,00366,first,Giải Nhất,3,850
max3d_pro,00366,first,Giải Nhất,4,917
max3d_pro,00366,second,Giải Nhì,1,932
max3d_pro,00366,second,Giải Nhì,2,816
max3d_pro,00366,second,Giải Nhì,3,956
max3d_pro,00366,second,Giải Nhì,4,554
max3d_pro,00366,second,Giải Nhì,5,916
max3d_pro,00366,second,Giải Nhì,6,414
max3d_pro,00366,third,Giải Ba,1,158
max3d_pro,00366,third,Giải Ba,2,832
max3d_pro,00366,third,Giải Ba,3,757
max3d_pro,00366,third,Giải Ba,4,126
max3d_pro,00366,third,Giải Ba,5,830
max3d_pro,00366,third,Giải Ba,6,072
max3d_pro,00366,third,Giải Ba,7,908
max3d_pro,00366,third,Giải Ba,8,992
max3d_pro,00367,special,Giải Đặc biệt,1,061
max3d_pro,00367,special,Giải Đặc biệt,2,205
max3d_pro,00367,first,Giải Nhất,1,233
max3d_pro,00367,first,Giải Nhất,2,093
max3d_pro,00367,first,Giải Nhất,3,482
max3d_pro,00367,first,Giải Nhất,4,298
max3d_pro,00367,second,Giải Nhì,1,354
max3d_pro,00367,second,Giải Nhì,2,551
max3d_pro,00367,second,Giải Nhì,3,831
max3d_pro,00367,second,Giải Nhì,4,730
max3d_pro,00367,second,Giải Nhì,5,809
max3d_pro,00367,second,Giải Nhì,6,246
max3d_pro,00367,third,Giải Ba,1,898
max3d_pro,00367,third,Giải Ba,2,876
max3d_pro,00367,third,Giải Ba,3,879
max3d_pro,00367,third,Giải Ba,4,500
max3d_pro,00367,third,Giải Ba,5,360
max3d_pro,00367,third,Giải Ba,6,449
max3d_pro,00367,third,Giải Ba,7,315
max3d_pro,00367,third,Giải Ba,8,996
max3d_pro,00368,special,Giải Đặc biệt,1,578
max3d_pro,00368,special,Giải Đặc biệt,2,788
max3d_pro,00368,first,Giải Nhất,1,017
max3d_pro,00368,first,Giải Nhất,2,181
max3d_pro,00368,first,Giải Nhất,3,727
max3d_pro,00368,first,Giải Nhất,4,760
max3d_pro,00368,second,Giải Nhì,1,607
max3d_pro,00368,second,Giải Nhì,2,217
max3d_pro,00368,second,Giải Nhì,3,453
max3d_pro,00368,second,Giải Nhì,4,841
max3d_pro,00368,second,Giải Nhì,5,549
max3d_pro,00368,second,Giải Nhì,6,194
max3d_pro,00368,third,Giải Ba,1,159
max3d_pro,00368,third,Giải Ba,2,681
max3d_pro,00368,third,Giải Ba,3,890
max3d_pro,00368,third,Giải Ba,4,619
max3d_pro,00368,third,Giải Ba,5,604
max3d_pro,00368,third,Giải Ba,6,598
max3d_pro,00368,third,Giải Ba,7,377
max3d_pro,00368,third,Giải Ba,8,511
max3d_pro,00369,special,Giải Đặc biệt,1,557
max3d_pro,00369,special,Giải Đặc biệt,2,472
max3d_pro,00369,first,Giải Nhất,1,462
max3d_pro,00369,first,Giải Nhất,2,533
max3d_pro,00369,first,Giải Nhất,3,441
max3d_pro,00369,first,Giải Nhất,4,089
max3d_pro,00369,second,Giải Nhì,1,402
max3d_pro,00369,second,Giải Nhì,2,445
max3d_pro,00369,second,Giải Nhì,3,273
max3d_pro,00369,second,Giải Nhì,4,083
max3d_pro,00369,second,Giải Nhì,5,957
max3d_pro,00369,second,Giải Nhì,6,101
max3d_pro,00369,third,Giải Ba,1,716
max3d_pro,00369,third,Giải Ba,2,917
max3d_pro,00369,third,Giải Ba,3,723
max3d_pro,00369,third,Giải Ba,4,227
max3d_pro,00369,third,Giải Ba,5,106
max3d_pro,00369,third,Giải Ba,6,321
max3d_pro,00369,third,Giải Ba,7,270
max3d_pro,00369,third,Giải Ba,8,419
max3d_pro,00370,special,Giải Đặc biệt,1,985
max3d_pro,00370,special,Giải Đặc biệt,2,849
max3d_pro,00370,first,Giải Nhất,1,058
max3d_pro,00370,first,Giải Nhất,2,655
max3d_pro,00370,first,Giải Nhất,3,280
max3d_pro,00370,first,Giải Nhất,4,271
max3d_pro,00370,second,Giải Nhì,1,501
max3d_pro,00370,second,Giải Nhì,2,521
max3d_pro,00370,second,Giải Nhì,3,922
max3d_pro,00370,second,Giải Nhì,4,454
max3d_pro,00370,second,Giải Nhì,5,684
max3d_pro,00370,second,Giải Nhì,6,739
max3d_pro,00370,third,Giải Ba,1,590
max3d_pro,00370,third,Giải Ba,2,961
max3d_pro,00370,third,Giải Ba,3,405
max3d_pro,00370,third,Giải Ba,4,355
max3d_pro,00370,third,Giải Ba,5,000
max3d_pro,00370,third,Giải Ba,6,197
max3d_pro,00370,third,Giải Ba,7,530
max3d_pro,00370,third,Giải Ba,8,044
max3d_pro,00371,special,Giải Đặc biệt,1,339
max3d_pro,00371,special,Giải Đặc biệt,2,019
max3d_pro,00371,first,Giải Nhất,1,034
max3d_pro,00371,first,Giải Nhất,2,294
max3d_pro,00371,first,Giải Nhất,3,932
max3d_pro,00371,first,Giải Nhất,4,702
max3d_pro,00371,second,Giải Nhì,1,864
max3d_pro,00371,second,Giải Nhì,2,443
max3d_pro,00371,second,Giải Nhì,3,419
max3d_pro,00371,second,Giải Nhì,4,992
max3d_pro,00371,second,Giải Nhì,5,035
max3d_pro,00371,second,Giải Nhì,6,330
max3d_pro,00371,third,Giải Ba,1,416
max3d_pro,00371,third,Giải Ba,2,705
max3d_pro,00371,third,Giải Ba,3,128
max3d_pro,00371,third,Giải Ba,4,138
max3d_pro,00371,third,Giải Ba,5,603
max3d_pro,00371,third,Giải Ba,6,193
max3d_pro,00371,third,Giải Ba,7,942
max3d_pro,00371,third,Giải Ba,8,859
max3d_pro,00372,special,Giải Đặc biệt,1,812
max3d_pro,00372,special,Giải Đặc biệt,2,388
max3d_pro,00372,first,Giải Nhất,1,054
max3d_pro,00372,first,Giải Nhất,2,719
max3d_pro,00372,first,Giải Nhất,3,255
max3d_pro,00372,first,Giải Nhất,4,673
max3d_pro,00372,second,Giải Nhì,1,723
max3d_pro,00372,second,Giải Nhì,2,653
max3d_pro,00372,second,Giải Nhì,3,891
max3d_pro,00372,second,Giải Nhì,4,184
max3d_pro,00372,second,Giải Nhì,5,068
max3d_pro,00372,second,Giải Nhì,6,281
max3d_pro,00372,third,Giải Ba,1,228
max3d_pro,00372,third,Giải Ba,2,257
max3d_pro,00372,third,Giải Ba,3,645
max3d_pro,00372,third,Giải Ba,4,170
max3d_pro,00372,third,Giải Ba,5,122
max3d_pro,00372,third,Giải Ba,6,827
max3d_pro,00372,third,Giải Ba,7,072
max3d_pro,00372,third,Giải Ba,8,657
max3d_pro,00373,special,Giải Đặc biệt,1,394
max3d_pro,00373,special,Giải Đặc biệt,2,787
max3d_pro,00373,first,Giải Nhất,1,353
max3d_pro,00373,first,Giải Nhất,2,335
max3d_pro,00373,first,Giải Nhất,3,751
max3d_pro,00373,first,Giải Nhất,4,170
max3d_pro,00373,second,Giải Nhì,1,262
max3d_pro,00373,second,Giải Nhì,2,280
max3d_pro,00373,second,Giải Nhì,3,519
max3d_pro,00373,second,Giải Nhì,4,806
max3d_pro,00373,second,Giải Nhì,5,030
max3d_pro,00373,second,Giải Nhì,6,029
max3d_pro,00373,third,Giải Ba,1,297
max3d_pro,00373,third,Giải Ba,2,251
max3d_pro,00373,third,Giải Ba,3,485
max3d_pro,00373,third,Giải Ba,4,060
max3d_pro,00373,third,Giải Ba,5,202
max3d_pro,00373,third,Giải Ba,6,921
max3d_pro,00373,third,Giải Ba,7,758
max3d_pro,00373,third,Giải Ba,8,765
max3d_pro,00374,special,Giải Đặc biệt,1,867
max3d_pro,00374,special,Giải Đặc biệt,2,110
max3d_pro,00374,first,Giải Nhất,1,134
max3d_pro,00374,first,Giải Nhất,2,634
max3d_pro,00374,first,Giải Nhất,3,120
max3d_pro,00374,first,Giải Nhất,4,622
max3d_pro,00374,second,Giải Nhì,1,741
max3d_pro,00374,second,Giải Nhì,2,221
max3d_pro,00374,second,Giải Nhì,3,797
max3d_pro,00374,second,Giải Nhì,4,520
max3d_pro,00374,second,Giải Nhì,5,757
max3d_pro,00374,second,Giải Nhì,6,821
max3d_pro,00374,third,Giải Ba,1,693
max3d_pro,00374,third,Giải Ba,2,014
max3d_pro,00374,third,Giải Ba,3,018
max3d_pro,00374,third,Giải Ba,4,910
max3d_pro,00374,third,Giải Ba,5,418
max3d_pro,00374,third,Giải Ba,6,171
max3d_pro,00374,third,Giải Ba,7,322
max3d_pro,00374,third,Giải Ba,8,587
max3d_pro,00375,special,Giải Đặc biệt,1,953
max3d_pro,00375,special,Giải Đặc biệt,2,803
max3d_pro,00375,first,Giải Nhất,1,053
max3d_pro,00375,first,Giải Nhất,2,062
max3d_pro,00375,first,Giải Nhất,3,505
max3d_pro,00375,first,Giải Nhất,4,687
max3d_pro,00375,second,Giải Nhì,1,164
max3d_pro,00375,second,Giải Nhì,2,053
max3d_pro,00375,second,Giải Nhì,3,250
max3d_pro,00375,second,Giải Nhì,4,546
max3d_pro,00375,second,Giải Nhì,5,561
max3d_pro,00375,second,Giải Nhì,6,506
max3d_pro,00375,third,Giải Ba,1,150
max3d_pro,00375,third,Giải Ba,2,245
max3d_pro,00375,third,Giải Ba,3,549
max3d_pro,00375,third,Giải Ba,4,048
max3d_pro,00375,third,Giải Ba,5,942
max3d_pro,00375,third,Giải Ba,6,007
max3d_pro,00375,third,Giải Ba,7,847
max3d_pro,00375,third,Giải Ba,8,849
max3d_pro,00376,special,Giải Đặc biệt,1,081
max3d_pro,00376,special,Giải Đặc biệt,2,231
max3d_pro,00376,first,Giải Nhất,1,702
max3d_pro,00376,first,Giải Nhất,2,694
max3d_pro,00376,first,Giải Nhất,3,343
max3d_pro,00376,first,Giải Nhất,4,964
max3d_pro,00376,second,Giải Nhì,1,143
max3d_pro,00376,second,Giải Nhì,2,935
max3d_pro,00376,second,Giải Nhì,3,712
max3d_pro,00376,second,Giải Nhì,4,600
max3d_pro,00376,second,Giải Nhì,5,557
max3d_pro,00376,second,Giải Nhì,6,311
max3d_pro,00376,third,Giải Ba,1,362
max3d_pro,00376,third,Giải Ba,2,334
max3d_pro,00376,third,Giải Ba,3,529
max3d_pro,00376,third,Giải Ba,4,756
max3d_pro,00376,third,Giải Ba,5,052
max3d_pro,00376,third,Giải Ba,6,242
max3d_pro,00376,third,Giải Ba,7,193
max3d_pro,00376,third,Giải Ba,8,147
max3d_pro,00377,special,Giải Đặc biệt,1,826
max3d_pro,00377,special,Giải Đặc biệt,2,139
max3d_pro,00377,first,Giải Nhất,1,647
max3d_pro,00377,first,Giải Nhất,2,839
max3d_pro,00377,first,Giải Nhất,3,248
max3d_pro,00377,first,Giải Nhất,4,669
max3d_pro,00377,second,Giải Nhì,1,003
max3d_pro,00377,second,Giải Nhì,2,580
max3d_pro,00377,second,Giải Nhì,3,677
max3d_pro,00377,second,Giải Nhì,4,898
max3d_pro,00377,second,Giải Nhì,5,480
max3d_pro,00377,second,Giải Nhì,6,415
max3d_pro,00377,third,Giải Ba,1,159
max3d_pro,00377,third,Giải Ba,2,480
max3d_pro,00377,third,Giải Ba,3,338
max3d_pro,00377,third,Giải Ba,4,769
max3d_pro,00377,third,Giải Ba,5,734
max3d_pro,00377,third,Giải Ba,6,553
max3d_pro,00377,third,Giải Ba,7,500
max3d_pro,00377,third,Giải Ba,8,558
max3d_pro,00378,special,Giải Đặc biệt,1,494
max3d_pro,00378,special,Giải Đặc biệt,2,829
max3d_pro,00378,first,Giải Nhất,1,394
max3d_pro,00378,first,Giải Nhất,2,562
max3d_pro,00378,first,Giải Nhất,3,457
max3d_pro,00378,first,Giải Nhất,4,226
max3d_pro,00378,second,Giải Nhì,1,699
max3d_pro,00378,second,Giải Nhì,2,295
max3d_pro,00378,second,Giải Nhì,3,494
max3d_pro,00378,second,Giải Nhì,4,230
max3d_pro,00378,second,Giải Nhì,5,417
max3d_pro,00378,second,Giải Nhì,6,611
max3d_pro,00378,third,Giải Ba,1,332
max3d_pro,00378,third,Giải Ba,2,242
max3d_pro,00378,third,Giải Ba,3,292
max3d_pro,00378,third,Giải Ba,4,501
max3d_pro,00378,third,Giải Ba,5,889
max3d_pro,00378,third,Giải Ba,6,548
max3d_pro,00378,third,Giải Ba,7,117
max3d_pro,00378,third,Giải Ba,8,025
max3d_pro,00379,special,Giải Đặc biệt,1,983
max3d_pro,00379,special,Giải Đặc biệt,2,009
max3d_pro,00379,first,Giải Nhất,1,074
max3d_pro,00379,first,Giải Nhất,2,759
max3d_pro,00379,first,Giải Nhất,3,897
max3d_pro,00379,first,Giải Nhất,4,875
max3d_pro,00379,second,Giải Nhì,1,850
max3d_pro,00379,second,Giải Nhì,2,267
max3d_pro,00379,second,Giải Nhì,3,329
max3d_pro,00379,second,Giải Nhì,4,418
max3d_pro,00379,second,Giải Nhì,5,461
max3d_pro,00379,second,Giải Nhì,6,649
max3d_pro,00379,third,Giải Ba,1,733
max3d_pro,00379,third,Giải Ba,2,849
max3d_pro,00379,third,Giải Ba,3,799
max3d_pro,00379,third,Giải Ba,4,350
max3d_pro,00379,third,Giải Ba,5,663
max3d_pro,00379,third,Giải Ba,6,195
max3d_pro,00379,third,Giải Ba,7,826
max3d_pro,00379,third,Giải Ba,8,091
max3d_pro,00380,special,Giải Đặc biệt,1,188
max3d_pro,00380,special,Giải Đặc biệt,2,624
max3d_pro,00380,first,Giải Nhất,1,668
max3d_pro,00380,first,Giải Nhất,2,227
max3d_pro,00380,first,Giải Nhất,3,644
max3d_pro,00380,first,Giải Nhất,4,497
max3d_pro,00380,second,Giải Nhì,1,157
max3d_pro,00380,second,Giải Nhì,2,434
max3d_pro,00380,second,Giải Nhì,3,519
max3d_pro,00380,second,Giải Nhì,4,130
max3d_pro,00380,second,Giải Nhì,5,282
max3d_pro,00380,second,Giải Nhì,6,849
max3d_pro,00380,third,Giải Ba,1,812
max3d_pro,00380,third,Giải Ba,2,641
max3d_pro,00380,third,Giải Ba,3,571
max3d_pro,00380,third,Giải Ba,4,660
max3d_pro,00380,third,Giải Ba,5,386
max3d_pro,00380,third,Giải Ba,6,213
max3d_pro,00380,third,Giải Ba,7,091
max3d_pro,00380,third,Giải Ba,8,539
max3d_pro,00381,special,Giải Đặc biệt,1,762
max3d_pro,00381,special,Giải Đặc biệt,2,262
max3d_pro,00381,first,Giải Nhất,1,495
max3d_pro,00381,first,Giải Nhất,2,197
max3d_pro,00381,first,Giải Nhất,3,905
max3d_pro,00381,first,Giải Nhất,4,282
max3d_pro,00381,second,Giải Nhì,1,238
max3d_pro,00381,second,Giải Nhì,2,919
max3d_pro,00381,second,Giải Nhì,3,561
max3d_pro,00381,second,Giải Nhì,4,434
max3d_pro,00381,second,Giải Nhì,5,822
max3d_pro,00381,second,Giải Nhì,6,304
max3d_pro,00381,third,Giải Ba,1,025
max3d_pro,00381,third,Giải Ba,2,185
max3d_pro,00381,third,Giải Ba,3,949
max3d_pro,00381,third,Giải Ba,4,521
max3d_pro,00381,third,Giải Ba,5,836
max3d_pro,00381,third,Giải Ba,6,890
max3d_pro,00381,third,Giải Ba,7,724
max3d_pro,00381,third,Giải Ba,8,835
max3d_pro,00382,special,Giải Đặc biệt,1,080
max3d_pro,00382,special,Giải Đặc biệt,2,595
max3d_pro,00382,first,Giải Nhất,1,589
max3d_pro,00382,first,Giải Nhất,2,056
max3d_pro,00382,first,Giải Nhất,3,513
max3d_pro,00382,first,Giải Nhất,4,745
max3d_pro,00382,second,Giải Nhì,1,318
max3d_pro,00382,second,Giải Nhì,2,638
max3d_pro,00382,second,Giải Nhì,3,680
max3d_pro,00382,second,Giải Nhì,4,129
max3d_pro,00382,second,Giải Nhì,5,421
max3d_pro,00382,second,Giải Nhì,6,574
max3d_pro,00382,third,Giải Ba,1,284
max3d_pro,00382,third,Giải Ba,2,079
max3d_pro,00382,third,Giải Ba,3,978
max3d_pro,00382,third,Giải Ba,4,393
max3d_pro,00382,third,Giải Ba,5,100
max3d_pro,00382,third,Giải Ba,6,789
max3d_pro,00382,third,Giải Ba,7,872
max3d_pro,00382,third,Giải Ba,8,255
max3d_pro,00383,special,Giải Đặc biệt,1,061
max3d_pro,00383,special,Giải Đặc biệt,2,237
max3d_pro,00383,first,Giải Nhất,1,954
max3d_pro,00383,first,Giải Nhất,2,841
max3d_pro,00383,first,Giải Nhất,3,949
max3d_pro,00383,first,Giải Nhất,4,701
max3d_pro,00383,second,Giải Nhì,1,642
max3d_pro,00383,second,Giải Nhì,2,626
max3d_pro,00383,second,Giải Nhì,3,212
max3d_pro,00383,second,Giải Nhì,4,974
max3d_pro,00383,second,Giải Nhì,5,599
max3d_pro,00383,second,Giải Nhì,6,027
max3d_pro,00383,third,Giải Ba,1,708
max3d_pro,00383,third,Giải Ba,2,989
max3d_pro,00383,third,Giải Ba,3,650
max3d_pro,00383,third,Giải Ba,4,411
max3d_pro,00383,third,Giải Ba,5,421
max3d_pro,00383,third,Giải Ba,6,283
max3d_pro,00383,third,Giải Ba,7,154
max3d_pro,00383,third,Giải Ba,8,644
max3d_pro,00384,special,Giải Đặc biệt,1,419
max3d_pro,00384,special,Giải Đặc biệt,2,719
max3d_pro,00384,first,Giải Nhất,1,149
max3d_pro,00384,first,Giải Nhất,2,100
max3d_pro,00384,first,Giải Nhất,3,017
max3d_pro,00384,first,Giải Nhất,4,105
max3d_pro,00384,second,Giải Nhì,1,183
max3d_pro,00384,second,Giải Nhì,2,431
max3d_pro,00384,second,Giải Nhì,3,595
max3d_pro,00384,second,Giải Nhì,4,771
max3d_pro,00384,second,Giải Nhì,5,159
max3d_pro,00384,second,Giải Nhì,6,560
max3d_pro,00384,third,Giải Ba,1,481
max3d_pro,00384,third,Giải Ba,2,449
max3d_pro,00384,third,Giải Ba,3,224
max3d_pro,00384,third,Giải Ba,4,630
max3d_pro,00384,third,Giải Ba,5,141
max3d_pro,00384,third,Giải Ba,6,634
max3d_pro,00384,third,Giải Ba,7,680
max3d_pro,00384,third,Giải Ba,8,832
max3d_pro,00385,special,Giải Đặc biệt,1,201
max3d_pro,00385,special,Giải Đặc biệt,2,318
max3d_pro,00385,first,Giải Nhất,1,144
max3d_pro,00385,first,Giải Nhất,2,290
max3d_pro,00385,first,Giải Nhất,3,438
max3d_pro,00385,first,Giải Nhất,4,679
max3d_pro,00385,second,Giải Nhì,1,811
max3d_pro,00385,second,Giải Nhì,2,035
max3d_pro,00385,second,Giải Nhì,3,679
max3d_pro,00385,second,Giải Nhì,4,884
max3d_pro,00385,second,Giải Nhì,5,754
max3d_pro,00385,second,Giải Nhì,6,547
max3d_pro,00385,third,Giải Ba,1,335
max3d_pro,00385,third,Giải Ba,2,554
max3d_pro,00385,third,Giải Ba,3,769
max3d_pro,00385,third,Giải Ba,4,056
max3d_pro,00385,third,Giải Ba,5,124
max3d_pro,00385,third,Giải Ba,6,594
max3d_pro,00385,third,Giải Ba,7,316
max3d_pro,00385,third,Giải Ba,8,773
max3d_pro,00386,special,Giải Đặc biệt,1,380
max3d_pro,00386,special,Giải Đặc biệt,2,523
max3d_pro,00386,first,Giải Nhất,1,312
max3d_pro,00386,first,Giải Nhất,2,179
max3d_pro,00386,first,Giải Nhất,3,030
max3d_pro,00386,first,Giải Nhất,4,310
max3d_pro,00386,second,Giải Nhì,1,491
max3d_pro,00386,second,Giải Nhì,2,844
max3d_pro,00386,second,Giải Nhì,3,692
max3d_pro,00386,second,Giải Nhì,4,864
max3d_pro,00386,second,Giải Nhì,5,903
max3d_pro,00386,second,Giải Nhì,6,049
max3d_pro,00386,third,Giải Ba,1,334
max3d_pro,00386,third,Giải Ba,2,625
max3d_pro,00386,third,Giải Ba,3,929
max3d_pro,00386,third,Giải Ba,4,737
max3d_pro,00386,third,Giải Ba,5,797
max3d_pro,00386,third,Giải Ba,6,940
max3d_pro,00386,third,Giải Ba,7,852
max3d_pro,00386,third,Giải Ba,8,247
max3d_pro,00387,special,Giải Đặc biệt,1,815
max3d_pro,00387,special,Giải Đặc biệt,2,508
max3d_pro,00387,first,Giải Nhất,1,737
max3d_pro,00387,first,Giải Nhất,2,101
max3d_pro,00387,first,Giải Nhất,3,185
max3d_pro,00387,first,Giải Nhất,4,876
max3d_pro,00387,second,Giải Nhì,1,382
max3d_pro,00387,second,Giải Nhì,2,089
max3d_pro,00387,second,Giải Nhì,3,061
max3d_pro,00387,second,Giải Nhì,4,373
max3d_pro,00387,second,Giải Nhì,5,506
max3d_pro,00387,second,Giải Nhì,6,723
max3d_pro,00387,third,Giải Ba,1,509
max3d_pro,00387,third,Giải Ba,2,772
max3d_pro,00387,third,Giải Ba,3,063
max3d_pro,00387,third,Giải Ba,4,765
max3d_pro,00387,third,Giải Ba,5,784
max3d_pro,00387,third,Giải Ba,6,262
max3d_pro,00387,third,Giải Ba,7,406
max3d_pro,00387,third,Giải Ba,8,815
max3d_pro,00388,special,Giải Đặc biệt,1,559
max3d_pro,00388,special,Giải Đặc biệt,2,562
max3d_pro,00388,first,Giải Nhất,1,380
max3d_pro,00388,first,Giải Nhất,2,080
max3d_pro,00388,first,Giải Nhất,3,684
max3d_pro,00388,first,Giải Nhất,4,207
max3d_pro,00388,second,Giải Nhì,1,950
max3d_pro,00388,second,Giải Nhì,2,076
max3d_pro,00388,second,Giải Nhì,3,937
max3d_pro,00388,second,Giải Nhì,4,556
max3d_pro,00388,second,Giải Nhì,5,190
max3d_pro,00388,second,Giải Nhì,6,181
max3d_pro,00388,third,Giải Ba,1,449
max3d_pro,00388,third,Giải Ba,2,198
max3d_pro,00388,third,Giải Ba,3,151
max3d_pro,00388,third,Giải Ba,4,825
max3d_pro,00388,third,Giải Ba,5,813
max3d_pro,00388,third,Giải Ba,6,096
max3d_pro,00388,third,Giải Ba,7,913
max3d_pro,00388,third,Giải Ba,8,991
max3d_pro,00389,special,Giải Đặc biệt,1,678
max3d_pro,00389,special,Giải Đặc biệt,2,375
max3d_pro,00389,first,Giải Nhất,1,767
max3d_pro,00389,first,Giải Nhất,2,235
max3d_pro,00389,first,Giải Nhất,3,184
max3d_pro,00389,first,Giải Nhất,4,976
max3d_pro,00389,second,Giải Nhì,1,971
max3d_pro,00389,second,Giải Nhì,2,873
max3d_pro,00389,second,Giải Nhì,3,635
max3d_pro,00389,second,Giải Nhì,4,365
max3d_pro,00389,second,Giải Nhì,5,379
max3d_pro,00389,second,Giải Nhì,6,428
max3d_pro,00389,third,Giải Ba,1,712
max3d_pro,00389,third,Giải Ba,2,470
max3d_pro,00389,third,Giải Ba,3,351
max3d_pro,00389,third,Giải Ba,4,298
max3d_pro,00389,third,Giải Ba,5,263
max3d_pro,00389,third,Giải Ba,6,623
max3d_pro,00389,third,Giải Ba,7,010
max3d_pro,00389,third,Giải Ba,8,721
max3d_pro,00390,special,Giải Đặc biệt,1,397
max3d_pro,00390,special,Giải Đặc biệt,2,266
max3d_pro,00390,first,Giải Nhất,1,000
max3d_pro,00390,first,Giải Nhất,2,737
max3d_pro,00390,first,Giải Nhất,3,787
max3d_pro,00390,first,Giải Nhất,4,366
max3d_pro,00390,second,Giải Nhì,1,439
max3d_pro,00390,second,Giải Nhì,2,143
max3d_pro,00390,second,Giải Nhì,3,696
max3d_pro,00390,second,Giải Nhì,4,728
max3d_pro,00390,second,Giải Nhì,5,218
max3d_pro,00390,second,Giải Nhì,6,519
max3d_pro,00390,third,Giải Ba,1,369
max3d_pro,00390,third,Giải Ba,2,883
max3d_pro,00390,third,Giải Ba,3,936
max3d_pro,00390,third,Giải Ba,4,660
max3d_pro,00390,third,Giải Ba,5,387
max3d_pro,00390,third,Giải Ba,6,557
max3d_pro,00390,third,Giải Ba,7,385
max3d_pro,00390,third,Giải Ba,8,322
max3d_pro,00391,special,Giải Đặc biệt,1,293
max3d_pro,00391,special,Giải Đặc biệt,2,895
max3d_pro,00391,first,Giải Nhất,1,689
max3d_pro,00391,first,Giải Nhất,2,617
max3d_pro,00391,first,Giải Nhất,3,385
max3d_pro,00391,first,Giải Nhất,4,586
max3d_pro,00391,second,Giải Nhì,1,391
max3d_pro,00391,second,Giải Nhì,2,868
max3d_pro,00391,second,Giải Nhì,3,981
max3d_pro,00391,second,Giải Nhì,4,802
max3d_pro,00391,second,Giải Nhì,5,022
max3d_pro,00391,second,Giải Nhì,6,227
max3d_pro,00391,third,Giải Ba,1,264
max3d_pro,00391,third,Giải Ba,2,825
max3d_pro,00391,third,Giải Ba,3,352
max3d_pro,00391,third,Giải Ba,4,352
max3d_pro,00391,third,Giải Ba,5,715
max3d_pro,00391,third,Giải Ba,6,762
max3d_pro,00391,third,Giải Ba,7,643
max3d_pro,00391,third,Giải Ba,8,629
max3d_pro,00392,special,Giải Đặc biệt,1,075
max3d_pro,00392,special,Giải Đặc biệt,2,396
max3d_pro,00392,first,Giải Nhất,1,121
max3d_pro,00392,first,Giải Nhất,2,051
max3d_pro,00392,first,Giải Nhất,3,509
max3d_pro,00392,first,Giải Nhất,4,791
max3d_pro,00392,second,Giải Nhì,1,028
max3d_pro,00392,second,Giải Nhì,2,209
max3d_pro,00392,second,Giải Nhì,3,658
max3d_pro,00392,second,Giải Nhì,4,709
max3d_pro,00392,second,Giải Nhì,5,533
max3d_pro,00392,second,Giải Nhì,6,369
max3d_pro,00392,third,Giải Ba,1,763
max3d_pro,00392,third,Giải Ba,2,396
max3d_pro,00392,third,Giải Ba,3,556
max3d_pro,00392,third,Giải Ba,4,291
max3d_pro,00392,third,Giải Ba,5,792
max3d_pro,00392,third,Giải Ba,6,299
max3d_pro,00392,third,Giải Ba,7,827
max3d_pro,00392,third,Giải Ba,8,146
max3d_pro,00393,special,Giải Đặc biệt,1,473
max3d_pro,00393,special,Giải Đặc biệt,2,482
max3d_pro,00393,first,Giải Nhất,1,730
max3d_pro,00393,first,Giải Nhất,2,126
max3d_pro,00393,first,Giải Nhất,3,212
max3d_pro,00393,first,Giải Nhất,4,473
max3d_pro,00393,second,Giải Nhì,1,888
max3d_pro,00393,second,Giải Nhì,2,213
max3d_pro,00393,second,Giải Nhì,3,093
max3d_pro,00393,second,Giải Nhì,4,152
max3d_pro,00393,second,Giải Nhì,5,182
max3d_pro,00393,second,Giải Nhì,6,729
max3d_pro,00393,third,Giải Ba,1,978
max3d_pro,00393,third,Giải Ba,2,219
max3d_pro,00393,third,Giải Ba,3,332
max3d_pro,00393,third,Giải Ba,4,445
max3d_pro,00393,third,Giải Ba,5,489
max3d_pro,00393,third,Giải Ba,6,802
max3d_pro,00393,third,Giải Ba,7,856
max3d_pro,00393,third,Giải Ba,8,844
max3d_pro,00394,special,Giải Đặc biệt,1,574
max3d_pro,00394,special,Giải Đặc biệt,2,114
max3d_pro,00394,first,Giải Nhất,1,848
max3d_pro,00394,first,Giải Nhất,2,576
max3d_pro,00394,first,Giải Nhất,3,211
max3d_pro,00394,first,Giải Nhất,4,911
max3d_pro,00394,second,Giải Nhì,1,809
max3d_pro,00394,second,Giải Nhì,2,736
max3d_pro,00394,second,Giải Nhì,3,246
max3d_pro,00394,second,Giải Nhì,4,867
max3d_pro,00394,second,Giải Nhì,5,501
max3d_pro,00394,second,Giải Nhì,6,881
max3d_pro,00394,third,Giải Ba,1,823
max3d_pro,00394,third,Giải Ba,2,279
max3d_pro,00394,third,Giải Ba,3,195
max3d_pro,00394,third,Giải Ba,4,226
max3d_pro,00394,third,Giải Ba,5,525
max3d_pro,00394,third,Giải Ba,6,086
max3d_pro,00394,third,Giải Ba,7,116
max3d_pro,00394,third,Giải Ba,8,488
max3d_pro,00395,special,Giải Đặc biệt,1,049
max3d_pro,00395,special,Giải Đặc biệt,2,643
max3d_pro,00395,first,Giải Nhất,1,417
max3d_pro,00395,first,Giải Nhất,2,140
max3d_pro,00395,first,Giải Nhất,3,976
max3d_pro,00395,first,Giải Nhất,4,247
max3d_pro,00395,second,Giải Nhì,1,529
max3d_pro,00395,second,Giải Nhì,2,178
max3d_pro,00395,second,Giải Nhì,3,671
max3d_pro,00395,second,Giải Nhì,4,239
max3d_pro,00395,second,Giải Nhì,5,086
max3d_pro,00395,second,Giải Nhì,6,527
max3d_pro,00395,third,Giải Ba,1,581
max3d_pro,00395,third,Giải Ba,2,668
max3d_pro,00395,third,Giải Ba,3,752
max3d_pro,00395,third,Giải Ba,4,687
max3d_pro,00395,third,Giải Ba,5,888
max3d_pro,00395,third,Giải Ba,6,766
max3d_pro,00395,third,Giải Ba,7,016
max3d_pro,00395,third,Giải Ba,8,056
max3d_pro,00396,special,Giải Đặc biệt,1,066
max3d_pro,00396,special,Giải Đặc biệt,2,116
max3d_pro,00396,first,Giải Nhất,1,591
max3d_pro,00396,first,Giải Nhất,2,624
max3d_pro,00396,first,Giải Nhất,3,129
max3d_pro,00396,first,Giải Nhất,4,348
max3d_pro,00396,second,Giải Nhì,1,594
max3d_pro,00396,second,Giải Nhì,2,223
max3d_pro,00396,second,Giải Nhì,3,245
max3d_pro,00396,second,Giải Nhì,4,265
max3d_pro,00396,second,Giải Nhì,5,097
max3d_pro,00396,second,Giải Nhì,6,917
max3d_pro,00396,third,Giải Ba,1,422
max3d_pro,00396,third,Giải Ba,2,713
max3d_pro,00396,third,Giải Ba,3,120
max3d_pro,00396,third,Giải Ba,4,776
max3d_pro,00396,third,Giải Ba,5,685
max3d_pro,00396,third,Giải Ba,6,363
max3d_pro,00396,third,Giải Ba,7,456
max3d_pro,00396,third,Giải Ba,8,282
max3d_pro,00397,special,Giải Đặc biệt,1,011
max3d_pro,00397,special,Giải Đặc biệt,2,101
max3d_pro,00397,first,Giải Nhất,1,611
max3d_pro,00397,first,Giải Nhất,2,316
max3d_pro,00397,first,Giải Nhất,3,333
max3d_pro,00397,first,Giải Nhất,4,989
max3d_pro,00397,second,Giải Nhì,1,729
max3d_pro,00397,second,Giải Nhì,2,802
max3d_pro,00397,second,Giải Nhì,3,652
max3d_pro,00397,second,Giải Nhì,4,798
max3d_pro,00397,second,Giải Nhì,5,618
max3d_pro,00397,second,Giải Nhì,6,332
max3d_pro,00397,third,Giải Ba,1,133
max3d_pro,00397,third,Giải Ba,2,522
max3d_pro,00397,third,Giải Ba,3,852
max3d_pro,00397,third,Giải Ba,4,327
max3d_pro,00397,third,Giải Ba,5,083
max3d_pro,00397,third,Giải Ba,6,526
max3d_pro,00397,third,Giải Ba,7,842
max3d_pro,00397,third,Giải Ba,8,668
max3d_pro,00398,special,Giải Đặc biệt,1,559
max3d_pro,00398,special,Giải Đặc biệt,2,957
max3d_pro,00398,first,Giải Nhất,1,444
max3d_pro,00398,first,Giải Nhất,2,770
max3d_pro,00398,first,Giải Nhất,3,161
max3d_pro,00398,first,Giải Nhất,4,733
max3d_pro,00398,second,Giải Nhì,1,968
max3d_pro,00398,second,Giải Nhì,2,428
max3d_pro,00398,second,Giải Nhì,3,607
max3d_pro,00398,second,Giải Nhì,4,758
max3d_pro,00398,second,Giải Nhì,5,314
max3d_pro,00398,second,Giải Nhì,6,553
max3d_pro,00398,third,Giải Ba,1,246
max3d_pro,00398,third,Giải Ba,2,074
max3d_pro,00398,third,Giải Ba,3,922
max3d_pro,00398,third,Giải Ba,4,871
max3d_pro,00398,third,Giải Ba,5,072
max3d_pro,00398,third,Giải Ba,6,413
max3d_pro,00398,third,Giải Ba,7,475
max3d_pro,00398,third,Giải Ba,8,452
max3d_pro,00399,special,Giải Đặc biệt,1,205
max3d_pro,00399,special,Giải Đặc biệt,2,180
max3d_pro,00399,first,Giải Nhất,1,432
max3d_pro,00399,first,Giải Nhất,2,780
max3d_pro,00399,first,Giải Nhất,3,281
max3d_pro,00399,first,Giải Nhất,4,390
max3d_pro,00399,second,Giải Nhì,1,259
max3d_pro,00399,second,Giải Nhì,2,572
max3d_pro,00399,second,Giải Nhì,3,661
max3d_pro,00399,second,Giải Nhì,4,694
max3d_pro,00399,second,Giải Nhì,5,018
max3d_pro,00399,second,Giải Nhì,6,318
max3d_pro,00399,third,Giải Ba,1,238
max3d_pro,00399,third,Giải Ba,2,831
max3d_pro,00399,third,Giải Ba,3,873
max3d_pro,00399,third,Giải Ba,4,457
max3d_pro,00399,third,Giải Ba,5,229
max3d_pro,00399,third,Giải Ba,6,473
max3d_pro,00399,third,Giải Ba,7,903
max3d_pro,00399,third,Giải Ba,8,771
max3d_pro,00400,special,Giải Đặc biệt,1,710
max3d_pro,00400,special,Giải Đặc biệt,2,627
max3d_pro,00400,first,Giải Nhất,1,243
max3d_pro,00400,first,Giải Nhất,2,168
max3d_pro,00400,first,Giải Nhất,3,991
max3d_pro,00400,first,Giải Nhất,4,275
max3d_pro,00400,second,Giải Nhì,1,323
max3d_pro,00400,second,Giải Nhì,2,275
max3d_pro,00400,second,Giải Nhì,3,564
max3d_pro,00400,second,Giải Nhì,4,576
max3d_pro,00400,second,Giải Nhì,5,526
max3d_pro,00400,second,Giải Nhì,6,931
max3d_pro,00400,third,Giải Ba,1,398
max3d_pro,00400,third,Giải Ba,2,428
max3d_pro,00400,third,Giải Ba,3,838
max3d_pro,00400,third,Giải Ba,4,817
max3d_pro,00400,third,Giải Ba,5,504
max3d_pro,00400,third,Giải Ba,6,861
max3d_pro,00400,third,Giải Ba,7,722
max3d_pro,00400,third,Giải Ba,8,472
max3d_pro,00401,special,Giải Đặc biệt,1,749
max3d_pro,00401,special,Giải Đặc biệt,2,303
max3d_pro,00401,first,Giải Nhất,1,563
max3d_pro,00401,first,Giải Nhất,2,345
max3d_pro,00401,first,Giải Nhất,3,453
max3d_pro,00401,first,Giải Nhất,4,977
max3d_pro,00401,second,Giải Nhì,1,539
max3d_pro,00401,second,Giải Nhì,2,204
max3d_pro,00401,second,Giải Nhì,3,881
max3d_pro,00401,second,Giải Nhì,4,200
max3d_pro,00401,second,Giải Nhì,5,785
max3d_pro,00401,second,Giải Nhì,6,505
max3d_pro,00401,third,Giải Ba,1,298
max3d_pro,00401,third,Giải Ba,2,891
max3d_pro,00401,third,Giải Ba,3,563
max3d_pro,00401,third,Giải Ba,4,792
max3d_pro,00401,third,Giải Ba,5,624
max3d_pro,00401,third,Giải Ba,6,928
max3d_pro,00401,third,Giải Ba,7,175
max3d_pro,00401,third,Giải Ba,8,327
max3d_pro,00402,special,Giải Đặc biệt,1,105
max3d_pro,00402,special,Giải Đặc biệt,2,460
max3d_pro,00402,first,Giải Nhất,1,358
max3d_pro,00402,first,Giải Nhất,2,325
max3d_pro,00402,first,Giải Nhất,3,624
max3d_pro,00402,first,Giải Nhất,4,888
max3d_pro,00402,second,Giải Nhì,1,977
max3d_pro,00402,second,Giải Nhì,2,340
max3d_pro,00402,second,Giải Nhì,3,489
max3d_pro,00402,second,Giải Nhì,4,725
max3d_pro,00402,second,Giải Nhì,5,564
max3d_pro,00402,second,Giải Nhì,6,824
max3d_pro,00402,third,Giải Ba,1,775
max3d_pro,00402,third,Giải Ba,2,719
max3d_pro,00402,third,Giải Ba,3,811
max3d_pro,00402,third,Giải Ba,4,861
max3d_pro,00402,third,Giải Ba,5,293
max3d_pro,00402,third,Giải Ba,6,899
max3d_pro,00402,third,Giải Ba,7,418
max3d_pro,00402,third,Giải Ba,8,419
max3d_pro,00403,special,Giải Đặc biệt,1,598
max3d_pro,00403,special,Giải Đặc biệt,2,004
max3d_pro,00403,first,Giải Nhất,1,016
max3d_pro,00403,first,Giải Nhất,2,277
max3d_pro,00403,first,Giải Nhất,3,022
max3d_pro,00403,first,Giải Nhất,4,489
max3d_pro,00403,second,Giải Nhì,1,807
max3d_pro,00403,second,Giải Nhì,2,358
max3d_pro,00403,second,Giải Nhì,3,380
max3d_pro,00403,second,Giải Nhì,4,556
max3d_pro,00403,second,Giải Nhì,5,362
max3d_pro,00403,second,Giải Nhì,6,268
max3d_pro,00403,third,Giải Ba,1,366
max3d_pro,00403,third,Giải Ba,2,944
max3d_pro,00403,third,Giải Ba,3,844
max3d_pro,00403,third,Giải Ba,4,355
max3d_pro,00403,third,Giải Ba,5,282
max3d_pro,00403,third,Giải Ba,6,722
max3d_pro,00403,third,Giải Ba,7,608
max3d_pro,00403,third,Giải Ba,8,257
max3d_pro,00404,special,Giải Đặc biệt,1,109
max3d_pro,00404,special,Giải Đặc biệt,2,661
max3d_pro,00404,first,Giải Nhất,1,818
max3d_pro,00404,first,Giải Nhất,2,708
max3d_pro,00404,first,Giải Nhất,3,016
max3d_pro,00404,first,Giải Nhất,4,907
max3d_pro,00404,second,Giải Nhì,1,713
max3d_pro,00404,second,Giải Nhì,2,346
max3d_pro,00404,second,Giải Nhì,3,673
max3d_pro,00404,second,Giải Nhì,4,851
max3d_pro,00404,second,Giải Nhì,5,553
max3d_pro,00404,second,Giải Nhì,6,307
max3d_pro,00404,third,Giải Ba,1,330
max3d_pro,00404,third,Giải Ba,2,318
max3d_pro,00404,third,Giải Ba,3,111
max3d_pro,00404,third,Giải Ba,4,510
max3d_pro,00404,third,Giải Ba,5,880
max3d_pro,00404,third,Giải Ba,6,011
max3d_pro,00404,third,Giải Ba,7,381
max3d_pro,00404,third,Giải Ba,8,134
max3d_pro,00405,special,Giải Đặc biệt,1,213
max3d_pro,00405,special,Giải Đặc biệt,2,707
max3d_pro,00405,first,Giải Nhất,1,582
max3d_pro,00405,first,Giải Nhất,2,491
max3d_pro,00405,first,Giải Nhất,3,802
max3d_pro,00405,first,Giải Nhất,4,371
max3d_pro,00405,second,Giải Nhì,1,469
max3d_pro,00405,second,Giải Nhì,2,814
max3d_pro,00405,second,Giải Nhì,3,541
max3d_pro,00405,second,Giải Nhì,4,265
max3d_pro,00405,second,Giải Nhì,5,353
max3d_pro,00405,second,Giải Nhì,6,090
max3d_pro,00405,third,Giải Ba,1,409
max3d_pro,00405,third,Giải Ba,2,652
max3d_pro,00405,third,Giải Ba,3,803
max3d_pro,00405,third,Giải Ba,4,775
max3d_pro,00405,third,Giải Ba,5,411
max3d_pro,00405,third,Giải Ba,6,615
max3d_pro,00405,third,Giải Ba,7,666
max3d_pro,00405,third,Giải Ba,8,979
max3d_pro,00406,special,Giải Đặc biệt,1,783
max3d_pro,00406,special,Giải Đặc biệt,2,576
max3d_pro,00406,first,Giải Nhất,1,096
max3d_pro,00406,first,Giải Nhất,2,551
max3d_pro,00406,first,Giải Nhất,3,049
max3d_pro,00406,first,Giải Nhất,4,163
max3d_pro,00406,second,Giải Nhì,1,871
max3d_pro,00406,second,Giải Nhì,2,561
max3d_pro,00406,second,Giải Nhì,3,568
max3d_pro,00406,second,Giải Nhì,4,012
max3d_pro,00406,second,Giải Nhì,5,084
max3d_pro,00406,second,Giải Nhì,6,031
max3d_pro,00406,third,Giải Ba,1,165
max3d_pro,00406,third,Giải Ba,2,889
max3d_pro,00406,third,Giải Ba,3,604
max3d_pro,00406,third,Giải Ba,4,000
max3d_pro,00406,third,Giải Ba,5,434
max3d_pro,00406,third,Giải Ba,6,351
max3d_pro,00406,third,Giải Ba,7,800
max3d_pro,00406,third,Giải Ba,8,772
max3d_pro,00407,special,Giải Đặc biệt,1,785
max3d_pro,00407,special,Giải Đặc biệt,2,881
max3d_pro,00407,first,Giải Nhất,1,527
max3d_pro,00407,first,Giải Nhất,2,989
max3d_pro,00407,first,Giải Nhất,3,510
max3d_pro,00407,first,Giải Nhất,4,208
max3d_pro,00407,second,Giải Nhì,1,782
max3d_pro,00407,second,Giải Nhì,2,497
max3d_pro,00407,second,Giải Nhì,3,912
max3d_pro,00407,second,Giải Nhì,4,448
max3d_pro,00407,second,Giải Nhì,5,341
max3d_pro,00407,second,Giải Nhì,6,428
max3d_pro,00407,third,Giải Ba,1,850
max3d_pro,00407,third,Giải Ba,2,437
max3d_pro,00407,third,Giải Ba,3,124
max3d_pro,00407,third,Giải Ba,4,464
max3d_pro,00407,third,Giải Ba,5,388
max3d_pro,00407,third,Giải Ba,6,970
max3d_pro,00407,third,Giải Ba,7,426
max3d_pro,00407,third,Giải Ba,8,031
max3d_pro,00408,special,Giải Đặc biệt,1,588
max3d_pro,00408,special,Giải Đặc biệt,2,222
max3d_pro,00408,first,Giải Nhất,1,768
max3d_pro,00408,first,Giải Nhất,2,165
max3d_pro,00408,first,Giải Nhất,3,325
max3d_pro,00408,first,Giải Nhất,4,637
max3d_pro,00408,second,Giải Nhì,1,665
max3d_pro,00408,second,Giải Nhì,2,928
max3d_pro,00408,second,Giải Nhì,3,874
max3d_pro,00408,second,Giải Nhì,4,989
max3d_pro,00408,second,Giải Nhì,5,889
max3d_pro,00408,second,Giải Nhì,6,878
max3d_pro,00408,third,Giải Ba,1,628
max3d_pro,00408,third,Giải Ba,2,294
max3d_pro,00408,third,Giải Ba,3,533
max3d_pro,00408,third,Giải Ba,4,192
max3d_pro,00408,third,Giải Ba,5,789
max3d_pro,00408,third,Giải Ba,6,184
max3d_pro,00408,third,Giải Ba,7,139
max3d_pro,00408,third,Giải Ba,8,041
max3d_pro,00409,special,Giải Đặc biệt,1,434
max3d_pro,00409,special,Giải Đặc biệt,2,589
max3d_pro,00409,first,Giải Nhất,1,207
max3d_pro,00409,first,Giải Nhất,2,666
max3d_pro,00409,first,Giải Nhất,3,550
max3d_pro,00409,first,Giải Nhất,4,769
max3d_pro,00409,second,Giải Nhì,1,714
max3d_pro,00409,second,Giải Nhì,2,141
max3d_pro,00409,second,Giải Nhì,3,297
max3d_pro,00409,second,Giải Nhì,4,511
max3d_pro,00409,second,Giải Nhì,5,335
max3d_pro,00409,second,Giải Nhì,6,490
max3d_pro,00409,third,Giải Ba,1,931
max3d_pro,00409,third,Giải Ba,2,972
max3d_pro,00409,third,Giải Ba,3,028
max3d_pro,00409,third,Giải Ba,4,205
max3d_pro,00409,third,Giải Ba,5,758
max3d_pro,00409,third,Giải Ba,6,129
max3d_pro,00409,third,Giải Ba,7,943
max3d_pro,00409,third,Giải Ba,8,786
max3d_pro,00410,special,Giải Đặc biệt,1,570
max3d_pro,00410,special,Giải Đặc biệt,2,644
max3d_pro,00410,first,Giải Nhất,1,953
max3d_pro,00410,first,Giải Nhất,2,783
max3d_pro,00410,first,Giải Nhất,3,470
max3d_pro,00410,first,Giải Nhất,4,534
max3d_pro,00410,second,Giải Nhì,1,108
max3d_pro,00410,second,Giải Nhì,2,204
max3d_pro,00410,second,Giải Nhì,3,963
max3d_pro,00410,second,Giải Nhì,4,902
max3d_pro,00410,second,Giải Nhì,5,431
max3d_pro,00410,second,Giải Nhì,6,461
max3d_pro,00410,third,Giải Ba,1,399
max3d_pro,00410,third,Giải Ba,2,829
max3d_pro,00410,third,Giải Ba,3,924
max3d_pro,00410,third,Giải Ba,4,073
max3d_pro,00410,third,Giải Ba,5,199
max3d_pro,00410,third,Giải Ba,6,888
max3d_pro,00410,third,Giải Ba,7,031
max3d_pro,00410,third,Giải Ba,8,504
max3d_pro,00411,special,Giải Đặc biệt,1,065
max3d_pro,00411,special,Giải Đặc biệt,2,126
max3d_pro,00411,first,Giải Nhất,1,985
max3d_pro,00411,first,Giải Nhất,2,109
max3d_pro,00411,first,Giải Nhất,3,063
max3d_pro,00411,first,Giải Nhất,4,245
max3d_pro,00411,second,Giải Nhì,1,999
max3d_pro,00411,second,Giải Nhì,2,515
max3d_pro,00411,second,Giải Nhì,3,784
max3d_pro,00411,second,Giải Nhì,4,363
max3d_pro,00411,second,Giải Nhì,5,532
max3d_pro,00411,second,Giải Nhì,6,363
max3d_pro,00411,third,Giải Ba,1,162
max3d_pro,00411,third,Giải Ba,2,623
max3d_pro,00411,third,Giải Ba,3,706
max3d_pro,00411,third,Giải Ba,4,017
max3d_pro,00411,third,Giải Ba,5,886
max3d_pro,00411,third,Giải Ba,6,955
max3d_pro,00411,third,Giải Ba,7,594
max3d_pro,00411,third,Giải Ba,8,124
max3d_pro,00412,special,Giải Đặc biệt,1,037
max3d_pro,00412,special,Giải Đặc biệt,2,295
max3d_pro,00412,first,Giải Nhất,1,544
max3d_pro,00412,first,Giải Nhất,2,604
max3d_pro,00412,first,Giải Nhất,3,470
max3d_pro,00412,first,Giải Nhất,4,815
max3d_pro,00412,second,Giải Nhì,1,623
max3d_pro,00412,second,Giải Nhì,2,398
max3d_pro,00412,second,Giải Nhì,3,762
max3d_pro,00412,second,Giải Nhì,4,274
max3d_pro,00412,second,Giải Nhì,5,480
max3d_pro,00412,second,Giải Nhì,6,956
max3d_pro,00412,third,Giải Ba,1,521
max3d_pro,00412,third,Giải Ba,2,927
max3d_pro,00412,third,Giải Ba,3,076
max3d_pro,00412,third,Giải Ba,4,293
max3d_pro,00412,third,Giải Ba,5,408
max3d_pro,00412,third,Giải Ba,6,584
max3d_pro,00412,third,Giải Ba,7,002
max3d_pro,00412,third,Giải Ba,8,202
max3d_pro,00413,special,Giải Đặc biệt,1,708
max3d_pro,00413,special,Giải Đặc biệt,2,318
max3d_pro,00413,first,Giải Nhất,1,829
max3d_pro,00413,first,Giải Nhất,2,129
max3d_pro,00413,first,Giải Nhất,3,658
max3d_pro,00413,first,Giải Nhất,4,303
max3d_pro,00413,second,Giải Nhì,1,948
max3d_pro,00413,second,Giải Nhì,2,779
max3d_pro,00413,second,Giải Nhì,3,654
max3d_pro,00413,second,Giải Nhì,4,305
max3d_pro,00413,second,Giải Nhì,5,979
max3d_pro,00413,second,Giải Nhì,6,562
max3d_pro,00413,third,Giải Ba,1,444
max3d_pro,00413,third,Giải Ba,2,065
max3d_pro,00413,third,Giải Ba,3,544
max3d_pro,00413,third,Giải Ba,4,502
max3d_pro,00413,third,Giải Ba,5,769
max3d_pro,00413,third,Giải Ba,6,387
max3d_pro,00413,third,Giải Ba,7,019
max3d_pro,00413,third,Giải Ba,8,623
max3d_pro,00414,special,Giải Đặc biệt,1,407
max3d_pro,00414,special,Giải Đặc biệt,2,473
max3d_pro,00414,first,Giải Nhất,1,726
max3d_pro,00414,first,Giải Nhất,2,627
max3d_pro,00414,first,Giải Nhất,3,024
max3d_pro,00414,first,Giải Nhất,4,275
max3d_pro,00414,second,Giải Nhì,1,654
max3d_pro,00414,second,Giải Nhì,2,132
max3d_pro,00414,second,Giải Nhì,3,172
max3d_pro,00414,second,Giải Nhì,4,200
max3d_pro,00414,second,Giải Nhì,5,337
max3d_pro,00414,second,Giải Nhì,6,833
max3d_pro,00414,third,Giải Ba,1,422
max3d_pro,00414,third,Giải Ba,2,523
max3d_pro,00414,third,Giải Ba,3,380
max3d_pro,00414,third,Giải Ba,4,635
max3d_pro,00414,third,Giải Ba,5,269
max3d_pro,00414,third,Giải Ba,6,965
max3d_pro,00414,third,Giải Ba,7,722
max3d_pro,00414,third,Giải Ba,8,047
max3d_pro,00415,special,Giải Đặc biệt,1,350
max3d_pro,00415,special,Giải Đặc biệt,2,052
max3d_pro,00415,first,Giải Nhất,1,556
max3d_pro,00415,first,Giải Nhất,2,659
max3d_pro,00415,first,Giải Nhất,3,500
max3d_pro,00415,first,Giải Nhất,4,103
max3d_pro,00415,second,Giải Nhì,1,929
max3d_pro,00415,second,Giải Nhì,2,654
max3d_pro,00415,second,Giải Nhì,3,055
max3d_pro,00415,second,Giải Nhì,4,666
max3d_pro,00415,second,Giải Nhì,5,492
max3d_pro,00415,second,Giải Nhì,6,840
max3d_pro,00415,third,Giải Ba,1,925
max3d_pro,00415,third,Giải Ba,2,656
max3d_pro,00415,third,Giải Ba,3,962
max3d_pro,00415,third,Giải Ba,4,049
max3d_pro,00415,third,Giải Ba,5,253
max3d_pro,00415,third,Giải Ba,6,292
max3d_pro,00415,third,Giải Ba,7,704
max3d_pro,00415,third,Giải Ba,8,915
max3d_pro,00416,special,Giải Đặc biệt,1,307
max3d_pro,00416,special,Giải Đặc biệt,2,696
max3d_pro,00416,first,Giải Nhất,1,140
max3d_pro,00416,first,Giải Nhất,2,536
max3d_pro,00416,first,Giải Nhất,3,036
max3d_pro,00416,first,Giải Nhất,4,320
max3d_pro,00416,second,Giải Nhì,1,029
max3d_pro,00416,second,Giải Nhì,2,297
max3d_pro,00416,second,Giải Nhì,3,014
max3d_pro,00416,second,Giải Nhì,4,587
max3d_pro,00416,second,Giải Nhì,5,690
max3d_pro,00416,second,Giải Nhì,6,635
max3d_pro,00416,third,Giải Ba,1,723
max3d_pro,00416,third,Giải Ba,2,480
max3d_pro,00416,third,Giải Ba,3,947
max3d_pro,00416,third,Giải Ba,4,226
max3d_pro,00416,third,Giải Ba,5,973
max3d_pro,00416,third,Giải Ba,6,891
max3d_pro,00416,third,Giải Ba,7,743
max3d_pro,00416,third,Giải Ba,8,588
max3d_pro,00417,special,Giải Đặc biệt,1,837
max3d_pro,00417,special,Giải Đặc biệt,2,331
max3d_pro,00417,first,Giải Nhất,1,138
max3d_pro,00417,first,Giải Nhất,2,416
max3d_pro,00417,first,Giải Nhất,3,422
max3d_pro,00417,first,Giải Nhất,4,735
max3d_pro,00417,second,Giải Nhì,1,382
max3d_pro,00417,second,Giải Nhì,2,896
max3d_pro,00417,second,Giải Nhì,3,979
max3d_pro,00417,second,Giải Nhì,4,359
max3d_pro,00417,second,Giải Nhì,5,593
max3d_pro,00417,second,Giải Nhì,6,845
max3d_pro,00417,third,Giải Ba,1,012
max3d_pro,00417,third,Giải Ba,2,045
max3d_pro,00417,third,Giải Ba,3,372
max3d_pro,00417,third,Giải Ba,4,082
max3d_pro,00417,third,Giải Ba,5,894
max3d_pro,00417,third,Giải Ba,6,860
max3d_pro,00417,third,Giải Ba,7,075
max3d_pro,00417,third,Giải Ba,8,736
max3d_pro,00418,special,Giải Đặc biệt,1,159
max3d_pro,00418,special,Giải Đặc biệt,2,024
max3d_pro,00418,first,Giải Nhất,1,533
max3d_pro,00418,first,Giải Nhất,2,200
max3d_pro,00418,first,Giải Nhất,3,464
max3d_pro,00418,first,Giải Nhất,4,637
max3d_pro,00418,second,Giải Nhì,1,816
max3d_pro,00418,second,Giải Nhì,2,943
max3d_pro,00418,second,Giải Nhì,3,113
max3d_pro,00418,second,Giải Nhì,4,777
max3d_pro,00418,second,Giải Nhì,5,600
max3d_pro,00418,second,Giải Nhì,6,624
max3d_pro,00418,third,Giải Ba,1,116
max3d_pro,00418,third,Giải Ba,2,977
max3d_pro,00418,third,Giải Ba,3,700
max3d_pro,00418,third,Giải Ba,4,963
max3d_pro,00418,third,Giải Ba,5,731
max3d_pro,00418,third,Giải Ba,6,367
max3d_pro,00418,third,Giải Ba,7,216
max3d_pro,00418,third,Giải Ba,8,434
max3d_pro,00419,special,Giải Đặc biệt,1,728
max3d_pro,00419,special,Giải Đặc biệt,2,387
max3d_pro,00419,first,Giải Nhất,1,343
max3d_pro,00419,first,Giải Nhất,2,403
max3d_pro,00419,first,Giải Nhất,3,791
max3d_pro,00419,first,Giải Nhất,4,356
max3d_pro,00419,second,Giải Nhì,1,176
max3d_pro,00419,second,Giải Nhì,2,856
max3d_pro,00419,second,Giải Nhì,3,098
max3d_pro,00419,second,Giải Nhì,4,351
max3d_pro,00419,second,Giải Nhì,5,245
max3d_pro,00419,second,Giải Nhì,6,399
max3d_pro,00419,third,Giải Ba,1,446
max3d_pro,00419,third,Giải Ba,2,014
max3d_pro,00419,third,Giải Ba,3,839
max3d_pro,00419,third,Giải Ba,4,935
max3d_pro,00419,third,Giải Ba,5,631
max3d_pro,00419,third,Giải Ba,6,353
max3d_pro,00419,third,Giải Ba,7,970
max3d_pro,00419,third,Giải Ba,8,238
max3d_pro,00420,special,Giải Đặc biệt,1,371
max3d_pro,00420,special,Giải Đặc biệt,2,239
max3d_pro,00420,first,Giải Nhất,1,270
max3d_pro,00420,first,Giải Nhất,2,633
max3d_pro,00420,first,Giải Nhất,3,859
max3d_pro,00420,first,Giải Nhất,4,723
max3d_pro,00420,second,Giải Nhì,1,070
max3d_pro,00420,second,Giải Nhì,2,392
max3d_pro,00420,second,Giải Nhì,3,525
max3d_pro,00420,second,Giải Nhì,4,784
max3d_pro,00420,second,Giải Nhì,5,621
max3d_pro,00420,second,Giải Nhì,6,024
max3d_pro,00420,third,Giải Ba,1,437
max3d_pro,00420,third,Giải Ba,2,934
max3d_pro,00420,third,Giải Ba,3,699
max3d_pro,00420,third,Giải Ba,4,041
max3d_pro,00420,third,Giải Ba,5,464
max3d_pro,00420,third,Giải Ba,6,657
max3d_pro,00420,third,Giải Ba,7,518
max3d_pro,00420,third,Giải Ba,8,090
max3d_pro,00421,special,Giải Đặc biệt,1,343
max3d_pro,00421,special,Giải Đặc biệt,2,229
max3d_pro,00421,first,Giải Nhất,1,258
max3d_pro,00421,first,Giải Nhất,2,218
max3d_pro,00421,first,Giải Nhất,3,479
max3d_pro,00421,first,Giải Nhất,4,835
max3d_pro,00421,second,Giải Nhì,1,426
max3d_pro,00421,second,Giải Nhì,2,018
max3d_pro,00421,second,Giải Nhì,3,238
max3d_pro,00421,second,Giải Nhì,4,899
max3d_pro,00421,second,Giải Nhì,5,964
max3d_pro,00421,second,Giải Nhì,6,521
max3d_pro,00421,third,Giải Ba,1,220
max3d_pro,00421,third,Giải Ba,2,318
max3d_pro,00421,third,Giải Ba,3,632
max3d_pro,00421,third,Giải Ba,4,953
max3d_pro,00421,third,Giải Ba,5,416
max3d_pro,00421,third,Giải Ba,6,541
max3d_pro,00421,third,Giải Ba,7,388
max3d_pro,00421,third,Giải Ba,8,204
max3d_pro,00422,special,Giải Đặc biệt,1,479
max3d_pro,00422,special,Giải Đặc biệt,2,372
max3d_pro,00422,first,Giải Nhất,1,517
max3d_pro,00422,first,Giải Nhất,2,809
max3d_pro,00422,first,Giải Nhất,3,163
max3d_pro,00422,first,Giải Nhất,4,624
max3d_pro,00422,second,Giải Nhì,1,161
max3d_pro,00422,second,Giải Nhì,2,880
max3d_pro,00422,second,Giải Nhì,3,695
max3d_pro,00422,second,Giải Nhì,4,616
max3d_pro,00422,second,Giải Nhì,5,381
max3d_pro,00422,second,Giải Nhì,6,585
max3d_pro,00422,third,Giải Ba,1,703
max3d_pro,00422,third,Giải Ba,2,500
max3d_pro,00422,third,Giải Ba,3,777
max3d_pro,00422,third,Giải Ba,4,075
max3d_pro,00422,third,Giải Ba,5,045
max3d_pro,00422,third,Giải Ba,6,576
max3d_pro,00422,third,Giải Ba,7,749
max3d_pro,00422,third,Giải Ba,8,246
max3d_pro,00423,special,Giải Đặc biệt,1,657
max3d_pro,00423,special,Giải Đặc biệt,2,097
max3d_pro,00423,first,Giải Nhất,1,376
max3d_pro,00423,first,Giải Nhất,2,177
max3d_pro,00423,first,Giải Nhất,3,121
max3d_pro,00423,first,Giải Nhất,4,555
max3d_pro,00423,second,Giải Nhì,1,156
max3d_pro,00423,second,Giải Nhì,2,113
max3d_pro,00423,second,Giải Nhì,3,102
max3d_pro,00423,second,Giải Nhì,4,211
max3d_pro,00423,second,Giải Nhì,5,715
max3d_pro,00423,second,Giải Nhì,6,629
max3d_pro,00423,third,Giải Ba,1,952
max3d_pro,00423,third,Giải Ba,2,976
max3d_pro,00423,third,Giải Ba,3,288
max3d_pro,00423,third,Giải Ba,4,461
max3d_pro,00423,third,Giải Ba,5,568
max3d_pro,00423,third,Giải Ba,6,932
max3d_pro,00423,third,Giải Ba,7,789
max3d_pro,00423,third,Giải Ba,8,399
max3d_pro,00424,special,Giải Đặc biệt,1,962
max3d_pro,00424,special,Giải Đặc biệt,2,746
max3d_pro,00424,first,Giải Nhất,1,396
max3d_pro,00424,first,Giải Nhất,2,725
max3d_pro,00424,first,Giải Nhất,3,629
max3d_pro,00424,first,Giải Nhất,4,412
max3d_pro,00424,second,Giải Nhì,1,789
max3d_pro,00424,second,Giải Nhì,2,208
max3d_pro,00424,second,Giải Nhì,3,483
max3d_pro,00424,second,Giải Nhì,4,895
max3d_pro,00424,second,Giải Nhì,5,611
max3d_pro,00424,second,Giải Nhì,6,473
max3d_pro,00424,third,Giải Ba,1,256
max3d_pro,00424,third,Giải Ba,2,869
max3d_pro,00424,third,Giải Ba,3,927
max3d_pro,00424,third,Giải Ba,4,146
max3d_pro,00424,third,Giải Ba,5,380
max3d_pro,00424,third,Giải Ba,6,620
max3d_pro,00424,third,Giải Ba,7,510
max3d_pro,00424,third,Giải Ba,8,756
max3d_pro,00425,special,Giải Đặc biệt,1,412
max3d_pro,00425,special,Giải Đặc biệt,2,067
max3d_pro,00425,first,Giải Nhất,1,769
max3d_pro,00425,first,Giải Nhất,2,978
max3d_pro,00425,first,Giải Nhất,3,451
max3d_pro,00425,first,Giải Nhất,4,534
max3d_pro,00425,second,Giải Nhì,1,685
max3d_pro,00425,second,Giải Nhì,2,712
max3d_pro,00425,second,Giải Nhì,3,879
max3d_pro,00425,second,Giải Nhì,4,199
max3d_pro,00425,second,Giải Nhì,5,914
max3d_pro,00425,second,Giải Nhì,6,591
max3d_pro,00425,third,Giải Ba,1,163
max3d_pro,00425,third,Giải Ba,2,285
max3d_pro,00425,third,Giải Ba,3,670
max3d_pro,00425,third,Giải Ba,4,985
max3d_pro,00425,third,Giải Ba,5,409
max3d_pro,00425,third,Giải Ba,6,422
max3d_pro,00425,third,Giải Ba,7,192
max3d_pro,00425,third,Giải Ba,8,641
max3d_pro,00426,special,Giải Đặc biệt,1,136
max3d_pro,00426,special,Giải Đặc biệt,2,153
max3d_pro,00426,first,Giải Nhất,1,991
max3d_pro,00426,first,Giải Nhất,2,418
max3d_pro,00426,first,Giải Nhất,3,409
max3d_pro,00426,first,Giải Nhất,4,474
max3d_pro,00426,second,Giải Nhì,1,567
max3d_pro,00426,second,Giải Nhì,2,850
max3d_pro,00426,second,Giải Nhì,3,761
max3d_pro,00426,second,Giải Nhì,4,965
max3d_pro,00426,second,Giải Nhì,5,558
max3d_pro,00426,second,Giải Nhì,6,820
max3d_pro,00426,third,Giải Ba,1,270
max3d_pro,00426,third,Giải Ba,2,948
max3d_pro,00426,third,Giải Ba,3,619
max3d_pro,00426,third,Giải Ba,4,761
max3d_pro,00426,third,Giải Ba,5,174
max3d_pro,00426,third,Giải Ba,6,726
max3d_pro,00426,third,Giải Ba,7,606
max3d_pro,00426,third,Giải Ba,8,215
max3d_pro,00427,special,Giải Đặc biệt,1,771
max3d_pro,00427,special,Giải Đặc biệt,2,677
max3d_pro,00427,first,Giải Nhất,1,433
max3d_pro,00427,first,Giải Nhất,2,780
max3d_pro,00427,first,Giải Nhất,3,664
max3d_pro,00427,first,Giải Nhất,4,718
max3d_pro,00427,second,Giải Nhì,1,416
max3d_pro,00427,second,Giải Nhì,2,986
max3d_pro,00427,second,Giải Nhì,3,123
max3d_pro,00427,second,Giải Nhì,4,716
max3d_pro,00427,second,Giải Nhì,5,218
max3d_pro,00427,second,Giải Nhì,6,220
max3d_pro,00427,third,Giải Ba,1,015
max3d_pro,00427,third,Giải Ba,2,212
max3d_pro,00427,third,Giải Ba,3,301
max3d_pro,00427,third,Giải Ba,4,547
max3d_pro,00427,third,Giải Ba,5,577
max3d_pro,00427,third,Giải Ba,6,555
max3d_pro,00427,third,Giải Ba,7,166
max3d_pro,00427,third,Giải Ba,8,211
max3d_pro,00428,special,Giải Đặc biệt,1,932
max3d_pro,00428,special,Giải Đặc biệt,2,456
max3d_pro,00428,first,Giải Nhất,1,548
max3d_pro,00428,first,Giải Nhất,2,662
max3d_pro,00428,first,Giải Nhất,3,208
max3d_pro,00428,first,Giải Nhất,4,558
max3d_pro,00428,second,Giải Nhì,1,743
max3d_pro,00428,second,Giải Nhì,2,464
max3d_pro,00428,second,Giải Nhì,3,837
max3d_pro,00428,second,Giải Nhì,4,829
max3d_pro,00428,second,Giải Nhì,5,207
max3d_pro,00428,second,Giải Nhì,6,925
max3d_pro,00428,third,Giải Ba,1,986
max3d_pro,00428,third,Giải Ba,2,113
max3d_pro,00428,third,Giải Ba,3,783
max3d_pro,00428,third,Giải Ba,4,645
max3d_pro,00428,third,Giải Ba,5,842
max3d_pro,00428,third,Giải Ba,6,197
max3d_pro,00428,third,Giải Ba,7,782
max3d_pro,00428,third,Giải Ba,8,917
max3d_pro,00429,special,Giải Đặc biệt,1,635
max3d_pro,00429,special,Giải Đặc biệt,2,081
max3d_pro,00429,first,Giải Nhất,1,008
max3d_pro,00429,first,Giải Nhất,2,741
max3d_pro,00429,first,Giải Nhất,3,351
max3d_pro,00429,first,Giải Nhất,4,640
max3d_pro,00429,second,Giải Nhì,1,953
max3d_pro,00429,second,Giải Nhì,2,728
max3d_pro,00429,second,Giải Nhì,3,538
max3d_pro,00429,second,Giải Nhì,4,850
max3d_pro,00429,second,Giải Nhì,5,177
max3d_pro,00429,second,Giải Nhì,6,105
max3d_pro,00429,third,Giải Ba,1,500
max3d_pro,00429,third,Giải Ba,2,821
max3d_pro,00429,third,Giải Ba,3,578
max3d_pro,00429,third,Giải Ba,4,783
max3d_pro,00429,third,Giải Ba,5,048
max3d_pro,00429,third,Giải Ba,6,642
max3d_pro,00429,third,Giải Ba,7,632
max3d_pro,00429,third,Giải Ba,8,707
max3d_pro,00430,special,Giải Đặc biệt,1,544
max3d_pro,00430,special,Giải Đặc biệt,2,944
max3d_pro,00430,first,Giải Nhất,1,206
max3d_pro,00430,first,Giải Nhất,2,696
max3d_pro,00430,first,Giải Nhất,3,753
max3d_pro,00430,first,Giải Nhất,4,549
max3d_pro,00430,second,Giải Nhì,1,065
max3d_pro,00430,second,Giải Nhì,2,156
max3d_pro,00430,second,Giải Nhì,3,814
max3d_pro,00430,second,Giải Nhì,4,999
max3d_pro,00430,second,Giải Nhì,5,065
max3d_pro,00430,second,Giải Nhì,6,143
max3d_pro,00430,third,Giải Ba,1,265
max3d_pro,00430,third,Giải Ba,2,027
max3d_pro,00430,third,Giải Ba,3,402
max3d_pro,00430,third,Giải Ba,4,261
max3d_pro,00430,third,Giải Ba,5,513
max3d_pro,00430,third,Giải Ba,6,543
max3d_pro,00430,third,Giải Ba,7,283
max3d_pro,00430,third,Giải Ba,8,278
max3d_pro,00431,special,Giải Đặc biệt,1,624
max3d_pro,00431,special,Giải Đặc biệt,2,858
max3d_pro,00431,first,Giải Nhất,1,757
max3d_pro,00431,first,Giải Nhất,2,520
max3d_pro,00431,first,Giải Nhất,3,871
max3d_pro,00431,first,Giải Nhất,4,651
max3d_pro,00431,second,Giải Nhì,1,383
max3d_pro,00431,second,Giải Nhì,2,123
max3d_pro,00431,second,Giải Nhì,3,616
max3d_pro,00431,second,Giải Nhì,4,348
max3d_pro,00431,second,Giải Nhì,5,297
max3d_pro,00431,second,Giải Nhì,6,306
max3d_pro,00431,third,Giải Ba,1,115
max3d_pro,00431,third,Giải Ba,2,354
max3d_pro,00431,third,Giải Ba,3,207
max3d_pro,00431,third,Giải Ba,4,540
max3d_pro,00431,third,Giải Ba,5,505
max3d_pro,00431,third,Giải Ba,6,155
max3d_pro,00431,third,Giải Ba,7,660
max3d_pro,00431,third,Giải Ba,8,264
max3d_pro,00432,special,Giải Đặc biệt,1,960
max3d_pro,00432,special,Giải Đặc biệt,2,537
max3d_pro,00432,first,Giải Nhất,1,981
max3d_pro,00432,first,Giải Nhất,2,309
max3d_pro,00432,first,Giải Nhất,3,338
max3d_pro,00432,first,Giải Nhất,4,112
max3d_pro,00432,second,Giải Nhì,1,572
max3d_pro,00432,second,Giải Nhì,2,489
max3d_pro,00432,second,Giải Nhì,3,313
max3d_pro,00432,second,Giải Nhì,4,946
max3d_pro,00432,second,Giải Nhì,5,155
max3d_pro,00432,second,Giải Nhì,6,117
max3d_pro,00432,third,Giải Ba,1,768
max3d_pro,00432,third,Giải Ba,2,881
max3d_pro,00432,third,Giải Ba,3,827
max3d_pro,00432,third,Giải Ba,4,592
max3d_pro,00432,third,Giải Ba,5,279
max3d_pro,00432,third,Giải Ba,6,123
max3d_pro,00432,third,Giải Ba,7,446
max3d_pro,00432,third,Giải Ba,8,076
max3d_pro,00433,special,Giải Đặc biệt,1,396
max3d_pro,00433,special,Giải Đặc biệt,2,215
max3d_pro,00433,first,Giải Nhất,1,641
max3d_pro,00433,first,Giải Nhất,2,820
max3d_pro,00433,first,Giải Nhất,3,735
max3d_pro,00433,first,Giải Nhất,4,729
max3d_pro,00433,second,Giải Nhì,1,058
max3d_pro,00433,second,Giải Nhì,2,180
max3d_pro,00433,second,Giải Nhì,3,443
max3d_pro,00433,second,Giải Nhì,4,738
max3d_pro,00433,second,Giải Nhì,5,936
max3d_pro,00433,second,Giải Nhì,6,251
max3d_pro,00433,third,Giải Ba,1,160
max3d_pro,00433,third,Giải Ba,2,156
max3d_pro,00433,third,Giải Ba,3,003
max3d_pro,00433,third,Giải Ba,4,858
max3d_pro,00433,third,Giải Ba,5,812
max3d_pro,00433,third,Giải Ba,6,302
max3d_pro,00433,third,Giải Ba,7,166
max3d_pro,00433,third,Giải Ba,8,123
max3d_pro,00434,special,Giải Đặc biệt,1,200
max3d_pro,00434,special,Giải Đặc biệt,2,120
max3d_pro,00434,first,Giải Nhất,1,247
max3d_pro,00434,first,Giải Nhất,2,118
max3d_pro,00434,first,Giải Nhất,3,237
max3d_pro,00434,first,Giải Nhất,4,342
max3d_pro,00434,second,Giải Nhì,1,317
max3d_pro,00434,second,Giải Nhì,2,159
max3d_pro,00434,second,Giải Nhì,3,523
max3d_pro,00434,second,Giải Nhì,4,393
max3d_pro,00434,second,Giải Nhì,5,409
max3d_pro,00434,second,Giải Nhì,6,207
max3d_pro,00434,third,Giải Ba,1,070
max3d_pro,00434,third,Giải Ba,2,216
max3d_pro,00434,third,Giải Ba,3,648
max3d_pro,00434,third,Giải Ba,4,162
max3d_pro,00434,third,Giải Ba,5,154
max3d_pro,00434,third,Giải Ba,6,351
max3d_pro,00434,third,Giải Ba,7,549
max3d_pro,00434,third,Giải Ba,8,424
max3d_pro,00435,special,Giải Đặc biệt,1,620
max3d_pro,00435,special,Giải Đặc biệt,2,355
max3d_pro,00435,first,Giải Nhất,1,656
max3d_pro,00435,first,Giải Nhất,2,861
max3d_pro,00435,first,Giải Nhất,3,863
max3d_pro,00435,first,Giải Nhất,4,144
max3d_pro,00435,second,Giải Nhì,1,607
max3d_pro,00435,second,Giải Nhì,2,030
max3d_pro,00435,second,Giải Nhì,3,412
max3d_pro,00435,second,Giải Nhì,4,450
max3d_pro,00435,second,Giải Nhì,5,769
max3d_pro,00435,second,Giải Nhì,6,580
max3d_pro,00435,third,Giải Ba,1,604
max3d_pro,00435,third,Giải Ba,2,693
max3d_pro,00435,third,Giải Ba,3,386
max3d_pro,00435,third,Giải Ba,4,216
max3d_pro,00435,third,Giải Ba,5,302
max3d_pro,00435,third,Giải Ba,6,271
max3d_pro,00435,third,Giải Ba,7,568
max3d_pro,00435,third,Giải Ba,8,872
max3d_pro,00436,special,Giải Đặc biệt,1,073
max3d_pro,00436,special,Giải Đặc biệt,2,852
max3d_pro,00436,first,Giải Nhất,1,825
max3d_pro,00436,first,Giải Nhất,2,423
max3d_pro,00436,first,Giải Nhất,3,308
max3d_pro,00436,first,Giải Nhất,4,820
max3d_pro,00436,second,Giải Nhì,1,002
max3d_pro,00436,second,Giải Nhì,2,784
max3d_pro,00436,second,Giải Nhì,3,430
max3d_pro,00436,second,Giải Nhì,4,445
max3d_pro,00436,second,Giải Nhì,5,193
max3d_pro,00436,second,Giải Nhì,6,030
max3d_pro,00436,third,Giải Ba,1,280
max3d_pro,00436,third,Giải Ba,2,757
max3d_pro,00436,third,Giải Ba,3,126
max3d_pro,00436,third,Giải Ba,4,999
max3d_pro,00436,third,Giải Ba,5,771
max3d_pro,00436,third,Giải Ba,6,276
max3d_pro,00436,third,Giải Ba,7,064
max3d_pro,00436,third,Giải Ba,8,436
max3d_pro,00437,special,Giải Đặc biệt,1,492
max3d_pro,00437,special,Giải Đặc biệt,2,974
max3d_pro,00437,first,Giải Nhất,1,759
max3d_pro,00437,first,Giải Nhất,2,429
max3d_pro,00437,first,Giải Nhất,3,280
max3d_pro,00437,first,Giải Nhất,4,627
max3d_pro,00437,second,Giải Nhì,1,770
max3d_pro,00437,second,Giải Nhì,2,043
max3d_pro,00437,second,Giải Nhì,3,714
max3d_pro,00437,second,Giải Nhì,4,542
max3d_pro,00437,second,Giải Nhì,5,941
max3d_pro,00437,second,Giải Nhì,6,503
max3d_pro,00437,third,Giải Ba,1,979
max3d_pro,00437,third,Giải Ba,2,277
max3d_pro,00437,third,Giải Ba,3,356
max3d_pro,00437,third,Giải Ba,4,013
max3d_pro,00437,third,Giải Ba,5,828
max3d_pro,00437,third,Giải Ba,6,129
max3d_pro,00437,third,Giải Ba,7,816
max3d_pro,00437,third,Giải Ba,8,691
max3d_pro,00438,special,Giải Đặc biệt,1,396
max3d_pro,00438,special,Giải Đặc biệt,2,057
max3d_pro,00438,first,Giải Nhất,1,116
max3d_pro,00438,first,Giải Nhất,2,103
max3d_pro,00438,first,Giải Nhất,3,359
max3d_pro,00438,first,Giải Nhất,4,793
max3d_pro,00438,second,Giải Nhì,1,438
max3d_pro,00438,second,Giải Nhì,2,145
max3d_pro,00438,second,Giải Nhì,3,645
max3d_pro,00438,second,Giải Nhì,4,997
max3d_pro,00438,second,Giải Nhì,5,590
max3d_pro,00438,second,Giải Nhì,6,358
max3d_pro,00438,third,Giải Ba,1,170
max3d_pro,00438,third,Giải Ba,2,038
max3d_pro,00438,third,Giải Ba,3,616
max3d_pro,00438,third,Giải Ba,4,211
max3d_pro,00438,third,Giải Ba,5,434
max3d_pro,00438,third,Giải Ba,6,737
max3d_pro,00438,third,Giải Ba,7,570
max3d_pro,00438,third,Giải Ba,8,860
max3d_pro,00439,special,Giải Đặc biệt,1,722
max3d_pro,00439,special,Giải Đặc biệt,2,042
max3d_pro,00439,first,Giải Nhất,1,134
max3d_pro,00439,first,Giải Nhất,2,223
max3d_pro,00439,first,Giải Nhất,3,558
max3d_pro,00439,first,Giải Nhất,4,822
max3d_pro,00439,second,Giải Nhì,1,151
max3d_pro,00439,second,Giải Nhì,2,833
max3d_pro,00439,second,Giải Nhì,3,371
max3d_pro,00439,second,Giải Nhì,4,252
max3d_pro,00439,second,Giải Nhì,5,251
max3d_pro,00439,second,Giải Nhì,6,522
max3d_pro,00439,third,Giải Ba,1,170
max3d_pro,00439,third,Giải Ba,2,260
max3d_pro,00439,third,Giải Ba,3,212
max3d_pro,00439,third,Giải Ba,4,286
max3d_pro,00439,third,Giải Ba,5,766
max3d_pro,00439,third,Giải Ba,6,951
max3d_pro,00439,third,Giải Ba,7,637
max3d_pro,00439,third,Giải Ba,8,251
max3d_pro,00440,special,Giải Đặc biệt,1,412
max3d_pro,00440,special,Giải Đặc biệt,2,171
max3d_pro,00440,first,Giải Nhất,1,688
max3d_pro,00440,first,Giải Nhất,2,954
max3d_pro,00440,first,Giải Nhất,3,294
max3d_pro,00440,first,Giải Nhất,4,084
max3d_pro,00440,second,Giải Nhì,1,914
max3d_pro,00440,second,Giải Nhì,2,631
max3d_pro,00440,second,Giải Nhì,3,253
max3d_pro,00440,second,Giải Nhì,4,308
max3d_pro,00440,second,Giải Nhì,5,468
max3d_pro,00440,second,Giải Nhì,6,244
max3d_pro,00440,third,Giải Ba,1,967
max3d_pro,00440,third,Giải Ba,2,557
max3d_pro,00440,third,Giải Ba,3,823
max3d_pro,00440,third,Giải Ba,4,190
max3d_pro,00440,third,Giải Ba,5,832
max3d_pro,00440,third,Giải Ba,6,444
max3d_pro,00440,third,Giải Ba,7,450
max3d_pro,00440,third,Giải Ba,8,940
max3d_pro,00441,special,Giải Đặc biệt,1,744
max3d_pro,00441,special,Giải Đặc biệt,2,801
max3d_pro,00441,first,Giải Nhất,1,420
max3d_pro,00441,first,Giải Nhất,2,054
max3d_pro,00441,first,Giải Nhất,3,771
max3d_pro,00441,first,Giải Nhất,4,455
max3d_pro,00441,second,Giải Nhì,1,535
max3d_pro,00441,second,Giải Nhì,2,056
max3d_pro,00441,second,Giải Nhì,3,681
max3d_pro,00441,second,Giải Nhì,4,130
max3d_pro,00441,second,Giải Nhì,5,305
max3d_pro,00441,second,Giải Nhì,6,112
max3d_pro,00441,third,Giải Ba,1,043
max3d_pro,00441,third,Giải Ba,2,557
max3d_pro,00441,third,Giải Ba,3,817
max3d_pro,00441,third,Giải Ba,4,115
max3d_pro,00441,third,Giải Ba,5,540
max3d_pro,00441,third,Giải Ba,6,173
max3d_pro,00441,third,Giải Ba,7,398
max3d_pro,00441,third,Giải Ba,8,281
max3d_pro,00442,special,Giải Đặc biệt,1,995
max3d_pro,00442,special,Giải Đặc biệt,2,012
max3d_pro,00442,first,Giải Nhất,1,692
max3d_pro,00442,first,Giải Nhất,2,612
max3d_pro,00442,first,Giải Nhất,3,462
max3d_pro,00442,first,Giải Nhất,4,478
max3d_pro,00442,second,Giải Nhì,1,012
max3d_pro,00442,second,Giải Nhì,2,253
max3d_pro,00442,second,Giải Nhì,3,303
max3d_pro,00442,second,Giải Nhì,4,960
max3d_pro,00442,second,Giải Nhì,5,704
max3d_pro,00442,second,Giải Nhì,6,496
max3d_pro,00442,third,Giải Ba,1,643
max3d_pro,00442,third,Giải Ba,2,392
max3d_pro,00442,third,Giải Ba,3,402
max3d_pro,00442,third,Giải Ba,4,336
max3d_pro,00442,third,Giải Ba,5,568
max3d_pro,00442,third,Giải Ba,6,165
max3d_pro,00442,third,Giải Ba,7,564
max3d_pro,00442,third,Giải Ba,8,159
max3d_pro,00443,special,Giải Đặc biệt,1,135
max3d_pro,00443,special,Giải Đặc biệt,2,588
max3d_pro,00443,first,Giải Nhất,1,941
max3d_pro,00443,first,Giải Nhất,2,726
max3d_pro,00443,first,Giải Nhất,3,585
max3d_pro,00443,first,Giải Nhất,4,693
max3d_pro,00443,second,Giải Nhì,1,108
max3d_pro,00443,second,Giải Nhì,2,829
max3d_pro,00443,second,Giải Nhì,3,177
max3d_pro,00443,second,Giải Nhì,4,240
max3d_pro,00443,second,Giải Nhì,5,222
max3d_pro,00443,second,Giải Nhì,6,491
max3d_pro,00443,third,Giải Ba,1,751
max3d_pro,00443,third,Giải Ba,2,464
max3d_pro,00443,third,Giải Ba,3,634
max3d_pro,00443,third,Giải Ba,4,809
max3d_pro,00443,third,Giải Ba,5,569
max3d_pro,00443,third,Giải Ba,6,336
max3d_pro,00443,third,Giải Ba,7,228
max3d_pro,00443,third,Giải Ba,8,763
max3d_pro,00444,special,Giải Đặc biệt,1,973
max3d_pro,00444,special,Giải Đặc biệt,2,779
max3d_pro,00444,first,Giải Nhất,1,190
max3d_pro,00444,first,Giải Nhất,2,492
max3d_pro,00444,first,Giải Nhất,3,815
max3d_pro,00444,first,Giải Nhất,4,706
max3d_pro,00444,second,Giải Nhì,1,512
max3d_pro,00444,second,Giải Nhì,2,454
max3d_pro,00444,second,Giải Nhì,3,612
max3d_pro,00444,second,Giải Nhì,4,458
max3d_pro,00444,second,Giải Nhì,5,454
max3d_pro,00444,second,Giải Nhì,6,307
max3d_pro,00444,third,Giải Ba,1,750
max3d_pro,00444,third,Giải Ba,2,987
max3d_pro,00444,third,Giải Ba,3,859
max3d_pro,00444,third,Giải Ba,4,860
max3d_pro,00444,third,Giải Ba,5,023
max3d_pro,00444,third,Giải Ba,6,763
max3d_pro,00444,third,Giải Ba,7,098
max3d_pro,00444,third,Giải Ba,8,254
max3d_pro,00445,special,Giải Đặc biệt,1,466
max3d_pro,00445,special,Giải Đặc biệt,2,437
max3d_pro,00445,first,Giải Nhất,1,249
max3d_pro,00445,first,Giải Nhất,2,836
max3d_pro,00445,first,Giải Nhất,3,437
max3d_pro,00445,first,Giải Nhất,4,995
max3d_pro,00445,second,Giải Nhì,1,419
max3d_pro,00445,second,Giải Nhì,2,503
max3d_pro,00445,second,Giải Nhì,3,718
max3d_pro,00445,second,Giải Nhì,4,235
max3d_pro,00445,second,Giải Nhì,5,257
max3d_pro,00445,second,Giải Nhì,6,366
max3d_pro,00445,third,Giải Ba,1,966
max3d_pro,00445,third,Giải Ba,2,666
max3d_pro,00445,third,Giải Ba,3,208
max3d_pro,00445,third,Giải Ba,4,204
max3d_pro,00445,third,Giải Ba,5,156
max3d_pro,00445,third,Giải Ba,6,725
max3d_pro,00445,third,Giải Ba,7,187
max3d_pro,00445,third,Giải Ba,8,971
max3d_pro,00446,special,Giải Đặc biệt,1,199
max3d_pro,00446,special,Giải Đặc biệt,2,990
max3d_pro,00446,first,Giải Nhất,1,278
max3d_pro,00446,first,Giải Nhất,2,401
max3d_pro,00446,first,Giải Nhất,3,828
max3d_pro,00446,first,Giải Nhất,4,969
max3d_pro,00446,second,Giải Nhì,1,118
max3d_pro,00446,second,Giải Nhì,2,655
max3d_pro,00446,second,Giải Nhì,3,991
max3d_pro,00446,second,Giải Nhì,4,307
max3d_pro,00446,second,Giải Nhì,5,207
max3d_pro,00446,second,Giải Nhì,6,896
max3d_pro,00446,third,Giải Ba,1,215
max3d_pro,00446,third,Giải Ba,2,860
max3d_pro,00446,third,Giải Ba,3,548
max3d_pro,00446,third,Giải Ba,4,832
max3d_pro,00446,third,Giải Ba,5,503
max3d_pro,00446,third,Giải Ba,6,365
max3d_pro,00446,third,Giải Ba,7,904
max3d_pro,00446,third,Giải Ba,8,205
max3d_pro,00447,special,Giải Đặc biệt,1,750
max3d_pro,00447,special,Giải Đặc biệt,2,104
max3d_pro,00447,first,Giải Nhất,1,280
max3d_pro,00447,first,Giải Nhất,2,829
max3d_pro,00447,first,Giải Nhất,3,086
max3d_pro,00447,first,Giải Nhất,4,226
max3d_pro,00447,second,Giải Nhì,1,447
max3d_pro,00447,second,Giải Nhì,2,743
max3d_pro,00447,second,Giải Nhì,3,942
max3d_pro,00447,second,Giải Nhì,4,493
max3d_pro,00447,second,Giải Nhì,5,593
max3d_pro,00447,second,Giải Nhì,6,084
max3d_pro,00447,third,Giải Ba,1,754
max3d_pro,00447,third,Giải Ba,2,768
max3d_pro,00447,third,Giải Ba,3,009
max3d_pro,00447,third,Giải Ba,4,206
max3d_pro,00447,third,Giải Ba,5,114
max3d_pro,00447,third,Giải Ba,6,393
max3d_pro,00447,third,Giải Ba,7,280
max3d_pro,00447,third,Giải Ba,8,164
max3d_pro,00448,special,Giải Đặc biệt,1,791
max3d_pro,00448,special,Giải Đặc biệt,2,867
max3d_pro,00448,first,Giải Nhất,1,463
max3d_pro,00448,first,Giải Nhất,2,597
max3d_pro,00448,first,Giải Nhất,3,089
max3d_pro,00448,first,Giải Nhất,4,555
max3d_pro,00448,second,Giải Nhì,1,515
max3d_pro,00448,second,Giải Nhì,2,996
max3d_pro,00448,second,Giải Nhì,3,380
max3d_pro,00448,second,Giải Nhì,4,553
max3d_pro,00448,second,Giải Nhì,5,476
max3d_pro,00448,second,Giải Nhì,6,519
max3d_pro,00448,third,Giải Ba,1,586
max3d_pro,00448,third,Giải Ba,2,813
max3d_pro,00448,third,Giải Ba,3,052
max3d_pro,00448,third,Giải Ba,4,606
max3d_pro,00448,third,Giải Ba,5,344
max3d_pro,00448,third,Giải Ba,6,515
max3d_pro,00448,third,Giải Ba,7,152
max3d_pro,00448,third,Giải Ba,8,714
max3d_pro,00449,special,Giải Đặc biệt,1,718
max3d_pro,00449,special,Giải Đặc biệt,2,065
max3d_pro,00449,first,Giải Nhất,1,335
max3d_pro,00449,first,Giải Nhất,2,640
max3d_pro,00449,first,Giải Nhất,3,053
max3d_pro,00449,first,Giải Nhất,4,097
max3d_pro,00449,second,Giải Nhì,1,674
max3d_pro,00449,second,Giải Nhì,2,819
max3d_pro,00449,second,Giải Nhì,3,061
max3d_pro,00449,second,Giải Nhì,4,544
max3d_pro,00449,second,Giải Nhì,5,639
max3d_pro,00449,second,Giải Nhì,6,364
max3d_pro,00449,third,Giải Ba,1,675
max3d_pro,00449,third,Giải Ba,2,573
max3d_pro,00449,third,Giải Ba,3,345
max3d_pro,00449,third,Giải Ba,4,802
max3d_pro,00449,third,Giải Ba,5,559
max3d_pro,00449,third,Giải Ba,6,666
max3d_pro,00449,third,Giải Ba,7,328
max3d_pro,00449,third,Giải Ba,8,074
max3d_pro,00450,special,Giải Đặc biệt,1,301
max3d_pro,00450,special,Giải Đặc biệt,2,981
max3d_pro,00450,first,Giải Nhất,1,537
max3d_pro,00450,first,Giải Nhất,2,758
max3d_pro,00450,first,Giải Nhất,3,961
max3d_pro,00450,first,Giải Nhất,4,531
max3d_pro,00450,second,Giải Nhì,1,846
max3d_pro,00450,second,Giải Nhì,2,773
max3d_pro,00450,second,Giải Nhì,3,794
max3d_pro,00450,second,Giải Nhì,4,782
max3d_pro,00450,second,Giải Nhì,5,671
max3d_pro,00450,second,Giải Nhì,6,825
max3d_pro,00450,third,Giải Ba,1,783
max3d_pro,00450,third,Giải Ba,2,605
max3d_pro,00450,third,Giải Ba,3,781
max3d_pro,00450,third,Giải Ba,4,853
max3d_pro,00450,third,Giải Ba,5,841
max3d_pro,00450,third,Giải Ba,6,879
max3d_pro,00450,third,Giải Ba,7,746
max3d_pro,00450,third,Giải Ba,8,570
max3d_pro,00451,special,Giải Đặc biệt,1,484
max3d_pro,00451,special,Giải Đặc biệt,2,688
max3d_pro,00451,first,Giải Nhất,1,672
max3d_pro,00451,first,Giải Nhất,2,997
max3d_pro,00451,first,Giải Nhất,3,514
max3d_pro,00451,first,Giải Nhất,4,976
max3d_pro,00451,second,Giải Nhì,1,814
max3d_pro,00451,second,Giải Nhì,2,689
max3d_pro,00451,second,Giải Nhì,3,484
max3d_pro,00451,second,Giải Nhì,4,731
max3d_pro,00451,second,Giải Nhì,5,467
max3d_pro,00451,second,Giải Nhì,6,824
max3d_pro,00451,third,Giải Ba,1,135
max3d_pro,00451,third,Giải Ba,2,198
max3d_pro,00451,third,Giải Ba,3,577
max3d_pro,00451,third,Giải Ba,4,280
max3d_pro,00451,third,Giải Ba,5,703
max3d_pro,00451,third,Giải Ba,6,144
max3d_pro,00451,third,Giải Ba,7,105
max3d_pro,00451,third,Giải Ba,8,961
max3d_pro,00452,special,Giải Đặc biệt,1,209
max3d_pro,00452,special,Giải Đặc biệt,2,109
max3d_pro,00452,first,Giải Nhất,1,812
max3d_pro,00452,first,Giải Nhất,2,437
max3d_pro,00452,first,Giải Nhất,3,932
max3d_pro,00452,first,Giải Nhất,4,928
max3d_pro,00452,second,Giải Nhì,1,492
max3d_pro,00452,second,Giải Nhì,2,926
max3d_pro,00452,second,Giải Nhì,3,855
max3d_pro,00452,second,Giải Nhì,4,518
max3d_pro,00452,second,Giải Nhì,5,243
max3d_pro,00452,second,Giải Nhì,6,332
max3d_pro,00452,third,Giải Ba,1,737
max3d_pro,00452,third,Giải Ba,2,162
max3d_pro,00452,third,Giải Ba,3,608
max3d_pro,00452,third,Giải Ba,4,255
max3d_pro,00452,third,Giải Ba,5,616
max3d_pro,00452,third,Giải Ba,6,564
max3d_pro,00452,third,Giải Ba,7,139
max3d_pro,00452,third,Giải Ba,8,550
max3d_pro,00453,special,Giải Đặc biệt,1,007
max3d_pro,00453,special,Giải Đặc biệt,2,567
max3d_pro,00453,first,Giải Nhất,1,531
max3d_pro,00453,first,Giải Nhất,2,834
max3d_pro,00453,first,Giải Nhất,3,394
max3d_pro,00453,first,Giải Nhất,4,993
max3d_pro,00453,second,Giải Nhì,1,881
max3d_pro,00453,second,Giải Nhì,2,920
max3d_pro,00453,second,Giải Nhì,3,233
max3d_pro,00453,second,Giải Nhì,4,182
max3d_pro,00453,second,Giải Nhì,5,313
max3d_pro,00453,second,Giải Nhì,6,118
max3d_pro,00453,third,Giải Ba,1,067
max3d_pro,00453,third,Giải Ba,2,763
max3d_pro,00453,third,Giải Ba,3,644
max3d_pro,00453,third,Giải Ba,4,392
max3d_pro,00453,third,Giải Ba,5,435
max3d_pro,00453,third,Giải Ba,6,037
max3d_pro,00453,third,Giải Ba,7,654
max3d_pro,00453,third,Giải Ba,8,047
max3d_pro,00454,special,Giải Đặc biệt,1,136
max3d_pro,00454,special,Giải Đặc biệt,2,708
max3d_pro,00454,first,Giải Nhất,1,544
max3d_pro,00454,first,Giải Nhất,2,815
max3d_pro,00454,first,Giải Nhất,3,531
max3d_pro,00454,first,Giải Nhất,4,456
max3d_pro,00454,second,Giải Nhì,1,460
max3d_pro,00454,second,Giải Nhì,2,286
max3d_pro,00454,second,Giải Nhì,3,361
max3d_pro,00454,second,Giải Nhì,4,503
max3d_pro,00454,second,Giải Nhì,5,134
max3d_pro,00454,second,Giải Nhì,6,101
max3d_pro,00454,third,Giải Ba,1,271
max3d_pro,00454,third,Giải Ba,2,921
max3d_pro,00454,third,Giải Ba,3,125
max3d_pro,00454,third,Giải Ba,4,989
max3d_pro,00454,third,Giải Ba,5,236
max3d_pro,00454,third,Giải Ba,6,500
max3d_pro,00454,third,Giải Ba,7,992
max3d_pro,00454,third,Giải Ba,8,386
max3d_pro,00455,special,Giải Đặc biệt,1,255
max3d_pro,00455,special,Giải Đặc biệt,2,013
max3d_pro,00455,first,Giải Nhất,1,555
max3d_pro,00455,first,Giải Nhất,2,992
max3d_pro,00455,first,Giải Nhất,3,341
max3d_pro,00455,first,Giải Nhất,4,506
max3d_pro,00455,second,Giải Nhì,1,052
max3d_pro,00455,second,Giải Nhì,2,189
max3d_pro,00455,second,Giải Nhì,3,222
max3d_pro,00455,second,Giải Nhì,4,180
max3d_pro,00455,second,Giải Nhì,5,727
max3d_pro,00455,second,Giải Nhì,6,792
max3d_pro,00455,third,Giải Ba,1,450
max3d_pro,00455,third,Giải Ba,2,769
max3d_pro,00455,third,Giải Ba,3,676
max3d_pro,00455,third,Giải Ba,4,417
max3d_pro,00455,third,Giải Ba,5,558
max3d_pro,00455,third,Giải Ba,6,779
max3d_pro,00455,third,Giải Ba,7,677
max3d_pro,00455,third,Giải Ba,8,109
max3d_pro,00456,special,Giải Đặc biệt,1,762
max3d_pro,00456,special,Giải Đặc biệt,2,867
max3d_pro,00456,first,Giải Nhất,1,895
max3d_pro,00456,first,Giải Nhất,2,024
max3d_pro,00456,first,Giải Nhất,3,500
max3d_pro,00456,first,Giải Nhất,4,003
max3d_pro,00456,second,Giải Nhì,1,210
max3d_pro,00456,second,Giải Nhì,2,264
max3d_pro,00456,second,Giải Nhì,3,211
max3d_pro,00456,second,Giải Nhì,4,609
max3d_pro,00456,second,Giải Nhì,5,576
max3d_pro,00456,second,Giải Nhì,6,482
max3d_pro,00456,third,Giải Ba,1,726
max3d_pro,00456,third,Giải Ba,2,239
max3d_pro,00456,third,Giải Ba,3,237
max3d_pro,00456,third,Giải Ba,4,439
max3d_pro,00456,third,Giải Ba,5,993
max3d_pro,00456,third,Giải Ba,6,436
max3d_pro,00456,third,Giải Ba,7,176
max3d_pro,00456,third,Giải Ba,8,525
max3d_pro,00457,special,Giải Đặc biệt,1,439
max3d_pro,00457,special,Giải Đặc biệt,2,870
max3d_pro,00457,first,Giải Nhất,1,343
max3d_pro,00457,first,Giải Nhất,2,562
max3d_pro,00457,first,Giải Nhất,3,673
max3d_pro,00457,first,Giải Nhất,4,395
max3d_pro,00457,second,Giải Nhì,1,087
max3d_pro,00457,second,Giải Nhì,2,113
max3d_pro,00457,second,Giải Nhì,3,098
max3d_pro,00457,second,Giải Nhì,4,778
max3d_pro,00457,second,Giải Nhì,5,936
max3d_pro,00457,second,Giải Nhì,6,512
max3d_pro,00457,third,Giải Ba,1,359
max3d_pro,00457,third,Giải Ba,2,596
max3d_pro,00457,third,Giải Ba,3,767
max3d_pro,00457,third,Giải Ba,4,483
max3d_pro,00457,third,Giải Ba,5,218
max3d_pro,00457,third,Giải Ba,6,652
max3d_pro,00457,third,Giải Ba,7,701
max3d_pro,00457,third,Giải Ba,8,958
max3d_pro,00458,special,Giải Đặc biệt,1,245
max3d_pro,00458,special,Giải Đặc biệt,2,861
max3d_pro,00458,first,Giải Nhất,1,244
max3d_pro,00458,first,Giải Nhất,2,501
max3d_pro,00458,first,Giải Nhất,3,085
max3d_pro,00458,first,Giải Nhất,4,290
max3d_pro,00458,second,Giải Nhì,1,011
max3d_pro,00458,second,Giải Nhì,2,354
max3d_pro,00458,second,Giải Nhì,3,585
max3d_pro,00458,second,Giải Nhì,4,678
max3d_pro,00458,second,Giải Nhì,5,074
max3d_pro,00458,second,Giải Nhì,6,985
max3d_pro,00458,third,Giải Ba,1,037
max3d_pro,00458,third,Giải Ba,2,925
max3d_pro,00458,third,Giải Ba,3,315
max3d_pro,00458,third,Giải Ba,4,552
max3d_pro,00458,third,Giải Ba,5,758
max3d_pro,00458,third,Giải Ba,6,674
max3d_pro,00458,third,Giải Ba,7,690
max3d_pro,00458,third,Giải Ba,8,146
max3d_pro,00459,special,Giải Đặc biệt,1,996
max3d_pro,00459,special,Giải Đặc biệt,2,530
max3d_pro,00459,first,Giải Nhất,1,655
max3d_pro,00459,first,Giải Nhất,2,218
max3d_pro,00459,first,Giải Nhất,3,544
max3d_pro,00459,first,Giải Nhất,4,951
max3d_pro,00459,second,Giải Nhì,1,854
max3d_pro,00459,second,Giải Nhì,2,573
max3d_pro,00459,second,Giải Nhì,3,405
max3d_pro,00459,second,Giải Nhì,4,308
max3d_pro,00459,second,Giải Nhì,5,077
max3d_pro,00459,second,Giải Nhì,6,939
max3d_pro,00459,third,Giải Ba,1,376
max3d_pro,00459,third,Giải Ba,2,041
max3d_pro,00459,third,Giải Ba,3,486
max3d_pro,00459,third,Giải Ba,4,709
max3d_pro,00459,third,Giải Ba,5,019
max3d_pro,00459,third,Giải Ba,6,260
max3d_pro,00459,third,Giải Ba,7,411
max3d_pro,00459,third,Giải Ba,8,911
max3d_pro,00460,special,Giải Đặc biệt,1,326
max3d_pro,00460,special,Giải Đặc biệt,2,325
max3d_pro,00460,first,Giải Nhất,1,941
max3d_pro,00460,first,Giải Nhất,2,190
max3d_pro,00460,first,Giải Nhất,3,641
max3d_pro,00460,first,Giải Nhất,4,611
max3d_pro,00460,second,Giải Nhì,1,552
max3d_pro,00460,second,Giải Nhì,2,601
max3d_pro,00460,second,Giải Nhì,3,392
max3d_pro,00460,second,Giải Nhì,4,192
max3d_pro,00460,second,Giải Nhì,5,027
max3d_pro,00460,second,Giải Nhì,6,098
max3d_pro,00460,third,Giải Ba,1,078
max3d_pro,00460,third,Giải Ba,2,810
max3d_pro,00460,third,Giải Ba,3,341
max3d_pro,00460,third,Giải Ba,4,628
max3d_pro,00460,third,Giải Ba,5,637
max3d_pro,00460,third,Giải Ba,6,852
max3d_pro,00460,third,Giải Ba,7,443
max3d_pro,00460,third,Giải Ba,8,207
max3d_pro,00461,special,Giải Đặc biệt,1,005
max3d_pro,00461,special,Giải Đặc biệt,2,199
max3d_pro,00461,first,Giải Nhất,1,177
max3d_pro,00461,first,Giải Nhất,2,715
max3d_pro,00461,first,Giải Nhất,3,016
max3d_pro,00461,first,Giải Nhất,4,548
max3d_pro,00461,second,Giải Nhì,1,751
max3d_pro,00461,second,Giải Nhì,2,362
max3d_pro,00461,second,Giải Nhì,3,126
max3d_pro,00461,second,Giải Nhì,4,129
max3d_pro,00461,second,Giải Nhì,5,721
max3d_pro,00461,second,Giải Nhì,6,151
max3d_pro,00461,third,Giải Ba,1,822
max3d_pro,00461,third,Giải Ba,2,516
max3d_pro,00461,third,Giải Ba,3,034
max3d_pro,00461,third,Giải Ba,4,962
max3d_pro,00461,third,Giải Ba,5,433
max3d_pro,00461,third,Giải Ba,6,970
max3d_pro,00461,third,Giải Ba,7,856
max3d_pro,00461,third,Giải Ba,8,653
max3d_pro,00462,special,Giải Đặc biệt,1,231
max3d_pro,00462,special,Giải Đặc biệt,2,326
max3d_pro,00462,first,Giải Nhất,1,654
max3d_pro,00462,first,Giải Nhất,2,708
max3d_pro,00462,first,Giải Nhất,3,142
max3d_pro,00462,first,Giải Nhất,4,033
max3d_pro,00462,second,Giải Nhì,1,346
max3d_pro,00462,second,Giải Nhì,2,652
max3d_pro,00462,second,Giải Nhì,3,269
max3d_pro,00462,second,Giải Nhì,4,087
max3d_pro,00462,second,Giải Nhì,5,683
max3d_pro,00462,second,Giải Nhì,6,911
max3d_pro,00462,third,Giải Ba,1,584
max3d_pro,00462,third,Giải Ba,2,421
max3d_pro,00462,third,Giải Ba,3,844
max3d_pro,00462,third,Giải Ba,4,154
max3d_pro,00462,third,Giải Ba,5,488
max3d_pro,00462,third,Giải Ba,6,976
max3d_pro,00462,third,Giải Ba,7,477
max3d_pro,00462,third,Giải Ba,8,859
max3d_pro,00463,special,Giải Đặc biệt,1,637
max3d_pro,00463,special,Giải Đặc biệt,2,847
max3d_pro,00463,first,Giải Nhất,1,626
max3d_pro,00463,first,Giải Nhất,2,591
max3d_pro,00463,first,Giải Nhất,3,794
max3d_pro,00463,first,Giải Nhất,4,442
max3d_pro,00463,second,Giải Nhì,1,182
max3d_pro,00463,second,Giải Nhì,2,952
max3d_pro,00463,second,Giải Nhì,3,341
max3d_pro,00463,second,Giải Nhì,4,922
max3d_pro,00463,second,Giải Nhì,5,061
max3d_pro,00463,second,Giải Nhì,6,711
max3d_pro,00463,third,Giải Ba,1,194
max3d_pro,00463,third,Giải Ba,2,245
max3d_pro,00463,third,Giải Ba,3,348
max3d_pro,00463,third,Giải Ba,4,848
max3d_pro,00463,third,Giải Ba,5,803
max3d_pro,00463,third,Giải Ba,6,396
max3d_pro,00463,third,Giải Ba,7,567
max3d_pro,00463,third,Giải Ba,8,697
max3d_pro,00464,special,Giải Đặc biệt,1,014
max3d_pro,00464,special,Giải Đặc biệt,2,334
max3d_pro,00464,first,Giải Nhất,1,415
max3d_pro,00464,first,Giải Nhất,2,922
max3d_pro,00464,first,Giải Nhất,3,463
max3d_pro,00464,first,Giải Nhất,4,359
max3d_pro,00464,second,Giải Nhì,1,075
max3d_pro,00464,second,Giải Nhì,2,960
max3d_pro,00464,second,Giải Nhì,3,611
max3d_pro,00464,second,Giải Nhì,4,568
max3d_pro,00464,second,Giải Nhì,5,981
max3d_pro,00464,second,Giải Nhì,6,477
max3d_pro,00464,third,Giải Ba,1,598
max3d_pro,00464,third,Giải Ba,2,470
max3d_pro,00464,third,Giải Ba,3,300
max3d_pro,00464,third,Giải Ba,4,169
max3d_pro,00464,third,Giải Ba,5,519
max3d_pro,00464,third,Giải Ba,6,911
max3d_pro,00464,third,Giải Ba,7,989
max3d_pro,00464,third,Giải Ba,8,877
max3d_pro,00465,special,Giải Đặc biệt,1,558
max3d_pro,00465,special,Giải Đặc biệt,2,082
max3d_pro,00465,first,Giải Nhất,1,706
max3d_pro,00465,first,Giải Nhất,2,380
max3d_pro,00465,first,Giải Nhất,3,930
max3d_pro,00465,first,Giải Nhất,4,497
max3d_pro,00465,second,Giải Nhì,1,249
max3d_pro,00465,second,Giải Nhì,2,224
max3d_pro,00465,second,Giải Nhì,3,944
max3d_pro,00465,second,Giải Nhì,4,476
max3d_pro,00465,second,Giải Nhì,5,295
max3d_pro,00465,second,Giải Nhì,6,659
max3d_pro,00465,third,Giải Ba,1,564
max3d_pro,00465,third,Giải Ba,2,298
max3d_pro,00465,third,Giải Ba,3,422
max3d_pro,00465,third,Giải Ba,4,038
max3d_pro,00465,third,Giải Ba,5,917
max3d_pro,00465,third,Giải Ba,6,152
max3d_pro,00465,third,Giải Ba,7,420
max3d_pro,00465,third,Giải Ba,8,221
max3d_pro,00466,special,Giải Đặc biệt,1,745
max3d_pro,00466,special,Giải Đặc biệt,2,263
max3d_pro,00466,first,Giải Nhất,1,788
max3d_pro,00466,first,Giải Nhất,2,044
max3d_pro,00466,first,Giải Nhất,3,044
max3d_pro,00466,first,Giải Nhất,4,654
max3d_pro,00466,second,Giải Nhì,1,823
max3d_pro,00466,second,Giải Nhì,2,791
max3d_pro,00466,second,Giải Nhì,3,160
max3d_pro,00466,second,Giải Nhì,4,125
max3d_pro,00466,second,Giải Nhì,5,965
max3d_pro,00466,second,Giải Nhì,6,208
max3d_pro,00466,third,Giải Ba,1,971
max3d_pro,00466,third,Giải Ba,2,432
max3d_pro,00466,third,Giải Ba,3,215
max3d_pro,00466,third,Giải Ba,4,550
max3d_pro,00466,third,Giải Ba,5,834
max3d_pro,00466,third,Giải Ba,6,662
max3d_pro,00466,third,Giải Ba,7,018
max3d_pro,00466,third,Giải Ba,8,571
max3d_pro,00467,special,Giải Đặc biệt,1,258
max3d_pro,00467,special,Giải Đặc biệt,2,728
max3d_pro,00467,first,Giải Nhất,1,565
max3d_pro,00467,first,Giải Nhất,2,283
max3d_pro,00467,first,Giải Nhất,3,069
max3d_pro,00467,first,Giải Nhất,4,066
max3d_pro,00467,second,Giải Nhì,1,119
max3d_pro,00467,second,Giải Nhì,2,203
max3d_pro,00467,second,Giải Nhì,3,366
max3d_pro,00467,second,Giải Nhì,4,480
max3d_pro,00467,second,Giải Nhì,5,686
max3d_pro,00467,second,Giải Nhì,6,689
max3d_pro,00467,third,Giải Ba,1,183
max3d_pro,00467,third,Giải Ba,2,160
max3d_pro,00467,third,Giải Ba,3,063
max3d_pro,00467,third,Giải Ba,4,249
max3d_pro,00467,third,Giải Ba,5,701
max3d_pro,00467,third,Giải Ba,6,579
max3d_pro,00467,third,Giải Ba,7,831
max3d_pro,00467,third,Giải Ba,8,750
max3d_pro,00468,special,Giải Đặc biệt,1,310
max3d_pro,00468,special,Giải Đặc biệt,2,884
max3d_pro,00468,first,Giải Nhất,1,735
max3d_pro,00468,first,Giải Nhất,2,926
max3d_pro,00468,first,Giải Nhất,3,135
max3d_pro,00468,first,Giải Nhất,4,528
max3d_pro,00468,second,Giải Nhì,1,235
max3d_pro,00468,second,Giải Nhì,2,487
max3d_pro,00468,second,Giải Nhì,3,648
max3d_pro,00468,second,Giải Nhì,4,076
max3d_pro,00468,second,Giải Nhì,5,320
max3d_pro,00468,second,Giải Nhì,6,061
max3d_pro,00468,third,Giải Ba,1,702
max3d_pro,00468,third,Giải Ba,2,087
max3d_pro,00468,third,Giải Ba,3,344
max3d_pro,00468,third,Giải Ba,4,736
max3d_pro,00468,third,Giải Ba,5,687
max3d_pro,00468,third,Giải Ba,6,394
max3d_pro,00468,third,Giải Ba,7,179
max3d_pro,00468,third,Giải Ba,8,313
max3d_pro,00469,special,Giải Đặc biệt,1,849
max3d_pro,00469,special,Giải Đặc biệt,2,218
max3d_pro,00469,first,Giải Nhất,1,725
max3d_pro,00469,first,Giải Nhất,2,690
max3d_pro,00469,first,Giải Nhất,3,089
max3d_pro,00469,first,Giải Nhất,4,435
max3d_pro,00469,second,Giải Nhì,1,394
max3d_pro,00469,second,Giải Nhì,2,335
max3d_pro,00469,second,Giải Nhì,3,158
max3d_pro,00469,second,Giải Nhì,4,326
max3d_pro,00469,second,Giải Nhì,5,064
max3d_pro,00469,second,Giải Nhì,6,337
max3d_pro,00469,third,Giải Ba,1,042
max3d_pro,00469,third,Giải Ba,2,251
max3d_pro,00469,third,Giải Ba,3,378
max3d_pro,00469,third,Giải Ba,4,963
max3d_pro,00469,third,Giải Ba,5,728
max3d_pro,00469,third,Giải Ba,6,008
max3d_pro,00469,third,Giải Ba,7,999
max3d_pro,00469,third,Giải Ba,8,994
max3d_pro,00470,special,Giải Đặc biệt,1,387
max3d_pro,00470,special,Giải Đặc biệt,2,344
max3d_pro,00470,first,Giải Nhất,1,498
max3d_pro,00470,first,Giải Nhất,2,646
max3d_pro,00470,first,Giải Nhất,3,874
max3d_pro,00470,first,Giải Nhất,4,908
max3d_pro,00470,second,Giải Nhì,1,000
max3d_pro,00470,second,Giải Nhì,2,899
max3d_pro,00470,second,Giải Nhì,3,520
max3d_pro,00470,second,Giải Nhì,4,579
max3d_pro,00470,second,Giải Nhì,5,366
max3d_pro,00470,second,Giải Nhì,6,040
max3d_pro,00470,third,Giải Ba,1,089
max3d_pro,00470,third,Giải Ba,2,584
max3d_pro,00470,third,Giải Ba,3,084
max3d_pro,00470,third,Giải Ba,4,041
max3d_pro,00470,third,Giải Ba,5,826
max3d_pro,00470,third,Giải Ba,6,120
max3d_pro,00470,third,Giải Ba,7,246
max3d_pro,00470,third,Giải Ba,8,604
max3d_pro,00471,special,Giải Đặc biệt,1,039
max3d_pro,00471,special,Giải Đặc biệt,2,474
max3d_pro,00471,first,Giải Nhất,1,985
max3d_pro,00471,first,Giải Nhất,2,823
max3d_pro,00471,first,Giải Nhất,3,426
max3d_pro,00471,first,Giải Nhất,4,988
max3d_pro,00471,second,Giải Nhì,1,080
max3d_pro,00471,second,Giải Nhì,2,748
max3d_pro,00471,second,Giải Nhì,3,677
max3d_pro,00471,second,Giải Nhì,4,614
max3d_pro,00471,second,Giải Nhì,5,853
max3d_pro,00471,second,Giải Nhì,6,448
max3d_pro,00471,third,Giải Ba,1,386
max3d_pro,00471,third,Giải Ba,2,119
max3d_pro,00471,third,Giải Ba,3,368
max3d_pro,00471,third,Giải Ba,4,379
max3d_pro,00471,third,Giải Ba,5,750
max3d_pro,00471,third,Giải Ba,6,284
max3d_pro,00471,third,Giải Ba,7,606
max3d_pro,00471,third,Giải Ba,8,115
max3d_pro,00472,special,Giải Đặc biệt,1,327
max3d_pro,00472,special,Giải Đặc biệt,2,890
max3d_pro,00472,first,Giải Nhất,1,292
max3d_pro,00472,first,Giải Nhất,2,666
max3d_pro,00472,first,Giải Nhất,3,112
max3d_pro,00472,first,Giải Nhất,4,497
max3d_pro,00472,second,Giải Nhì,1,322
max3d_pro,00472,second,Giải Nhì,2,241
max3d_pro,00472,second,Giải Nhì,3,180
max3d_pro,00472,second,Giải Nhì,4,638
max3d_pro,00472,second,Giải Nhì,5,255
max3d_pro,00472,second,Giải Nhì,6,069
max3d_pro,00472,third,Giải Ba,1,927
max3d_pro,00472,third,Giải Ba,2,604
max3d_pro,00472,third,Giải Ba,3,970
max3d_pro,00472,third,Giải Ba,4,193
max3d_pro,00472,third,Giải Ba,5,089
max3d_pro,00472,third,Giải Ba,6,050
max3d_pro,00472,third,Giải Ba,7,817
max3d_pro,00472,third,Giải Ba,8,453
max3d_pro,00473,special,Giải Đặc biệt,1,260
max3d_pro,00473,special,Giải Đặc biệt,2,953
max3d_pro,00473,first,Giải Nhất,1,679
max3d_pro,00473,first,Giải Nhất,2,853
max3d_pro,00473,first,Giải Nhất,3,962
max3d_pro,00473,first,Giải Nhất,4,744
max3d_pro,00473,second,Giải Nhì,1,776
max3d_pro,00473,second,Giải Nhì,2,235
max3d_pro,00473,second,Giải Nhì,3,359
max3d_pro,00473,second,Giải Nhì,4,409
max3d_pro,00473,second,Giải Nhì,5,005
max3d_pro,00473,second,Giải Nhì,6,679
max3d_pro,00473,third,Giải Ba,1,103
max3d_pro,00473,third,Giải Ba,2,791
max3d_pro,00473,third,Giải Ba,3,726
max3d_pro,00473,third,Giải Ba,4,024
max3d_pro,00473,third,Giải Ba,5,374
max3d_pro,00473,third,Giải Ba,6,107
max3d_pro,00473,third,Giải Ba,7,115
max3d_pro,00473,third,Giải Ba,8,230
max3d_pro,00474,special,Giải Đặc biệt,1,719
max3d_pro,00474,special,Giải Đặc biệt,2,739
max3d_pro,00474,first,Giải Nhất,1,472
max3d_pro,00474,first,Giải Nhất,2,753
max3d_pro,00474,first,Giải Nhất,3,896
max3d_pro,00474,first,Giải Nhất,4,024
max3d_pro,00474,second,Giải Nhì,1,097
max3d_pro,00474,second,Giải Nhì,2,244
max3d_pro,00474,second,Giải Nhì,3,263
max3d_pro,00474,second,Giải Nhì,4,048
max3d_pro,00474,second,Giải Nhì,5,309
max3d_pro,00474,second,Giải Nhì,6,484
max3d_pro,00474,third,Giải Ba,1,280
max3d_pro,00474,third,Giải Ba,2,685
max3d_pro,00474,third,Giải Ba,3,391
max3d_pro,00474,third,Giải Ba,4,039
max3d_pro,00474,third,Giải Ba,5,477
max3d_pro,00474,third,Giải Ba,6,992
max3d_pro,00474,third,Giải Ba,7,651
max3d_pro,00474,third,Giải Ba,8,786
max3d_pro,00475,special,Giải Đặc biệt,1,367
max3d_pro,00475,special,Giải Đặc biệt,2,383
max3d_pro,00475,first,Giải Nhất,1,640
max3d_pro,00475,first,Giải Nhất,2,705
max3d_pro,00475,first,Giải Nhất,3,929
max3d_pro,00475,first,Giải Nhất,4,702
max3d_pro,00475,second,Giải Nhì,1,542
max3d_pro,00475,second,Giải Nhì,2,773
max3d_pro,00475,second,Giải Nhì,3,874
max3d_pro,00475,second,Giải Nhì,4,452
max3d_pro,00475,second,Giải Nhì,5,835
max3d_pro,00475,second,Giải Nhì,6,401
max3d_pro,00475,third,Giải Ba,1,961
max3d_pro,00475,third,Giải Ba,2,685
max3d_pro,00475,third,Giải Ba,3,255
max3d_pro,00475,third,Giải Ba,4,756
max3d_pro,00475,third,Giải Ba,5,199
max3d_pro,00475,third,Giải Ba,6,225
max3d_pro,00475,third,Giải Ba,7,298
max3d_pro,00475,third,Giải Ba,8,719
max3d_pro,00476,special,Giải Đặc biệt,1,039
max3d_pro,00476,special,Giải Đặc biệt,2,535
max3d_pro,00476,first,Giải Nhất,1,839
max3d_pro,00476,first,Giải Nhất,2,092
max3d_pro,00476,first,Giải Nhất,3,733
max3d_pro,00476,first,Giải Nhất,4,923
max3d_pro,00476,second,Giải Nhì,1,739
max3d_pro,00476,second,Giải Nhì,2,436
max3d_pro,00476,second,Giải Nhì,3,776
max3d_pro,00476,second,Giải Nhì,4,402
max3d_pro,00476,second,Giải Nhì,5,603
max3d_pro,00476,second,Giải Nhì,6,883
max3d_pro,00476,third,Giải Ba,1,395
max3d_pro,00476,third,Giải Ba,2,466
max3d_pro,00476,third,Giải Ba,3,793
max3d_pro,00476,third,Giải Ba,4,350
max3d_pro,00476,third,Giải Ba,5,241
max3d_pro,00476,third,Giải Ba,6,633
max3d_pro,00476,third,Giải Ba,7,895
max3d_pro,00476,third,Giải Ba,8,100
max3d_pro,00477,special,Giải Đặc biệt,1,780
max3d_pro,00477,special,Giải Đặc biệt,2,203
max3d_pro,00477,first,Giải Nhất,1,390
max3d_pro,00477,first,Giải Nhất,2,469
max3d_pro,00477,first,Giải Nhất,3,488
max3d_pro,00477,first,Giải Nhất,4,211
max3d_pro,00477,second,Giải Nhì,1,159
max3d_pro,00477,second,Giải Nhì,2,920
max3d_pro,00477,second,Giải Nhì,3,064
max3d_pro,00477,second,Giải Nhì,4,097
max3d_pro,00477,second,Giải Nhì,5,690
max3d_pro,00477,second,Giải Nhì,6,402
max3d_pro,00477,third,Giải Ba,1,533
max3d_pro,00477,third,Giải Ba,2,003
max3d_pro,00477,third,Giải Ba,3,217
max3d_pro,00477,third,Giải Ba,4,148
max3d_pro,00477,third,Giải Ba,5,804
max3d_pro,00477,third,Giải Ba,6,176
max3d_pro,00477,third,Giải Ba,7,308
max3d_pro,00477,third,Giải Ba,8,916
max3d_pro,00478,special,Giải Đặc biệt,1,344
max3d_pro,00478,special,Giải Đặc biệt,2,502
max3d_pro,00478,first,Giải Nhất,1,232
max3d_pro,00478,first,Giải Nhất,2,221
max3d_pro,00478,first,Giải Nhất,3,962
max3d_pro,00478,first,Giải Nhất,4,050
max3d_pro,00478,second,Giải Nhì,1,824
max3d_pro,00478,second,Giải Nhì,2,395
max3d_pro,00478,second,Giải Nhì,3,171
max3d_pro,00478,second,Giải Nhì,4,883
max3d_pro,00478,second,Giải Nhì,5,010
max3d_pro,00478,second,Giải Nhì,6,012
max3d_pro,00478,third,Giải Ba,1,191
max3d_pro,00478,third,Giải Ba,2,828
max3d_pro,00478,third,Giải Ba,3,290
max3d_pro,00478,third,Giải Ba,4,864
max3d_pro,00478,third,Giải Ba,5,385
max3d_pro,00478,third,Giải Ba,6,181
max3d_pro,00478,third,Giải Ba,7,535
max3d_pro,00478,third,Giải Ba,8,171
max3d_pro,00479,special,Giải Đặc biệt,1,747
max3d_pro,00479,special,Giải Đặc biệt,2,623
max3d_pro,00479,first,Giải Nhất,1,080
max3d_pro,00479,first,Giải Nhất,2,636
max3d_pro,00479,first,Giải Nhất,3,227
max3d_pro,00479,first,Giải Nhất,4,484
max3d_pro,00479,second,Giải Nhì,1,301
max3d_pro,00479,second,Giải Nhì,2,558
max3d_pro,00479,second,Giải Nhì,3,771
max3d_pro,00479,second,Giải Nhì,4,780
max3d_pro,00479,second,Giải Nhì,5,328
max3d_pro,00479,second,Giải Nhì,6,191
max3d_pro,00479,third,Giải Ba,1,668
max3d_pro,00479,third,Giải Ba,2,221
max3d_pro,00479,third,Giải Ba,3,428
max3d_pro,00479,third,Giải Ba,4,298
max3d_pro,00479,third,Giải Ba,5,740
max3d_pro,00479,third,Giải Ba,6,281
max3d_pro,00479,third,Giải Ba,7,275
max3d_pro,00479,third,Giải Ba,8,598
max3d_pro,00480,special,Giải Đặc biệt,1,495
max3d_pro,00480,special,Giải Đặc biệt,2,620
max3d_pro,00480,first,Giải Nhất,1,776
max3d_pro,00480,first,Giải Nhất,2,927
max3d_pro,00480,first,Giải Nhất,3,136
max3d_pro,00480,first,Giải Nhất,4,364
max3d_pro,00480,second,Giải Nhì,1,697
max3d_pro,00480,second,Giải Nhì,2,024
max3d_pro,00480,second,Giải Nhì,3,609
max3d_pro,00480,second,Giải Nhì,4,885
max3d_pro,00480,second,Giải Nhì,5,198
max3d_pro,00480,second,Giải Nhì,6,398
max3d_pro,00480,third,Giải Ba,1,512
max3d_pro,00480,third,Giải Ba,2,429
max3d_pro,00480,third,Giải Ba,3,427
max3d_pro,00480,third,Giải Ba,4,008
max3d_pro,00480,third,Giải Ba,5,816
max3d_pro,00480,third,Giải Ba,6,725
max3d_pro,00480,third,Giải Ba,7,419
max3d_pro,00480,third,Giải Ba,8,840
max3d_pro,00481,special,Giải Đặc biệt,1,043
max3d_pro,00481,special,Giải Đặc biệt,2,209
max3d_pro,00481,first,Giải Nhất,1,642
max3d_pro,00481,first,Giải Nhất,2,509
max3d_pro,00481,first,Giải Nhất,3,586
max3d_pro,00481,first,Giải Nhất,4,754
max3d_pro,00481,second,Giải Nhì,1,901
max3d_pro,00481,second,Giải Nhì,2,906
max3d_pro,00481,second,Giải Nhì,3,576
max3d_pro,00481,second,Giải Nhì,4,880
max3d_pro,00481,second,Giải Nhì,5,052
max3d_pro,00481,second,Giải Nhì,6,322
max3d_pro,00481,third,Giải Ba,1,814
max3d_pro,00481,third,Giải Ba,2,615
max3d_pro,00481,third,Giải Ba,3,113
max3d_pro,00481,third,Giải Ba,4,472
max3d_pro,00481,third,Giải Ba,5,591
max3d_pro,00481,third,Giải Ba,6,623
max3d_pro,00481,third,Giải Ba,7,582
max3d_pro,00481,third,Giải Ba,8,978
max3d_pro,00482,special,Giải Đặc biệt,1,186
max3d_pro,00482,special,Giải Đặc biệt,2,547
max3d_pro,00482,first,Giải Nhất,1,624
max3d_pro,00482,first,Giải Nhất,2,559
max3d_pro,00482,first,Giải Nhất,3,882
max3d_pro,00482,first,Giải Nhất,4,907
max3d_pro,00482,second,Giải Nhì,1,635
max3d_pro,00482,second,Giải Nhì,2,521
max3d_pro,00482,second,Giải Nhì,3,899
max3d_pro,00482,second,Giải Nhì,4,547
max3d_pro,00482,second,Giải Nhì,5,041
max3d_pro,00482,second,Giải Nhì,6,524
max3d_pro,00482,third,Giải Ba,1,628
max3d_pro,00482,third,Giải Ba,2,749
max3d_pro,00482,third,Giải Ba,3,983
max3d_pro,00482,third,Giải Ba,4,420
max3d_pro,00482,third,Giải Ba,5,190
max3d_pro,00482,third,Giải Ba,6,191
max3d_pro,00482,third,Giải Ba,7,212
max3d_pro,00482,third,Giải Ba,8,435
max3d_pro,00483,special,Giải Đặc biệt,1,042
max3d_pro,00483,special,Giải Đặc biệt,2,988
max3d_pro,00483,first,Giải Nhất,1,980
max3d_pro,00483,first,Giải Nhất,2,460
max3d_pro,00483,first,Giải Nhất,3,276
max3d_pro,00483,first,Giải Nhất,4,107
max3d_pro,00483,second,Giải Nhì,1,694
max3d_pro,00483,second,Giải Nhì,2,389
max3d_pro,00483,second,Giải Nhì,3,043
max3d_pro,00483,second,Giải Nhì,4,608
max3d_pro,00483,second,Giải Nhì,5,225
max3d_pro,00483,second,Giải Nhì,6,124
max3d_pro,00483,third,Giải Ba,1,991
max3d_pro,00483,third,Giải Ba,2,172
max3d_pro,00483,third,Giải Ba,3,366
max3d_pro,00483,third,Giải Ba,4,565
max3d_pro,00483,third,Giải Ba,5,319
max3d_pro,00483,third,Giải Ba,6,831
max3d_pro,00483,third,Giải Ba,7,927
max3d_pro,00483,third,Giải Ba,8,872
max3d_pro,00484,special,Giải Đặc biệt,1,382
max3d_pro,00484,special,Giải Đặc biệt,2,030
max3d_pro,00484,first,Giải Nhất,1,869
max3d_pro,00484,first,Giải Nhất,2,235
max3d_pro,00484,first,Giải Nhất,3,161
max3d_pro,00484,first,Giải Nhất,4,618
max3d_pro,00484,second,Giải Nhì,1,584
max3d_pro,00484,second,Giải Nhì,2,711
max3d_pro,00484,second,Giải Nhì,3,406
max3d_pro,00484,second,Giải Nhì,4,493
max3d_pro,00484,second,Giải Nhì,5,867
max3d_pro,00484,second,Giải Nhì,6,851
max3d_pro,00484,third,Giải Ba,1,803
max3d_pro,00484,third,Giải Ba,2,632
max3d_pro,00484,third,Giải Ba,3,959
max3d_pro,00484,third,Giải Ba,4,105
max3d_pro,00484,third,Giải Ba,5,891
max3d_pro,00484,third,Giải Ba,6,081
max3d_pro,00484,third,Giải Ba,7,321
max3d_pro,00484,third,Giải Ba,8,436
max3d_pro,00485,special,Giải Đặc biệt,1,253
max3d_pro,00485,special,Giải Đặc biệt,2,733
max3d_pro,00485,first,Giải Nhất,1,869
max3d_pro,00485,first,Giải Nhất,2,209
max3d_pro,00485,first,Giải Nhất,3,269
max3d_pro,00485,first,Giải Nhất,4,481
max3d_pro,00485,second,Giải Nhì,1,170
max3d_pro,00485,second,Giải Nhì,2,062
max3d_pro,00485,second,Giải Nhì,3,248
max3d_pro,00485,second,Giải Nhì,4,247
max3d_pro,00485,second,Giải Nhì,5,703
max3d_pro,00485,second,Giải Nhì,6,856
max3d_pro,00485,third,Giải Ba,1,209
max3d_pro,00485,third,Giải Ba,2,939
max3d_pro,00485,third,Giải Ba,3,324
max3d_pro,00485,third,Giải Ba,4,555
max3d_pro,00485,third,Giải Ba,5,187
max3d_pro,00485,third,Giải Ba,6,658
max3d_pro,00485,third,Giải Ba,7,399
max3d_pro,00485,third,Giải Ba,8,584
max3d_pro,00486,special,Giải Đặc biệt,1,919
max3d_pro,00486,special,Giải Đặc biệt,2,274
max3d_pro,00486,first,Giải Nhất,1,955
max3d_pro,00486,first,Giải Nhất,2,377
max3d_pro,00486,first,Giải Nhất,3,987
max3d_pro,00486,first,Giải Nhất,4,890
max3d_pro,00486,second,Giải Nhì,1,727
max3d_pro,00486,second,Giải Nhì,2,908
max3d_pro,00486,second,Giải Nhì,3,543
max3d_pro,00486,second,Giải Nhì,4,008
max3d_pro,00486,second,Giải Nhì,5,262
max3d_pro,00486,second,Giải Nhì,6,755
max3d_pro,00486,third,Giải Ba,1,796
max3d_pro,00486,third,Giải Ba,2,817
max3d_pro,00486,third,Giải Ba,3,897
max3d_pro,00486,third,Giải Ba,4,869
max3d_pro,00486,third,Giải Ba,5,722
max3d_pro,00486,third,Giải Ba,6,141
max3d_pro,00486,third,Giải Ba,7,153
max3d_pro,00486,third,Giải Ba,8,517
max3d_pro,00487,special,Giải Đặc biệt,1,448
max3d_pro,00487,special,Giải Đặc biệt,2,248
max3d_pro,00487,first,Giải Nhất,1,569
max3d_pro,00487,first,Giải Nhất,2,330
max3d_pro,00487,first,Giải Nhất,3,078
max3d_pro,00487,first,Giải Nhất,4,285
max3d_pro,00487,second,Giải Nhì,1,509
max3d_pro,00487,second,Giải Nhì,2,507
max3d_pro,00487,second,Giải Nhì,3,839
max3d_pro,00487,second,Giải Nhì,4,818
max3d_pro,00487,second,Giải Nhì,5,097
max3d_pro,00487,second,Giải Nhì,6,251
max3d_pro,00487,third,Giải Ba,1,699
max3d_pro,00487,third,Giải Ba,2,755
max3d_pro,00487,third,Giải Ba,3,351
max3d_pro,00487,third,Giải Ba,4,950
max3d_pro,00487,third,Giải Ba,5,107
max3d_pro,00487,third,Giải Ba,6,425
max3d_pro,00487,third,Giải Ba,7,761
max3d_pro,00487,third,Giải Ba,8,510
max3d_pro,00488,special,Giải Đặc biệt,1,889
max3d_pro,00488,special,Giải Đặc biệt,2,591
max3d_pro,00488,first,Giải Nhất,1,089
max3d_pro,00488,first,Giải Nhất,2,351
max3d_pro,00488,first,Giải Nhất,3,540
max3d_pro,00488,first,Giải Nhất,4,845
max3d_pro,00488,second,Giải Nhì,1,842
max3d_pro,00488,second,Giải Nhì,2,969
max3d_pro,00488,second,Giải Nhì,3,286
max3d_pro,00488,second,Giải Nhì,4,956
max3d_pro,00488,second,Giải Nhì,5,192
max3d_pro,00488,second,Giải Nhì,6,020
max3d_pro,00488,third,Giải Ba,1,584
max3d_pro,00488,third,Giải Ba,2,485
max3d_pro,00488,third,Giải Ba,3,217
max3d_pro,00488,third,Giải Ba,4,664
max3d_pro,00488,third,Giải Ba,5,542
max3d_pro,00488,third,Giải Ba,6,572
max3d_pro,00488,third,Giải Ba,7,294
max3d_pro,00488,third,Giải Ba,8,173
max3d_pro,00489,special,Giải Đặc biệt,1,722
max3d_pro,00489,special,Giải Đặc biệt,2,050
max3d_pro,00489,first,Giải Nhất,1,941
max3d_pro,00489,first,Giải Nhất,2,841
max3d_pro,00489,first,Giải Nhất,3,813
max3d_pro,00489,first,Giải Nhất,4,505
max3d_pro,00489,second,Giải Nhì,1,010
max3d_pro,00489,second,Giải Nhì,2,013
max3d_pro,00489,second,Giải Nhì,3,152
max3d_pro,00489,second,Giải Nhì,4,543
max3d_pro,00489,second,Giải Nhì,5,940
max3d_pro,00489,second,Giải Nhì,6,023
max3d_pro,00489,third,Giải Ba,1,556
max3d_pro,00489,third,Giải Ba,2,912
max3d_pro,00489,third,Giải Ba,3,385
max3d_pro,00489,third,Giải Ba,4,213
max3d_pro,00489,third,Giải Ba,5,355
max3d_pro,00489,third,Giải Ba,6,671
max3d_pro,00489,third,Giải Ba,7,340
max3d_pro,00489,third,Giải Ba,8,559
max3d_pro,00490,special,Giải Đặc biệt,1,478
max3d_pro,00490,special,Giải Đặc biệt,2,067
max3d_pro,00490,first,Giải Nhất,1,100
max3d_pro,00490,first,Giải Nhất,2,896
max3d_pro,00490,first,Giải Nhất,3,633
max3d_pro,00490,first,Giải Nhất,4,383
max3d_pro,00490,second,Giải Nhì,1,487
max3d_pro,00490,second,Giải Nhì,2,251
max3d_pro,00490,second,Giải Nhì,3,351
max3d_pro,00490,second,Giải Nhì,4,687
max3d_pro,00490,second,Giải Nhì,5,154
max3d_pro,00490,second,Giải Nhì,6,048
max3d_pro,00490,third,Giải Ba,1,324
max3d_pro,00490,third,Giải Ba,2,494
max3d_pro,00490,third,Giải Ba,3,739
max3d_pro,00490,third,Giải Ba,4,784
max3d_pro,00490,third,Giải Ba,5,526
max3d_pro,00490,third,Giải Ba,6,253
max3d_pro,00490,third,Giải Ba,7,726
max3d_pro,00490,third,Giải Ba,8,891
max3d_pro,00491,special,Giải Đặc biệt,1,660
max3d_pro,00491,special,Giải Đặc biệt,2,347
max3d_pro,00491,first,Giải Nhất,1,056
max3d_pro,00491,first,Giải Nhất,2,799
max3d_pro,00491,first,Giải Nhất,3,637
max3d_pro,00491,first,Giải Nhất,4,343
max3d_pro,00491,second,Giải Nhì,1,321
max3d_pro,00491,second,Giải Nhì,2,389
max3d_pro,00491,second,Giải Nhì,3,382
max3d_pro,00491,second,Giải Nhì,4,190
max3d_pro,00491,second,Giải Nhì,5,447
max3d_pro,00491,second,Giải Nhì,6,544
max3d_pro,00491,third,Giải Ba,1,223
max3d_pro,00491,third,Giải Ba,2,560
max3d_pro,00491,third,Giải Ba,3,438
max3d_pro,00491,third,Giải Ba,4,048
max3d_pro,00491,third,Giải Ba,5,238
max3d_pro,00491,third,Giải Ba,6,912
max3d_pro,00491,third,Giải Ba,7,656
max3d_pro,00491,third,Giải Ba,8,469
max3d_pro,00492,special,Giải Đặc biệt,1,152
max3d_pro,00492,special,Giải Đặc biệt,2,135
max3d_pro,00492,first,Giải Nhất,1,151
max3d_pro,00492,first,Giải Nhất,2,885
max3d_pro,00492,first,Giải Nhất,3,853
max3d_pro,00492,first,Giải Nhất,4,751
max3d_pro,00492,second,Giải Nhì,1,943
max3d_pro,00492,second,Giải Nhì,2,102
max3d_pro,00492,second,Giải Nhì,3,231
max3d_pro,00492,second,Giải Nhì,4,323
max3d_pro,00492,second,Giải Nhì,5,626
max3d_pro,00492,second,Giải Nhì,6,450
max3d_pro,00492,third,Giải Ba,1,613
max3d_pro,00492,third,Giải Ba,2,702
max3d_pro,00492,third,Giải Ba,3,449
max3d_pro,00492,third,Giải Ba,4,024
max3d_pro,00492,third,Giải Ba,5,289
max3d_pro,00492,third,Giải Ba,6,746
max3d_pro,00492,third,Giải Ba,7,884
max3d_pro,00492,third,Giải Ba,8,432
max3d_pro,00493,special,Giải Đặc biệt,1,872
max3d_pro,00493,special,Giải Đặc biệt,2,884
max3d_pro,00493,first,Giải Nhất,1,312
max3d_pro,00493,first,Giải Nhất,2,603
max3d_pro,00493,first,Giải Nhất,3,158
max3d_pro,00493,first,Giải Nhất,4,371
max3d_pro,00493,second,Giải Nhì,1,406
max3d_pro,00493,second,Giải Nhì,2,834
max3d_pro,00493,second,Giải Nhì,3,311
max3d_pro,00493,second,Giải Nhì,4,668
max3d_pro,00493,second,Giải Nhì,5,393
max3d_pro,00493,second,Giải Nhì,6,194
max3d_pro,00493,third,Giải Ba,1,068
max3d_pro,00493,third,Giải Ba,2,509
max3d_pro,00493,third,Giải Ba,3,171
max3d_pro,00493,third,Giải Ba,4,510
max3d_pro,00493,third,Giải Ba,5,762
max3d_pro,00493,third,Giải Ba,6,364
max3d_pro,00493,third,Giải Ba,7,806
max3d_pro,00493,third,Giải Ba,8,817
max3d_pro,00494,special,Giải Đặc biệt,1,533
max3d_pro,00494,special,Giải Đặc biệt,2,153
max3d_pro,00494,first,Giải Nhất,1,372
max3d_pro,00494,first,Giải Nhất,2,563
max3d_pro,00494,first,Giải Nhất,3,161
max3d_pro,00494,first,Giải Nhất,4,490
max3d_pro,00494,second,Giải Nhì,1,423
max3d_pro,00494,second,Giải Nhì,2,054
max3d_pro,00494,second,Giải Nhì,3,843
max3d_pro,00494,second,Giải Nhì,4,946
max3d_pro,00494,second,Giải Nhì,5,616
max3d_pro,00494,second,Giải Nhì,6,862
max3d_pro,00494,third,Giải Ba,1,501
max3d_pro,00494,third,Giải Ba,2,152
max3d_pro,00494,third,Giải Ba,3,071
max3d_pro,00494,third,Giải Ba,4,775
max3d_pro,00494,third,Giải Ba,5,268
max3d_pro,00494,third,Giải Ba,6,137
max3d_pro,00494,third,Giải Ba,7,505
max3d_pro,00494,third,Giải Ba,8,189
max3d_pro,00495,special,Giải Đặc biệt,1,550
max3d_pro,00495,special,Giải Đặc biệt,2,029
max3d_pro,00495,first,Giải Nhất,1,661
max3d_pro,00495,first,Giải Nhất,2,206
max3d_pro,00495,first,Giải Nhất,3,311
max3d_pro,00495,first,Giải Nhất,4,954
max3d_pro,00495,second,Giải Nhì,1,792
max3d_pro,00495,second,Giải Nhì,2,995
max3d_pro,00495,second,Giải Nhì,3,128
max3d_pro,00495,second,Giải Nhì,4,631
max3d_pro,00495,second,Giải Nhì,5,348
max3d_pro,00495,second,Giải Nhì,6,158
max3d_pro,00495,third,Giải Ba,1,454
max3d_pro,00495,third,Giải Ba,2,985
max3d_pro,00495,third,Giải Ba,3,750
max3d_pro,00495,third,Giải Ba,4,188
max3d_pro,00495,third,Giải Ba,5,136
max3d_pro,00495,third,Giải Ba,6,605
max3d_pro,00495,third,Giải Ba,7,641
max3d_pro,00495,third,Giải Ba,8,796
max3d_pro,00496,special,Giải Đặc biệt,1,791
max3d_pro,00496,special,Giải Đặc biệt,2,572
max3d_pro,00496,first,Giải Nhất,1,829
max3d_pro,00496,first,Giải Nhất,2,940
max3d_pro,00496,first,Giải Nhất,3,170
max3d_pro,00496,first,Giải Nhất,4,641
max3d_pro,00496,second,Giải Nhì,1,711
max3d_pro,00496,second,Giải Nhì,2,779
max3d_pro,00496,second,Giải Nhì,3,951
max3d_pro,00496,second,Giải Nhì,4,653
max3d_pro,00496,second,Giải Nhì,5,892
max3d_pro,00496,second,Giải Nhì,6,345
max3d_pro,00496,third,Giải Ba,1,834
max3d_pro,00496,third,Giải Ba,2,896
max3d_pro,00496,third,Giải Ba,3,498
max3d_pro,00496,third,Giải Ba,4,275
max3d_pro,00496,third,Giải Ba,5,495
max3d_pro,00496,third,Giải Ba,6,250
max3d_pro,00496,third,Giải Ba,7,031
max3d_pro,00496,third,Giải Ba,8,284
max3d_pro,00497,special,Giải Đặc biệt,1,276
max3d_pro,00497,special,Giải Đặc biệt,2,232
max3d_pro,00497,first,Giải Nhất,1,622
max3d_pro,00497,first,Giải Nhất,2,658
max3d_pro,00497,first,Giải Nhất,3,804
max3d_pro,00497,first,Giải Nhất,4,892
max3d_pro,00497,second,Giải Nhì,1,906
max3d_pro,00497,second,Giải Nhì,2,857
max3d_pro,00497,second,Giải Nhì,3,361
max3d_pro,00497,second,Giải Nhì,4,338
max3d_pro,00497,second,Giải Nhì,5,376
max3d_pro,00497,second,Giải Nhì,6,731
max3d_pro,00497,third,Giải Ba,1,731
max3d_pro,00497,third,Giải Ba,2,084
max3d_pro,00497,third,Giải Ba,3,104
max3d_pro,00497,third,Giải Ba,4,159
max3d_pro,00497,third,Giải Ba,5,895
max3d_pro,00497,third,Giải Ba,6,737
max3d_pro,00497,third,Giải Ba,7,200
max3d_pro,00497,third,Giải Ba,8,320
max3d_pro,00498,special,Giải Đặc biệt,1,271
max3d_pro,00498,special,Giải Đặc biệt,2,760
max3d_pro,00498,first,Giải Nhất,1,898
max3d_pro,00498,first,Giải Nhất,2,618
max3d_pro,00498,first,Giải Nhất,3,920
max3d_pro,00498,first,Giải Nhất,4,408
max3d_pro,00498,second,Giải Nhì,1,812
max3d_pro,00498,second,Giải Nhì,2,220
max3d_pro,00498,second,Giải Nhì,3,291
max3d_pro,00498,second,Giải Nhì,4,878
max3d_pro,00498,second,Giải Nhì,5,397
max3d_pro,00498,second,Giải Nhì,6,366
max3d_pro,00498,third,Giải Ba,1,720
max3d_pro,00498,third,Giải Ba,2,797
max3d_pro,00498,third,Giải Ba,3,102
max3d_pro,00498,third,Giải Ba,4,492
max3d_pro,00498,third,Giải Ba,5,986
max3d_pro,00498,third,Giải Ba,6,237
max3d_pro,00498,third,Giải Ba,7,587
max3d_pro,00498,third,Giải Ba,8,817
max3d_pro,00499,special,Giải Đặc biệt,1,246
max3d_pro,00499,special,Giải Đặc biệt,2,636
max3d_pro,00499,first,Giải Nhất,1,411
max3d_pro,00499,first,Giải Nhất,2,118
max3d_pro,00499,first,Giải Nhất,3,210
max3d_pro,00499,first,Giải Nhất,4,721
max3d_pro,00499,second,Giải Nhì,1,020
max3d_pro,00499,second,Giải Nhì,2,826
max3d_pro,00499,second,Giải Nhì,3,526
max3d_pro,00499,second,Giải Nhì,4,474
max3d_pro,00499,second,Giải Nhì,5,184
max3d_pro,00499,second,Giải Nhì,6,724
max3d_pro,00499,third,Giải Ba,1,379
max3d_pro,00499,third,Giải Ba,2,144
max3d_pro,00499,third,Giải Ba,3,938
max3d_pro,00499,third,Giải Ba,4,369
max3d_pro,00499,third,Giải Ba,5,588
max3d_pro,00499,third,Giải Ba,6,289
max3d_pro,00499,third,Giải Ba,7,630
max3d_pro,00499,third,Giải Ba,8,871
max3d_pro,00500,special,Giải Đặc biệt,1,149
max3d_pro,00500,special,Giải Đặc biệt,2,003
max3d_pro,00500,first,Giải Nhất,1,461
max3d_pro,00500,first,Giải Nhất,2,438
max3d_pro,00500,first,Giải Nhất,3,877
max3d_pro,00500,first,Giải Nhất,4,485
max3d_pro,00500,second,Giải Nhì,1,603
max3d_pro,00500,second,Giải Nhì,2,453
max3d_pro,00500,second,Giải Nhì,3,065
max3d_pro,00500,second,Giải Nhì,4,955
max3d_pro,00500,second,Giải Nhì,5,853
max3d_pro,00500,second,Giải Nhì,6,449
max3d_pro,00500,third,Giải Ba,1,698
max3d_pro,00500,third,Giải Ba,2,248
max3d_pro,00500,third,Giải Ba,3,665
max3d_pro,00500,third,Giải Ba,4,169
max3d_pro,00500,third,Giải Ba,5,603
max3d_pro,00500,third,Giải Ba,6,654
max3d_pro,00500,third,Giải Ba,7,481
max3d_pro,00500,third,Giải Ba,8,687
max3d_pro,00501,special,Giải Đặc biệt,1,738
max3d_pro,00501,special,Giải Đặc biệt,2,059
max3d_pro,00501,first,Giải Nhất,1,829
max3d_pro,00501,first,Giải Nhất,2,035
max3d_pro,00501,first,Giải Nhất,3,425
max3d_pro,00501,first,Giải Nhất,4,927
max3d_pro,00501,second,Giải Nhì,1,527
max3d_pro,00501,second,Giải Nhì,2,195
max3d_pro,00501,second,Giải Nhì,3,363
max3d_pro,00501,second,Giải Nhì,4,291
max3d_pro,00501,second,Giải Nhì,5,058
max3d_pro,00501,second,Giải Nhì,6,329
max3d_pro,00501,third,Giải Ba,1,793
max3d_pro,00501,third,Giải Ba,2,716
max3d_pro,00501,third,Giải Ba,3,674
max3d_pro,00501,third,Giải Ba,4,225
max3d_pro,00501,third,Giải Ba,5,604
max3d_pro,00501,third,Giải Ba,6,757
max3d_pro,00501,third,Giải Ba,7,186
max3d_pro,00501,third,Giải Ba,8,478
max3d_pro,00502,special,Giải Đặc biệt,1,453
max3d_pro,00502,special,Giải Đặc biệt,2,671
max3d_pro,00502,first,Giải Nhất,1,137
max3d_pro,00502,first,Giải Nhất,2,550
max3d_pro,00502,first,Giải Nhất,3,537
max3d_pro,00502,first,Giải Nhất,4,159
max3d_pro,00502,second,Giải Nhì,1,710
max3d_pro,00502,second,Giải Nhì,2,068
max3d_pro,00502,second,Giải Nhì,3,447
max3d_pro,00502,second,Giải Nhì,4,764
max3d_pro,00502,second,Giải Nhì,5,540
max3d_pro,00502,second,Giải Nhì,6,126
max3d_pro,00502,third,Giải Ba,1,660
max3d_pro,00502,third,Giải Ba,2,178
max3d_pro,00502,third,Giải Ba,3,946
max3d_pro,00502,third,Giải Ba,4,504
max3d_pro,00502,third,Giải Ba,5,735
max3d_pro,00502,third,Giải Ba,6,779
max3d_pro,00502,third,Giải Ba,7,484
max3d_pro,00502,third,Giải Ba,8,165
max3d_pro,00503,special,Giải Đặc biệt,1,772
max3d_pro,00503,special,Giải Đặc biệt,2,936
max3d_pro,00503,first,Giải Nhất,1,929
max3d_pro,00503,first,Giải Nhất,2,498
max3d_pro,00503,first,Giải Nhất,3,091
max3d_pro,00503,first,Giải Nhất,4,329
max3d_pro,00503,second,Giải Nhì,1,956
max3d_pro,00503,second,Giải Nhì,2,751
max3d_pro,00503,second,Giải Nhì,3,489
max3d_pro,00503,second,Giải Nhì,4,446
max3d_pro,00503,second,Giải Nhì,5,405
max3d_pro,00503,second,Giải Nhì,6,524
max3d_pro,00503,third,Giải Ba,1,940
max3d_pro,00503,third,Giải Ba,2,794
max3d_pro,00503,third,Giải Ba,3,238
max3d_pro,00503,third,Giải Ba,4,550
max3d_pro,00503,third,Giải Ba,5,588
max3d_pro,00503,third,Giải Ba,6,196
max3d_pro,00503,third,Giải Ba,7,734
max3d_pro,00503,third,Giải Ba,8,155
max3d_pro,00504,special,Giải Đặc biệt,1,370
max3d_pro,00504,special,Giải Đặc biệt,2,625
max3d_pro,00504,first,Giải Nhất,1,088
max3d_pro,00504,first,Giải Nhất,2,722
max3d_pro,00504,first,Giải Nhất,3,327
max3d_pro,00504,first,Giải Nhất,4,884
max3d_pro,00504,second,Giải Nhì,1,723
max3d_pro,00504,second,Giải Nhì,2,740
max3d_pro,00504,second,Giải Nhì,3,010
max3d_pro,00504,second,Giải Nhì,4,286
max3d_pro,00504,second,Giải Nhì,5,564
max3d_pro,00504,second,Giải Nhì,6,834
max3d_pro,00504,third,Giải Ba,1,542
max3d_pro,00504,third,Giải Ba,2,588
max3d_pro,00504,third,Giải Ba,3,221
max3d_pro,00504,third,Giải Ba,4,535
max3d_pro,00504,third,Giải Ba,5,203
max3d_pro,00504,third,Giải Ba,6,939
max3d_pro,00504,third,Giải Ba,7,721
max3d_pro,00504,third,Giải Ba,8,943
max3d_pro,00505,special,Giải Đặc biệt,1,392
max3d_pro,00505,special,Giải Đặc biệt,2,182
max3d_pro,00505,first,Giải Nhất,1,505
max3d_pro,00505,first,Giải Nhất,2,398
max3d_pro,00505,first,Giải Nhất,3,086
max3d_pro,00505,first,Giải Nhất,4,980
max3d_pro,00505,second,Giải Nhì,1,194
max3d_pro,00505,second,Giải Nhì,2,326
max3d_pro,00505,second,Giải Nhì,3,786
max3d_pro,00505,second,Giải Nhì,4,811
max3d_pro,00505,second,Giải Nhì,5,508
max3d_pro,00505,second,Giải Nhì,6,381
max3d_pro,00505,third,Giải Ba,1,891
max3d_pro,00505,third,Giải Ba,2,003
max3d_pro,00505,third,Giải Ba,3,688
max3d_pro,00505,third,Giải Ba,4,266
max3d_pro,00505,third,Giải Ba,5,800
max3d_pro,00505,third,Giải Ba,6,391
max3d_pro,00505,third,Giải Ba,7,373
max3d_pro,00505,third,Giải Ba,8,762
max3d_pro,00506,special,Giải Đặc biệt,1,751
max3d_pro,00506,special,Giải Đặc biệt,2,998
max3d_pro,00506,first,Giải Nhất,1,721
max3d_pro,00506,first,Giải Nhất,2,709
max3d_pro,00506,first,Giải Nhất,3,309
max3d_pro,00506,first,Giải Nhất,4,630
max3d_pro,00506,second,Giải Nhì,1,754
max3d_pro,00506,second,Giải Nhì,2,943
max3d_pro,00506,second,Giải Nhì,3,369
max3d_pro,00506,second,Giải Nhì,4,320
max3d_pro,00506,second,Giải Nhì,5,228
max3d_pro,00506,second,Giải Nhì,6,609
max3d_pro,00506,third,Giải Ba,1,784
max3d_pro,00506,third,Giải Ba,2,980
max3d_pro,00506,third,Giải Ba,3,279
max3d_pro,00506,third,Giải Ba,4,895
max3d_pro,00506,third,Giải Ba,5,815
max3d_pro,00506,third,Giải Ba,6,586
max3d_pro,00506,third,Giải Ba,7,768
max3d_pro,00506,third,Giải Ba,8,300
max3d_pro,00507,special,Giải Đặc biệt,1,569
max3d_pro,00507,special,Giải Đặc biệt,2,247
max3d_pro,00507,first,Giải Nhất,1,651
max3d_pro,00507,first,Giải Nhất,2,376
max3d_pro,00507,first,Giải Nhất,3,110
max3d_pro,00507,first,Giải Nhất,4,782
max3d_pro,00507,second,Giải Nhì,1,236
max3d_pro,00507,second,Giải Nhì,2,361
max3d_pro,00507,second,Giải Nhì,3,254
max3d_pro,00507,second,Giải Nhì,4,362
max3d_pro,00507,second,Giải Nhì,5,872
max3d_pro,00507,second,Giải Nhì,6,047
max3d_pro,00507,third,Giải Ba,1,953
max3d_pro,00507,third,Giải Ba,2,777
max3d_pro,00507,third,Giải Ba,3,795
max3d_pro,00507,third,Giải Ba,4,561
max3d_pro,00507,third,Giải Ba,5,292
max3d_pro,00507,third,Giải Ba,6,614
max3d_pro,00507,third,Giải Ba,7,355
max3d_pro,00507,third,Giải Ba,8,310
max3d_pro,00508,special,Giải Đặc biệt,1,126
max3d_pro,00508,special,Giải Đặc biệt,2,300
max3d_pro,00508,first,Giải Nhất,1,301
max3d_pro,00508,first,Giải Nhất,2,183
max3d_pro,00508,first,Giải Nhất,3,653
max3d_pro,00508,first,Giải Nhất,4,092
max3d_pro,00508,second,Giải Nhì,1,988
max3d_pro,00508,second,Giải Nhì,2,822
max3d_pro,00508,second,Giải Nhì,3,227
max3d_pro,00508,second,Giải Nhì,4,119
max3d_pro,00508,second,Giải Nhì,5,509
max3d_pro,00508,second,Giải Nhì,6,053
max3d_pro,00508,third,Giải Ba,1,339
max3d_pro,00508,third,Giải Ba,2,367
max3d_pro,00508,third,Giải Ba,3,780
max3d_pro,00508,third,Giải Ba,4,221
max3d_pro,00508,third,Giải Ba,5,213
max3d_pro,00508,third,Giải Ba,6,138
max3d_pro,00508,third,Giải Ba,7,444
max3d_pro,00508,third,Giải Ba,8,172
max3d_pro,00509,special,Giải Đặc biệt,1,595
max3d_pro,00509,special,Giải Đặc biệt,2,648
max3d_pro,00509,first,Giải Nhất,1,502
max3d_pro,00509,first,Giải Nhất,2,355
max3d_pro,00509,first,Giải Nhất,3,611
max3d_pro,00509,first,Giải Nhất,4,591
max3d_pro,00509,second,Giải Nhì,1,965
max3d_pro,00509,second,Giải Nhì,2,760
max3d_pro,00509,second,Giải Nhì,3,220
max3d_pro,00509,second,Giải Nhì,4,746
max3d_pro,00509,second,Giải Nhì,5,071
max3d_pro,00509,second,Giải Nhì,6,567
max3d_pro,00509,third,Giải Ba,1,869
max3d_pro,00509,third,Giải Ba,2,074
max3d_pro,00509,third,Giải Ba,3,976
max3d_pro,00509,third,Giải Ba,4,567
max3d_pro,00509,third,Giải Ba,5,460
max3d_pro,00509,third,Giải Ba,6,600
max3d_pro,00509,third,Giải Ba,7,541
max3d_pro,00509,third,Giải Ba,8,065
max3d_pro,00510,special,Giải Đặc biệt,1,710
max3d_pro,00510,special,Giải Đặc biệt,2,664
max3d_pro,00510,first,Giải Nhất,1,794
max3d_pro,00510,first,Giải Nhất,2,797
max3d_pro,00510,first,Giải Nhất,3,317
max3d_pro,00510,first,Giải Nhất,4,848
max3d_pro,00510,second,Giải Nhì,1,303
max3d_pro,00510,second,Giải Nhì,2,211
max3d_pro,00510,second,Giải Nhì,3,805
max3d_pro,00510,second,Giải Nhì,4,518
max3d_pro,00510,second,Giải Nhì,5,755
max3d_pro,00510,second,Giải Nhì,6,802
max3d_pro,00510,third,Giải Ba,1,448
max3d_pro,00510,third,Giải Ba,2,326
max3d_pro,00510,third,Giải Ba,3,482
max3d_pro,00510,third,Giải Ba,4,136
max3d_pro,00510,third,Giải Ba,5,113
max3d_pro,00510,third,Giải Ba,6,913
max3d_pro,00510,third,Giải Ba,7,880
max3d_pro,00510,third,Giải Ba,8,680
max3d_pro,00511,special,Giải Đặc biệt,1,026
max3d_pro,00511,special,Giải Đặc biệt,2,664
max3d_pro,00511,first,Giải Nhất,1,347
max3d_pro,00511,first,Giải Nhất,2,291
max3d_pro,00511,first,Giải Nhất,3,397
max3d_pro,00511,first,Giải Nhất,4,308
max3d_pro,00511,second,Giải Nhì,1,805
max3d_pro,00511,second,Giải Nhì,2,121
max3d_pro,00511,second,Giải Nhì,3,762
max3d_pro,00511,second,Giải Nhì,4,043
max3d_pro,00511,second,Giải Nhì,5,902
max3d_pro,00511,second,Giải Nhì,6,382
max3d_pro,00511,third,Giải Ba,1,561
max3d_pro,00511,third,Giải Ba,2,530
max3d_pro,00511,third,Giải Ba,3,065
max3d_pro,00511,third,Giải Ba,4,463
max3d_pro,00511,third,Giải Ba,5,619
max3d_pro,00511,third,Giải Ba,6,013
max3d_pro,00511,third,Giải Ba,7,497
max3d_pro,00511,third,Giải Ba,8,427
max3d_pro,00512,special,Giải Đặc biệt,1,516
max3d_pro,00512,special,Giải Đặc biệt,2,813
max3d_pro,00512,first,Giải Nhất,1,545
max3d_pro,00512,first,Giải Nhất,2,082
max3d_pro,00512,first,Giải Nhất,3,259
max3d_pro,00512,first,Giải Nhất,4,087
max3d_pro,00512,second,Giải Nhì,1,973
max3d_pro,00512,second,Giải Nhì,2,571
max3d_pro,00512,second,Giải Nhì,3,884
max3d_pro,00512,second,Giải Nhì,4,663
max3d_pro,00512,second,Giải Nhì,5,624
max3d_pro,00512,second,Giải Nhì,6,105
max3d_pro,00512,third,Giải Ba,1,408
max3d_pro,00512,third,Giải Ba,2,991
max3d_pro,00512,third,Giải Ba,3,100
max3d_pro,00512,third,Giải Ba,4,790
max3d_pro,00512,third,Giải Ba,5,511
max3d_pro,00512,third,Giải Ba,6,746
max3d_pro,00512,third,Giải Ba,7,172
max3d_pro,00512,third,Giải Ba,8,656
max3d_pro,00513,special,Giải Đặc biệt,1,391
max3d_pro,00513,special,Giải Đặc biệt,2,372
max3d_pro,00513,first,Giải Nhất,1,217
max3d_pro,00513,first,Giải Nhất,2,584
max3d_pro,00513,first,Giải Nhất,3,610
max3d_pro,00513,first,Giải Nhất,4,530
max3d_pro,00513,second,Giải Nhì,1,585
max3d_pro,00513,second,Giải Nhì,2,909
max3d_pro,00513,second,Giải Nhì,3,619
max3d_pro,00513,second,Giải Nhì,4,855
max3d_pro,00513,second,Giải Nhì,5,072
max3d_pro,00513,second,Giải Nhì,6,653
max3d_pro,00513,third,Giải Ba,1,872
max3d_pro,00513,third,Giải Ba,2,183
max3d_pro,00513,third,Giải Ba,3,025
max3d_pro,00513,third,Giải Ba,4,291
max3d_pro,00513,third,Giải Ba,5,629
max3d_pro,00513,third,Giải Ba,6,987
max3d_pro,00513,third,Giải Ba,7,615
max3d_pro,00513,third,Giải Ba,8,700
max3d_pro,00514,special,Giải Đặc biệt,1,195
max3d_pro,00514,special,Giải Đặc biệt,2,590
max3d_pro,00514,first,Giải Nhất,1,325
max3d_pro,00514,first,Giải Nhất,2,511
max3d_pro,00514,first,Giải Nhất,3,295
max3d_pro,00514,first,Giải Nhất,4,014
max3d_pro,00514,second,Giải Nhì,1,630
max3d_pro,00514,second,Giải Nhì,2,056
max3d_pro,00514,second,Giải Nhì,3,183
max3d_pro,00514,second,Giải Nhì,4,858
max3d_pro,00514,second,Giải Nhì,5,337
max3d_pro,00514,second,Giải Nhì,6,983
max3d_pro,00514,third,Giải Ba,1,523
max3d_pro,00514,third,Giải Ba,2,193
max3d_pro,00514,third,Giải Ba,3,400
max3d_pro,00514,third,Giải Ba,4,103
max3d_pro,00514,third,Giải Ba,5,631
max3d_pro,00514,third,Giải Ba,6,276
max3d_pro,00514,third,Giải Ba,7,472
max3d_pro,00514,third,Giải Ba,8,838
max3d_pro,00515,special,Giải Đặc biệt,1,706
max3d_pro,00515,special,Giải Đặc biệt,2,007
max3d_pro,00515,first,Giải Nhất,1,392
max3d_pro,00515,first,Giải Nhất,2,768
max3d_pro,00515,first,Giải Nhất,3,359
max3d_pro,00515,first,Giải Nhất,4,746
max3d_pro,00515,second,Giải Nhì,1,959
max3d_pro,00515,second,Giải Nhì,2,988
max3d_pro,00515,second,Giải Nhì,3,100
max3d_pro,00515,second,Giải Nhì,4,826
max3d_pro,00515,second,Giải Nhì,5,676
max3d_pro,00515,second,Giải Nhì,6,031
max3d_pro,00515,third,Giải Ba,1,728
max3d_pro,00515,third,Giải Ba,2,927
max3d_pro,00515,third,Giải Ba,3,424
max3d_pro,00515,third,Giải Ba,4,297
max3d_pro,00515,third,Giải Ba,5,680
max3d_pro,00515,third,Giải Ba,6,422
max3d_pro,00515,third,Giải Ba,7,654
max3d_pro,00515,third,Giải Ba,8,531
max3d_pro,00516,special,Giải Đặc biệt,1,134
max3d_pro,00516,special,Giải Đặc biệt,2,281
max3d_pro,00516,first,Giải Nhất,1,415
max3d_pro,00516,first,Giải Nhất,2,036
max3d_pro,00516,first,Giải Nhất,3,235
max3d_pro,00516,first,Giải Nhất,4,797
max3d_pro,00516,second,Giải Nhì,1,027
max3d_pro,00516,second,Giải Nhì,2,590
max3d_pro,00516,second,Giải Nhì,3,806
max3d_pro,00516,second,Giải Nhì,4,638
max3d_pro,00516,second,Giải Nhì,5,382
max3d_pro,00516,second,Giải Nhì,6,804
max3d_pro,00516,third,Giải Ba,1,471
max3d_pro,00516,third,Giải Ba,2,236
max3d_pro,00516,third,Giải Ba,3,802
max3d_pro,00516,third,Giải Ba,4,457
max3d_pro,00516,third,Giải Ba,5,507
max3d_pro,00516,third,Giải Ba,6,160
max3d_pro,00516,third,Giải Ba,7,539
max3d_pro,00516,third,Giải Ba,8,220
max3d_pro,00517,special,Giải Đặc biệt,1,859
max3d_pro,00517,special,Giải Đặc biệt,2,210
max3d_pro,00517,first,Giải Nhất,1,923
max3d_pro,00517,first,Giải Nhất,2,109
max3d_pro,00517,first,Giải Nhất,3,190
max3d_pro,00517,first,Giải Nhất,4,130
max3d_pro,00517,second,Giải Nhì,1,814
max3d_pro,00517,second,Giải Nhì,2,544
max3d_pro,00517,second,Giải Nhì,3,063
max3d_pro,00517,second,Giải Nhì,4,599
max3d_pro,00517,second,Giải Nhì,5,455
max3d_pro,00517,second,Giải Nhì,6,195
max3d_pro,00517,third,Giải Ba,1,669
max3d_pro,00517,third,Giải Ba,2,836
max3d_pro,00517,third,Giải Ba,3,102
max3d_pro,00517,third,Giải Ba,4,461
max3d_pro,00517,third,Giải Ba,5,782
max3d_pro,00517,third,Giải Ba,6,625
max3d_pro,00517,third,Giải Ba,7,687
max3d_pro,00517,third,Giải Ba,8,390
max3d_pro,00518,special,Giải Đặc biệt,1,302
max3d_pro,00518,special,Giải Đặc biệt,2,976
max3d_pro,00518,first,Giải Nhất,1,535
max3d_pro,00518,first,Giải Nhất,2,253
max3d_pro,00518,first,Giải Nhất,3,219
max3d_pro,00518,first,Giải Nhất,4,697
max3d_pro,00518,second,Giải Nhì,1,869
max3d_pro,00518,second,Giải Nhì,2,056
max3d_pro,00518,second,Giải Nhì,3,748
max3d_pro,00518,second,Giải Nhì,4,083
max3d_pro,00518,second,Giải Nhì,5,263
max3d_pro,00518,second,Giải Nhì,6,505
max3d_pro,00518,third,Giải Ba,1,520
max3d_pro,00518,third,Giải Ba,2,910
max3d_pro,00518,third,Giải Ba,3,364
max3d_pro,00518,third,Giải Ba,4,401
max3d_pro,00518,third,Giải Ba,5,470
max3d_pro,00518,third,Giải Ba,6,351
max3d_pro,00518,third,Giải Ba,7,718
max3d_pro,00518,third,Giải Ba,8,437
max3d_pro,00519,special,Giải Đặc biệt,1,542
max3d_pro,00519,special,Giải Đặc biệt,2,402
max3d_pro,00519,first,Giải Nhất,1,287
max3d_pro,00519,first,Giải Nhất,2,907
max3d_pro,00519,first,Giải Nhất,3,179
max3d_pro,00519,first,Giải Nhất,4,046
max3d_pro,00519,second,Giải Nhì,1,727
max3d_pro,00519,second,Giải Nhì,2,052
max3d_pro,00519,second,Giải Nhì,3,980
max3d_pro,00519,second,Giải Nhì,4,235
max3d_pro,00519,second,Giải Nhì,5,815
max3d_pro,00519,second,Giải Nhì,6,126
max3d_pro,00519,third,Giải Ba,1,791
max3d_pro,00519,third,Giải Ba,2,665
max3d_pro,00519,third,Giải Ba,3,132
max3d_pro,00519,third,Giải Ba,4,650
max3d_pro,00519,third,Giải Ba,5,175
max3d_pro,00519,third,Giải Ba,6,608
max3d_pro,00519,third,Giải Ba,7,907
max3d_pro,00519,third,Giải Ba,8,643
max3d_pro,00520,special,Giải Đặc biệt,1,907
max3d_pro,00520,special,Giải Đặc biệt,2,230
max3d_pro,00520,first,Giải Nhất,1,634
max3d_pro,00520,first,Giải Nhất,2,903
max3d_pro,00520,first,Giải Nhất,3,046
max3d_pro,00520,first,Giải Nhất,4,925
max3d_pro,00520,second,Giải Nhì,1,733
max3d_pro,00520,second,Giải Nhì,2,692
max3d_pro,00520,second,Giải Nhì,3,806
max3d_pro,00520,second,Giải Nhì,4,539
max3d_pro,00520,second,Giải Nhì,5,513
max3d_pro,00520,second,Giải Nhì,6,629
max3d_pro,00520,third,Giải Ba,1,693
max3d_pro,00520,third,Giải Ba,2,943
max3d_pro,00520,third,Giải Ba,3,601
max3d_pro,00520,third,Giải Ba,4,045
max3d_pro,00520,third,Giải Ba,5,096
max3d_pro,00520,third,Giải Ba,6,297
max3d_pro,00520,third,Giải Ba,7,516
max3d_pro,00520,third,Giải Ba,8,484
max3d_pro,00521,special,Giải Đặc biệt,1,840
max3d_pro,00521,special,Giải Đặc biệt,2,936
max3d_pro,00521,first,Giải Nhất,1,226
max3d_pro,00521,first,Giải Nhất,2,849
max3d_pro,00521,first,Giải Nhất,3,057
max3d_pro,00521,first,Giải Nhất,4,413
max3d_pro,00521,second,Giải Nhì,1,521
max3d_pro,00521,second,Giải Nhì,2,511
max3d_pro,00521,second,Giải Nhì,3,540
max3d_pro,00521,second,Giải Nhì,4,706
max3d_pro,00521,second,Giải Nhì,5,220
max3d_pro,00521,second,Giải Nhì,6,819
max3d_pro,00521,third,Giải Ba,1,045
max3d_pro,00521,third,Giải Ba,2,389
max3d_pro,00521,third,Giải Ba,3,614
max3d_pro,00521,third,Giải Ba,4,155
max3d_pro,00521,third,Giải Ba,5,676
max3d_pro,00521,third,Giải Ba,6,006
max3d_pro,00521,third,Giải Ba,7,564
max3d_pro,00521,third,Giải Ba,8,922
max3d_pro,00522,special,Giải Đặc biệt,1,076
max3d_pro,00522,special,Giải Đặc biệt,2,334
max3d_pro,00522,first,Giải Nhất,1,353
max3d_pro,00522,first,Giải Nhất,2,298
max3d_pro,00522,first,Giải Nhất,3,847
max3d_pro,00522,first,Giải Nhất,4,398
max3d_pro,00522,second,Giải Nhì,1,224
max3d_pro,00522,second,Giải Nhì,2,753
max3d_pro,00522,second,Giải Nhì,3,140
max3d_pro,00522,second,Giải Nhì,4,084
max3d_pro,00522,second,Giải Nhì,5,024
max3d_pro,00522,second,Giải Nhì,6,512
max3d_pro,00522,third,Giải Ba,1,074
max3d_pro,00522,third,Giải Ba,2,333
max3d_pro,00522,third,Giải Ba,3,091
max3d_pro,00522,third,Giải Ba,4,421
max3d_pro,00522,third,Giải Ba,5,620
max3d_pro,00522,third,Giải Ba,6,382
max3d_pro,00522,third,Giải Ba,7,751
max3d_pro,00522,third,Giải Ba,8,595
max3d_pro,00523,special,Giải Đặc biệt,1,516
max3d_pro,00523,special,Giải Đặc biệt,2,099
max3d_pro,00523,first,Giải Nhất,1,251
max3d_pro,00523,first,Giải Nhất,2,464
max3d_pro,00523,first,Giải Nhất,3,707
max3d_pro,00523,first,Giải Nhất,4,746
max3d_pro,00523,second,Giải Nhì,1,225
max3d_pro,00523,second,Giải Nhì,2,346
max3d_pro,00523,second,Giải Nhì,3,986
max3d_pro,00523,second,Giải Nhì,4,370
max3d_pro,00523,second,Giải Nhì,5,680
max3d_pro,00523,second,Giải Nhì,6,257
max3d_pro,00523,third,Giải Ba,1,065
max3d_pro,00523,third,Giải Ba,2,387
max3d_pro,00523,third,Giải Ba,3,336
max3d_pro,00523,third,Giải Ba,4,396
max3d_pro,00523,third,Giải Ba,5,443
max3d_pro,00523,third,Giải Ba,6,424
max3d_pro,00523,third,Giải Ba,7,102
max3d_pro,00523,third,Giải Ba,8,086
max3d_pro,00524,special,Giải Đặc biệt,1,645
max3d_pro,00524,special,Giải Đặc biệt,2,148
max3d_pro,00524,first,Giải Nhất,1,746
max3d_pro,00524,first,Giải Nhất,2,483
max3d_pro,00524,first,Giải Nhất,3,107
max3d_pro,00524,first,Giải Nhất,4,107
max3d_pro,00524,second,Giải Nhì,1,339
max3d_pro,00524,second,Giải Nhì,2,526
max3d_pro,00524,second,Giải Nhì,3,442
max3d_pro,00524,second,Giải Nhì,4,345
max3d_pro,00524,second,Giải Nhì,5,364
max3d_pro,00524,second,Giải Nhì,6,416
max3d_pro,00524,third,Giải Ba,1,071
max3d_pro,00524,third,Giải Ba,2,872
max3d_pro,00524,third,Giải Ba,3,716
max3d_pro,00524,third,Giải Ba,4,264
max3d_pro,00524,third,Giải Ba,5,577
max3d_pro,00524,third,Giải Ba,6,701
max3d_pro,00524,third,Giải Ba,7,139
max3d_pro,00524,third,Giải Ba,8,641
max3d_pro,00525,special,Giải Đặc biệt,1,270
max3d_pro,00525,special,Giải Đặc biệt,2,728
max3d_pro,00525,first,Giải Nhất,1,752
max3d_pro,00525,first,Giải Nhất,2,934
max3d_pro,00525,first,Giải Nhất,3,736
max3d_pro,00525,first,Giải Nhất,4,899
max3d_pro,00525,second,Giải Nhì,1,589
max3d_pro,00525,second,Giải Nhì,2,043
max3d_pro,00525,second,Giải Nhì,3,080
max3d_pro,00525,second,Giải Nhì,4,296
max3d_pro,00525,second,Giải Nhì,5,652
max3d_pro,00525,second,Giải Nhì,6,509
max3d_pro,00525,third,Giải Ba,1,987
max3d_pro,00525,third,Giải Ba,2,672
max3d_pro,00525,third,Giải Ba,3,605
max3d_pro,00525,third,Giải Ba,4,905
max3d_pro,00525,third,Giải Ba,5,590
max3d_pro,00525,third,Giải Ba,6,824
max3d_pro,00525,third,Giải Ba,7,343
max3d_pro,00525,third,Giải Ba,8,575
max3d_pro,00526,special,Giải Đặc biệt,1,327
max3d_pro,00526,special,Giải Đặc biệt,2,950
max3d_pro,00526,first,Giải Nhất,1,339
max3d_pro,00526,first,Giải Nhất,2,580
max3d_pro,00526,first,Giải Nhất,3,217
max3d_pro,00526,first,Giải Nhất,4,572
max3d_pro,00526,second,Giải Nhì,1,969
max3d_pro,00526,second,Giải Nhì,2,983
max3d_pro,00526,second,Giải Nhì,3,334
max3d_pro,00526,second,Giải Nhì,4,748
max3d_pro,00526,second,Giải Nhì,5,830
max3d_pro,00526,second,Giải Nhì,6,260
max3d_pro,00526,third,Giải Ba,1,273
max3d_pro,00526,third,Giải Ba,2,333
max3d_pro,00526,third,Giải Ba,3,903
max3d_pro,00526,third,Giải Ba,4,942
max3d_pro,00526,third,Giải Ba,5,709
max3d_pro,00526,third,Giải Ba,6,092
max3d_pro,00526,third,Giải Ba,7,593
max3d_pro,00526,third,Giải Ba,8,533
max3d_pro,00527,special,Giải Đặc biệt,1,818
max3d_pro,00527,special,Giải Đặc biệt,2,035
max3d_pro,00527,first,Giải Nhất,1,712
max3d_pro,00527,first,Giải Nhất,2,280
max3d_pro,00527,first,Giải Nhất,3,041
max3d_pro,00527,first,Giải Nhất,4,758
max3d_pro,00527,second,Giải Nhì,1,714
max3d_pro,00527,second,Giải Nhì,2,547
max3d_pro,00527,second,Giải Nhì,3,846
max3d_pro,00527,second,Giải Nhì,4,958
max3d_pro,00527,second,Giải Nhì,5,646
max3d_pro,00527,second,Giải Nhì,6,784
max3d_pro,00527,third,Giải Ba,1,739
max3d_pro,00527,third,Giải Ba,2,162
max3d_pro,00527,third,Giải Ba,3,264
max3d_pro,00527,third,Giải Ba,4,528
max3d_pro,00527,third,Giải Ba,5,075
max3d_pro,00527,third,Giải Ba,6,837
max3d_pro,00527,third,Giải Ba,7,029
max3d_pro,00527,third,Giải Ba,8,234
max3d_pro,00528,special,Giải Đặc biệt,1,116
max3d_pro,00528,special,Giải Đặc biệt,2,201
max3d_pro,00528,first,Giải Nhất,1,690
max3d_pro,00528,first,Giải Nhất,2,824
max3d_pro,00528,first,Giải Nhất,3,004
max3d_pro,00528,first,Giải Nhất,4,663
max3d_pro,00528,second,Giải Nhì,1,654
max3d_pro,00528,second,Giải Nhì,2,860
max3d_pro,00528,second,Giải Nhì,3,107
max3d_pro,00528,second,Giải Nhì,4,875
max3d_pro,00528,second,Giải Nhì,5,947
max3d_pro,00528,second,Giải Nhì,6,292
max3d_pro,00528,third,Giải Ba,1,785
max3d_pro,00528,third,Giải Ba,2,422
max3d_pro,00528,third,Giải Ba,3,120
max3d_pro,00528,third,Giải Ba,4,915
max3d_pro,00528,third,Giải Ba,5,415
max3d_pro,00528,third,Giải Ba,6,673
max3d_pro,00528,third,Giải Ba,7,506
max3d_pro,00528,third,Giải Ba,8,546
max3d_pro,00529,special,Giải Đặc biệt,1,908
max3d_pro,00529,special,Giải Đặc biệt,2,757
max3d_pro,00529,first,Giải Nhất,1,164
max3d_pro,00529,first,Giải Nhất,2,422
max3d_pro,00529,first,Giải Nhất,3,087
max3d_pro,00529,first,Giải Nhất,4,465
max3d_pro,00529,second,Giải Nhì,1,915
max3d_pro,00529,second,Giải Nhì,2,659
max3d_pro,00529,second,Giải Nhì,3,184
max3d_pro,00529,second,Giải Nhì,4,659
max3d_pro,00529,second,Giải Nhì,5,284
max3d_pro,00529,second,Giải Nhì,6,219
max3d_pro,00529,third,Giải Ba,1,989
max3d_pro,00529,third,Giải Ba,2,810
max3d_pro,00529,third,Giải Ba,3,948
max3d_pro,00529,third,Giải Ba,4,029
max3d_pro,00529,third,Giải Ba,5,321
max3d_pro,00529,third,Giải Ba,6,833
max3d_pro,00529,third,Giải Ba,7,166
max3d_pro,00529,third,Giải Ba,8,089
max3d_pro,00530,special,Giải Đặc biệt,1,834
max3d_pro,00530,special,Giải Đặc biệt,2,294
max3d_pro,00530,first,Giải Nhất,1,286
max3d_pro,00530,first,Giải Nhất,2,444
max3d_pro,00530,first,Giải Nhất,3,140
max3d_pro,00530,first,Giải Nhất,4,057
max3d_pro,00530,second,Giải Nhì,1,484
max3d_pro,00530,second,Giải Nhì,2,921
max3d_pro,00530,second,Giải Nhì,3,893
max3d_pro,00530,second,Giải Nhì,4,301
max3d_pro,00530,second,Giải Nhì,5,905
max3d_pro,00530,second,Giải Nhì,6,438
max3d_pro,00530,third,Giải Ba,1,760
max3d_pro,00530,third,Giải Ba,2,953
max3d_pro,00530,third,Giải Ba,3,701
max3d_pro,00530,third,Giải Ba,4,682
max3d_pro,00530,third,Giải Ba,5,539
max3d_pro,00530,third,Giải Ba,6,707
max3d_pro,00530,third,Giải Ba,7,924
max3d_pro,00530,third,Giải Ba,8,972
max3d_pro,00531,special,Giải Đặc biệt,1,212
max3d_pro,00531,special,Giải Đặc biệt,2,098
max3d_pro,00531,first,Giải Nhất,1,976
max3d_pro,00531,first,Giải Nhất,2,516
max3d_pro,00531,first,Giải Nhất,3,483
max3d_pro,00531,first,Giải Nhất,4,961
max3d_pro,00531,second,Giải Nhì,1,995
max3d_pro,00531,second,Giải Nhì,2,841
max3d_pro,00531,second,Giải Nhì,3,282
max3d_pro,00531,second,Giải Nhì,4,362
max3d_pro,00531,second,Giải Nhì,5,328
max3d_pro,00531,second,Giải Nhì,6,810
max3d_pro,00531,third,Giải Ba,1,004
max3d_pro,00531,third,Giải Ba,2,955
max3d_pro,00531,third,Giải Ba,3,340
max3d_pro,00531,third,Giải Ba,4,016
max3d_pro,00531,third,Giải Ba,5,134
max3d_pro,00531,third,Giải Ba,6,739
max3d_pro,00531,third,Giải Ba,7,031
max3d_pro,00531,third,Giải Ba,8,644
max3d_pro,00532,special,Giải Đặc biệt,1,710
max3d_pro,00532,special,Giải Đặc biệt,2,862
max3d_pro,00532,first,Giải Nhất,1,869
max3d_pro,00532,first,Giải Nhất,2,295
max3d_pro,00532,first,Giải Nhất,3,138
max3d_pro,00532,first,Giải Nhất,4,967
max3d_pro,00532,second,Giải Nhì,1,558
max3d_pro,00532,second,Giải Nhì,2,958
max3d_pro,00532,second,Giải Nhì,3,779
max3d_pro,00532,second,Giải Nhì,4,655
max3d_pro,00532,second,Giải Nhì,5,436
max3d_pro,00532,second,Giải Nhì,6,351
max3d_pro,00532,third,Giải Ba,1,765
max3d_pro,00532,third,Giải Ba,2,163
max3d_pro,00532,third,Giải Ba,3,035
max3d_pro,00532,third,Giải Ba,4,196
max3d_pro,00532,third,Giải Ba,5,739
max3d_pro,00532,third,Giải Ba,6,199
max3d_pro,00532,third,Giải Ba,7,809
max3d_pro,00532,third,Giải Ba,8,553
max3d_pro,00533,special,Giải Đặc biệt,1,193
max3d_pro,00533,special,Giải Đặc biệt,2,390
max3d_pro,00533,first,Giải Nhất,1,490
max3d_pro,00533,first,Giải Nhất,2,560
max3d_pro,00533,first,Giải Nhất,3,835
max3d_pro,00533,first,Giải Nhất,4,001
max3d_pro,00533,second,Giải Nhì,1,088
max3d_pro,00533,second,Giải Nhì,2,883
max3d_pro,00533,second,Giải Nhì,3,291
max3d_pro,00533,second,Giải Nhì,4,068
max3d_pro,00533,second,Giải Nhì,5,258
max3d_pro,00533,second,Giải Nhì,6,655
max3d_pro,00533,third,Giải Ba,1,032
max3d_pro,00533,third,Giải Ba,2,373
max3d_pro,00533,third,Giải Ba,3,820
max3d_pro,00533,third,Giải Ba,4,555
max3d_pro,00533,third,Giải Ba,5,491
max3d_pro,00533,third,Giải Ba,6,128
max3d_pro,00533,third,Giải Ba,7,092
max3d_pro,00533,third,Giải Ba,8,539
max3d_pro,00534,special,Giải Đặc biệt,1,525
max3d_pro,00534,special,Giải Đặc biệt,2,578
max3d_pro,00534,first,Giải Nhất,1,592
max3d_pro,00534,first,Giải Nhất,2,183
max3d_pro,00534,first,Giải Nhất,3,507
max3d_pro,00534,first,Giải Nhất,4,925
max3d_pro,00534,second,Giải Nhì,1,300
max3d_pro,00534,second,Giải Nhì,2,279
max3d_pro,00534,second,Giải Nhì,3,023
max3d_pro,00534,second,Giải Nhì,4,992
max3d_pro,00534,second,Giải Nhì,5,940
max3d_pro,00534,second,Giải Nhì,6,961
max3d_pro,00534,third,Giải Ba,1,556
max3d_pro,00534,third,Giải Ba,2,667
max3d_pro,00534,third,Giải Ba,3,902
max3d_pro,00534,third,Giải Ba,4,105
max3d_pro,00534,third,Giải Ba,5,143
max3d_pro,00534,third,Giải Ba,6,327
max3d_pro,00534,third,Giải Ba,7,897
max3d_pro,00534,third,Giải Ba,8,727
max3d_pro,00535,special,Giải Đặc biệt,1,521
max3d_pro,00535,special,Giải Đặc biệt,2,911
max3d_pro,00535,first,Giải Nhất,1,968
max3d_pro,00535,first,Giải Nhất,2,299
max3d_pro,00535,first,Giải Nhất,3,219
max3d_pro,00535,first,Giải Nhất,4,540
max3d_pro,00535,second,Giải Nhì,1,760
max3d_pro,00535,second,Giải Nhì,2,463
max3d_pro,00535,second,Giải Nhì,3,401
max3d_pro,00535,second,Giải Nhì,4,482
max3d_pro,00535,second,Giải Nhì,5,915
max3d_pro,00535,second,Giải Nhì,6,246
max3d_pro,00535,third,Giải Ba,1,127
max3d_pro,00535,third,Giải Ba,2,171
max3d_pro,00535,third,Giải Ba,3,819
max3d_pro,00535,third,Giải Ba,4,468
max3d_pro,00535,third,Giải Ba,5,368
max3d_pro,00535,third,Giải Ba,6,817
max3d_pro,00535,third,Giải Ba,7,645
max3d_pro,00535,third,Giải Ba,8,078
max3d_pro,00536,special,Giải Đặc biệt,1,419
max3d_pro,00536,special,Giải Đặc biệt,2,598
max3d_pro,00536,first,Giải Nhất,1,207
max3d_pro,00536,first,Giải Nhất,2,517
max3d_pro,00536,first,Giải Nhất,3,630
max3d_pro,00536,first,Giải Nhất,4,264
max3d_pro,00536,second,Giải Nhì,1,271
max3d_pro,00536,second,Giải Nhì,2,039
max3d_pro,00536,second,Giải Nhì,3,995
max3d_pro,00536,second,Giải Nhì,4,241
max3d_pro,00536,second,Giải Nhì,5,888
max3d_pro,00536,second,Giải Nhì,6,084
max3d_pro,00536,third,Giải Ba,1,748
max3d_pro,00536,third,Giải Ba,2,133
max3d_pro,00536,third,Giải Ba,3,880
max3d_pro,00536,third,Giải Ba,4,550
max3d_pro,00536,third,Giải Ba,5,873
max3d_pro,00536,third,Giải Ba,6,961
max3d_pro,00536,third,Giải Ba,7,035
max3d_pro,00536,third,Giải Ba,8,719
max3d_pro,00537,special,Giải Đặc biệt,1,095
max3d_pro,00537,special,Giải Đặc biệt,2,644
max3d_pro,00537,first,Giải Nhất,1,138
max3d_pro,00537,first,Giải Nhất,2,657
max3d_pro,00537,first,Giải Nhất,3,600
max3d_pro,00537,first,Giải Nhất,4,903
max3d_pro,00537,second,Giải Nhì,1,192
max3d_pro,00537,second,Giải Nhì,2,347
max3d_pro,00537,second,Giải Nhì,3,279
max3d_pro,00537,second,Giải Nhì,4,320
max3d_pro,00537,second,Giải Nhì,5,431
max3d_pro,00537,second,Giải Nhì,6,380
max3d_pro,00537,third,Giải Ba,1,718
max3d_pro,00537,third,Giải Ba,2,553
max3d_pro,00537,third,Giải Ba,3,066
max3d_pro,00537,third,Giải Ba,4,716
max3d_pro,00537,third,Giải Ba,5,625
max3d_pro,00537,third,Giải Ba,6,479
max3d_pro,00537,third,Giải Ba,7,371
max3d_pro,00537,third,Giải Ba,8,978
max3d_pro,00538,special,Giải Đặc biệt,1,411
max3d_pro,00538,special,Giải Đặc biệt,2,097
max3d_pro,00538,first,Giải Nhất,1,945
max3d_pro,00538,first,Giải Nhất,2,634
max3d_pro,00538,first,Giải Nhất,3,635
max3d_pro,00538,first,Giải Nhất,4,041
max3d_pro,00538,second,Giải Nhì,1,500
max3d_pro,00538,second,Giải Nhì,2,499
max3d_pro,00538,second,Giải Nhì,3,135
max3d_pro,00538,second,Giải Nhì,4,397
max3d_pro,00538,second,Giải Nhì,5,184
max3d_pro,00538,second,Giải Nhì,6,691
max3d_pro,00538,third,Giải Ba,1,766
max3d_pro,00538,third,Giải Ba,2,661
max3d_pro,00538,third,Giải Ba,3,843
max3d_pro,00538,third,Giải Ba,4,692
max3d_pro,00538,third,Giải Ba,5,904
max3d_pro,00538,third,Giải Ba,6,046
max3d_pro,00538,third,Giải Ba,7,485
max3d_pro,00538,third,Giải Ba,8,217
max3d_pro,00539,special,Giải Đặc biệt,1,533
max3d_pro,00539,special,Giải Đặc biệt,2,021
max3d_pro,00539,first,Giải Nhất,1,185
max3d_pro,00539,first,Giải Nhất,2,867
max3d_pro,00539,first,Giải Nhất,3,222
max3d_pro,00539,first,Giải Nhất,4,407
max3d_pro,00539,second,Giải Nhì,1,260
max3d_pro,00539,second,Giải Nhì,2,002
max3d_pro,00539,second,Giải Nhì,3,178
max3d_pro,00539,second,Giải Nhì,4,378
max3d_pro,00539,second,Giải Nhì,5,685
max3d_pro,00539,second,Giải Nhì,6,807
max3d_pro,00539,third,Giải Ba,1,029
max3d_pro,00539,third,Giải Ba,2,787
max3d_pro,00539,third,Giải Ba,3,854
max3d_pro,00539,third,Giải Ba,4,566
max3d_pro,00539,third,Giải Ba,5,486
max3d_pro,00539,third,Giải Ba,6,537
max3d_pro,00539,third,Giải Ba,7,156
max3d_pro,00539,third,Giải Ba,8,162
max3d_pro,00540,special,Giải Đặc biệt,1,587
max3d_pro,00540,special,Giải Đặc biệt,2,463
max3d_pro,00540,first,Giải Nhất,1,017
max3d_pro,00540,first,Giải Nhất,2,951
max3d_pro,00540,first,Giải Nhất,3,397
max3d_pro,00540,first,Giải Nhất,4,016
max3d_pro,00540,second,Giải Nhì,1,250
max3d_pro,00540,second,Giải Nhì,2,256
max3d_pro,00540,second,Giải Nhì,3,107
max3d_pro,00540,second,Giải Nhì,4,604
max3d_pro,00540,second,Giải Nhì,5,131
max3d_pro,00540,second,Giải Nhì,6,425
max3d_pro,00540,third,Giải Ba,1,841
max3d_pro,00540,third,Giải Ba,2,386
max3d_pro,00540,third,Giải Ba,3,877
max3d_pro,00540,third,Giải Ba,4,299
max3d_pro,00540,third,Giải Ba,5,140
max3d_pro,00540,third,Giải Ba,6,873
max3d_pro,00540,third,Giải Ba,7,865
max3d_pro,00540,third,Giải Ba,8,523
max3d_pro,00541,special,Giải Đặc biệt,1,857
max3d_pro,00541,special,Giải Đặc biệt,2,909
max3d_pro,00541,first,Giải Nhất,1,952
max3d_pro,00541,first,Giải Nhất,2,547
max3d_pro,00541,first,Giải Nhất,3,997
max3d_pro,00541,first,Giải Nhất,4,656
max3d_pro,00541,second,Giải Nhì,1,520
max3d_pro,00541,second,Giải Nhì,2,659
max3d_pro,00541,second,Giải Nhì,3,569
max3d_pro,00541,second,Giải Nhì,4,086
max3d_pro,00541,second,Giải Nhì,5,369
max3d_pro,00541,second,Giải Nhì,6,541
max3d_pro,00541,third,Giải Ba,1,775
max3d_pro,00541,third,Giải Ba,2,215
max3d_pro,00541,third,Giải Ba,3,968
max3d_pro,00541,third,Giải Ba,4,297
max3d_pro,00541,third,Giải Ba,5,786
max3d_pro,00541,third,Giải Ba,6,185
max3d_pro,00541,third,Giải Ba,7,550
max3d_pro,00541,third,Giải Ba,8,427
max3d_pro,00542,special,Giải Đặc biệt,1,734
max3d_pro,00542,special,Giải Đặc biệt,2,374
max3d_pro,00542,first,Giải Nhất,1,086
max3d_pro,00542,first,Giải Nhất,2,626
max3d_pro,00542,first,Giải Nhất,3,429
max3d_pro,00542,first,Giải Nhất,4,092
max3d_pro,00542,second,Giải Nhì,1,013
max3d_pro,00542,second,Giải Nhì,2,704
max3d_pro,00542,second,Giải Nhì,3,845
max3d_pro,00542,second,Giải Nhì,4,029
max3d_pro,00542,second,Giải Nhì,5,995
max3d_pro,00542,second,Giải Nhì,6,816
max3d_pro,00542,third,Giải Ba,1,018
max3d_pro,00542,third,Giải Ba,2,393
max3d_pro,00542,third,Giải Ba,3,765
max3d_pro,00542,third,Giải Ba,4,298
max3d_pro,00542,third,Giải Ba,5,723
max3d_pro,00542,third,Giải Ba,6,875
max3d_pro,00542,third,Giải Ba,7,165
max3d_pro,00542,third,Giải Ba,8,552
max3d_pro,00543,special,Giải Đặc biệt,1,616
max3d_pro,00543,special,Giải Đặc biệt,2,760
max3d_pro,00543,first,Giải Nhất,1,149
max3d_pro,00543,first,Giải Nhất,2,337
max3d_pro,00543,first,Giải Nhất,3,237
max3d_pro,00543,first,Giải Nhất,4,885
max3d_pro,00543,second,Giải Nhì,1,785
max3d_pro,00543,second,Giải Nhì,2,286
max3d_pro,00543,second,Giải Nhì,3,568
max3d_pro,00543,second,Giải Nhì,4,211
max3d_pro,00543,second,Giải Nhì,5,186
max3d_pro,00543,second,Giải Nhì,6,911
max3d_pro,00543,third,Giải Ba,1,702
max3d_pro,00543,third,Giải Ba,2,471
max3d_pro,00543,third,Giải Ba,3,015
max3d_pro,00543,third,Giải Ba,4,961
max3d_pro,00543,third,Giải Ba,5,768
max3d_pro,00543,third,Giải Ba,6,065
max3d_pro,00543,third,Giải Ba,7,409
max3d_pro,00543,third,Giải Ba,8,820
max3d_pro,00544,special,Giải Đặc biệt,1,767
max3d_pro,00544,special,Giải Đặc biệt,2,273
max3d_pro,00544,first,Giải Nhất,1,376
max3d_pro,00544,first,Giải Nhất,2,961
max3d_pro,00544,first,Giải Nhất,3,951
max3d_pro,00544,first,Giải Nhất,4,069
max3d_pro,00544,second,Giải Nhì,1,840
max3d_pro,00544,second,Giải Nhì,2,048
max3d_pro,00544,second,Giải Nhì,3,661
max3d_pro,00544,second,Giải Nhì,4,820
max3d_pro,00544,second,Giải Nhì,5,894
max3d_pro,00544,second,Giải Nhì,6,143
max3d_pro,00544,third,Giải Ba,1,910
max3d_pro,00544,third,Giải Ba,2,690
max3d_pro,00544,third,Giải Ba,3,823
max3d_pro,00544,third,Giải Ba,4,720
max3d_pro,00544,third,Giải Ba,5,633
max3d_pro,00544,third,Giải Ba,6,384
max3d_pro,00544,third,Giải Ba,7,309
max3d_pro,00544,third,Giải Ba,8,696
max3d_pro,00545,special,Giải Đặc biệt,1,713
max3d_pro,00545,special,Giải Đặc biệt,2,199
max3d_pro,00545,first,Giải Nhất,1,249
max3d_pro,00545,first,Giải Nhất,2,881
max3d_pro,00545,first,Giải Nhất,3,149
max3d_pro,00545,first,Giải Nhất,4,538
max3d_pro,00545,second,Giải Nhì,1,671
max3d_pro,00545,second,Giải Nhì,2,056
max3d_pro,00545,second,Giải Nhì,3,948
max3d_pro,00545,second,Giải Nhì,4,607
max3d_pro,00545,second,Giải Nhì,5,064
max3d_pro,00545,second,Giải Nhì,6,838
max3d_pro,00545,third,Giải Ba,1,675
max3d_pro,00545,third,Giải Ba,2,721
max3d_pro,00545,third,Giải Ba,3,207
max3d_pro,00545,third,Giải Ba,4,409
max3d_pro,00545,third,Giải Ba,5,181
max3d_pro,00545,third,Giải Ba,6,561
max3d_pro,00545,third,Giải Ba,7,622
max3d_pro,00545,third,Giải Ba,8,703
max3d_pro,00546,special,Giải Đặc biệt,1,381
max3d_pro,00546,special,Giải Đặc biệt,2,351
max3d_pro,00546,first,Giải Nhất,1,914
max3d_pro,00546,first,Giải Nhất,2,726
max3d_pro,00546,first,Giải Nhất,3,946
max3d_pro,00546,first,Giải Nhất,4,722
max3d_pro,00546,second,Giải Nhì,1,181
max3d_pro,00546,second,Giải Nhì,2,605
max3d_pro,00546,second,Giải Nhì,3,775
max3d_pro,00546,second,Giải Nhì,4,435
max3d_pro,00546,second,Giải Nhì,5,431
max3d_pro,00546,second,Giải Nhì,6,569
max3d_pro,00546,third,Giải Ba,1,833
max3d_pro,00546,third,Giải Ba,2,366
max3d_pro,00546,third,Giải Ba,3,627
max3d_pro,00546,third,Giải Ba,4,556
max3d_pro,00546,third,Giải Ba,5,051
max3d_pro,00546,third,Giải Ba,6,767
max3d_pro,00546,third,Giải Ba,7,392
max3d_pro,00546,third,Giải Ba,8,286
max3d_pro,00547,special,Giải Đặc biệt,1,905
max3d_pro,00547,special,Giải Đặc biệt,2,199
max3d_pro,00547,first,Giải Nhất,1,848
max3d_pro,00547,first,Giải Nhất,2,972
max3d_pro,00547,first,Giải Nhất,3,563
max3d_pro,00547,first,Giải Nhất,4,764
max3d_pro,00547,second,Giải Nhì,1,932
max3d_pro,00547,second,Giải Nhì,2,192
max3d_pro,00547,second,Giải Nhì,3,946
max3d_pro,00547,second,Giải Nhì,4,461
max3d_pro,00547,second,Giải Nhì,5,445
max3d_pro,00547,second,Giải Nhì,6,249
max3d_pro,00547,third,Giải Ba,1,098
max3d_pro,00547,third,Giải Ba,2,566
max3d_pro,00547,third,Giải Ba,3,652
max3d_pro,00547,third,Giải Ba,4,458
max3d_pro,00547,third,Giải Ba,5,629
max3d_pro,00547,third,Giải Ba,6,529
max3d_pro,00547,third,Giải Ba,7,047
max3d_pro,00547,third,Giải Ba,8,248
max3d_pro,00548,special,Giải Đặc biệt,1,317
max3d_pro,00548,special,Giải Đặc biệt,2,299
max3d_pro,00548,first,Giải Nhất,1,375
max3d_pro,00548,first,Giải Nhất,2,484
max3d_pro,00548,first,Giải Nhất,3,109
max3d_pro,00548,first,Giải Nhất,4,385
max3d_pro,00548,second,Giải Nhì,1,195
max3d_pro,00548,second,Giải Nhì,2,237
max3d_pro,00548,second,Giải Nhì,3,905
max3d_pro,00548,second,Giải Nhì,4,978
max3d_pro,00548,second,Giải Nhì,5,545
max3d_pro,00548,second,Giải Nhì,6,184
max3d_pro,00548,third,Giải Ba,1,074
max3d_pro,00548,third,Giải Ba,2,723
max3d_pro,00548,third,Giải Ba,3,541
max3d_pro,00548,third,Giải Ba,4,595
max3d_pro,00548,third,Giải Ba,5,624
max3d_pro,00548,third,Giải Ba,6,079
max3d_pro,00548,third,Giải Ba,7,453
max3d_pro,00548,third,Giải Ba,8,190
max3d_pro,00549,special,Giải Đặc biệt,1,368
max3d_pro,00549,special,Giải Đặc biệt,2,953
max3d_pro,00549,first,Giải Nhất,1,274
max3d_pro,00549,first,Giải Nhất,2,994
max3d_pro,00549,first,Giải Nhất,3,346
max3d_pro,00549,first,Giải Nhất,4,538
max3d_pro,00549,second,Giải Nhì,1,756
max3d_pro,00549,second,Giải Nhì,2,213
max3d_pro,00549,second,Giải Nhì,3,870
max3d_pro,00549,second,Giải Nhì,4,142
max3d_pro,00549,second,Giải Nhì,5,778
max3d_pro,00549,second,Giải Nhì,6,336
max3d_pro,00549,third,Giải Ba,1,983
max3d_pro,00549,third,Giải Ba,2,559
max3d_pro,00549,third,Giải Ba,3,777
max3d_pro,00549,third,Giải Ba,4,876
max3d_pro,00549,third,Giải Ba,5,497
max3d_pro,00549,third,Giải Ba,6,517
max3d_pro,00549,third,Giải Ba,7,701
max3d_pro,00549,third,Giải Ba,8,760
max3d_pro,00550,special,Giải Đặc biệt,1,478
max3d_pro,00550,special,Giải Đặc biệt,2,290
max3d_pro,00550,first,Giải Nhất,1,104
max3d_pro,00550,first,Giải Nhất,2,475
max3d_pro,00550,first,Giải Nhất,3,755
max3d_pro,00550,first,Giải Nhất,4,639
max3d_pro,00550,second,Giải Nhì,1,012
max3d_pro,00550,second,Giải Nhì,2,252
max3d_pro,00550,second,Giải Nhì,3,162
max3d_pro,00550,second,Giải Nhì,4,338
max3d_pro,00550,second,Giải Nhì,5,518
max3d_pro,00550,second,Giải Nhì,6,409
max3d_pro,00550,third,Giải Ba,1,969
max3d_pro,00550,third,Giải Ba,2,837
max3d_pro,00550,third,Giải Ba,3,439
max3d_pro,00550,third,Giải Ba,4,264
max3d_pro,00550,third,Giải Ba,5,363
max3d_pro,00550,third,Giải Ba,6,821
max3d_pro,00550,third,Giải Ba,7,160
max3d_pro,00550,third,Giải Ba,8,013
max3d_pro,00551,special,Giải Đặc biệt,1,623
max3d_pro,00551,special,Giải Đặc biệt,2,795
max3d_pro,00551,first,Giải Nhất,1,820
max3d_pro,00551,first,Giải Nhất,2,863
max3d_pro,00551,first,Giải Nhất,3,830
max3d_pro,00551,first,Giải Nhất,4,887
max3d_pro,00551,second,Giải Nhì,1,888
max3d_pro,00551,second,Giải Nhì,2,993
max3d_pro,00551,second,Giải Nhì,3,006
max3d_pro,00551,second,Giải Nhì,4,280
max3d_pro,00551,second,Giải Nhì,5,487
max3d_pro,00551,second,Giải Nhì,6,582
max3d_pro,00551,third,Giải Ba,1,096
max3d_pro,00551,third,Giải Ba,2,824
max3d_pro,00551,third,Giải Ba,3,901
max3d_pro,00551,third,Giải Ba,4,979
max3d_pro,00551,third,Giải Ba,5,523
max3d_pro,00551,third,Giải Ba,6,866
max3d_pro,00551,third,Giải Ba,7,350
max3d_pro,00551,third,Giải Ba,8,672
max3d_pro,00552,special,Giải Đặc biệt,1,658
max3d_pro,00552,special,Giải Đặc biệt,2,163
max3d_pro,00552,first,Giải Nhất,1,292
max3d_pro,00552,first,Giải Nhất,2,438
max3d_pro,00552,first,Giải Nhất,3,035
max3d_pro,00552,first,Giải Nhất,4,420
max3d_pro,00552,second,Giải Nhì,1,594
max3d_pro,00552,second,Giải Nhì,2,455
max3d_pro,00552,second,Giải Nhì,3,179
max3d_pro,00552,second,Giải Nhì,4,238
max3d_pro,00552,second,Giải Nhì,5,465
max3d_pro,00552,second,Giải Nhì,6,184
max3d_pro,00552,third,Giải Ba,1,066
max3d_pro,00552,third,Giải Ba,2,617
max3d_pro,00552,third,Giải Ba,3,228
max3d_pro,00552,third,Giải Ba,4,641
max3d_pro,00552,third,Giải Ba,5,131
max3d_pro,00552,third,Giải Ba,6,986
max3d_pro,00552,third,Giải Ba,7,945
max3d_pro,00552,third,Giải Ba,8,012
max3d_pro,00553,special,Giải Đặc biệt,1,328
max3d_pro,00553,special,Giải Đặc biệt,2,125
max3d_pro,00553,first,Giải Nhất,1,575
max3d_pro,00553,first,Giải Nhất,2,155
max3d_pro,00553,first,Giải Nhất,3,072
max3d_pro,00553,first,Giải Nhất,4,549
max3d_pro,00553,second,Giải Nhì,1,711
max3d_pro,00553,second,Giải Nhì,2,622
max3d_pro,00553,second,Giải Nhì,3,081
max3d_pro,00553,second,Giải Nhì,4,914
max3d_pro,00553,second,Giải Nhì,5,602
max3d_pro,00553,second,Giải Nhì,6,697
max3d_pro,00553,third,Giải Ba,1,147
max3d_pro,00553,third,Giải Ba,2,161
max3d_pro,00553,third,Giải Ba,3,813
max3d_pro,00553,third,Giải Ba,4,103
max3d_pro,00553,third,Giải Ba,5,257
max3d_pro,00553,third,Giải Ba,6,292
max3d_pro,00553,third,Giải Ba,7,031
max3d_pro,00553,third,Giải Ba,8,266
max3d_pro,00554,special,Giải Đặc biệt,1,889
max3d_pro,00554,special,Giải Đặc biệt,2,734
max3d_pro,00554,first,Giải Nhất,1,104
max3d_pro,00554,first,Giải Nhất,2,045
max3d_pro,00554,first,Giải Nhất,3,515
max3d_pro,00554,first,Giải Nhất,4,526
max3d_pro,00554,second,Giải Nhì,1,047
max3d_pro,00554,second,Giải Nhì,2,790
max3d_pro,00554,second,Giải Nhì,3,332
max3d_pro,00554,second,Giải Nhì,4,559
max3d_pro,00554,second,Giải Nhì,5,895
max3d_pro,00554,second,Giải Nhì,6,975
max3d_pro,00554,third,Giải Ba,1,784
max3d_pro,00554,third,Giải Ba,2,213
max3d_pro,00554,third,Giải Ba,3,768
max3d_pro,00554,third,Giải Ba,4,259
max3d_pro,00554,third,Giải Ba,5,674
max3d_pro,00554,third,Giải Ba,6,761
max3d_pro,00554,third,Giải Ba,7,769
max3d_pro,00554,third,Giải Ba,8,696
max3d_pro,00555,special,Giải Đặc biệt,1,784
max3d_pro,00555,special,Giải Đặc biệt,2,978
max3d_pro,00555,first,Giải Nhất,1,573
max3d_pro,00555,first,Giải Nhất,2,189
max3d_pro,00555,first,Giải Nhất,3,262
max3d_pro,00555,first,Giải Nhất,4,752
max3d_pro,00555,second,Giải Nhì,1,459
max3d_pro,00555,second,Giải Nhì,2,681
max3d_pro,00555,second,Giải Nhì,3,341
max3d_pro,00555,second,Giải Nhì,4,653
max3d_pro,00555,second,Giải Nhì,5,908
max3d_pro,00555,second,Giải Nhì,6,158
max3d_pro,00555,third,Giải Ba,1,976
max3d_pro,00555,third,Giải Ba,2,728
max3d_pro,00555,third,Giải Ba,3,622
max3d_pro,00555,third,Giải Ba,4,113
max3d_pro,00555,third,Giải Ba,5,212
max3d_pro,00555,third,Giải Ba,6,950
max3d_pro,00555,third,Giải Ba,7,511
max3d_pro,00555,third,Giải Ba,8,987
max3d_pro,00556,special,Giải Đặc biệt,1,523
max3d_pro,00556,special,Giải Đặc biệt,2,567
max3d_pro,00556,first,Giải Nhất,1,944
max3d_pro,00556,first,Giải Nhất,2,812
max3d_pro,00556,first,Giải Nhất,3,600
max3d_pro,00556,first,Giải Nhất,4,388
max3d_pro,00556,second,Giải Nhì,1,524
max3d_pro,00556,second,Giải Nhì,2,881
max3d_pro,00556,second,Giải Nhì,3,140
max3d_pro,00556,second,Giải Nhì,4,983
max3d_pro,00556,second,Giải Nhì,5,201
max3d_pro,00556,second,Giải Nhì,6,418
max3d_pro,00556,third,Giải Ba,1,989
max3d_pro,00556,third,Giải Ba,2,873
max3d_pro,00556,third,Giải Ba,3,900
max3d_pro,00556,third,Giải Ba,4,441
max3d_pro,00556,third,Giải Ba,5,156
max3d_pro,00556,third,Giải Ba,6,685
max3d_pro,00556,third,Giải Ba,7,520
max3d_pro,00556,third,Giải Ba,8,658
max3d_pro,00557,special,Giải Đặc biệt,1,763
max3d_pro,00557,special,Giải Đặc biệt,2,891
max3d_pro,00557,first,Giải Nhất,1,322
max3d_pro,00557,first,Giải Nhất,2,245
max3d_pro,00557,first,Giải Nhất,3,880
max3d_pro,00557,first,Giải Nhất,4,107
max3d_pro,00557,second,Giải Nhì,1,552
max3d_pro,00557,second,Giải Nhì,2,160
max3d_pro,00557,second,Giải Nhì,3,702
max3d_pro,00557,second,Giải Nhì,4,164
max3d_pro,00557,second,Giải Nhì,5,173
max3d_pro,00557,second,Giải Nhì,6,027
max3d_pro,00557,third,Giải Ba,1,957
max3d_pro,00557,third,Giải Ba,2,216
max3d_pro,00557,third,Giải Ba,3,866
max3d_pro,00557,third,Giải Ba,4,937
max3d_pro,00557,third,Giải Ba,5,197
max3d_pro,00557,third,Giải Ba,6,021
max3d_pro,00557,third,Giải Ba,7,593
max3d_pro,00557,third,Giải Ba,8,896
max3d_pro,00558,special,Giải Đặc biệt,1,147
max3d_pro,00558,special,Giải Đặc biệt,2,971
max3d_pro,00558,first,Giải Nhất,1,109
max3d_pro,00558,first,Giải Nhất,2,250
max3d_pro,00558,first,Giải Nhất,3,185
max3d_pro,00558,first,Giải Nhất,4,707
max3d_pro,00558,second,Giải Nhì,1,609
max3d_pro,00558,second,Giải Nhì,2,131
max3d_pro,00558,second,Giải Nhì,3,063
max3d_pro,00558,second,Giải Nhì,4,422
max3d_pro,00558,second,Giải Nhì,5,416
max3d_pro,00558,second,Giải Nhì,6,729
max3d_pro,00558,third,Giải Ba,1,842
max3d_pro,00558,third,Giải Ba,2,235
max3d_pro,00558,third,Giải Ba,3,219
max3d_pro,00558,third,Giải Ba,4,291
max3d_pro,00558,third,Giải Ba,5,751
max3d_pro,00558,third,Giải Ba,6,455
max3d_pro,00558,third,Giải Ba,7,444
max3d_pro,00558,third,Giải Ba,8,202
max3d_pro,00559,special,Giải Đặc biệt,1,502
max3d_pro,00559,special,Giải Đặc biệt,2,420
max3d_pro,00559,first,Giải Nhất,1,873
max3d_pro,00559,first,Giải Nhất,2,722
max3d_pro,00559,first,Giải Nhất,3,864
max3d_pro,00559,first,Giải Nhất,4,269
max3d_pro,00559,second,Giải Nhì,1,543
max3d_pro,00559,second,Giải Nhì,2,766
max3d_pro,00559,second,Giải Nhì,3,309
max3d_pro,00559,second,Giải Nhì,4,938
max3d_pro,00559,second,Giải Nhì,5,515
max3d_pro,00559,second,Giải Nhì,6,801
max3d_pro,00559,third,Giải Ba,1,990
max3d_pro,00559,third,Giải Ba,2,319
max3d_pro,00559,third,Giải Ba,3,169
max3d_pro,00559,third,Giải Ba,4,380
max3d_pro,00559,third,Giải Ba,5,648
max3d_pro,00559,third,Giải Ba,6,394
max3d_pro,00559,third,Giải Ba,7,396
max3d_pro,00559,third,Giải Ba,8,146
max3d_pro,00560,special,Giải Đặc biệt,1,388
max3d_pro,00560,special,Giải Đặc biệt,2,943
max3d_pro,00560,first,Giải Nhất,1,055
max3d_pro,00560,first,Giải Nhất,2,223
max3d_pro,00560,first,Giải Nhất,3,268
max3d_pro,00560,first,Giải Nhất,4,792
max3d_pro,00560,second,Giải Nhì,1,928
max3d_pro,00560,second,Giải Nhì,2,306
max3d_pro,00560,second,Giải Nhì,3,689
max3d_pro,00560,second,Giải Nhì,4,955
max3d_pro,00560,second,Giải Nhì,5,958
max3d_pro,00560,second,Giải Nhì,6,419
max3d_pro,00560,third,Giải Ba,1,996
max3d_pro,00560,third,Giải Ba,2,308
max3d_pro,00560,third,Giải Ba,3,283
max3d_pro,00560,third,Giải Ba,4,811
max3d_pro,00560,third,Giải Ba,5,584
max3d_pro,00560,third,Giải Ba,6,328
max3d_pro,00560,third,Giải Ba,7,297
max3d_pro,00560,third,Giải Ba,8,810
max3d_pro,00561,special,Giải Đặc biệt,1,933
max3d_pro,00561,special,Giải Đặc biệt,2,940
max3d_pro,00561,first,Giải Nhất,1,349
max3d_pro,00561,first,Giải Nhất,2,332
max3d_pro,00561,first,Giải Nhất,3,475
max3d_pro,00561,first,Giải Nhất,4,074
max3d_pro,00561,second,Giải Nhì,1,805
max3d_pro,00561,second,Giải Nhì,2,210
max3d_pro,00561,second,Giải Nhì,3,858
max3d_pro,00561,second,Giải Nhì,4,488
max3d_pro,00561,second,Giải Nhì,5,218
max3d_pro,00561,second,Giải Nhì,6,721
max3d_pro,00561,third,Giải Ba,1,820
max3d_pro,00561,third,Giải Ba,2,536
max3d_pro,00561,third,Giải Ba,3,082
max3d_pro,00561,third,Giải Ba,4,608
max3d_pro,00561,third,Giải Ba,5,010
max3d_pro,00561,third,Giải Ba,6,065
max3d_pro,00561,third,Giải Ba,7,487
max3d_pro,00561,third,Giải Ba,8,568
max3d_pro,00562,special,Giải Đặc biệt,1,385
max3d_pro,00562,special,Giải Đặc biệt,2,892
max3d_pro,00562,first,Giải Nhất,1,240
max3d_pro,00562,first,Giải Nhất,2,929
max3d_pro,00562,first,Giải Nhất,3,230
max3d_pro,00562,first,Giải Nhất,4,775
max3d_pro,00562,second,Giải Nhì,1,442
max3d_pro,00562,second,Giải Nhì,2,438
max3d_pro,00562,second,Giải Nhì,3,122
max3d_pro,00562,second,Giải Nhì,4,510
max3d_pro,00562,second,Giải Nhì,5,243
max3d_pro,00562,second,Giải Nhì,6,239
max3d_pro,00562,third,Giải Ba,1,853
max3d_pro,00562,third,Giải Ba,2,200
max3d_pro,00562,third,Giải Ba,3,617
max3d_pro,00562,third,Giải Ba,4,144
max3d_pro,00562,third,Giải Ba,5,929
max3d_pro,00562,third,Giải Ba,6,079
max3d_pro,00562,third,Giải Ba,7,019
max3d_pro,00562,third,Giải Ba,8,449
max3d_pro,00563,special,Giải Đặc biệt,1,864
max3d_pro,00563,special,Giải Đặc biệt,2,803
max3d_pro,00563,first,Giải Nhất,1,467
max3d_pro,00563,first,Giải Nhất,2,629
max3d_pro,00563,first,Giải Nhất,3,186
max3d_pro,00563,first,Giải Nhất,4,592
max3d_pro,00563,second,Giải Nhì,1,068
max3d_pro,00563,second,Giải Nhì,2,868
max3d_pro,00563,second,Giải Nhì,3,307
max3d_pro,00563,second,Giải Nhì,4,703
max3d_pro,00563,second,Giải Nhì,5,459
max3d_pro,00563,second,Giải Nhì,6,160
max3d_pro,00563,third,Giải Ba,1,863
max3d_pro,00563,third,Giải Ba,2,881
max3d_pro,00563,third,Giải Ba,3,656
max3d_pro,00563,third,Giải Ba,4,633
max3d_pro,00563,third,Giải Ba,5,952
max3d_pro,00563,third,Giải Ba,6,607
max3d_pro,00563,third,Giải Ba,7,001
max3d_pro,00563,third,Giải Ba,8,035
max3d_pro,00564,special,Giải Đặc biệt,1,104
max3d_pro,00564,special,Giải Đặc biệt,2,912
max3d_pro,00564,first,Giải Nhất,1,365
max3d_pro,00564,first,Giải Nhất,2,982
max3d_pro,00564,first,Giải Nhất,3,422
max3d_pro,00564,first,Giải Nhất,4,401
max3d_pro,00564,second,Giải Nhì,1,636
max3d_pro,00564,second,Giải Nhì,2,813
max3d_pro,00564,second,Giải Nhì,3,322
max3d_pro,00564,second,Giải Nhì,4,761
max3d_pro,00564,second,Giải Nhì,5,395
max3d_pro,00564,second,Giải Nhì,6,069
max3d_pro,00564,third,Giải Ba,1,912
max3d_pro,00564,third,Giải Ba,2,904
max3d_pro,00564,third,Giải Ba,3,381
max3d_pro,00564,third,Giải Ba,4,092
max3d_pro,00564,third,Giải Ba,5,744
max3d_pro,00564,third,Giải Ba,6,787
max3d_pro,00564,third,Giải Ba,7,847
max3d_pro,00564,third,Giải Ba,8,794
max3d_pro,00565,special,Giải Đặc biệt,1,353
max3d_pro,00565,special,Giải Đặc biệt,2,518
max3d_pro,00565,first,Giải Nhất,1,631
max3d_pro,00565,first,Giải Nhất,2,881
max3d_pro,00565,first,Giải Nhất,3,910
max3d_pro,00565,first,Giải Nhất,4,810
max3d_pro,00565,second,Giải Nhì,1,311
max3d_pro,00565,second,Giải Nhì,2,015
max3d_pro,00565,second,Giải Nhì,3,220
max3d_pro,00565,second,Giải Nhì,4,057
max3d_pro,00565,second,Giải Nhì,5,168
max3d_pro,00565,second,Giải Nhì,6,494
max3d_pro,00565,third,Giải Ba,1,503
max3d_pro,00565,third,Giải Ba,2,472
max3d_pro,00565,third,Giải Ba,3,514
max3d_pro,00565,third,Giải Ba,4,065
max3d_pro,00565,third,Giải Ba,5,159
max3d_pro,00565,third,Giải Ba,6,083
max3d_pro,00565,third,Giải Ba,7,907
max3d_pro,00565,third,Giải Ba,8,303
max3d_pro,00566,special,Giải Đặc biệt,1,992
max3d_pro,00566,special,Giải Đặc biệt,2,357
max3d_pro,00566,first,Giải Nhất,1,551
max3d_pro,00566,first,Giải Nhất,2,628
max3d_pro,00566,first,Giải Nhất,3,963
max3d_pro,00566,first,Giải Nhất,4,204
max3d_pro,00566,second,Giải Nhì,1,424
max3d_pro,00566,second,Giải Nhì,2,719
max3d_pro,00566,second,Giải Nhì,3,764
max3d_pro,00566,second,Giải Nhì,4,486
max3d_pro,00566,second,Giải Nhì,5,358
max3d_pro,00566,second,Giải Nhì,6,294
max3d_pro,00566,third,Giải Ba,1,114
max3d_pro,00566,third,Giải Ba,2,717
max3d_pro,00566,third,Giải Ba,3,096
max3d_pro,00566,third,Giải Ba,4,608
max3d_pro,00566,third,Giải Ba,5,616
max3d_pro,00566,third,Giải Ba,6,290
max3d_pro,00566,third,Giải Ba,7,209
max3d_pro,00566,third,Giải Ba,8,908
max3d_pro,00567,special,Giải Đặc biệt,1,399
max3d_pro,00567,special,Giải Đặc biệt,2,687
max3d_pro,00567,first,Giải Nhất,1,149
max3d_pro,00567,first,Giải Nhất,2,265
max3d_pro,00567,first,Giải Nhất,3,792
max3d_pro,00567,first,Giải Nhất,4,208
max3d_pro,00567,second,Giải Nhì,1,961
max3d_pro,00567,second,Giải Nhì,2,281
max3d_pro,00567,second,Giải Nhì,3,271
max3d_pro,00567,second,Giải Nhì,4,722
max3d_pro,00567,second,Giải Nhì,5,792
max3d_pro,00567,second,Giải Nhì,6,167
max3d_pro,00567,third,Giải Ba,1,008
max3d_pro,00567,third,Giải Ba,2,554
max3d_pro,00567,third,Giải Ba,3,474
max3d_pro,00567,third,Giải Ba,4,143
max3d_pro,00567,third,Giải Ba,5,169
max3d_pro,00567,third,Giải Ba,6,078
max3d_pro,00567,third,Giải Ba,7,622
max3d_pro,00567,third,Giải Ba,8,650
max3d_pro,00568,special,Giải Đặc biệt,1,806
max3d_pro,00568,special,Giải Đặc biệt,2,333
max3d_pro,00568,first,Giải Nhất,1,767
max3d_pro,00568,first,Giải Nhất,2,372
max3d_pro,00568,first,Giải Nhất,3,072
max3d_pro,00568,first,Giải Nhất,4,411
max3d_pro,00568,second,Giải Nhì,1,781
max3d_pro,00568,second,Giải Nhì,2,199
max3d_pro,00568,second,Giải Nhì,3,319
max3d_pro,00568,second,Giải Nhì,4,705
max3d_pro,00568,second,Giải Nhì,5,275
max3d_pro,00568,second,Giải Nhì,6,125
max3d_pro,00568,third,Giải Ba,1,012
max3d_pro,00568,third,Giải Ba,2,909
max3d_pro,00568,third,Giải Ba,3,201
max3d_pro,00568,third,Giải Ba,4,253
max3d_pro,00568,third,Giải Ba,5,574
max3d_pro,00568,third,Giải Ba,6,331
max3d_pro,00568,third,Giải Ba,7,665
max3d_pro,00568,third,Giải Ba,8,201
max3d_pro,00569,special,Giải Đặc biệt,1,679
max3d_pro,00569,special,Giải Đặc biệt,2,308
max3d_pro,00569,first,Giải Nhất,1,555
max3d_pro,00569,first,Giải Nhất,2,936
max3d_pro,00569,first,Giải Nhất,3,190
max3d_pro,00569,first,Giải Nhất,4,321
max3d_pro,00569,second,Giải Nhì,1,063
max3d_pro,00569,second,Giải Nhì,2,688
max3d_pro,00569,second,Giải Nhì,3,724
max3d_pro,00569,second,Giải Nhì,4,058
max3d_pro,00569,second,Giải Nhì,5,720
max3d_pro,00569,second,Giải Nhì,6,592
max3d_pro,00569,third,Giải Ba,1,891
max3d_pro,00569,third,Giải Ba,2,910
max3d_pro,00569,third,Giải Ba,3,363
max3d_pro,00569,third,Giải Ba,4,732
max3d_pro,00569,third,Giải Ba,5,732
max3d_pro,00569,third,Giải Ba,6,773
max3d_pro,00569,third,Giải Ba,7,736
max3d_pro,00569,third,Giải Ba,8,114
max3d_pro,00570,special,Giải Đặc biệt,1,631
max3d_pro,00570,special,Giải Đặc biệt,2,952
max3d_pro,00570,first,Giải Nhất,1,480
max3d_pro,00570,first,Giải Nhất,2,506
max3d_pro,00570,first,Giải Nhất,3,548
max3d_pro,00570,first,Giải Nhất,4,004
max3d_pro,00570,second,Giải Nhì,1,682
max3d_pro,00570,second,Giải Nhì,2,421
max3d_pro,00570,second,Giải Nhì,3,447
max3d_pro,00570,second,Giải Nhì,4,005
max3d_pro,00570,second,Giải Nhì,5,529
max3d_pro,00570,second,Giải Nhì,6,150
max3d_pro,00570,third,Giải Ba,1,960
max3d_pro,00570,third,Giải Ba,2,992
max3d_pro,00570,third,Giải Ba,3,373
max3d_pro,00570,third,Giải Ba,4,001
max3d_pro,00570,third,Giải Ba,5,134
max3d_pro,00570,third,Giải Ba,6,777
max3d_pro,00570,third,Giải Ba,7,848
max3d_pro,00570,third,Giải Ba,8,156
max3d_pro,00571,special,Giải Đặc biệt,1,029
max3d_pro,00571,special,Giải Đặc biệt,2,827
max3d_pro,00571,first,Giải Nhất,1,518
max3d_pro,00571,first,Giải Nhất,2,185
max3d_pro,00571,first,Giải Nhất,3,172
max3d_pro,00571,first,Giải Nhất,4,185
max3d_pro,00571,second,Giải Nhì,1,943
max3d_pro,00571,second,Giải Nhì,2,804
max3d_pro,00571,second,Giải Nhì,3,774
max3d_pro,00571,second,Giải Nhì,4,792
max3d_pro,00571,second,Giải Nhì,5,939
max3d_pro,00571,second,Giải Nhì,6,623
max3d_pro,00571,third,Giải Ba,1,838
max3d_pro,00571,third,Giải Ba,2,593
max3d_pro,00571,third,Giải Ba,3,306
max3d_pro,00571,third,Giải Ba,4,115
max3d_pro,00571,third,Giải Ba,5,337
max3d_pro,00571,third,Giải Ba,6,741
max3d_pro,00571,third,Giải Ba,7,603
max3d_pro,00571,third,Giải Ba,8,011
max3d_pro,00572,special,Giải Đặc biệt,1,070
max3d_pro,00572,special,Giải Đặc biệt,2,360
max3d_pro,00572,first,Giải Nhất,1,603
max3d_pro,00572,first,Giải Nhất,2,679
max3d_pro,00572,first,Giải Nhất,3,663
max3d_pro,00572,first,Giải Nhất,4,140
max3d_pro,00572,second,Giải Nhì,1,283
max3d_pro,00572,second,Giải Nhì,2,956
max3d_pro,00572,second,Giải Nhì,3,409
max3d_pro,00572,second,Giải Nhì,4,129
max3d_pro,00572,second,Giải Nhì,5,881
max3d_pro,00572,second,Giải Nhì,6,022
max3d_pro,00572,third,Giải Ba,1,850
max3d_pro,00572,third,Giải Ba,2,124
max3d_pro,00572,third,Giải Ba,3,879
max3d_pro,00572,third,Giải Ba,4,618
max3d_pro,00572,third,Giải Ba,5,610
max3d_pro,00572,third,Giải Ba,6,942
max3d_pro,00572,third,Giải Ba,7,413
max3d_pro,00572,third,Giải Ba,8,826
max3d_pro,00573,special,Giải Đặc biệt,1,751
max3d_pro,00573,special,Giải Đặc biệt,2,630
max3d_pro,00573,first,Giải Nhất,1,882
max3d_pro,00573,first,Giải Nhất,2,563
max3d_pro,00573,first,Giải Nhất,3,410
max3d_pro,00573,first,Giải Nhất,4,342
max3d_pro,00573,second,Giải Nhì,1,520
max3d_pro,00573,second,Giải Nhì,2,657
max3d_pro,00573,second,Giải Nhì,3,699
max3d_pro,00573,second,Giải Nhì,4,791
max3d_pro,00573,second,Giải Nhì,5,753
max3d_pro,00573,second,Giải Nhì,6,808
max3d_pro,00573,third,Giải Ba,1,112
max3d_pro,00573,third,Giải Ba,2,283
max3d_pro,00573,third,Giải Ba,3,931
max3d_pro,00573,third,Giải Ba,4,181
max3d_pro,00573,third,Giải Ba,5,212
max3d_pro,00573,third,Giải Ba,6,882
max3d_pro,00573,third,Giải Ba,7,356
max3d_pro,00573,third,Giải Ba,8,507
max3d_pro,00574,special,Giải Đặc biệt,1,610
max3d_pro,00574,special,Giải Đặc biệt,2,336
max3d_pro,00574,first,Giải Nhất,1,984
max3d_pro,00574,first,Giải Nhất,2,059
max3d_pro,00574,first,Giải Nhất,3,219
max3d_pro,00574,first,Giải Nhất,4,629
max3d_pro,00574,second,Giải Nhì,1,379
max3d_pro,00574,second,Giải Nhì,2,316
max3d_pro,00574,second,Giải Nhì,3,613
max3d_pro,00574,second,Giải Nhì,4,006
max3d_pro,00574,second,Giải Nhì,5,996
max3d_pro,00574,second,Giải Nhì,6,517
max3d_pro,00574,third,Giải Ba,1,464
max3d_pro,00574,third,Giải Ba,2,307
max3d_pro,00574,third,Giải Ba,3,052
max3d_pro,00574,third,Giải Ba,4,267
max3d_pro,00574,third,Giải Ba,5,409
max3d_pro,00574,third,Giải Ba,6,577
max3d_pro,00574,third,Giải Ba,7,304
max3d_pro,00574,third,Giải Ba,8,870
max3d_pro,00575,special,Giải Đặc biệt,1,466
max3d_pro,00575,special,Giải Đặc biệt,2,666
max3d_pro,00575,first,Giải Nhất,1,336
max3d_pro,00575,first,Giải Nhất,2,840
max3d_pro,00575,first,Giải Nhất,3,743
max3d_pro,00575,first,Giải Nhất,4,673
max3d_pro,00575,second,Giải Nhì,1,591
max3d_pro,00575,second,Giải Nhì,2,597
max3d_pro,00575,second,Giải Nhì,3,350
max3d_pro,00575,second,Giải Nhì,4,170
max3d_pro,00575,second,Giải Nhì,5,513
max3d_pro,00575,second,Giải Nhì,6,522
max3d_pro,00575,third,Giải Ba,1,052
max3d_pro,00575,third,Giải Ba,2,026
max3d_pro,00575,third,Giải Ba,3,341
max3d_pro,00575,third,Giải Ba,4,546
max3d_pro,00575,third,Giải Ba,5,913
max3d_pro,00575,third,Giải Ba,6,600
max3d_pro,00575,third,Giải Ba,7,828
max3d_pro,00575,third,Giải Ba,8,911
max3d_pro,00576,special,Giải Đặc biệt,1,283
max3d_pro,00576,special,Giải Đặc biệt,2,664
max3d_pro,00576,first,Giải Nhất,1,087
max3d_pro,00576,first,Giải Nhất,2,215
max3d_pro,00576,first,Giải Nhất,3,745
max3d_pro,00576,first,Giải Nhất,4,463
max3d_pro,00576,second,Giải Nhì,1,085
max3d_pro,00576,second,Giải Nhì,2,584
max3d_pro,00576,second,Giải Nhì,3,089
max3d_pro,00576,second,Giải Nhì,4,729
max3d_pro,00576,second,Giải Nhì,5,959
max3d_pro,00576,second,Giải Nhì,6,354
max3d_pro,00576,third,Giải Ba,1,565
max3d_pro,00576,third,Giải Ba,2,748
max3d_pro,00576,third,Giải Ba,3,692
max3d_pro,00576,third,Giải Ba,4,699
max3d_pro,00576,third,Giải Ba,5,653
max3d_pro,00576,third,Giải Ba,6,224
max3d_pro,00576,third,Giải Ba,7,295
max3d_pro,00576,third,Giải Ba,8,317
max3d_pro,00577,special,Giải Đặc biệt,1,564
max3d_pro,00577,special,Giải Đặc biệt,2,479
max3d_pro,00577,first,Giải Nhất,1,105
max3d_pro,00577,first,Giải Nhất,2,503
max3d_pro,00577,first,Giải Nhất,3,464
max3d_pro,00577,first,Giải Nhất,4,031
max3d_pro,00577,second,Giải Nhì,1,855
max3d_pro,00577,second,Giải Nhì,2,701
max3d_pro,00577,second,Giải Nhì,3,135
max3d_pro,00577,second,Giải Nhì,4,160
max3d_pro,00577,second,Giải Nhì,5,554
max3d_pro,00577,second,Giải Nhì,6,966
max3d_pro,00577,third,Giải Ba,1,370
max3d_pro,00577,third,Giải Ba,2,737
max3d_pro,00577,third,Giải Ba,3,301
max3d_pro,00577,third,Giải Ba,4,444
max3d_pro,00577,third,Giải Ba,5,152
max3d_pro,00577,third,Giải Ba,6,449
max3d_pro,00577,third,Giải Ba,7,100
max3d_pro,00577,third,Giải Ba,8,728
max3d_pro,00578,special,Giải Đặc biệt,1,196
max3d_pro,00578,special,Giải Đặc biệt,2,591
max3d_pro,00578,first,Giải Nhất,1,420
max3d_pro,00578,first,Giải Nhất,2,342
max3d_pro,00578,first,Giải Nhất,3,636
max3d_pro,00578,first,Giải Nhất,4,888
max3d_pro,00578,second,Giải Nhì,1,382
max3d_pro,00578,second,Giải Nhì,2,040
max3d_pro,00578,second,Giải Nhì,3,838
max3d_pro,00578,second,Giải Nhì,4,434
max3d_pro,00578,second,Giải Nhì,5,632
max3d_pro,00578,second,Giải Nhì,6,865
max3d_pro,00578,third,Giải Ba,1,171
max3d_pro,00578,third,Giải Ba,2,607
max3d_pro,00578,third,Giải Ba,3,242
max3d_pro,00578,third,Giải Ba,4,108
max3d_pro,00578,third,Giải Ba,5,335
max3d_pro,00578,third,Giải Ba,6,280
max3d_pro,00578,third,Giải Ba,7,014
max3d_pro,00578,third,Giải Ba,8,698
max3d_pro,00579,special,Giải Đặc biệt,1,575
max3d_pro,00579,special,Giải Đặc biệt,2,140
max3d_pro,00579,first,Giải Nhất,1,952
max3d_pro,00579,first,Giải Nhất,2,923
max3d_pro,00579,first,Giải Nhất,3,691
max3d_pro,00579,first,Giải Nhất,4,924
max3d_pro,00579,second,Giải Nhì,1,300
max3d_pro,00579,second,Giải Nhì,2,932
max3d_pro,00579,second,Giải Nhì,3,259
max3d_pro,00579,second,Giải Nhì,4,777
max3d_pro,00579,second,Giải Nhì,5,758
max3d_pro,00579,second,Giải Nhì,6,452
max3d_pro,00579,third,Giải Ba,1,844
max3d_pro,00579,third,Giải Ba,2,581
max3d_pro,00579,third,Giải Ba,3,213
max3d_pro,00579,third,Giải Ba,4,554
max3d_pro,00579,third,Giải Ba,5,188
max3d_pro,00579,third,Giải Ba,6,646
max3d_pro,00579,third,Giải Ba,7,486
max3d_pro,00579,third,Giải Ba,8,045
max3d_pro,00580,special,Giải Đặc biệt,1,314
max3d_pro,00580,special,Giải Đặc biệt,2,331
max3d_pro,00580,first,Giải Nhất,1,919
max3d_pro,00580,first,Giải Nhất,2,377
max3d_pro,00580,first,Giải Nhất,3,122
max3d_pro,00580,first,Giải Nhất,4,623
max3d_pro,00580,second,Giải Nhì,1,480
max3d_pro,00580,second,Giải Nhì,2,443
max3d_pro,00580,second,Giải Nhì,3,652
max3d_pro,00580,second,Giải Nhì,4,092
max3d_pro,00580,second,Giải Nhì,5,003
max3d_pro,00580,second,Giải Nhì,6,499
max3d_pro,00580,third,Giải Ba,1,110
max3d_pro,00580,third,Giải Ba,2,953
max3d_pro,00580,third,Giải Ba,3,387
max3d_pro,00580,third,Giải Ba,4,004
max3d_pro,00580,third,Giải Ba,5,868
max3d_pro,00580,third,Giải Ba,6,513
max3d_pro,00580,third,Giải Ba,7,851
max3d_pro,00580,third,Giải Ba,8,321
max3d_pro,00581,special,Giải Đặc biệt,1,933
max3d_pro,00581,special,Giải Đặc biệt,2,899
max3d_pro,00581,first,Giải Nhất,1,764
max3d_pro,00581,first,Giải Nhất,2,492
max3d_pro,00581,first,Giải Nhất,3,218
max3d_pro,00581,first,Giải Nhất,4,685
max3d_pro,00581,second,Giải Nhì,1,748
max3d_pro,00581,second,Giải Nhì,2,034
max3d_pro,00581,second,Giải Nhì,3,490
max3d_pro,00581,second,Giải Nhì,4,706
max3d_pro,00581,second,Giải Nhì,5,255
max3d_pro,00581,second,Giải Nhì,6,260
max3d_pro,00581,third,Giải Ba,1,584
max3d_pro,00581,third,Giải Ba,2,042
max3d_pro,00581,third,Giải Ba,3,797
max3d_pro,00581,third,Giải Ba,4,388
max3d_pro,00581,third,Giải Ba,5,215
max3d_pro,00581,third,Giải Ba,6,128
max3d_pro,00581,third,Giải Ba,7,999
max3d_pro,00581,third,Giải Ba,8,305
max3d_pro,00582,special,Giải Đặc biệt,1,544
max3d_pro,00582,special,Giải Đặc biệt,2,121
max3d_pro,00582,first,Giải Nhất,1,960
max3d_pro,00582,first,Giải Nhất,2,090
max3d_pro,00582,first,Giải Nhất,3,274
max3d_pro,00582,first,Giải Nhất,4,398
max3d_pro,00582,second,Giải Nhì,1,888
max3d_pro,00582,second,Giải Nhì,2,371
max3d_pro,00582,second,Giải Nhì,3,029
max3d_pro,00582,second,Giải Nhì,4,593
max3d_pro,00582,second,Giải Nhì,5,790
max3d_pro,00582,second,Giải Nhì,6,892
max3d_pro,00582,third,Giải Ba,1,374
max3d_pro,00582,third,Giải Ba,2,989
max3d_pro,00582,third,Giải Ba,3,998
max3d_pro,00582,third,Giải Ba,4,116
max3d_pro,00582,third,Giải Ba,5,880
max3d_pro,00582,third,Giải Ba,6,315
max3d_pro,00582,third,Giải Ba,7,217
max3d_pro,00582,third,Giải Ba,8,046
max3d_pro,00583,special,Giải Đặc biệt,1,808
max3d_pro,00583,special,Giải Đặc biệt,2,581
max3d_pro,00583,first,Giải Nhất,1,052
max3d_pro,00583,first,Giải Nhất,2,142
max3d_pro,00583,first,Giải Nhất,3,577
max3d_pro,00583,first,Giải Nhất,4,883
max3d_pro,00583,second,Giải Nhì,1,847
max3d_pro,00583,second,Giải Nhì,2,913
max3d_pro,00583,second,Giải Nhì,3,192
max3d_pro,00583,second,Giải Nhì,4,065
max3d_pro,00583,second,Giải Nhì,5,987
max3d_pro,00583,second,Giải Nhì,6,447
max3d_pro,00583,third,Giải Ba,1,701
max3d_pro,00583,third,Giải Ba,2,291
max3d_pro,00583,third,Giải Ba,3,612
max3d_pro,00583,third,Giải Ba,4,158
max3d_pro,00583,third,Giải Ba,5,652
max3d_pro,00583,third,Giải Ba,6,677
max3d_pro,00583,third,Giải Ba,7,337
max3d_pro,00583,third,Giải Ba,8,918
max3d_pro,00584,special,Giải Đặc biệt,1,839
max3d_pro,00584,special,Giải Đặc biệt,2,461
max3d_pro,00584,first,Giải Nhất,1,071
max3d_pro,00584,first,Giải Nhất,2,246
max3d_pro,00584,first,Giải Nhất,3,719
max3d_pro,00584,first,Giải Nhất,4,053
max3d_pro,00584,second,Giải Nhì,1,373
max3d_pro,00584,second,Giải Nhì,2,572
max3d_pro,00584,second,Giải Nhì,3,255
max3d_pro,00584,second,Giải Nhì,4,011
max3d_pro,00584,second,Giải Nhì,5,731
max3d_pro,00584,second,Giải Nhì,6,723
max3d_pro,00584,third,Giải Ba,1,002
max3d_pro,00584,third,Giải Ba,2,212
max3d_pro,00584,third,Giải Ba,3,178
max3d_pro,00584,third,Giải Ba,4,443
max3d_pro,00584,third,Giải Ba,5,125
max3d_pro,00584,third,Giải Ba,6,431
max3d_pro,00584,third,Giải Ba,7,821
max3d_pro,00584,third,Giải Ba,8,749
max3d_pro,00585,special,Giải Đặc biệt,1,589
max3d_pro,00585,special,Giải Đặc biệt,2,424
max3d_pro,00585,first,Giải Nhất,1,368
max3d_pro,00585,first,Giải Nhất,2,148
max3d_pro,00585,first,Giải Nhất,3,517
max3d_pro,00585,first,Giải Nhất,4,025
max3d_pro,00585,second,Giải Nhì,1,065
max3d_pro,00585,second,Giải Nhì,2,756
max3d_pro,00585,second,Giải Nhì,3,868
max3d_pro,00585,second,Giải Nhì,4,070
max3d_pro,00585,second,Giải Nhì,5,314
max3d_pro,00585,second,Giải Nhì,6,780
max3d_pro,00585,third,Giải Ba,1,882
max3d_pro,00585,third,Giải Ba,2,573
max3d_pro,00585,third,Giải Ba,3,125
max3d_pro,00585,third,Giải Ba,4,115
max3d_pro,00585,third,Giải Ba,5,879
max3d_pro,00585,third,Giải Ba,6,811
max3d_pro,00585,third,Giải Ba,7,596
max3d_pro,00585,third,Giải Ba,8,667
max3d_pro,00586,special,Giải Đặc biệt,1,941
max3d_pro,00586,special,Giải Đặc biệt,2,500
max3d_pro,00586,first,Giải Nhất,1,946
max3d_pro,00586,first,Giải Nhất,2,492
max3d_pro,00586,first,Giải Nhất,3,621
max3d_pro,00586,first,Giải Nhất,4,082
max3d_pro,00586,second,Giải Nhì,1,966
max3d_pro,00586,second,Giải Nhì,2,096
max3d_pro,00586,second,Giải Nhì,3,605
max3d_pro,00586,second,Giải Nhì,4,369
max3d_pro,00586,second,Giải Nhì,5,167
max3d_pro,00586,second,Giải Nhì,6,661
max3d_pro,00586,third,Giải Ba,1,447
max3d_pro,00586,third,Giải Ba,2,931
max3d_pro,00586,third,Giải Ba,3,325
max3d_pro,00586,third,Giải Ba,4,914
max3d_pro,00586,third,Giải Ba,5,820
max3d_pro,00586,third,Giải Ba,6,498
max3d_pro,00586,third,Giải Ba,7,229
max3d_pro,00586,third,Giải Ba,8,693
max3d_pro,00587,special,Giải Đặc biệt,1,783
max3d_pro,00587,special,Giải Đặc biệt,2,792
max3d_pro,00587,first,Giải Nhất,1,931
max3d_pro,00587,first,Giải Nhất,2,177
max3d_pro,00587,first,Giải Nhất,3,755
max3d_pro,00587,first,Giải Nhất,4,792
max3d_pro,00587,second,Giải Nhì,1,445
max3d_pro,00587,second,Giải Nhì,2,047
max3d_pro,00587,second,Giải Nhì,3,367
max3d_pro,00587,second,Giải Nhì,4,894
max3d_pro,00587,second,Giải Nhì,5,111
max3d_pro,00587,second,Giải Nhì,6,951
max3d_pro,00587,third,Giải Ba,1,264
max3d_pro,00587,third,Giải Ba,2,773
max3d_pro,00587,third,Giải Ba,3,094
max3d_pro,00587,third,Giải Ba,4,774
max3d_pro,00587,third,Giải Ba,5,148
max3d_pro,00587,third,Giải Ba,6,725
max3d_pro,00587,third,Giải Ba,7,544
max3d_pro,00587,third,Giải Ba,8,536
max3d_pro,00588,special,Giải Đặc biệt,1,320
max3d_pro,00588,special,Giải Đặc biệt,2,207
max3d_pro,00588,first,Giải Nhất,1,826
max3d_pro,00588,first,Giải Nhất,2,354
max3d_pro,00588,first,Giải Nhất,3,675
max3d_pro,00588,first,Giải Nhất,4,410
max3d_pro,00588,second,Giải Nhì,1,150
max3d_pro,00588,second,Giải Nhì,2,259
max3d_pro,00588,second,Giải Nhì,3,128
max3d_pro,00588,second,Giải Nhì,4,098
max3d_pro,00588,second,Giải Nhì,5,412
max3d_pro,00588,second,Giải Nhì,6,396
max3d_pro,00588,third,Giải Ba,1,490
max3d_pro,00588,third,Giải Ba,2,662
max3d_pro,00588,third,Giải Ba,3,940
max3d_pro,00588,third,Giải Ba,4,341
max3d_pro,00588,third,Giải Ba,5,555
max3d_pro,00588,third,Giải Ba,6,619
max3d_pro,00588,third,Giải Ba,7,688
max3d_pro,00588,third,Giải Ba,8,008
max3d_pro,00589,special,Giải Đặc biệt,1,698
max3d_pro,00589,special,Giải Đặc biệt,2,544
max3d_pro,00589,first,Giải Nhất,1,414
max3d_pro,00589,first,Giải Nhất,2,455
max3d_pro,00589,first,Giải Nhất,3,496
max3d_pro,00589,first,Giải Nhất,4,835
max3d_pro,00589,second,Giải Nhì,1,068
max3d_pro,00589,second,Giải Nhì,2,604
max3d_pro,00589,second,Giải Nhì,3,299
max3d_pro,00589,second,Giải Nhì,4,995
max3d_pro,00589,second,Giải Nhì,5,426
max3d_pro,00589,second,Giải Nhì,6,853
max3d_pro,00589,third,Giải Ba,1,814
max3d_pro,00589,third,Giải Ba,2,453
max3d_pro,00589,third,Giải Ba,3,668
max3d_pro,00589,third,Giải Ba,4,016
max3d_pro,00589,third,Giải Ba,5,566
max3d_pro,00589,third,Giải Ba,6,905
max3d_pro,00589,third,Giải Ba,7,975
max3d_pro,00589,third,Giải Ba,8,690
max3d_pro,00590,special,Giải Đặc biệt,1,568
max3d_pro,00590,special,Giải Đặc biệt,2,347
max3d_pro,00590,first,Giải Nhất,1,462
max3d_pro,00590,first,Giải Nhất,2,403
max3d_pro,00590,first,Giải Nhất,3,352
max3d_pro,00590,first,Giải Nhất,4,367
max3d_pro,00590,second,Giải Nhì,1,841
max3d_pro,00590,second,Giải Nhì,2,378
max3d_pro,00590,second,Giải Nhì,3,123
max3d_pro,00590,second,Giải Nhì,4,429
max3d_pro,00590,second,Giải Nhì,5,370
max3d_pro,00590,second,Giải Nhì,6,304
max3d_pro,00590,third,Giải Ba,1,506
max3d_pro,00590,third,Giải Ba,2,766
max3d_pro,00590,third,Giải Ba,3,834
max3d_pro,00590,third,Giải Ba,4,509
max3d_pro,00590,third,Giải Ba,5,829
max3d_pro,00590,third,Giải Ba,6,164
max3d_pro,00590,third,Giải Ba,7,902
max3d_pro,00590,third,Giải Ba,8,041
max3d_pro,00591,special,Giải Đặc biệt,1,402
max3d_pro,00591,special,Giải Đặc biệt,2,429
max3d_pro,00591,first,Giải Nhất,1,238
max3d_pro,00591,first,Giải Nhất,2,609
max3d_pro,00591,first,Giải Nhất,3,089
max3d_pro,00591,first,Giải Nhất,4,445
max3d_pro,00591,second,Giải Nhì,1,097
max3d_pro,00591,second,Giải Nhì,2,869
max3d_pro,00591,second,Giải Nhì,3,633
max3d_pro,00591,second,Giải Nhì,4,689
max3d_pro,00591,second,Giải Nhì,5,901
max3d_pro,00591,second,Giải Nhì,6,004
max3d_pro,00591,third,Giải Ba,1,194
max3d_pro,00591,third,Giải Ba,2,928
max3d_pro,00591,third,Giải Ba,3,037
max3d_pro,00591,third,Giải Ba,4,483
max3d_pro,00591,third,Giải Ba,5,687
max3d_pro,00591,third,Giải Ba,6,115
max3d_pro,00591,third,Giải Ba,7,959
max3d_pro,00591,third,Giải Ba,8,768
max3d_pro,00592,special,Giải Đặc biệt,1,060
max3d_pro,00592,special,Giải Đặc biệt,2,524
max3d_pro,00592,first,Giải Nhất,1,657
max3d_pro,00592,first,Giải Nhất,2,864
max3d_pro,00592,first,Giải Nhất,3,495
max3d_pro,00592,first,Giải Nhất,4,448
max3d_pro,00592,second,Giải Nhì,1,561
max3d_pro,00592,second,Giải Nhì,2,172
max3d_pro,00592,second,Giải Nhì,3,820
max3d_pro,00592,second,Giải Nhì,4,771
max3d_pro,00592,second,Giải Nhì,5,122
max3d_pro,00592,second,Giải Nhì,6,397
max3d_pro,00592,third,Giải Ba,1,896
max3d_pro,00592,third,Giải Ba,2,816
max3d_pro,00592,third,Giải Ba,3,385
max3d_pro,00592,third,Giải Ba,4,377
max3d_pro,00592,third,Giải Ba,5,608
max3d_pro,00592,third,Giải Ba,6,541
max3d_pro,00592,third,Giải Ba,7,582
max3d_pro,00592,third,Giải Ba,8,790
max3d_pro,00593,special,Giải Đặc biệt,1,325
max3d_pro,00593,special,Giải Đặc biệt,2,779
max3d_pro,00593,first,Giải Nhất,1,406
max3d_pro,00593,first,Giải Nhất,2,758
max3d_pro,00593,first,Giải Nhất,3,107
max3d_pro,00593,first,Giải Nhất,4,360
max3d_pro,00593,second,Giải Nhì,1,405
max3d_pro,00593,second,Giải Nhì,2,151
max3d_pro,00593,second,Giải Nhì,3,595
max3d_pro,00593,second,Giải Nhì,4,161
max3d_pro,00593,second,Giải Nhì,5,430
max3d_pro,00593,second,Giải Nhì,6,848
max3d_pro,00593,third,Giải Ba,1,426
max3d_pro,00593,third,Giải Ba,2,491
max3d_pro,00593,third,Giải Ba,3,757
max3d_pro,00593,third,Giải Ba,4,130
max3d_pro,00593,third,Giải Ba,5,872
max3d_pro,00593,third,Giải Ba,6,686
max3d_pro,00593,third,Giải Ba,7,710
max3d_pro,00593,third,Giải Ba,8,471
max3d_pro,00594,special,Giải Đặc biệt,1,978
max3d_pro,00594,special,Giải Đặc biệt,2,160
max3d_pro,00594,first,Giải Nhất,1,679
max3d_pro,00594,first,Giải Nhất,2,691
max3d_pro,00594,first,Giải Nhất,3,792
max3d_pro,00594,first,Giải Nhất,4,140
max3d_pro,00594,second,Giải Nhì,1,760
max3d_pro,00594,second,Giải Nhì,2,593
max3d_pro,00594,second,Giải Nhì,3,199
max3d_pro,00594,second,Giải Nhì,4,764
max3d_pro,00594,second,Giải Nhì,5,160
max3d_pro,00594,second,Giải Nhì,6,352
max3d_pro,00594,third,Giải Ba,1,589
max3d_pro,00594,third,Giải Ba,2,726
max3d_pro,00594,third,Giải Ba,3,195
max3d_pro,00594,third,Giải Ba,4,827
max3d_pro,00594,third,Giải Ba,5,256
max3d_pro,00594,third,Giải Ba,6,750
max3d_pro,00594,third,Giải Ba,7,525
max3d_pro,00594,third,Giải Ba,8,564
max3d_pro,00595,special,Giải Đặc biệt,1,300
max3d_pro,00595,special,Giải Đặc biệt,2,572
max3d_pro,00595,first,Giải Nhất,1,905
max3d_pro,00595,first,Giải Nhất,2,918
max3d_pro,00595,first,Giải Nhất,3,250
max3d_pro,00595,first,Giải Nhất,4,827
max3d_pro,00595,second,Giải Nhì,1,002
max3d_pro,00595,second,Giải Nhì,2,707
max3d_pro,00595,second,Giải Nhì,3,367
max3d_pro,00595,second,Giải Nhì,4,525
max3d_pro,00595,second,Giải Nhì,5,373
max3d_pro,00595,second,Giải Nhì,6,730
max3d_pro,00595,third,Giải Ba,1,249
max3d_pro,00595,third,Giải Ba,2,284
max3d_pro,00595,third,Giải Ba,3,393
max3d_pro,00595,third,Giải Ba,4,654
max3d_pro,00595,third,Giải Ba,5,105
max3d_pro,00595,third,Giải Ba,6,001
max3d_pro,00595,third,Giải Ba,7,369
max3d_pro,00595,third,Giải Ba,8,755
max3d_pro,00596,special,Giải Đặc biệt,1,809
max3d_pro,00596,special,Giải Đặc biệt,2,639
max3d_pro,00596,first,Giải Nhất,1,568
max3d_pro,00596,first,Giải Nhất,2,321
max3d_pro,00596,first,Giải Nhất,3,412
max3d_pro,00596,first,Giải Nhất,4,020
max3d_pro,00596,second,Giải Nhì,1,846
max3d_pro,00596,second,Giải Nhì,2,049
max3d_pro,00596,second,Giải Nhì,3,307
max3d_pro,00596,second,Giải Nhì,4,457
max3d_pro,00596,second,Giải Nhì,5,962
max3d_pro,00596,second,Giải Nhì,6,022
max3d_pro,00596,third,Giải Ba,1,950
max3d_pro,00596,third,Giải Ba,2,619
max3d_pro,00596,third,Giải Ba,3,476
max3d_pro,00596,third,Giải Ba,4,209
max3d_pro,00596,third,Giải Ba,5,086
max3d_pro,00596,third,Giải Ba,6,115
max3d_pro,00596,third,Giải Ba,7,673
max3d_pro,00596,third,Giải Ba,8,709
max3d_pro,00597,special,Giải Đặc biệt,1,137
max3d_pro,00597,special,Giải Đặc biệt,2,293
max3d_pro,00597,first,Giải Nhất,1,753
max3d_pro,00597,first,Giải Nhất,2,064
max3d_pro,00597,first,Giải Nhất,3,333
max3d_pro,00597,first,Giải Nhất,4,432
max3d_pro,00597,second,Giải Nhì,1,305
max3d_pro,00597,second,Giải Nhì,2,411
max3d_pro,00597,second,Giải Nhì,3,682
max3d_pro,00597,second,Giải Nhì,4,480
max3d_pro,00597,second,Giải Nhì,5,710
max3d_pro,00597,second,Giải Nhì,6,050
max3d_pro,00597,third,Giải Ba,1,776
max3d_pro,00597,third,Giải Ba,2,926
max3d_pro,00597,third,Giải Ba,3,687
max3d_pro,00597,third,Giải Ba,4,694
max3d_pro,00597,third,Giải Ba,5,263
max3d_pro,00597,third,Giải Ba,6,614
max3d_pro,00597,third,Giải Ba,7,186
max3d_pro,00597,third,Giải Ba,8,825
max3d_pro,00598,special,Giải Đặc biệt,1,268
max3d_pro,00598,special,Giải Đặc biệt,2,309
max3d_pro,00598,first,Giải Nhất,1,385
max3d_pro,00598,first,Giải Nhất,2,809
max3d_pro,00598,first,Giải Nhất,3,381
max3d_pro,00598,first,Giải Nhất,4,206
max3d_pro,00598,second,Giải Nhì,1,422
max3d_pro,00598,second,Giải Nhì,2,746
max3d_pro,00598,second,Giải Nhì,3,123
max3d_pro,00598,second,Giải Nhì,4,375
max3d_pro,00598,second,Giải Nhì,5,896
max3d_pro,00598,second,Giải Nhì,6,282
max3d_pro,00598,third,Giải Ba,1,649
max3d_pro,00598,third,Giải Ba,2,439
max3d_pro,00598,third,Giải Ba,3,480
max3d_pro,00598,third,Giải Ba,4,071
max3d_pro,00598,third,Giải Ba,5,495
max3d_pro,00598,third,Giải Ba,6,716
max3d_pro,00598,third,Giải Ba,7,089
max3d_pro,00598,third,Giải Ba,8,161
max3d_pro,00599,special,Giải Đặc biệt,1,535
max3d_pro,00599,special,Giải Đặc biệt,2,998
max3d_pro,00599,first,Giải Nhất,1,473
max3d_pro,00599,first,Giải Nhất,2,538
max3d_pro,00599,first,Giải Nhất,3,384
max3d_pro,00599,first,Giải Nhất,4,788
max3d_pro,00599,second,Giải Nhì,1,020
max3d_pro,00599,second,Giải Nhì,2,999
max3d_pro,00599,second,Giải Nhì,3,599
max3d_pro,00599,second,Giải Nhì,4,460
max3d_pro,00599,second,Giải Nhì,5,900
max3d_pro,00599,second,Giải Nhì,6,583
max3d_pro,00599,third,Giải Ba,1,097
max3d_pro,00599,third,Giải Ba,2,983
max3d_pro,00599,third,Giải Ba,3,312
max3d_pro,00599,third,Giải Ba,4,334
max3d_pro,00599,third,Giải Ba,5,764
max3d_pro,00599,third,Giải Ba,6,155
max3d_pro,00599,third,Giải Ba,7,390
max3d_pro,00599,third,Giải Ba,8,578
max3d_pro,00600,special,Giải Đặc biệt,1,891
max3d_pro,00600,special,Giải Đặc biệt,2,400
max3d_pro,00600,first,Giải Nhất,1,324
max3d_pro,00600,first,Giải Nhất,2,380
max3d_pro,00600,first,Giải Nhất,3,622
max3d_pro,00600,first,Giải Nhất,4,395
max3d_pro,00600,second,Giải Nhì,1,957
max3d_pro,00600,second,Giải Nhì,2,207
max3d_pro,00600,second,Giải Nhì,3,528
max3d_pro,00600,second,Giải Nhì,4,893
max3d_pro,00600,second,Giải Nhì,5,456
max3d_pro,00600,second,Giải Nhì,6,525
max3d_pro,00600,third,Giải Ba,1,982
max3d_pro,00600,third,Giải Ba,2,022
max3d_pro,00600,third,Giải Ba,3,015
max3d_pro,00600,third,Giải Ba,4,106
max3d_pro,00600,third,Giải Ba,5,197
max3d_pro,00600,third,Giải Ba,6,300
max3d_pro,00600,third,Giải Ba,7,194
max3d_pro,00600,third,Giải Ba,8,060
max3d_pro,00601,special,Giải Đặc biệt,1,426
max3d_pro,00601,special,Giải Đặc biệt,2,413
max3d_pro,00601,first,Giải Nhất,1,763
max3d_pro,00601,first,Giải Nhất,2,553
max3d_pro,00601,first,Giải Nhất,3,826
max3d_pro,00601,first,Giải Nhất,4,714
max3d_pro,00601,second,Giải Nhì,1,239
max3d_pro,00601,second,Giải Nhì,2,426
max3d_pro,00601,second,Giải Nhì,3,164
max3d_pro,00601,second,Giải Nhì,4,506
max3d_pro,00601,second,Giải Nhì,5,721
max3d_pro,00601,second,Giải Nhì,6,002
max3d_pro,00601,third,Giải Ba,1,208
max3d_pro,00601,third,Giải Ba,2,219
max3d_pro,00601,third,Giải Ba,3,332
max3d_pro,00601,third,Giải Ba,4,154
max3d_pro,00601,third,Giải Ba,5,593
max3d_pro,00601,third,Giải Ba,6,168
max3d_pro,00601,third,Giải Ba,7,619
max3d_pro,00601,third,Giải Ba,8,937
max3d_pro,00602,special,Giải Đặc biệt,1,215
max3d_pro,00602,special,Giải Đặc biệt,2,657
max3d_pro,00602,first,Giải Nhất,1,983
max3d_pro,00602,first,Giải Nhất,2,907
max3d_pro,00602,first,Giải Nhất,3,262
max3d_pro,00602,first,Giải Nhất,4,155
max3d_pro,00602,second,Giải Nhì,1,304
max3d_pro,00602,second,Giải Nhì,2,710
max3d_pro,00602,second,Giải Nhì,3,642
max3d_pro,00602,second,Giải Nhì,4,346
max3d_pro,00602,second,Giải Nhì,5,476
max3d_pro,00602,second,Giải Nhì,6,430
max3d_pro,00602,third,Giải Ba,1,141
max3d_pro,00602,third,Giải Ba,2,956
max3d_pro,00602,third,Giải Ba,3,098
max3d_pro,00602,third,Giải Ba,4,615
max3d_pro,00602,third,Giải Ba,5,661
max3d_pro,00602,third,Giải Ba,6,395
max3d_pro,00602,third,Giải Ba,7,547
max3d_pro,00602,third,Giải Ba,8,550
max3d_pro,00603,special,Giải Đặc biệt,1,789
max3d_pro,00603,special,Giải Đặc biệt,2,780
max3d_pro,00603,first,Giải Nhất,1,180
max3d_pro,00603,first,Giải Nhất,2,841
max3d_pro,00603,first,Giải Nhất,3,276
max3d_pro,00603,first,Giải Nhất,4,358
max3d_pro,00603,second,Giải Nhì,1,339
max3d_pro,00603,second,Giải Nhì,2,951
max3d_pro,00603,second,Giải Nhì,3,863
max3d_pro,00603,second,Giải Nhì,4,850
max3d_pro,00603,second,Giải Nhì,5,143
max3d_pro,00603,second,Giải Nhì,6,236
max3d_pro,00603,third,Giải Ba,1,866
max3d_pro,00603,third,Giải Ba,2,875
max3d_pro,00603,third,Giải Ba,3,829
max3d_pro,00603,third,Giải Ba,4,206
max3d_pro,00603,third,Giải Ba,5,895
max3d_pro,00603,third,Giải Ba,6,528
max3d_pro,00603,third,Giải Ba,7,899
max3d_pro,00603,third,Giải Ba,8,214
max3d_pro,00604,special,Giải Đặc biệt,1,349
max3d_pro,00604,special,Giải Đặc biệt,2,546
max3d_pro,00604,first,Giải Nhất,1,148
max3d_pro,00604,first,Giải Nhất,2,700
max3d_pro,00604,first,Giải Nhất,3,911
max3d_pro,00604,first,Giải Nhất,4,379
max3d_pro,00604,second,Giải Nhì,1,179
max3d_pro,00604,second,Giải Nhì,2,883
max3d_pro,00604,second,Giải Nhì,3,315
max3d_pro,00604,second,Giải Nhì,4,023
max3d_pro,00604,second,Giải Nhì,5,090
max3d_pro,00604,second,Giải Nhì,6,993
max3d_pro,00604,third,Giải Ba,1,008
max3d_pro,00604,third,Giải Ba,2,149
max3d_pro,00604,third,Giải Ba,3,929
max3d_pro,00604,third,Giải Ba,4,608
max3d_pro,00604,third,Giải Ba,5,520
max3d_pro,00604,third,Giải Ba,6,735
max3d_pro,00604,third,Giải Ba,7,287
max3d_pro,00604,third,Giải Ba,8,297
max3d_pro,00605,special,Giải Đặc biệt,1,859
max3d_pro,00605,special,Giải Đặc biệt,2,457
max3d_pro,00605,first,Giải Nhất,1,425
max3d_pro,00605,first,Giải Nhất,2,342
max3d_pro,00605,first,Giải Nhất,3,622
max3d_pro,00605,first,Giải Nhất,4,795
max3d_pro,00605,second,Giải Nhì,1,603
max3d_pro,00605,second,Giải Nhì,2,614
max3d_pro,00605,second,Giải Nhì,3,417
max3d_pro,00605,second,Giải Nhì,4,391
max3d_pro,00605,second,Giải Nhì,5,744
max3d_pro,00605,second,Giải Nhì,6,190
max3d_pro,00605,third,Giải Ba,1,363
max3d_pro,00605,third,Giải Ba,2,830
max3d_pro,00605,third,Giải Ba,3,162
max3d_pro,00605,third,Giải Ba,4,859
max3d_pro,00605,third,Giải Ba,5,464
max3d_pro,00605,third,Giải Ba,6,191
max3d_pro,00605,third,Giải Ba,7,180
max3d_pro,00605,third,Giải Ba,8,857
max3d_pro,00606,special,Giải Đặc biệt,1,590
max3d_pro,00606,special,Giải Đặc biệt,2,843
max3d_pro,00606,first,Giải Nhất,1,152
max3d_pro,00606,first,Giải Nhất,2,003
max3d_pro,00606,first,Giải Nhất,3,703
max3d_pro,00606,first,Giải Nhất,4,504
max3d_pro,00606,second,Giải Nhì,1,040
max3d_pro,00606,second,Giải Nhì,2,341
max3d_pro,00606,second,Giải Nhì,3,230
max3d_pro,00606,second,Giải Nhì,4,000
max3d_pro,00606,second,Giải Nhì,5,550
max3d_pro,00606,second,Giải Nhì,6,105
max3d_pro,00606,third,Giải Ba,1,016
max3d_pro,00606,third,Giải Ba,2,321
max3d_pro,00606,third,Giải Ba,3,707
max3d_pro,00606,third,Giải Ba,4,040
max3d_pro,00606,third,Giải Ba,5,143
max3d_pro,00606,third,Giải Ba,6,334
max3d_pro,00606,third,Giải Ba,7,503
max3d_pro,00606,third,Giải Ba,8,275
max3d_pro,00607,special,Giải Đặc biệt,1,128
max3d_pro,00607,special,Giải Đặc biệt,2,114
max3d_pro,00607,first,Giải Nhất,1,029
max3d_pro,00607,first,Giải Nhất,2,129
max3d_pro,00607,first,Giải Nhất,3,951
max3d_pro,00607,first,Giải Nhất,4,988
max3d_pro,00607,second,Giải Nhì,1,713
max3d_pro,00607,second,Giải Nhì,2,664
max3d_pro,00607,second,Giải Nhì,3,856
max3d_pro,00607,second,Giải Nhì,4,845
max3d_pro,00607,second,Giải Nhì,5,035
max3d_pro,00607,second,Giải Nhì,6,516
max3d_pro,00607,third,Giải Ba,1,455
max3d_pro,00607,third,Giải Ba,2,994
max3d_pro,00607,third,Giải Ba,3,690
max3d_pro,00607,third,Giải Ba,4,097
max3d_pro,00607,third,Giải Ba,5,392
max3d_pro,00607,third,Giải Ba,6,308
max3d_pro,00607,third,Giải Ba,7,122
max3d_pro,00607,third,Giải Ba,8,635
max3d_pro,00608,special,Giải Đặc biệt,1,057
max3d_pro,00608,special,Giải Đặc biệt,2,855
max3d_pro,00608,first,Giải Nhất,1,787
max3d_pro,00608,first,Giải Nhất,2,396
max3d_pro,00608,first,Giải Nhất,3,131
max3d_pro,00608,first,Giải Nhất,4,816
max3d_pro,00608,second,Giải Nhì,1,696
max3d_pro,00608,second,Giải Nhì,2,744
max3d_pro,00608,second,Giải Nhì,3,136
max3d_pro,00608,second,Giải Nhì,4,990
max3d_pro,00608,second,Giải Nhì,5,317
max3d_pro,00608,second,Giải Nhì,6,681
max3d_pro,00608,third,Giải Ba,1,087
max3d_pro,00608,third,Giải Ba,2,708
max3d_pro,00608,third,Giải Ba,3,136
max3d_pro,00608,third,Giải Ba,4,730
max3d_pro,00608,third,Giải Ba,5,746
max3d_pro,00608,third,Giải Ba,6,311
max3d_pro,00608,third,Giải Ba,7,177
max3d_pro,00608,third,Giải Ba,8,054
max3d_pro,00609,special,Giải Đặc biệt,1,107
max3d_pro,00609,special,Giải Đặc biệt,2,466
max3d_pro,00609,first,Giải Nhất,1,975
max3d_pro,00609,first,Giải Nhất,2,332
max3d_pro,00609,first,Giải Nhất,3,825
max3d_pro,00609,first,Giải Nhất,4,602
max3d_pro,00609,second,Giải Nhì,1,035
max3d_pro,00609,second,Giải Nhì,2,358
max3d_pro,00609,second,Giải Nhì,3,896
max3d_pro,00609,second,Giải Nhì,4,082
max3d_pro,00609,second,Giải Nhì,5,726
max3d_pro,00609,second,Giải Nhì,6,662
max3d_pro,00609,third,Giải Ba,1,866
max3d_pro,00609,third,Giải Ba,2,318
max3d_pro,00609,third,Giải Ba,3,685
max3d_pro,00609,third,Giải Ba,4,817
max3d_pro,00609,third,Giải Ba,5,959
max3d_pro,00609,third,Giải Ba,6,128
max3d_pro,00609,third,Giải Ba,7,823
max3d_pro,00609,third,Giải Ba,8,668
max3d_pro,00610,special,Giải Đặc biệt,1,213
max3d_pro,00610,special,Giải Đặc biệt,2,673
max3d_pro,00610,first,Giải Nhất,1,809
max3d_pro,00610,first,Giải Nhất,2,701
max3d_pro,00610,first,Giải Nhất,3,487
max3d_pro,00610,first,Giải Nhất,4,476
max3d_pro,00610,second,Giải Nhì,1,396
max3d_pro,00610,second,Giải Nhì,2,794
max3d_pro,00610,second,Giải Nhì,3,614
max3d_pro,00610,second,Giải Nhì,4,841
max3d_pro,00610,second,Giải Nhì,5,587
max3d_pro,00610,second,Giải Nhì,6,210
max3d_pro,00610,third,Giải Ba,1,315
max3d_pro,00610,third,Giải Ba,2,012
max3d_pro,00610,third,Giải Ba,3,047
max3d_pro,00610,third,Giải Ba,4,969
max3d_pro,00610,third,Giải Ba,5,208
max3d_pro,00610,third,Giải Ba,6,433
max3d_pro,00610,third,Giải Ba,7,379
max3d_pro,00610,third,Giải Ba,8,554
max3d_pro,00611,special,Giải Đặc biệt,1,680
max3d_pro,00611,special,Giải Đặc biệt,2,339
max3d_pro,00611,first,Giải Nhất,1,622
max3d_pro,00611,first,Giải Nhất,2,006
max3d_pro,00611,first,Giải Nhất,3,908
max3d_pro,00611,first,Giải Nhất,4,093
max3d_pro,00611,second,Giải Nhì,1,555
max3d_pro,00611,second,Giải Nhì,2,377
max3d_pro,00611,second,Giải Nhì,3,668
max3d_pro,00611,second,Giải Nhì,4,838
max3d_pro,00611,second,Giải Nhì,5,345
max3d_pro,00611,second,Giải Nhì,6,302
max3d_pro,00611,third,Giải Ba,1,364
max3d_pro,00611,third,Giải Ba,2,414
max3d_pro,00611,third,Giải Ba,3,146
max3d_pro,00611,third,Giải Ba,4,103
max3d_pro,00611,third,Giải Ba,5,309
max3d_pro,00611,third,Giải Ba,6,513
max3d_pro,00611,third,Giải Ba,7,406
max3d_pro,00611,third,Giải Ba,8,801
max3d_pro,00612,special,Giải Đặc biệt,1,116
max3d_pro,00612,special,Giải Đặc biệt,2,209
max3d_pro,00612,first,Giải Nhất,1,977
max3d_pro,00612,first,Giải Nhất,2,398
max3d_pro,00612,first,Giải Nhất,3,336
max3d_pro,00612,first,Giải Nhất,4,525
max3d_pro,00612,second,Giải Nhì,1,786
max3d_pro,00612,second,Giải Nhì,2,474
max3d_pro,00612,second,Giải Nhì,3,055
max3d_pro,00612,second,Giải Nhì,4,135
max3d_pro,00612,second,Giải Nhì,5,425
max3d_pro,00612,second,Giải Nhì,6,812
max3d_pro,00612,third,Giải Ba,1,933
max3d_pro,00612,third,Giải Ba,2,309
max3d_pro,00612,third,Giải Ba,3,790
max3d_pro,00612,third,Giải Ba,4,235
max3d_pro,00612,third,Giải Ba,5,022
max3d_pro,00612,third,Giải Ba,6,580
max3d_pro,00612,third,Giải Ba,7,404
max3d_pro,00612,third,Giải Ba,8,032
max3d_pro,00613,special,Giải Đặc biệt,1,538
max3d_pro,00613,special,Giải Đặc biệt,2,850
max3d_pro,00613,first,Giải Nhất,1,728
max3d_pro,00613,first,Giải Nhất,2,946
max3d_pro,00613,first,Giải Nhất,3,292
max3d_pro,00613,first,Giải Nhất,4,170
max3d_pro,00613,second,Giải Nhì,1,502
max3d_pro,00613,second,Giải Nhì,2,274
max3d_pro,00613,second,Giải Nhì,3,266
max3d_pro,00613,second,Giải Nhì,4,174
max3d_pro,00613,second,Giải Nhì,5,177
max3d_pro,00613,second,Giải Nhì,6,205
max3d_pro,00613,third,Giải Ba,1,760
max3d_pro,00613,third,Giải Ba,2,508
max3d_pro,00613,third,Giải Ba,3,463
max3d_pro,00613,third,Giải Ba,4,350
max3d_pro,00613,third,Giải Ba,5,361
max3d_pro,00613,third,Giải Ba,6,581
max3d_pro,00613,third,Giải Ba,7,861
max3d_pro,00613,third,Giải Ba,8,313
max3d_pro,00614,special,Giải Đặc biệt,1,789
max3d_pro,00614,special,Giải Đặc biệt,2,037
max3d_pro,00614,first,Giải Nhất,1,560
max3d_pro,00614,first,Giải Nhất,2,651
max3d_pro,00614,first,Giải Nhất,3,551
max3d_pro,00614,first,Giải Nhất,4,925
max3d_pro,00614,second,Giải Nhì,1,095
max3d_pro,00614,second,Giải Nhì,2,838
max3d_pro,00614,second,Giải Nhì,3,078
max3d_pro,00614,second,Giải Nhì,4,118
max3d_pro,00614,second,Giải Nhì,5,807
max3d_pro,00614,second,Giải Nhì,6,213
max3d_pro,00614,third,Giải Ba,1,860
max3d_pro,00614,third,Giải Ba,2,277
max3d_pro,00614,third,Giải Ba,3,382
max3d_pro,00614,third,Giải Ba,4,830
max3d_pro,00614,third,Giải Ba,5,533
max3d_pro,00614,third,Giải Ba,6,069
max3d_pro,00614,third,Giải Ba,7,321
max3d_pro,00614,third,Giải Ba,8,460
max3d_pro,00615,special,Giải Đặc biệt,1,048
max3d_pro,00615,special,Giải Đặc biệt,2,319
max3d_pro,00615,first,Giải Nhất,1,554
max3d_pro,00615,first,Giải Nhất,2,254
max3d_pro,00615,first,Giải Nhất,3,553
max3d_pro,00615,first,Giải Nhất,4,809
max3d_pro,00615,second,Giải Nhì,1,166
max3d_pro,00615,second,Giải Nhì,2,004
max3d_pro,00615,second,Giải Nhì,3,561
max3d_pro,00615,second,Giải Nhì,4,499
max3d_pro,00615,second,Giải Nhì,5,832
max3d_pro,00615,second,Giải Nhì,6,520
max3d_pro,00615,third,Giải Ba,1,485
max3d_pro,00615,third,Giải Ba,2,816
max3d_pro,00615,third,Giải Ba,3,172
max3d_pro,00615,third,Giải Ba,4,249
max3d_pro,00615,third,Giải Ba,5,908
max3d_pro,00615,third,Giải Ba,6,795
max3d_pro,00615,third,Giải Ba,7,081
max3d_pro,00615,third,Giải Ba,8,239
max3d_pro,00616,special,Giải Đặc biệt,1,052
max3d_pro,00616,special,Giải Đặc biệt,2,761
max3d_pro,00616,first,Giải Nhất,1,221
max3d_pro,00616,first,Giải Nhất,2,545
max3d_pro,00616,first,Giải Nhất,3,495
max3d_pro,00616,first,Giải Nhất,4,576
max3d_pro,00616,second,Giải Nhì,1,918
max3d_pro,00616,second,Giải Nhì,2,415
max3d_pro,00616,second,Giải Nhì,3,979
max3d_pro,00616,second,Giải Nhì,4,602
max3d_pro,00616,second,Giải Nhì,5,110
max3d_pro,00616,second,Giải Nhì,6,188
max3d_pro,00616,third,Giải Ba,1,568
max3d_pro,00616,third,Giải Ba,2,198
max3d_pro,00616,third,Giải Ba,3,705
max3d_pro,00616,third,Giải Ba,4,666
max3d_pro,00616,third,Giải Ba,5,581
max3d_pro,00616,third,Giải Ba,6,010
max3d_pro,00616,third,Giải Ba,7,953
max3d_pro,00616,third,Giải Ba,8,426
max3d_pro,00617,special,Giải Đặc biệt,1,254
max3d_pro,00617,special,Giải Đặc biệt,2,866
max3d_pro,00617,first,Giải Nhất,1,018
max3d_pro,00617,first,Giải Nhất,2,306
max3d_pro,00617,first,Giải Nhất,3,925
max3d_pro,00617,first,Giải Nhất,4,201
max3d_pro,00617,second,Giải Nhì,1,717
max3d_pro,00617,second,Giải Nhì,2,664
max3d_pro,00617,second,Giải Nhì,3,910
max3d_pro,00617,second,Giải Nhì,4,680
max3d_pro,00617,second,Giải Nhì,5,972
max3d_pro,00617,second,Giải Nhì,6,817
max3d_pro,00617,third,Giải Ba,1,294
max3d_pro,00617,third,Giải Ba,2,066
max3d_pro,00617,third,Giải Ba,3,338
max3d_pro,00617,third,Giải Ba,4,397
max3d_pro,00617,third,Giải Ba,5,343
max3d_pro,00617,third,Giải Ba,6,322
max3d_pro,00617,third,Giải Ba,7,904
max3d_pro,00617,third,Giải Ba,8,575
max3d_pro,00618,special,Giải Đặc biệt,1,512
max3d_pro,00618,special,Giải Đặc biệt,2,831
max3d_pro,00618,first,Giải Nhất,1,748
max3d_pro,00618,first,Giải Nhất,2,922
max3d_pro,00618,first,Giải Nhất,3,464
max3d_pro,00618,first,Giải Nhất,4,173
max3d_pro,00618,second,Giải Nhì,1,884
max3d_pro,00618,second,Giải Nhì,2,251
max3d_pro,00618,second,Giải Nhì,3,544
max3d_pro,00618,second,Giải Nhì,4,848
max3d_pro,00618,second,Giải Nhì,5,944
max3d_pro,00618,second,Giải Nhì,6,186
max3d_pro,00618,third,Giải Ba,1,239
max3d_pro,00618,third,Giải Ba,2,392
max3d_pro,00618,third,Giải Ba,3,320
max3d_pro,00618,third,Giải Ba,4,634
max3d_pro,00618,third,Giải Ba,5,717
max3d_pro,00618,third,Giải Ba,6,024
max3d_pro,00618,third,Giải Ba,7,489
max3d_pro,00618,third,Giải Ba,8,619
max3d_pro,00619,special,Giải Đặc biệt,1,950
max3d_pro,00619,special,Giải Đặc biệt,2,430
max3d_pro,00619,first,Giải Nhất,1,138
max3d_pro,00619,first,Giải Nhất,2,873
max3d_pro,00619,first,Giải Nhất,3,773
max3d_pro,00619,first,Giải Nhất,4,637
max3d_pro,00619,second,Giải Nhì,1,919
max3d_pro,00619,second,Giải Nhì,2,012
max3d_pro,00619,second,Giải Nhì,3,958
max3d_pro,00619,second,Giải Nhì,4,784
max3d_pro,00619,second,Giải Nhì,5,437
max3d_pro,00619,second,Giải Nhì,6,068
max3d_pro,00619,third,Giải Ba,1,856
max3d_pro,00619,third,Giải Ba,2,326
max3d_pro,00619,third,Giải Ba,3,469
max3d_pro,00619,third,Giải Ba,4,079
max3d_pro,00619,third,Giải Ba,5,965
max3d_pro,00619,third,Giải Ba,6,705
max3d_pro,00619,third,Giải Ba,7,206
max3d_pro,00619,third,Giải Ba,8,198
max3d_pro,00620,special,Giải Đặc biệt,1,392
max3d_pro,00620,special,Giải Đặc biệt,2,498
max3d_pro,00620,first,Giải Nhất,1,743
max3d_pro,00620,first,Giải Nhất,2,477
max3d_pro,00620,first,Giải Nhất,3,392
max3d_pro,00620,first,Giải Nhất,4,366
max3d_pro,00620,second,Giải Nhì,1,040
max3d_pro,00620,second,Giải Nhì,2,112
max3d_pro,00620,second,Giải Nhì,3,751
max3d_pro,00620,second,Giải Nhì,4,964
max3d_pro,00620,second,Giải Nhì,5,602
max3d_pro,00620,second,Giải Nhì,6,857
max3d_pro,00620,third,Giải Ba,1,702
max3d_pro,00620,third,Giải Ba,2,756
max3d_pro,00620,third,Giải Ba,3,402
max3d_pro,00620,third,Giải Ba,4,009
max3d_pro,00620,third,Giải Ba,5,229
max3d_pro,00620,third,Giải Ba,6,195
max3d_pro,00620,third,Giải Ba,7,264
max3d_pro,00620,third,Giải Ba,8,398
max3d_pro,00621,special,Giải Đặc biệt,1,606
max3d_pro,00621,special,Giải Đặc biệt,2,424
max3d_pro,00621,first,Giải Nhất,1,618
max3d_pro,00621,first,Giải Nhất,2,536
max3d_pro,00621,first,Giải Nhất,3,242
max3d_pro,00621,first,Giải Nhất,4,925
max3d_pro,00621,second,Giải Nhì,1,552
max3d_pro,00621,second,Giải Nhì,2,175
max3d_pro,00621,second,Giải Nhì,3,765
max3d_pro,00621,second,Giải Nhì,4,671
max3d_pro,00621,second,Giải Nhì,5,182
max3d_pro,00621,second,Giải Nhì,6,883
max3d_pro,00621,third,Giải Ba,1,874
max3d_pro,00621,third,Giải Ba,2,616
max3d_pro,00621,third,Giải Ba,3,639
max3d_pro,00621,third,Giải Ba,4,252
max3d_pro,00621,third,Giải Ba,5,980
max3d_pro,00621,third,Giải Ba,6,447
max3d_pro,00621,third,Giải Ba,7,417
max3d_pro,00621,third,Giải Ba,8,256
max3d_pro,00622,special,Giải Đặc biệt,1,945
max3d_pro,00622,special,Giải Đặc biệt,2,121
max3d_pro,00622,first,Giải Nhất,1,497
max3d_pro,00622,first,Giải Nhất,2,305
max3d_pro,00622,first,Giải Nhất,3,142
max3d_pro,00622,first,Giải Nhất,4,287
max3d_pro,00622,second,Giải Nhì,1,755
max3d_pro,00622,second,Giải Nhì,2,033
max3d_pro,00622,second,Giải Nhì,3,840
max3d_pro,00622,second,Giải Nhì,4,932
max3d_pro,00622,second,Giải Nhì,5,567
max3d_pro,00622,second,Giải Nhì,6,570
max3d_pro,00622,third,Giải Ba,1,232
max3d_pro,00622,third,Giải Ba,2,886
max3d_pro,00622,third,Giải Ba,3,848
max3d_pro,00622,third,Giải Ba,4,965
max3d_pro,00622,third,Giải Ba,5,128
max3d_pro,00622,third,Giải Ba,6,759
max3d_pro,00622,third,Giải Ba,7,726
max3d_pro,00622,third,Giải Ba,8,353
max3d_pro,00623,special,Giải Đặc biệt,1,331
max3d_pro,00623,special,Giải Đặc biệt,2,297
max3d_pro,00623,first,Giải Nhất,1,468
max3d_pro,00623,first,Giải Nhất,2,950
max3d_pro,00623,first,Giải Nhất,3,721
max3d_pro,00623,first,Giải Nhất,4,854
max3d_pro,00623,second,Giải Nhì,1,856
max3d_pro,00623,second,Giải Nhì,2,694
max3d_pro,00623,second,Giải Nhì,3,797
max3d_pro,00623,second,Giải Nhì,4,873
max3d_pro,00623,second,Giải Nhì,5,197
max3d_pro,00623,second,Giải Nhì,6,078
max3d_pro,00623,third,Giải Ba,1,372
max3d_pro,00623,third,Giải Ba,2,084
max3d_pro,00623,third,Giải Ba,3,843
max3d_pro,00623,third,Giải Ba,4,816
max3d_pro,00623,third,Giải Ba,5,798
max3d_pro,00623,third,Giải Ba,6,526
max3d_pro,00623,third,Giải Ba,7,489
max3d_pro,00623,third,Giải Ba,8,598
max3d_pro,00624,special,Giải Đặc biệt,1,765
max3d_pro,00624,special,Giải Đặc biệt,2,178
max3d_pro,00624,first,Giải Nhất,1,257
max3d_pro,00624,first,Giải Nhất,2,776
max3d_pro,00624,first,Giải Nhất,3,251
max3d_pro,00624,first,Giải Nhất,4,486
max3d_pro,00624,second,Giải Nhì,1,592
max3d_pro,00624,second,Giải Nhì,2,183
max3d_pro,00624,second,Giải Nhì,3,215
max3d_pro,00624,second,Giải Nhì,4,350
max3d_pro,00624,second,Giải Nhì,5,435
max3d_pro,00624,second,Giải Nhì,6,535
max3d_pro,00624,third,Giải Ba,1,735
max3d_pro,00624,third,Giải Ba,2,236
max3d_pro,00624,third,Giải Ba,3,632
max3d_pro,00624,third,Giải Ba,4,758
max3d_pro,00624,third,Giải Ba,5,529
max3d_pro,00624,third,Giải Ba,6,761
max3d_pro,00624,third,Giải Ba,7,363
max3d_pro,00624,third,Giải Ba,8,452
max3d_pro,00625,special,Giải Đặc biệt,1,644
max3d_pro,00625,special,Giải Đặc biệt,2,242
max3d_pro,00625,first,Giải Nhất,1,699
max3d_pro,00625,first,Giải Nhất,2,058
max3d_pro,00625,first,Giải Nhất,3,447
max3d_pro,00625,first,Giải Nhất,4,864
max3d_pro,00625,second,Giải Nhì,1,305
max3d_pro,00625,second,Giải Nhì,2,268
max3d_pro,00625,second,Giải Nhì,3,428
max3d_pro,00625,second,Giải Nhì,4,102
max3d_pro,00625,second,Giải Nhì,5,605
max3d_pro,00625,second,Giải Nhì,6,010
max3d_pro,00625,third,Giải Ba,1,526
max3d_pro,00625,third,Giải Ba,2,521
max3d_pro,00625,third,Giải Ba,3,881
max3d_pro,00625,third,Giải Ba,4,771
max3d_pro,00625,third,Giải Ba,5,480
max3d_pro,00625,third,Giải Ba,6,159
max3d_pro,00625,third,Giải Ba,7,060
max3d_pro,00625,third,Giải Ba,8,325
max3d_pro,00626,special,Giải Đặc biệt,1,451
max3d_pro,00626,special,Giải Đặc biệt,2,219
max3d_pro,00626,first,Giải Nhất,1,338
max3d_pro,00626,first,Giải Nhất,2,400
max3d_pro,00626,first,Giải Nhất,3,295
max3d_pro,00626,first,Giải Nhất,4,444
max3d_pro,00626,second,Giải Nhì,1,112
max3d_pro,00626,second,Giải Nhì,2,510
max3d_pro,00626,second,Giải Nhì,3,353
max3d_pro,00626,second,Giải Nhì,4,196
max3d_pro,00626,second,Giải Nhì,5,140
max3d_pro,00626,second,Giải Nhì,6,531
max3d_pro,00626,third,Giải Ba,1,838
max3d_pro,00626,third,Giải Ba,2,980
max3d_pro,00626,third,Giải Ba,3,716
max3d_pro,00626,third,Giải Ba,4,154
max3d_pro,00626,third,Giải Ba,5,429
max3d_pro,00626,third,Giải Ba,6,869
max3d_pro,00626,third,Giải Ba,7,481
max3d_pro,00626,third,Giải Ba,8,170
max3d_pro,00627,special,Giải Đặc biệt,1,508
max3d_pro,00627,special,Giải Đặc biệt,2,486
max3d_pro,00627,first,Giải Nhất,1,009
max3d_pro,00627,first,Giải Nhất,2,037
max3d_pro,00627,first,Giải Nhất,3,573
max3d_pro,00627,first,Giải Nhất,4,639
max3d_pro,00627,second,Giải Nhì,1,914
max3d_pro,00627,second,Giải Nhì,2,029
max3d_pro,00627,second,Giải Nhì,3,529
max3d_pro,00627,second,Giải Nhì,4,361
max3d_pro,00627,second,Giải Nhì,5,291
max3d_pro,00627,second,Giải Nhì,6,660
max3d_pro,00627,third,Giải Ba,1,547
max3d_pro,00627,third,Giải Ba,2,734
max3d_pro,00627,third,Giải Ba,3,568
max3d_pro,00627,third,Giải Ba,4,636
max3d_pro,00627,third,Giải Ba,5,067
max3d_pro,00627,third,Giải Ba,6,544
max3d_pro,00627,third,Giải Ba,7,005
max3d_pro,00627,third,Giải Ba,8,859
max3d_pro,00628,special,Giải Đặc biệt,1,921
max3d_pro,00628,special,Giải Đặc biệt,2,906
max3d_pro,00628,first,Giải Nhất,1,150
max3d_pro,00628,first,Giải Nhất,2,344
max3d_pro,00628,first,Giải Nhất,3,250
max3d_pro,00628,first,Giải Nhất,4,984
max3d_pro,00628,second,Giải Nhì,1,684
max3d_pro,00628,second,Giải Nhì,2,637
max3d_pro,00628,second,Giải Nhì,3,745
max3d_pro,00628,second,Giải Nhì,4,140
max3d_pro,00628,second,Giải Nhì,5,055
max3d_pro,00628,second,Giải Nhì,6,419
max3d_pro,00628,third,Giải Ba,1,824
max3d_pro,00628,third,Giải Ba,2,318
max3d_pro,00628,third,Giải Ba,3,932
max3d_pro,00628,third,Giải Ba,4,960
max3d_pro,00628,third,Giải Ba,5,008
max3d_pro,00628,third,Giải Ba,6,546
max3d_pro,00628,third,Giải Ba,7,485
max3d_pro,00628,third,Giải Ba,8,527
max3d_pro,00629,special,Giải Đặc biệt,1,168
max3d_pro,00629,special,Giải Đặc biệt,2,325
max3d_pro,00629,first,Giải Nhất,1,008
max3d_pro,00629,first,Giải Nhất,2,454
max3d_pro,00629,first,Giải Nhất,3,501
max3d_pro,00629,first,Giải Nhất,4,023
max3d_pro,00629,second,Giải Nhì,1,885
max3d_pro,00629,second,Giải Nhì,2,299
max3d_pro,00629,second,Giải Nhì,3,509
max3d_pro,00629,second,Giải Nhì,4,920
max3d_pro,00629,second,Giải Nhì,5,397
max3d_pro,00629,second,Giải Nhì,6,573
max3d_pro,00629,third,Giải Ba,1,220
max3d_pro,00629,third,Giải Ba,2,070
max3d_pro,00629,third,Giải Ba,3,221
max3d_pro,00629,third,Giải Ba,4,354
max3d_pro,00629,third,Giải Ba,5,083
max3d_pro,00629,third,Giải Ba,6,766
max3d_pro,00629,third,Giải Ba,7,238
max3d_pro,00629,third,Giải Ba,8,093
max3d_pro,00630,special,Giải Đặc biệt,1,714
max3d_pro,00630,special,Giải Đặc biệt,2,339
max3d_pro,00630,first,Giải Nhất,1,109
max3d_pro,00630,first,Giải Nhất,2,934
max3d_pro,00630,first,Giải Nhất,3,451
max3d_pro,00630,first,Giải Nhất,4,476
max3d_pro,00630,second,Giải Nhì,1,440
max3d_pro,00630,second,Giải Nhì,2,651
max3d_pro,00630,second,Giải Nhì,3,045
max3d_pro,00630,second,Giải Nhì,4,221
max3d_pro,00630,second,Giải Nhì,5,081
max3d_pro,00630,second,Giải Nhì,6,163
max3d_pro,00630,third,Giải Ba,1,859
max3d_pro,00630,third,Giải Ba,2,183
max3d_pro,00630,third,Giải Ba,3,018
max3d_pro,00630,third,Giải Ba,4,246
max3d_pro,00630,third,Giải Ba,5,403
max3d_pro,00630,third,Giải Ba,6,346
max3d_pro,00630,third,Giải Ba,7,588
max3d_pro,00630,third,Giải Ba,8,628
max3d_pro,00631,special,Giải Đặc biệt,1,342
max3d_pro,00631,special,Giải Đặc biệt,2,341
max3d_pro,00631,first,Giải Nhất,1,672
max3d_pro,00631,first,Giải Nhất,2,120
max3d_pro,00631,first,Giải Nhất,3,242
max3d_pro,00631,first,Giải Nhất,4,122
max3d_pro,00631,second,Giải Nhì,1,256
max3d_pro,00631,second,Giải Nhì,2,896
max3d_pro,00631,second,Giải Nhì,3,180
max3d_pro,00631,second,Giải Nhì,4,686
max3d_pro,00631,second,Giải Nhì,5,542
max3d_pro,00631,second,Giải Nhì,6,536
max3d_pro,00631,third,Giải Ba,1,578
max3d_pro,00631,third,Giải Ba,2,089
max3d_pro,00631,third,Giải Ba,3,766
max3d_pro,00631,third,Giải Ba,4,639
max3d_pro,00631,third,Giải Ba,5,507
max3d_pro,00631,third,Giải Ba,6,804
max3d_pro,00631,third,Giải Ba,7,990
max3d_pro,00631,third,Giải Ba,8,042
max3d_pro,00632,special,Giải Đặc biệt,1,025
max3d_pro,00632,special,Giải Đặc biệt,2,802
max3d_pro,00632,first,Giải Nhất,1,966
max3d_pro,00632,first,Giải Nhất,2,665
max3d_pro,00632,first,Giải Nhất,3,911
max3d_pro,00632,first,Giải Nhất,4,167
max3d_pro,00632,second,Giải Nhì,1,511
max3d_pro,00632,second,Giải Nhì,2,136
max3d_pro,00632,second,Giải Nhì,3,365
max3d_pro,00632,second,Giải Nhì,4,591
max3d_pro,00632,second,Giải Nhì,5,149
max3d_pro,00632,second,Giải Nhì,6,374
max3d_pro,00632,third,Giải Ba,1,581
max3d_pro,00632,third,Giải Ba,2,395
max3d_pro,00632,third,Giải Ba,3,881
max3d_pro,00632,third,Giải Ba,4,370
max3d_pro,00632,third,Giải Ba,5,270
max3d_pro,00632,third,Giải Ba,6,371
max3d_pro,00632,third,Giải Ba,7,745
max3d_pro,00632,third,Giải Ba,8,993
max3d_pro,00633,special,Giải Đặc biệt,1,408
max3d_pro,00633,special,Giải Đặc biệt,2,452
max3d_pro,00633,first,Giải Nhất,1,462
max3d_pro,00633,first,Giải Nhất,2,949
max3d_pro,00633,first,Giải Nhất,3,134
max3d_pro,00633,first,Giải Nhất,4,421
max3d_pro,00633,second,Giải Nhì,1,269
max3d_pro,00633,second,Giải Nhì,2,916
max3d_pro,00633,second,Giải Nhì,3,577
max3d_pro,00633,second,Giải Nhì,4,427
max3d_pro,00633,second,Giải Nhì,5,686
max3d_pro,00633,second,Giải Nhì,6,301
max3d_pro,00633,third,Giải Ba,1,314
max3d_pro,00633,third,Giải Ba,2,375
max3d_pro,00633,third,Giải Ba,3,513
max3d_pro,00633,third,Giải Ba,4,386
max3d_pro,00633,third,Giải Ba,5,416
max3d_pro,00633,third,Giải Ba,6,867
max3d_pro,00633,third,Giải Ba,7,072
max3d_pro,00633,third,Giải Ba,8,307
max3d_pro,00634,special,Giải Đặc biệt,1,017
max3d_pro,00634,special,Giải Đặc biệt,2,566
max3d_pro,00634,first,Giải Nhất,1,180
max3d_pro,00634,first,Giải Nhất,2,993
max3d_pro,00634,first,Giải Nhất,3,281
max3d_pro,00634,first,Giải Nhất,4,279
max3d_pro,00634,second,Giải Nhì,1,281
max3d_pro,00634,second,Giải Nhì,2,104
max3d_pro,00634,second,Giải Nhì,3,879
max3d_pro,00634,second,Giải Nhì,4,532
max3d_pro,00634,second,Giải Nhì,5,737
max3d_pro,00634,second,Giải Nhì,6,381
max3d_pro,00634,third,Giải Ba,1,981
max3d_pro,00634,third,Giải Ba,2,795
max3d_pro,00634,third,Giải Ba,3,024
max3d_pro,00634,third,Giải Ba,4,712
max3d_pro,00634,third,Giải Ba,5,904
max3d_pro,00634,third,Giải Ba,6,248
max3d_pro,00634,third,Giải Ba,7,981
max3d_pro,00634,third,Giải Ba,8,502
max3d_pro,00635,special,Giải Đặc biệt,1,730
max3d_pro,00635,special,Giải Đặc biệt,2,471
max3d_pro,00635,first,Giải Nhất,1,118
max3d_pro,00635,first,Giải Nhất,2,371
max3d_pro,00635,first,Giải Nhất,3,759
max3d_pro,00635,first,Giải Nhất,4,936
max3d_pro,00635,second,Giải Nhì,1,932
max3d_pro,00635,second,Giải Nhì,2,855
max3d_pro,00635,second,Giải Nhì,3,400
max3d_pro,00635,second,Giải Nhì,4,738
max3d_pro,00635,second,Giải Nhì,5,636
max3d_pro,00635,second,Giải Nhì,6,024
max3d_pro,00635,third,Giải Ba,1,064
max3d_pro,00635,third,Giải Ba,2,422
max3d_pro,00635,third,Giải Ba,3,532
max3d_pro,00635,third,Giải Ba,4,442
max3d_pro,00635,third,Giải Ba,5,386
max3d_pro,00635,third,Giải Ba,6,763
max3d_pro,00635,third,Giải Ba,7,894
max3d_pro,00635,third,Giải Ba,8,149
max3d_pro,00636,special,Giải Đặc biệt,1,834
max3d_pro,00636,special,Giải Đặc biệt,2,491
max3d_pro,00636,first,Giải Nhất,1,103
max3d_pro,00636,first,Giải Nhất,2,331
max3d_pro,00636,first,Giải Nhất,3,493
max3d_pro,00636,first,Giải Nhất,4,008
max3d_pro,00636,second,Giải Nhì,1,002
max3d_pro,00636,second,Giải Nhì,2,786
max3d_pro,00636,second,Giải Nhì,3,556
max3d_pro,00636,second,Giải Nhì,4,166
max3d_pro,00636,second,Giải Nhì,5,152
max3d_pro,00636,second,Giải Nhì,6,939
max3d_pro,00636,third,Giải Ba,1,205
max3d_pro,00636,third,Giải Ba,2,666
max3d_pro,00636,third,Giải Ba,3,872
max3d_pro,00636,third,Giải Ba,4,115
max3d_pro,00636,third,Giải Ba,5,170
max3d_pro,00636,third,Giải Ba,6,391
max3d_pro,00636,third,Giải Ba,7,818
max3d_pro,00636,third,Giải Ba,8,719
max3d_pro,00637,special,Giải Đặc biệt,1,207
max3d_pro,00637,special,Giải Đặc biệt,2,504
max3d_pro,00637,first,Giải Nhất,1,352
max3d_pro,00637,first,Giải Nhất,2,991
max3d_pro,00637,first,Giải Nhất,3,918
max3d_pro,00637,first,Giải Nhất,4,176
max3d_pro,00637,second,Giải Nhì,1,952
max3d_pro,00637,second,Giải Nhì,2,504
max3d_pro,00637,second,Giải Nhì,3,805
max3d_pro,00637,second,Giải Nhì,4,120
max3d_pro,00637,second,Giải Nhì,5,045
max3d_pro,00637,second,Giải Nhì,6,866
max3d_pro,00637,third,Giải Ba,1,886
max3d_pro,00637,third,Giải Ba,2,160
max3d_pro,00637,third,Giải Ba,3,849
max3d_pro,00637,third,Giải Ba,4,736
max3d_pro,00637,third,Giải Ba,5,478
max3d_pro,00637,third,Giải Ba,6,007
max3d_pro,00637,third,Giải Ba,7,511
max3d_pro,00637,third,Giải Ba,8,731
max3d_pro,00638,special,Giải Đặc biệt,1,063
max3d_pro,00638,special,Giải Đặc biệt,2,615
max3d_pro,00638,first,Giải Nhất,1,255
max3d_pro,00638,first,Giải Nhất,2,181
max3d_pro,00638,first,Giải Nhất,3,364
max3d_pro,00638,first,Giải Nhất,4,408
max3d_pro,00638,second,Giải Nhì,1,772
max3d_pro,00638,second,Giải Nhì,2,578
max3d_pro,00638,second,Giải Nhì,3,353
max3d_pro,00638,second,Giải Nhì,4,710
max3d_pro,00638,second,Giải Nhì,5,796
max3d_pro,00638,second,Giải Nhì,6,618
max3d_pro,00638,third,Giải Ba,1,081
max3d_pro,00638,third,Giải Ba,2,217
max3d_pro,00638,third,Giải Ba,3,915
max3d_pro,00638,third,Giải Ba,4,518
max3d_pro,00638,third,Giải Ba,5,895
max3d_pro,00638,third,Giải Ba,6,184
max3d_pro,00638,third,Giải Ba,7,802
max3d_pro,00638,third,Giải Ba,8,956
max3d_pro,00639,special,Giải Đặc biệt,1,631
max3d_pro,00639,special,Giải Đặc biệt,2,009
max3d_pro,00639,first,Giải Nhất,1,674
max3d_pro,00639,first,Giải Nhất,2,261
max3d_pro,00639,first,Giải Nhất,3,360
max3d_pro,00639,first,Giải Nhất,4,968
max3d_pro,00639,second,Giải Nhì,1,678
max3d_pro,00639,second,Giải Nhì,2,548
max3d_pro,00639,second,Giải Nhì,3,264
max3d_pro,00639,second,Giải Nhì,4,876
max3d_pro,00639,second,Giải Nhì,5,310
max3d_pro,00639,second,Giải Nhì,6,538
max3d_pro,00639,third,Giải Ba,1,456
max3d_pro,00639,third,Giải Ba,2,847
max3d_pro,00639,third,Giải Ba,3,262
max3d_pro,00639,third,Giải Ba,4,776
max3d_pro,00639,third,Giải Ba,5,720
max3d_pro,00639,third,Giải Ba,6,585
max3d_pro,00639,third,Giải Ba,7,985
max3d_pro,00639,third,Giải Ba,8,969
max3d_pro,00640,special,Giải Đặc biệt,1,762
max3d_pro,00640,special,Giải Đặc biệt,2,364
max3d_pro,00640,first,Giải Nhất,1,932
max3d_pro,00640,first,Giải Nhất,2,740
max3d_pro,00640,first,Giải Nhất,3,896
max3d_pro,00640,first,Giải Nhất,4,394
max3d_pro,00640,second,Giải Nhì,1,804
max3d_pro,00640,second,Giải Nhì,2,077
max3d_pro,00640,second,Giải Nhì,3,262
max3d_pro,00640,second,Giải Nhì,4,690
max3d_pro,00640,second,Giải Nhì,5,538
max3d_pro,00640,second,Giải Nhì,6,965
max3d_pro,00640,third,Giải Ba,1,484
max3d_pro,00640,third,Giải Ba,2,272
max3d_pro,00640,third,Giải Ba,3,304
max3d_pro,00640,third,Giải Ba,4,784
max3d_pro,00640,third,Giải Ba,5,631
max3d_pro,00640,third,Giải Ba,6,474
max3d_pro,00640,third,Giải Ba,7,544
max3d_pro,00640,third,Giải Ba,8,494
max3d_pro,00641,special,Giải Đặc biệt,1,189
max3d_pro,00641,special,Giải Đặc biệt,2,697
max3d_pro,00641,first,Giải Nhất,1,804
max3d_pro,00641,first,Giải Nhất,2,846
max3d_pro,00641,first,Giải Nhất,3,071
max3d_pro,00641,first,Giải Nhất,4,607
max3d_pro,00641,second,Giải Nhì,1,880
max3d_pro,00641,second,Giải Nhì,2,045
max3d_pro,00641,second,Giải Nhì,3,372
max3d_pro,00641,second,Giải Nhì,4,720
max3d_pro,00641,second,Giải Nhì,5,081
max3d_pro,00641,second,Giải Nhì,6,273
max3d_pro,00641,third,Giải Ba,1,486
max3d_pro,00641,third,Giải Ba,2,445
max3d_pro,00641,third,Giải Ba,3,758
max3d_pro,00641,third,Giải Ba,4,346
max3d_pro,00641,third,Giải Ba,5,250
max3d_pro,00641,third,Giải Ba,6,581
max3d_pro,00641,third,Giải Ba,7,705
max3d_pro,00641,third,Giải Ba,8,692
max3d_pro,00642,special,Giải Đặc biệt,1,236
max3d_pro,00642,special,Giải Đặc biệt,2,407
max3d_pro,00642,first,Giải Nhất,1,523
max3d_pro,00642,first,Giải Nhất,2,972
max3d_pro,00642,first,Giải Nhất,3,396
max3d_pro,00642,first,Giải Nhất,4,093
max3d_pro,00642,second,Giải Nhì,1,471
max3d_pro,00642,second,Giải Nhì,2,399
max3d_pro,00642,second,Giải Nhì,3,247
max3d_pro,00642,second,Giải Nhì,4,489
max3d_pro,00642,second,Giải Nhì,5,987
max3d_pro,00642,second,Giải Nhì,6,249
max3d_pro,00642,third,Giải Ba,1,189
max3d_pro,00642,third,Giải Ba,2,071
max3d_pro,00642,third,Giải Ba,3,954
max3d_pro,00642,third,Giải Ba,4,807
max3d_pro,00642,third,Giải Ba,5,998
max3d_pro,00642,third,Giải Ba,6,062
max3d_pro,00642,third,Giải Ba,7,869
max3d_pro,00642,third,Giải Ba,8,294
max3d_pro,00643,special,Giải Đặc biệt,1,970
max3d_pro,00643,special,Giải Đặc biệt,2,845
max3d_pro,00643,first,Giải Nhất,1,704
max3d_pro,00643,first,Giải Nhất,2,738
max3d_pro,00643,first,Giải Nhất,3,377
max3d_pro,00643,first,Giải Nhất,4,792
max3d_pro,00643,second,Giải Nhì,1,799
max3d_pro,00643,second,Giải Nhì,2,410
max3d_pro,00643,second,Giải Nhì,3,730
max3d_pro,00643,second,Giải Nhì,4,840
max3d_pro,00643,second,Giải Nhì,5,316
max3d_pro,00643,second,Giải Nhì,6,228
max3d_pro,00643,third,Giải Ba,1,589
max3d_pro,00643,third,Giải Ba,2,748
max3d_pro,00643,third,Giải Ba,3,798
max3d_pro,00643,third,Giải Ba,4,557
max3d_pro,00643,third,Giải Ba,5,966
max3d_pro,00643,third,Giải Ba,6,604
max3d_pro,00643,third,Giải Ba,7,935
max3d_pro,00643,third,Giải Ba,8,825
max3d_pro,00644,special,Giải Đặc biệt,1,634
max3d_pro,00644,special,Giải Đặc biệt,2,985
max3d_pro,00644,first,Giải Nhất,1,496
max3d_pro,00644,first,Giải Nhất,2,621
max3d_pro,00644,first,Giải Nhất,3,387
max3d_pro,00644,first,Giải Nhất,4,399
max3d_pro,00644,second,Giải Nhì,1,492
max3d_pro,00644,second,Giải Nhì,2,249
max3d_pro,00644,second,Giải Nhì,3,256
max3d_pro,00644,second,Giải Nhì,4,069
max3d_pro,00644,second,Giải Nhì,5,819
max3d_pro,00644,second,Giải Nhì,6,462
max3d_pro,00644,third,Giải Ba,1,016
max3d_pro,00644,third,Giải Ba,2,921
max3d_pro,00644,third,Giải Ba,3,729
max3d_pro,00644,third,Giải Ba,4,609
max3d_pro,00644,third,Giải Ba,5,607
max3d_pro,00644,third,Giải Ba,6,722
max3d_pro,00644,third,Giải Ba,7,180
max3d_pro,00644,third,Giải Ba,8,363
max3d_pro,00645,special,Giải Đặc biệt,1,876
max3d_pro,00645,special,Giải Đặc biệt,2,393
max3d_pro,00645,first,Giải Nhất,1,011
max3d_pro,00645,first,Giải Nhất,2,217
max3d_pro,00645,first,Giải Nhất,3,243
max3d_pro,00645,first,Giải Nhất,4,168
max3d_pro,00645,second,Giải Nhì,1,388
max3d_pro,00645,second,Giải Nhì,2,557
max3d_pro,00645,second,Giải Nhì,3,438
max3d_pro,00645,second,Giải Nhì,4,391
max3d_pro,00645,second,Giải Nhì,5,905
max3d_pro,00645,second,Giải Nhì,6,117
max3d_pro,00645,third,Giải Ba,1,069
max3d_pro,00645,third,Giải Ba,2,574
max3d_pro,00645,third,Giải Ba,3,853
max3d_pro,00645,third,Giải Ba,4,964
max3d_pro,00645,third,Giải Ba,5,101
max3d_pro,00645,third,Giải Ba,6,152
max3d_pro,00645,third,Giải Ba,7,250
max3d_pro,00645,third,Giải Ba,8,768
max3d_pro,00646,special,Giải Đặc biệt,1,597
max3d_pro,00646,special,Giải Đặc biệt,2,426
max3d_pro,00646,first,Giải Nhất,1,470
max3d_pro,00646,first,Giải Nhất,2,488
max3d_pro,00646,first,Giải Nhất,3,673
max3d_pro,00646,first,Giải Nhất,4,131
max3d_pro,00646,second,Giải Nhì,1,317
max3d_pro,00646,second,Giải Nhì,2,875
max3d_pro,00646,second,Giải Nhì,3,829
max3d_pro,00646,second,Giải Nhì,4,100
max3d_pro,00646,second,Giải Nhì,5,221
max3d_pro,00646,second,Giải Nhì,6,881
max3d_pro,00646,third,Giải Ba,1,026
max3d_pro,00646,third,Giải Ba,2,248
max3d_pro,00646,third,Giải Ba,3,284
max3d_pro,00646,third,Giải Ba,4,528
max3d_pro,00646,third,Giải Ba,5,680
max3d_pro,00646,third,Giải Ba,6,794
max3d_pro,00646,third,Giải Ba,7,856
max3d_pro,00646,third,Giải Ba,8,011
max3d_pro,00647,special,Giải Đặc biệt,1,417
max3d_pro,00647,special,Giải Đặc biệt,2,859
max3d_pro,00647,first,Giải Nhất,1,332
max3d_pro,00647,first,Giải Nhất,2,165
max3d_pro,00647,first,Giải Nhất,3,308
max3d_pro,00647,first,Giải Nhất,4,556
max3d_pro,00647,second,Giải Nhì,1,805
max3d_pro,00647,second,Giải Nhì,2,674
max3d_pro,00647,second,Giải Nhì,3,019
max3d_pro,00647,second,Giải Nhì,4,142
max3d_pro,00647,second,Giải Nhì,5,356
max3d_pro,00647,second,Giải Nhì,6,817
max3d_pro,00647,third,Giải Ba,1,121
max3d_pro,00647,third,Giải Ba,2,785
max3d_pro,00647,third,Giải Ba,3,744
max3d_pro,00647,third,Giải Ba,4,415
max3d_pro,00647,third,Giải Ba,5,442
max3d_pro,00647,third,Giải Ba,6,697
max3d_pro,00647,third,Giải Ba,7,696
max3d_pro,00647,third,Giải Ba,8,218
max3d_pro,00648,special,Giải Đặc biệt,1,500
max3d_pro,00648,special,Giải Đặc biệt,2,707
max3d_pro,00648,first,Giải Nhất,1,223
max3d_pro,00648,first,Giải Nhất,2,585
max3d_pro,00648,first,Giải Nhất,3,984
max3d_pro,00648,first,Giải Nhất,4,126
max3d_pro,00648,second,Giải Nhì,1,678
max3d_pro,00648,second,Giải Nhì,2,391
max3d_pro,00648,second,Giải Nhì,3,290
max3d_pro,00648,second,Giải Nhì,4,816
max3d_pro,00648,second,Giải Nhì,5,787
max3d_pro,00648,second,Giải Nhì,6,480
max3d_pro,00648,third,Giải Ba,1,271
max3d_pro,00648,third,Giải Ba,2,671
max3d_pro,00648,third,Giải Ba,3,865
max3d_pro,00648,third,Giải Ba,4,854
max3d_pro,00648,third,Giải Ba,5,436
max3d_pro,00648,third,Giải Ba,6,056
max3d_pro,00648,third,Giải Ba,7,991
max3d_pro,00648,third,Giải Ba,8,850
max3d_pro,00649,special,Giải Đặc biệt,1,476
max3d_pro,00649,special,Giải Đặc biệt,2,754
max3d_pro,00649,first,Giải Nhất,1,207
max3d_pro,00649,first,Giải Nhất,2,430
max3d_pro,00649,first,Giải Nhất,3,699
max3d_pro,00649,first,Giải Nhất,4,206
max3d_pro,00649,second,Giải Nhì,1,973
max3d_pro,00649,second,Giải Nhì,2,136
max3d_pro,00649,second,Giải Nhì,3,982
max3d_pro,00649,second,Giải Nhì,4,759
max3d_pro,00649,second,Giải Nhì,5,710
max3d_pro,00649,second,Giải Nhì,6,923
max3d_pro,00649,third,Giải Ba,1,795
max3d_pro,00649,third,Giải Ba,2,381
max3d_pro,00649,third,Giải Ba,3,087
max3d_pro,00649,third,Giải Ba,4,102
max3d_pro,00649,third,Giải Ba,5,313
max3d_pro,00649,third,Giải Ba,6,837
max3d_pro,00649,third,Giải Ba,7,226
max3d_pro,00649,third,Giải Ba,8,538
max3d_pro,00650,special,Giải Đặc biệt,1,939
max3d_pro,00650,special,Giải Đặc biệt,2,975
max3d_pro,00650,first,Giải Nhất,1,383
max3d_pro,00650,first,Giải Nhất,2,694
max3d_pro,00650,first,Giải Nhất,3,818
max3d_pro,00650,first,Giải Nhất,4,157
max3d_pro,00650,second,Giải Nhì,1,752
max3d_pro,00650,second,Giải Nhì,2,319
max3d_pro,00650,second,Giải Nhì,3,439
max3d_pro,00650,second,Giải Nhì,4,190
max3d_pro,00650,second,Giải Nhì,5,145
max3d_pro,00650,second,Giải Nhì,6,631
max3d_pro,00650,third,Giải Ba,1,561
max3d_pro,00650,third,Giải Ba,2,912
max3d_pro,00650,third,Giải Ba,3,004
max3d_pro,00650,third,Giải Ba,4,769
max3d_pro,00650,third,Giải Ba,5,358
max3d_pro,00650,third,Giải Ba,6,547
max3d_pro,00650,third,Giải Ba,7,467
max3d_pro,00650,third,Giải Ba,8,754
max3d_pro,00651,special,Giải Đặc biệt,1,661
max3d_pro,00651,special,Giải Đặc biệt,2,459
max3d_pro,00651,first,Giải Nhất,1,836
max3d_pro,00651,first,Giải Nhất,2,322
max3d_pro,00651,first,Giải Nhất,3,203
max3d_pro,00651,first,Giải Nhất,4,119
max3d_pro,00651,second,Giải Nhì,1,762
max3d_pro,00651,second,Giải Nhì,2,558
max3d_pro,00651,second,Giải Nhì,3,272
max3d_pro,00651,second,Giải Nhì,4,719
max3d_pro,00651,second,Giải Nhì,5,902
max3d_pro,00651,second,Giải Nhì,6,923
max3d_pro,00651,third,Giải Ba,1,672
max3d_pro,00651,third,Giải Ba,2,411
max3d_pro,00651,third,Giải Ba,3,891
max3d_pro,00651,third,Giải Ba,4,121
max3d_pro,00651,third,Giải Ba,5,619
max3d_pro,00651,third,Giải Ba,6,934
max3d_pro,00651,third,Giải Ba,7,016
max3d_pro,00651,third,Giải Ba,8,831
max3d_pro,00652,special,Giải Đặc biệt,1,669
max3d_pro,00652,special,Giải Đặc biệt,2,101
max3d_pro,00652,first,Giải Nhất,1,059
max3d_pro,00652,first,Giải Nhất,2,448
max3d_pro,00652,first,Giải Nhất,3,772
max3d_pro,00652,first,Giải Nhất,4,073
max3d_pro,00652,second,Giải Nhì,1,466
max3d_pro,00652,second,Giải Nhì,2,456
max3d_pro,00652,second,Giải Nhì,3,303
max3d_pro,00652,second,Giải Nhì,4,977
max3d_pro,00652,second,Giải Nhì,5,112
max3d_pro,00652,second,Giải Nhì,6,192
max3d_pro,00652,third,Giải Ba,1,673
max3d_pro,00652,third,Giải Ba,2,871
max3d_pro,00652,third,Giải Ba,3,007
max3d_pro,00652,third,Giải Ba,4,507
max3d_pro,00652,third,Giải Ba,5,523
max3d_pro,00652,third,Giải Ba,6,277
max3d_pro,00652,third,Giải Ba,7,675
max3d_pro,00652,third,Giải Ba,8,325
max3d_pro,00653,special,Giải Đặc biệt,1,523
max3d_pro,00653,special,Giải Đặc biệt,2,561
max3d_pro,00653,first,Giải Nhất,1,648
max3d_pro,00653,first,Giải Nhất,2,670
max3d_pro,00653,first,Giải Nhất,3,247
max3d_pro,00653,first,Giải Nhất,4,246
max3d_pro,00653,second,Giải Nhì,1,378
max3d_pro,00653,second,Giải Nhì,2,967
max3d_pro,00653,second,Giải Nhì,3,850
max3d_pro,00653,second,Giải Nhì,4,696
max3d_pro,00653,second,Giải Nhì,5,520
max3d_pro,00653,second,Giải Nhì,6,570
max3d_pro,00653,third,Giải Ba,1,851
max3d_pro,00653,third,Giải Ba,2,069
max3d_pro,00653,third,Giải Ba,3,741
max3d_pro,00653,third,Giải Ba,4,459
max3d_pro,00653,third,Giải Ba,5,721
max3d_pro,00653,third,Giải Ba,6,914
max3d_pro,00653,third,Giải Ba,7,610
max3d_pro,00653,third,Giải Ba,8,446
max3d_pro,00654,special,Giải Đặc biệt,1,333
max3d_pro,00654,special,Giải Đặc biệt,2,083
max3d_pro,00654,first,Giải Nhất,1,239
max3d_pro,00654,first,Giải Nhất,2,151
max3d_pro,00654,first,Giải Nhất,3,545
max3d_pro,00654,first,Giải Nhất,4,196
max3d_pro,00654,second,Giải Nhì,1,834
max3d_pro,00654,second,Giải Nhì,2,406
max3d_pro,00654,second,Giải Nhì,3,487
max3d_pro,00654,second,Giải Nhì,4,427
max3d_pro,00654,second,Giải Nhì,5,326
max3d_pro,00654,second,Giải Nhì,6,689
max3d_pro,00654,third,Giải Ba,1,544
max3d_pro,00654,third,Giải Ba,2,066
max3d_pro,00654,third,Giải Ba,3,281
max3d_pro,00654,third,Giải Ba,4,548
max3d_pro,00654,third,Giải Ba,5,175
max3d_pro,00654,third,Giải Ba,6,376
max3d_pro,00654,third,Giải Ba,7,278
max3d_pro,00654,third,Giải Ba,8,087
max3d_pro,00655,special,Giải Đặc biệt,1,345
max3d_pro,00655,special,Giải Đặc biệt,2,390
max3d_pro,00655,first,Giải Nhất,1,530
max3d_pro,00655,first,Giải Nhất,2,899
max3d_pro,00655,first,Giải Nhất,3,629
max3d_pro,00655,first,Giải Nhất,4,381
max3d_pro,00655,second,Giải Nhì,1,808
max3d_pro,00655,second,Giải Nhì,2,481
max3d_pro,00655,second,Giải Nhì,3,113
max3d_pro,00655,second,Giải Nhì,4,328
max3d_pro,00655,second,Giải Nhì,5,716
max3d_pro,00655,second,Giải Nhì,6,982
max3d_pro,00655,third,Giải Ba,1,138
max3d_pro,00655,third,Giải Ba,2,618
max3d_pro,00655,third,Giải Ba,3,053
max3d_pro,00655,third,Giải Ba,4,917
max3d_pro,00655,third,Giải Ba,5,744
max3d_pro,00655,third,Giải Ba,6,934
max3d_pro,00655,third,Giải Ba,7,291
max3d_pro,00655,third,Giải Ba,8,766
max3d_pro,00656,special,Giải Đặc biệt,1,512
max3d_pro,00656,special,Giải Đặc biệt,2,848
max3d_pro,00656,first,Giải Nhất,1,911
max3d_pro,00656,first,Giải Nhất,2,333
max3d_pro,00656,first,Giải Nhất,3,959
max3d_pro,00656,first,Giải Nhất,4,288
max3d_pro,00656,second,Giải Nhì,1,438
max3d_pro,00656,second,Giải Nhì,2,212
max3d_pro,00656,second,Giải Nhì,3,603
max3d_pro,00656,second,Giải Nhì,4,605
max3d_pro,00656,second,Giải Nhì,5,120
max3d_pro,00656,second,Giải Nhì,6,724
max3d_pro,00656,third,Giải Ba,1,794
max3d_pro,00656,third,Giải Ba,2,691
max3d_pro,00656,third,Giải Ba,3,348
max3d_pro,00656,third,Giải Ba,4,813
max3d_pro,00656,third,Giải Ba,5,917
max3d_pro,00656,third,Giải Ba,6,466
max3d_pro,00656,third,Giải Ba,7,216
max3d_pro,00656,third,Giải Ba,8,344
max3d_pro,00657,special,Giải Đặc biệt,1,687
max3d_pro,00657,special,Giải Đặc biệt,2,644
max3d_pro,00657,first,Giải Nhất,1,440
max3d_pro,00657,first,Giải Nhất,2,518
max3d_pro,00657,first,Giải Nhất,3,488
max3d_pro,00657,first,Giải Nhất,4,314
max3d_pro,00657,second,Giải Nhì,1,320
max3d_pro,00657,second,Giải Nhì,2,448
max3d_pro,00657,second,Giải Nhì,3,575
max3d_pro,00657,second,Giải Nhì,4,962
max3d_pro,00657,second,Giải Nhì,5,195
max3d_pro,00657,second,Giải Nhì,6,712
max3d_pro,00657,third,Giải Ba,1,264
max3d_pro,00657,third,Giải Ba,2,533
max3d_pro,00657,third,Giải Ba,3,126
max3d_pro,00657,third,Giải Ba,4,891
max3d_pro,00657,third,Giải Ba,5,776
max3d_pro,00657,third,Giải Ba,6,356
max3d_pro,00657,third,Giải Ba,7,451
max3d_pro,00657,third,Giải Ba,8,629
max3d_pro,00658,special,Giải Đặc biệt,1,535
max3d_pro,00658,special,Giải Đặc biệt,2,134
max3d_pro,00658,first,Giải Nhất,1,911
max3d_pro,00658,first,Giải Nhất,2,435
max3d_pro,00658,first,Giải Nhất,3,000
max3d_pro,00658,first,Giải Nhất,4,768
max3d_pro,00658,second,Giải Nhì,1,361
max3d_pro,00658,second,Giải Nhì,2,708
max3d_pro,00658,second,Giải Nhì,3,712
max3d_pro,00658,second,Giải Nhì,4,240
max3d_pro,00658,second,Giải Nhì,5,373
max3d_pro,00658,second,Giải Nhì,6,332
max3d_pro,00658,third,Giải Ba,1,814
max3d_pro,00658,third,Giải Ba,2,299
max3d_pro,00658,third,Giải Ba,3,726
max3d_pro,00658,third,Giải Ba,4,839
max3d_pro,00658,third,Giải Ba,5,192
max3d_pro,00658,third,Giải Ba,6,788
max3d_pro,00658,third,Giải Ba,7,920
max3d_pro,00658,third,Giải Ba,8,862
max3d_pro,00659,special,Giải Đặc biệt,1,249
max3d_pro,00659,special,Giải Đặc biệt,2,225
max3d_pro,00659,first,Giải Nhất,1,080
max3d_pro,00659,first,Giải Nhất,2,217
max3d_pro,00659,first,Giải Nhất,3,572
max3d_pro,00659,first,Giải Nhất,4,691
max3d_pro,00659,second,Giải Nhì,1,176
max3d_pro,00659,second,Giải Nhì,2,830
max3d_pro,00659,second,Giải Nhì,3,539
max3d_pro,00659,second,Giải Nhì,4,381
max3d_pro,00659,second,Giải Nhì,5,269
max3d_pro,00659,second,Giải Nhì,6,688
max3d_pro,00659,third,Giải Ba,1,721
max3d_pro,00659,third,Giải Ba,2,609
max3d_pro,00659,third,Giải Ba,3,331
max3d_pro,00659,third,Giải Ba,4,749
max3d_pro,00659,third,Giải Ba,5,654
max3d_pro,00659,third,Giải Ba,6,138
max3d_pro,00659,third,Giải Ba,7,018
max3d_pro,00659,third,Giải Ba,8,671
max3d_pro,00660,special,Giải Đặc biệt,1,823
max3d_pro,00660,special,Giải Đặc biệt,2,071
max3d_pro,00660,first,Giải Nhất,1,935
max3d_pro,00660,first,Giải Nhất,2,943
max3d_pro,00660,first,Giải Nhất,3,508
max3d_pro,00660,first,Giải Nhất,4,824
max3d_pro,00660,second,Giải Nhì,1,217
max3d_pro,00660,second,Giải Nhì,2,194
max3d_pro,00660,second,Giải Nhì,3,392
max3d_pro,00660,second,Giải Nhì,4,386
max3d_pro,00660,second,Giải Nhì,5,868
max3d_pro,00660,second,Giải Nhì,6,637
max3d_pro,00660,third,Giải Ba,1,801
max3d_pro,00660,third,Giải Ba,2,346
max3d_pro,00660,third,Giải Ba,3,710
max3d_pro,00660,third,Giải Ba,4,376
max3d_pro,00660,third,Giải Ba,5,579
max3d_pro,00660,third,Giải Ba,6,732
max3d_pro,00660,third,Giải Ba,7,098
max3d_pro,00660,third,Giải Ba,8,000
max3d_pro,00661,special,Giải Đặc biệt,1,637
max3d_pro,00661,special,Giải Đặc biệt,2,377
max3d_pro,00661,first,Giải Nhất,1,159
max3d_pro,00661,first,Giải Nhất,2,247
max3d_pro,00661,first,Giải Nhất,3,462
max3d_pro,00661,first,Giải Nhất,4,701
max3d_pro,00661,second,Giải Nhì,1,587
max3d_pro,00661,second,Giải Nhì,2,262
max3d_pro,00661,second,Giải Nhì,3,795
max3d_pro,00661,second,Giải Nhì,4,642
max3d_pro,00661,second,Giải Nhì,5,949
max3d_pro,00661,second,Giải Nhì,6,271
max3d_pro,00661,third,Giải Ba,1,158
max3d_pro,00661,third,Giải Ba,2,650
max3d_pro,00661,third,Giải Ba,3,366
max3d_pro,00661,third,Giải Ba,4,420
max3d_pro,00661,third,Giải Ba,5,597
max3d_pro,00661,third,Giải Ba,6,595
max3d_pro,00661,third,Giải Ba,7,263
max3d_pro,00661,third,Giải Ba,8,539
max3d_pro,00662,special,Giải Đặc biệt,1,226
max3d_pro,00662,special,Giải Đặc biệt,2,173
max3d_pro,00662,first,Giải Nhất,1,005
max3d_pro,00662,first,Giải Nhất,2,922
max3d_pro,00662,first,Giải Nhất,3,613
max3d_pro,00662,first,Giải Nhất,4,821
max3d_pro,00662,second,Giải Nhì,1,186
max3d_pro,00662,second,Giải Nhì,2,420
max3d_pro,00662,second,Giải Nhì,3,341
max3d_pro,00662,second,Giải Nhì,4,912
max3d_pro,00662,second,Giải Nhì,5,753
max3d_pro,00662,second,Giải Nhì,6,847
max3d_pro,00662,third,Giải Ba,1,668
max3d_pro,00662,third,Giải Ba,2,560
max3d_pro,00662,third,Giải Ba,3,401
max3d_pro,00662,third,Giải Ba,4,167
max3d_pro,00662,third,Giải Ba,5,811
max3d_pro,00662,third,Giải Ba,6,989
max3d_pro,00662,third,Giải Ba,7,765
max3d_pro,00662,third,Giải Ba,8,068
max3d_pro,00663,special,Giải Đặc biệt,1,894
max3d_pro,00663,special,Giải Đặc biệt,2,912
max3d_pro,00663,first,Giải Nhất,1,630
max3d_pro,00663,first,Giải Nhất,2,257
max3d_pro,00663,first,Giải Nhất,3,428
max3d_pro,00663,first,Giải Nhất,4,743
max3d_pro,00663,second,Giải Nhì,1,908
max3d_pro,00663,second,Giải Nhì,2,993
max3d_pro,00663,second,Giải Nhì,3,149
max3d_pro,00663,second,Giải Nhì,4,925
max3d_pro,00663,second,Giải Nhì,5,130
max3d_pro,00663,second,Giải Nhì,6,170
max3d_pro,00663,third,Giải Ba,1,073
max3d_pro,00663,third,Giải Ba,2,932
max3d_pro,00663,third,Giải Ba,3,759
max3d_pro,00663,third,Giải Ba,4,068
max3d_pro,00663,third,Giải Ba,5,459
max3d_pro,00663,third,Giải Ba,6,790
max3d_pro,00663,third,Giải Ba,7,112
max3d_pro,00663,third,Giải Ba,8,934
max3d_pro,00664,special,Giải Đặc biệt,1,254
max3d_pro,00664,special,Giải Đặc biệt,2,481
max3d_pro,00664,first,Giải Nhất,1,317
max3d_pro,00664,first,Giải Nhất,2,068
max3d_pro,00664,first,Giải Nhất,3,948
max3d_pro,00664,first,Giải Nhất,4,674
max3d_pro,00664,second,Giải Nhì,1,093
max3d_pro,00664,second,Giải Nhì,2,366
max3d_pro,00664,second,Giải Nhì,3,984
max3d_pro,00664,second,Giải Nhì,4,687
max3d_pro,00664,second,Giải Nhì,5,353
max3d_pro,00664,second,Giải Nhì,6,980
max3d_pro,00664,third,Giải Ba,1,067
max3d_pro,00664,third,Giải Ba,2,390
max3d_pro,00664,third,Giải Ba,3,026
max3d_pro,00664,third,Giải Ba,4,617
max3d_pro,00664,third,Giải Ba,5,597
max3d_pro,00664,third,Giải Ba,6,578
max3d_pro,00664,third,Giải Ba,7,905
max3d_pro,00664,third,Giải Ba,8,816
max3d_pro,00665,special,Giải Đặc biệt,1,038
max3d_pro,00665,special,Giải Đặc biệt,2,097
max3d_pro,00665,first,Giải Nhất,1,279
max3d_pro,00665,first,Giải Nhất,2,615
max3d_pro,00665,first,Giải Nhất,3,188
max3d_pro,00665,first,Giải Nhất,4,169
max3d_pro,00665,second,Giải Nhì,1,926
max3d_pro,00665,second,Giải Nhì,2,624
max3d_pro,00665,second,Giải Nhì,3,934
max3d_pro,00665,second,Giải Nhì,4,623
max3d_pro,00665,second,Giải Nhì,5,804
max3d_pro,00665,second,Giải Nhì,6,214
max3d_pro,00665,third,Giải Ba,1,370
max3d_pro,00665,third,Giải Ba,2,238
max3d_pro,00665,third,Giải Ba,3,670
max3d_pro,00665,third,Giải Ba,4,638
max3d_pro,00665,third,Giải Ba,5,937
max3d_pro,00665,third,Giải Ba,6,267
max3d_pro,00665,third,Giải Ba,7,732
max3d_pro,00665,third,Giải Ba,8,365
max3d_pro,00666,special,Giải Đặc biệt,1,108
max3d_pro,00666,special,Giải Đặc biệt,2,555
max3d_pro,00666,first,Giải Nhất,1,235
max3d_pro,00666,first,Giải Nhất,2,798
max3d_pro,00666,first,Giải Nhất,3,113
max3d_pro,00666,first,Giải Nhất,4,684
max3d_pro,00666,second,Giải Nhì,1,315
max3d_pro,00666,second,Giải Nhì,2,951
max3d_pro,00666,second,Giải Nhì,3,355
max3d_pro,00666,second,Giải Nhì,4,647
max3d_pro,00666,second,Giải Nhì,5,970
max3d_pro,00666,second,Giải Nhì,6,601
max3d_pro,00666,third,Giải Ba,1,412
max3d_pro,00666,third,Giải Ba,2,423
max3d_pro,00666,third,Giải Ba,3,833
max3d_pro,00666,third,Giải Ba,4,387
max3d_pro,00666,third,Giải Ba,5,102
max3d_pro,00666,third,Giải Ba,6,984
max3d_pro,00666,third,Giải Ba,7,679
max3d_pro,00666,third,Giải Ba,8,292
max3d_pro,00667,special,Giải Đặc biệt,1,860
max3d_pro,00667,special,Giải Đặc biệt,2,573
max3d_pro,00667,first,Giải Nhất,1,776
max3d_pro,00667,first,Giải Nhất,2,536
max3d_pro,00667,first,Giải Nhất,3,968
max3d_pro,00667,first,Giải Nhất,4,156
max3d_pro,00667,second,Giải Nhì,1,852
max3d_pro,00667,second,Giải Nhì,2,281
max3d_pro,00667,second,Giải Nhì,3,079
max3d_pro,00667,second,Giải Nhì,4,355
max3d_pro,00667,second,Giải Nhì,5,916
max3d_pro,00667,second,Giải Nhì,6,332
max3d_pro,00667,third,Giải Ba,1,108
max3d_pro,00667,third,Giải Ba,2,517
max3d_pro,00667,third,Giải Ba,3,504
max3d_pro,00667,third,Giải Ba,4,674
max3d_pro,00667,third,Giải Ba,5,041
max3d_pro,00667,third,Giải Ba,6,240
max3d_pro,00667,third,Giải Ba,7,273
max3d_pro,00667,third,Giải Ba,8,599
max3d_pro,00668,special,Giải Đặc biệt,1,245
max3d_pro,00668,special,Giải Đặc biệt,2,086
max3d_pro,00668,first,Giải Nhất,1,973
max3d_pro,00668,first,Giải Nhất,2,069
max3d_pro,00668,first,Giải Nhất,3,495
max3d_pro,00668,first,Giải Nhất,4,916
max3d_pro,00668,second,Giải Nhì,1,343
max3d_pro,00668,second,Giải Nhì,2,457
max3d_pro,00668,second,Giải Nhì,3,358
max3d_pro,00668,second,Giải Nhì,4,735
max3d_pro,00668,second,Giải Nhì,5,442
max3d_pro,00668,second,Giải Nhì,6,661
max3d_pro,00668,third,Giải Ba,1,232
max3d_pro,00668,third,Giải Ba,2,205
max3d_pro,00668,third,Giải Ba,3,830
max3d_pro,00668,third,Giải Ba,4,654
max3d_pro,00668,third,Giải Ba,5,130
max3d_pro,00668,third,Giải Ba,6,459
max3d_pro,00668,third,Giải Ba,7,198
max3d_pro,00668,third,Giải Ba,8,796
max3d_pro,00669,special,Giải Đặc biệt,1,481
max3d_pro,00669,special,Giải Đặc biệt,2,246
max3d_pro,00669,first,Giải Nhất,1,298
max3d_pro,00669,first,Giải Nhất,2,176
max3d_pro,00669,first,Giải Nhất,3,025
max3d_pro,00669,first,Giải Nhất,4,143
max3d_pro,00669,second,Giải Nhì,1,929
max3d_pro,00669,second,Giải Nhì,2,253
max3d_pro,00669,second,Giải Nhì,3,672
max3d_pro,00669,second,Giải Nhì,4,015
max3d_pro,00669,second,Giải Nhì,5,227
max3d_pro,00669,second,Giải Nhì,6,278
max3d_pro,00669,third,Giải Ba,1,296
max3d_pro,00669,third,Giải Ba,2,333
max3d_pro,00669,third,Giải Ba,3,150
max3d_pro,00669,third,Giải Ba,4,960
max3d_pro,00669,third,Giải Ba,5,891
max3d_pro,00669,third,Giải Ba,6,664
max3d_pro,00669,third,Giải Ba,7,527
max3d_pro,00669,third,Giải Ba,8,879
max3d_pro,00670,special,Giải Đặc biệt,1,218
max3d_pro,00670,special,Giải Đặc biệt,2,552
max3d_pro,00670,first,Giải Nhất,1,686
max3d_pro,00670,first,Giải Nhất,2,334
max3d_pro,00670,first,Giải Nhất,3,453
max3d_pro,00670,first,Giải Nhất,4,090
max3d_pro,00670,second,Giải Nhì,1,704
max3d_pro,00670,second,Giải Nhì,2,874
max3d_pro,00670,second,Giải Nhì,3,436
max3d_pro,00670,second,Giải Nhì,4,499
max3d_pro,00670,second,Giải Nhì,5,086
max3d_pro,00670,second,Giải Nhì,6,766
max3d_pro,00670,third,Giải Ba,1,411
max3d_pro,00670,third,Giải Ba,2,385
max3d_pro,00670,third,Giải Ba,3,766
max3d_pro,00670,third,Giải Ba,4,407
max3d_pro,00670,third,Giải Ba,5,076
max3d_pro,00670,third,Giải Ba,6,420
max3d_pro,00670,third,Giải Ba,7,206
max3d_pro,00670,third,Giải Ba,8,639
max3d_pro,00671,special,Giải Đặc biệt,1,271
max3d_pro,00671,special,Giải Đặc biệt,2,150
max3d_pro,00671,first,Giải Nhất,1,194
max3d_pro,00671,first,Giải Nhất,2,564
max3d_pro,00671,first,Giải Nhất,3,023
max3d_pro,00671,first,Giải Nhất,4,654
max3d_pro,00671,second,Giải Nhì,1,807
max3d_pro,00671,second,Giải Nhì,2,240
max3d_pro,00671,second,Giải Nhì,3,873
max3d_pro,00671,second,Giải Nhì,4,075
max3d_pro,00671,second,Giải Nhì,5,824
max3d_pro,00671,second,Giải Nhì,6,517
max3d_pro,00671,third,Giải Ba,1,186
max3d_pro,00671,third,Giải Ba,2,647
max3d_pro,00671,third,Giải Ba,3,726
max3d_pro,00671,third,Giải Ba,4,579
max3d_pro,00671,third,Giải Ba,5,198
max3d_pro,00671,third,Giải Ba,6,594
max3d_pro,00671,third,Giải Ba,7,874
max3d_pro,00671,third,Giải Ba,8,045
max3d_pro,00672,special,Giải Đặc biệt,1,059
max3d_pro,00672,special,Giải Đặc biệt,2,919
max3d_pro,00672,first,Giải Nhất,1,866
max3d_pro,00672,first,Giải Nhất,2,314
max3d_pro,00672,first,Giải Nhất,3,088
max3d_pro,00672,first,Giải Nhất,4,357
max3d_pro,00672,second,Giải Nhì,1,807
max3d_pro,00672,second,Giải Nhì,2,268
max3d_pro,00672,second,Giải Nhì,3,201
max3d_pro,00672,second,Giải Nhì,4,344
max3d_pro,00672,second,Giải Nhì,5,006
max3d_pro,00672,second,Giải Nhì,6,217
max3d_pro,00672,third,Giải Ba,1,924
max3d_pro,00672,third,Giải Ba,2,282
max3d_pro,00672,third,Giải Ba,3,356
max3d_pro,00672,third,Giải Ba,4,166
max3d_pro,00672,third,Giải Ba,5,711
max3d_pro,00672,third,Giải Ba,6,479
max3d_pro,00672,third,Giải Ba,7,936
max3d_pro,00672,third,Giải Ba,8,458
max3d_pro,00673,special,Giải Đặc biệt,1,770
max3d_pro,00673,special,Giải Đặc biệt,2,703
max3d_pro,00673,first,Giải Nhất,1,262
max3d_pro,00673,first,Giải Nhất,2,546
max3d_pro,00673,first,Giải Nhất,3,240
max3d_pro,00673,first,Giải Nhất,4,781
max3d_pro,00673,second,Giải Nhì,1,638
max3d_pro,00673,second,Giải Nhì,2,115
max3d_pro,00673,second,Giải Nhì,3,515
max3d_pro,00673,second,Giải Nhì,4,173
max3d_pro,00673,second,Giải Nhì,5,468
max3d_pro,00673,second,Giải Nhì,6,449
max3d_pro,00673,third,Giải Ba,1,401
max3d_pro,00673,third,Giải Ba,2,776
max3d_pro,00673,third,Giải Ba,3,689
max3d_pro,00673,third,Giải Ba,4,713
max3d_pro,00673,third,Giải Ba,5,405
max3d_pro,00673,third,Giải Ba,6,245
max3d_pro,00673,third,Giải Ba,7,370
max3d_pro,00673,third,Giải Ba,8,111
max3d_pro,00674,special,Giải Đặc biệt,1,700
max3d_pro,00674,special,Giải Đặc biệt,2,992
max3d_pro,00674,first,Giải Nhất,1,979
max3d_pro,00674,first,Giải Nhất,2,945
max3d_pro,00674,first,Giải Nhất,3,716
max3d_pro,00674,first,Giải Nhất,4,026
max3d_pro,00674,second,Giải Nhì,1,833
max3d_pro,00674,second,Giải Nhì,2,938
max3d_pro,00674,second,Giải Nhì,3,133
max3d_pro,00674,second,Giải Nhì,4,237
max3d_pro,00674,second,Giải Nhì,5,377
max3d_pro,00674,second,Giải Nhì,6,863
max3d_pro,00674,third,Giải Ba,1,674
max3d_pro,00674,third,Giải Ba,2,795
max3d_pro,00674,third,Giải Ba,3,548
max3d_pro,00674,third,Giải Ba,4,117
max3d_pro,00674,third,Giải Ba,5,506
max3d_pro,00674,third,Giải Ba,6,517
max3d_pro,00674,third,Giải Ba,7,562
max3d_pro,00674,third,Giải Ba,8,835
max3d_pro,00675,special,Giải Đặc biệt,1,269
max3d_pro,00675,special,Giải Đặc biệt,2,976
max3d_pro,00675,first,Giải Nhất,1,212
max3d_pro,00675,first,Giải Nhất,2,045
max3d_pro,00675,first,Giải Nhất,3,166
max3d_pro,00675,first,Giải Nhất,4,886
max3d_pro,00675,second,Giải Nhì,1,175
max3d_pro,00675,second,Giải Nhì,2,251
max3d_pro,00675,second,Giải Nhì,3,054
max3d_pro,00675,second,Giải Nhì,4,167
max3d_pro,00675,second,Giải Nhì,5,511
max3d_pro,00675,second,Giải Nhì,6,656
max3d_pro,00675,third,Giải Ba,1,550
max3d_pro,00675,third,Giải Ba,2,617
max3d_pro,00675,third,Giải Ba,3,031
max3d_pro,00675,third,Giải Ba,4,990
max3d_pro,00675,third,Giải Ba,5,417
max3d_pro,00675,third,Giải Ba,6,434
max3d_pro,00675,third,Giải Ba,7,216
max3d_pro,00675,third,Giải Ba,8,314
max3d_pro,00676,special,Giải Đặc biệt,1,388
max3d_pro,00676,special,Giải Đặc biệt,2,370
max3d_pro,00676,first,Giải Nhất,1,052
max3d_pro,00676,first,Giải Nhất,2,992
max3d_pro,00676,first,Giải Nhất,3,685
max3d_pro,00676,first,Giải Nhất,4,586
max3d_pro,00676,second,Giải Nhì,1,045
max3d_pro,00676,second,Giải Nhì,2,570
max3d_pro,00676,second,Giải Nhì,3,855
max3d_pro,00676,second,Giải Nhì,4,618
max3d_pro,00676,second,Giải Nhì,5,181
max3d_pro,00676,second,Giải Nhì,6,236
max3d_pro,00676,third,Giải Ba,1,500
max3d_pro,00676,third,Giải Ba,2,021
max3d_pro,00676,third,Giải Ba,3,667
max3d_pro,00676,third,Giải Ba,4,849
max3d_pro,00676,third,Giải Ba,5,813
max3d_pro,00676,third,Giải Ba,6,382
max3d_pro,00676,third,Giải Ba,7,775
max3d_pro,00676,third,Giải Ba,8,846
max3d_pro,00677,special,Giải Đặc biệt,1,235
max3d_pro,00677,special,Giải Đặc biệt,2,479
max3d_pro,00677,first,Giải Nhất,1,761
max3d_pro,00677,first,Giải Nhất,2,467
max3d_pro,00677,first,Giải Nhất,3,138
max3d_pro,00677,first,Giải Nhất,4,079
max3d_pro,00677,second,Giải Nhì,1,762
max3d_pro,00677,second,Giải Nhì,2,734
max3d_pro,00677,second,Giải Nhì,3,446
max3d_pro,00677,second,Giải Nhì,4,404
max3d_pro,00677,second,Giải Nhì,5,234
max3d_pro,00677,second,Giải Nhì,6,192
max3d_pro,00677,third,Giải Ba,1,300
max3d_pro,00677,third,Giải Ba,2,897
max3d_pro,00677,third,Giải Ba,3,032
max3d_pro,00677,third,Giải Ba,4,279
max3d_pro,00677,third,Giải Ba,5,115
max3d_pro,00677,third,Giải Ba,6,871
max3d_pro,00677,third,Giải Ba,7,981
max3d_pro,00677,third,Giải Ba,8,769
max3d_pro,00678,special,Giải Đặc biệt,1,488
max3d_pro,00678,special,Giải Đặc biệt,2,601
max3d_pro,00678,first,Giải Nhất,1,740
max3d_pro,00678,first,Giải Nhất,2,289
max3d_pro,00678,first,Giải Nhất,3,503
max3d_pro,00678,first,Giải Nhất,4,913
max3d_pro,00678,second,Giải Nhì,1,273
max3d_pro,00678,second,Giải Nhì,2,426
max3d_pro,00678,second,Giải Nhì,3,194
max3d_pro,00678,second,Giải Nhì,4,253
max3d_pro,00678,second,Giải Nhì,5,040
max3d_pro,00678,second,Giải Nhì,6,725
max3d_pro,00678,third,Giải Ba,1,369
max3d_pro,00678,third,Giải Ba,2,327
max3d_pro,00678,third,Giải Ba,3,671
max3d_pro,00678,third,Giải Ba,4,081
max3d_pro,00678,third,Giải Ba,5,084
max3d_pro,00678,third,Giải Ba,6,828
max3d_pro,00678,third,Giải Ba,7,523
max3d_pro,00678,third,Giải Ba,8,704
max3d_pro,00679,special,Giải Đặc biệt,1,973
max3d_pro,00679,special,Giải Đặc biệt,2,168
max3d_pro,00679,first,Giải Nhất,1,533
max3d_pro,00679,first,Giải Nhất,2,763
max3d_pro,00679,first,Giải Nhất,3,839
max3d_pro,00679,first,Giải Nhất,4,577
max3d_pro,00679,second,Giải Nhì,1,339
max3d_pro,00679,second,Giải Nhì,2,010
max3d_pro,00679,second,Giải Nhì,3,755
max3d_pro,00679,second,Giải Nhì,4,382
max3d_pro,00679,second,Giải Nhì,5,502
max3d_pro,00679,second,Giải Nhì,6,413
max3d_pro,00679,third,Giải Ba,1,868
max3d_pro,00679,third,Giải Ba,2,060
max3d_pro,00679,third,Giải Ba,3,011
max3d_pro,00679,third,Giải Ba,4,385
max3d_pro,00679,third,Giải Ba,5,174
max3d_pro,00679,third,Giải Ba,6,275
max3d_pro,00679,third,Giải Ba,7,865
max3d_pro,00679,third,Giải Ba,8,302
max3d_pro,00680,special,Giải Đặc biệt,1,746
max3d_pro,00680,special,Giải Đặc biệt,2,888
max3d_pro,00680,first,Giải Nhất,1,209
max3d_pro,00680,first,Giải Nhất,2,104
max3d_pro,00680,first,Giải Nhất,3,313
max3d_pro,00680,first,Giải Nhất,4,142
max3d_pro,00680,second,Giải Nhì,1,440
max3d_pro,00680,second,Giải Nhì,2,551
max3d_pro,00680,second,Giải Nhì,3,347
max3d_pro,00680,second,Giải Nhì,4,726
max3d_pro,00680,second,Giải Nhì,5,220
max3d_pro,00680,second,Giải Nhì,6,289
max3d_pro,00680,third,Giải Ba,1,699
max3d_pro,00680,third,Giải Ba,2,033
max3d_pro,00680,third,Giải Ba,3,191
max3d_pro,00680,third,Giải Ba,4,564
max3d_pro,00680,third,Giải Ba,5,233
max3d_pro,00680,third,Giải Ba,6,005
max3d_pro,00680,third,Giải Ba,7,643
max3d_pro,00680,third,Giải Ba,8,751
max3d_pro,00681,special,Giải Đặc biệt,1,476
max3d_pro,00681,special,Giải Đặc biệt,2,095
max3d_pro,00681,first,Giải Nhất,1,381
max3d_pro,00681,first,Giải Nhất,2,140
max3d_pro,00681,first,Giải Nhất,3,583
max3d_pro,00681,first,Giải Nhất,4,403
max3d_pro,00681,second,Giải Nhì,1,142
max3d_pro,00681,second,Giải Nhì,2,016
max3d_pro,00681,second,Giải Nhì,3,246
max3d_pro,00681,second,Giải Nhì,4,072
max3d_pro,00681,second,Giải Nhì,5,223
max3d_pro,00681,second,Giải Nhì,6,370
max3d_pro,00681,third,Giải Ba,1,057
max3d_pro,00681,third,Giải Ba,2,217
max3d_pro,00681,third,Giải Ba,3,454
max3d_pro,00681,third,Giải Ba,4,146
max3d_pro,00681,third,Giải Ba,5,315
max3d_pro,00681,third,Giải Ba,6,187
max3d_pro,00681,third,Giải Ba,7,037
max3d_pro,00681,third,Giải Ba,8,826
max3d_pro,00682,special,Giải Đặc biệt,1,720
max3d_pro,00682,special,Giải Đặc biệt,2,469
max3d_pro,00682,first,Giải Nhất,1,083
max3d_pro,00682,first,Giải Nhất,2,799
max3d_pro,00682,first,Giải Nhất,3,700
max3d_pro,00682,first,Giải Nhất,4,498
max3d_pro,00682,second,Giải Nhì,1,787
max3d_pro,00682,second,Giải Nhì,2,849
max3d_pro,00682,second,Giải Nhì,3,122
max3d_pro,00682,second,Giải Nhì,4,458
max3d_pro,00682,second,Giải Nhì,5,211
max3d_pro,00682,second,Giải Nhì,6,328
max3d_pro,00682,third,Giải Ba,1,450
max3d_pro,00682,third,Giải Ba,2,489
max3d_pro,00682,third,Giải Ba,3,321
max3d_pro,00682,third,Giải Ba,4,125
max3d_pro,00682,third,Giải Ba,5,423
max3d_pro,00682,third,Giải Ba,6,568
max3d_pro,00682,third,Giải Ba,7,124
max3d_pro,00682,third,Giải Ba,8,804
max3d_pro,00683,special,Giải Đặc biệt,1,901
max3d_pro,00683,special,Giải Đặc biệt,2,590
max3d_pro,00683,first,Giải Nhất,1,926
max3d_pro,00683,first,Giải Nhất,2,213
max3d_pro,00683,first,Giải Nhất,3,838
max3d_pro,00683,first,Giải Nhất,4,219
max3d_pro,00683,second,Giải Nhì,1,937
max3d_pro,00683,second,Giải Nhì,2,744
max3d_pro,00683,second,Giải Nhì,3,062
max3d_pro,00683,second,Giải Nhì,4,375
max3d_pro,00683,second,Giải Nhì,5,718
max3d_pro,00683,second,Giải Nhì,6,651
max3d_pro,00683,third,Giải Ba,1,281
max3d_pro,00683,third,Giải Ba,2,743
max3d_pro,00683,third,Giải Ba,3,993
max3d_pro,00683,third,Giải Ba,4,724
max3d_pro,00683,third,Giải Ba,5,063
max3d_pro,00683,third,Giải Ba,6,896
max3d_pro,00683,third,Giải Ba,7,111
max3d_pro,00683,third,Giải Ba,8,065
max3d_pro,00684,special,Giải Đặc biệt,1,735
max3d_pro,00684,special,Giải Đặc biệt,2,401
max3d_pro,00684,first,Giải Nhất,1,581
max3d_pro,00684,first,Giải Nhất,2,776
max3d_pro,00684,first,Giải Nhất,3,314
max3d_pro,00684,first,Giải Nhất,4,534
max3d_pro,00684,second,Giải Nhì,1,242
max3d_pro,00684,second,Giải Nhì,2,161
max3d_pro,00684,second,Giải Nhì,3,597
max3d_pro,00684,second,Giải Nhì,4,716
max3d_pro,00684,second,Giải Nhì,5,292
max3d_pro,00684,second,Giải Nhì,6,826
max3d_pro,00684,third,Giải Ba,1,747
max3d_pro,00684,third,Giải Ba,2,363
max3d_pro,00684,third,Giải Ba,3,435
max3d_pro,00684,third,Giải Ba,4,435
max3d_pro,00684,third,Giải Ba,5,768
max3d_pro,00684,third,Giải Ba,6,658
max3d_pro,00684,third,Giải Ba,7,869
max3d_pro,00684,third,Giải Ba,8,211
max3d_pro,00685,special,Giải Đặc biệt,1,157
max3d_pro,00685,special,Giải Đặc biệt,2,958
max3d_pro,00685,first,Giải Nhất,1,096
max3d_pro,00685,first,Giải Nhất,2,739
max3d_pro,00685,first,Giải Nhất,3,316
max3d_pro,00685,first,Giải Nhất,4,868
max3d_pro,00685,second,Giải Nhì,1,788
max3d_pro,00685,second,Giải Nhì,2,962
max3d_pro,00685,second,Giải Nhì,3,623
max3d_pro,00685,second,Giải Nhì,4,113
max3d_pro,00685,second,Giải Nhì,5,712
max3d_pro,00685,second,Giải Nhì,6,201
max3d_pro,00685,third,Giải Ba,1,162
max3d_pro,00685,third,Giải Ba,2,637
max3d_pro,00685,third,Giải Ba,3,206
max3d_pro,00685,third,Giải Ba,4,260
max3d_pro,00685,third,Giải Ba,5,431
max3d_pro,00685,third,Giải Ba,6,653
max3d_pro,00685,third,Giải Ba,7,474
max3d_pro,00685,third,Giải Ba,8,969
max3d_pro,00686,special,Giải Đặc biệt,1,161
max3d_pro,00686,special,Giải Đặc biệt,2,855
max3d_pro,00686,first,Giải Nhất,1,435
max3d_pro,00686,first,Giải Nhất,2,764
max3d_pro,00686,first,Giải Nhất,3,214
max3d_pro,00686,first,Giải Nhất,4,039
max3d_pro,00686,second,Giải Nhì,1,907
max3d_pro,00686,second,Giải Nhì,2,746
max3d_pro,00686,second,Giải Nhì,3,060
max3d_pro,00686,second,Giải Nhì,4,697
max3d_pro,00686,second,Giải Nhì,5,297
max3d_pro,00686,second,Giải Nhì,6,784
max3d_pro,00686,third,Giải Ba,1,863
max3d_pro,00686,third,Giải Ba,2,842
max3d_pro,00686,third,Giải Ba,3,139
max3d_pro,00686,third,Giải Ba,4,552
max3d_pro,00686,third,Giải Ba,5,458
max3d_pro,00686,third,Giải Ba,6,655
max3d_pro,00686,third,Giải Ba,7,441
max3d_pro,00686,third,Giải Ba,8,699
max3d_pro,00687,special,Giải Đặc biệt,1,813
max3d_pro,00687,special,Giải Đặc biệt,2,247
max3d_pro,00687,first,Giải Nhất,1,742
max3d_pro,00687,first,Giải Nhất,2,592
max3d_pro,00687,first,Giải Nhất,3,400
max3d_pro,00687,first,Giải Nhất,4,687
max3d_pro,00687,second,Giải Nhì,1,041
max3d_pro,00687,second,Giải Nhì,2,601
max3d_pro,00687,second,Giải Nhì,3,132
max3d_pro,00687,second,Giải Nhì,4,734
max3d_pro,00687,second,Giải Nhì,5,796
max3d_pro,00687,second,Giải Nhì,6,571
max3d_pro,00687,third,Giải Ba,1,035
max3d_pro,00687,third,Giải Ba,2,495
max3d_pro,00687,third,Giải Ba,3,119
max3d_pro,00687,third,Giải Ba,4,107
max3d_pro,00687,third,Giải Ba,5,886
max3d_pro,00687,third,Giải Ba,6,796
max3d_pro,00687,third,Giải Ba,7,751
max3d_pro,00687,third,Giải Ba,8,371
max3d_pro,00688,special,Giải Đặc biệt,1,335
max3d_pro,00688,special,Giải Đặc biệt,2,852
max3d_pro,00688,first,Giải Nhất,1,022
max3d_pro,00688,first,Giải Nhất,2,154
max3d_pro,00688,first,Giải Nhất,3,789
max3d_pro,00688,first,Giải Nhất,4,597
max3d_pro,00688,second,Giải Nhì,1,230
max3d_pro,00688,second,Giải Nhì,2,326
max3d_pro,00688,second,Giải Nhì,3,786
max3d_pro,00688,second,Giải Nhì,4,337
max3d_pro,00688,second,Giải Nhì,5,352
max3d_pro,00688,second,Giải Nhì,6,056
max3d_pro,00688,third,Giải Ba,1,670
max3d_pro,00688,third,Giải Ba,2,558
max3d_pro,00688,third,Giải Ba,3,833
max3d_pro,00688,third,Giải Ba,4,939
max3d_pro,00688,third,Giải Ba,5,460
max3d_pro,00688,third,Giải Ba,6,334
max3d_pro,00688,third,Giải Ba,7,116
max3d_pro,00688,third,Giải Ba,8,725
max3d_pro,00689,special,Giải Đặc biệt,1,555
max3d_pro,00689,special,Giải Đặc biệt,2,461
max3d_pro,00689,first,Giải Nhất,1,101
max3d_pro,00689,first,Giải Nhất,2,240
max3d_pro,00689,first,Giải Nhất,3,634
max3d_pro,00689,first,Giải Nhất,4,963
max3d_pro,00689,second,Giải Nhì,1,250
max3d_pro,00689,second,Giải Nhì,2,444
max3d_pro,00689,second,Giải Nhì,3,050
max3d_pro,00689,second,Giải Nhì,4,152
max3d_pro,00689,second,Giải Nhì,5,156
max3d_pro,00689,second,Giải Nhì,6,702
max3d_pro,00689,third,Giải Ba,1,005
max3d_pro,00689,third,Giải Ba,2,963
max3d_pro,00689,third,Giải Ba,3,898
max3d_pro,00689,third,Giải Ba,4,369
max3d_pro,00689,third,Giải Ba,5,600
max3d_pro,00689,third,Giải Ba,6,012
max3d_pro,00689,third,Giải Ba,7,207
max3d_pro,00689,third,Giải Ba,8,318
max3d_pro,00690,special,Giải Đặc biệt,1,909
max3d_pro,00690,special,Giải Đặc biệt,2,185
max3d_pro,00690,first,Giải Nhất,1,186
max3d_pro,00690,first,Giải Nhất,2,315
max3d_pro,00690,first,Giải Nhất,3,766
max3d_pro,00690,first,Giải Nhất,4,180
max3d_pro,00690,second,Giải Nhì,1,541
max3d_pro,00690,second,Giải Nhì,2,634
max3d_pro,00690,second,Giải Nhì,3,125
max3d_pro,00690,second,Giải Nhì,4,266
max3d_pro,00690,second,Giải Nhì,5,970
max3d_pro,00690,second,Giải Nhì,6,187
max3d_pro,00690,third,Giải Ba,1,418
max3d_pro,00690,third,Giải Ba,2,659
max3d_pro,00690,third,Giải Ba,3,840
max3d_pro,00690,third,Giải Ba,4,462
max3d_pro,00690,third,Giải Ba,5,630
max3d_pro,00690,third,Giải Ba,6,507
max3d_pro,00690,third,Giải Ba,7,829
max3d_pro,00690,third,Giải Ba,8,808
max3d_pro,00691,special,Giải Đặc biệt,1,995
max3d_pro,00691,special,Giải Đặc biệt,2,287
max3d_pro,00691,first,Giải Nhất,1,615
max3d_pro,00691,first,Giải Nhất,2,412
max3d_pro,00691,first,Giải Nhất,3,166
max3d_pro,00691,first,Giải Nhất,4,798
max3d_pro,00691,second,Giải Nhì,1,667
max3d_pro,00691,second,Giải Nhì,2,215
max3d_pro,00691,second,Giải Nhì,3,814
max3d_pro,00691,second,Giải Nhì,4,781
max3d_pro,00691,second,Giải Nhì,5,173
max3d_pro,00691,second,Giải Nhì,6,537
max3d_pro,00691,third,Giải Ba,1,684
max3d_pro,00691,third,Giải Ba,2,480
max3d_pro,00691,third,Giải Ba,3,499
max3d_pro,00691,third,Giải Ba,4,358
max3d_pro,00691,third,Giải Ba,5,048
max3d_pro,00691,third,Giải Ba,6,037
max3d_pro,00691,third,Giải Ba,7,641
max3d_pro,00691,third,Giải Ba,8,105
max3d_pro,00692,special,Giải Đặc biệt,1,577
max3d_pro,00692,special,Giải Đặc biệt,2,323
max3d_pro,00692,first,Giải Nhất,1,086
max3d_pro,00692,first,Giải Nhất,2,187
max3d_pro,00692,first,Giải Nhất,3,212
max3d_pro,00692,first,Giải Nhất,4,031
max3d_pro,00692,second,Giải Nhì,1,550
max3d_pro,00692,second,Giải Nhì,2,491
max3d_pro,00692,second,Giải Nhì,3,888
max3d_pro,00692,second,Giải Nhì,4,845
max3d_pro,00692,second,Giải Nhì,5,109
max3d_pro,00692,second,Giải Nhì,6,725
max3d_pro,00692,third,Giải Ba,1,738
max3d_pro,00692,third,Giải Ba,2,037
max3d_pro,00692,third,Giải Ba,3,681
max3d_pro,00692,third,Giải Ba,4,131
max3d_pro,00692,third,Giải Ba,5,157
max3d_pro,00692,third,Giải Ba,6,102
max3d_pro,00692,third,Giải Ba,7,743
max3d_pro,00692,third,Giải Ba,8,724
max3d_pro,00693,special,Giải Đặc biệt,1,535
max3d_pro,00693,special,Giải Đặc biệt,2,693
max3d_pro,00693,first,Giải Nhất,1,874
max3d_pro,00693,first,Giải Nhất,2,365
max3d_pro,00693,first,Giải Nhất,3,316
max3d_pro,00693,first,Giải Nhất,4,851
max3d_pro,00693,second,Giải Nhì,1,924
max3d_pro,00693,second,Giải Nhì,2,428
max3d_pro,00693,second,Giải Nhì,3,285
max3d_pro,00693,second,Giải Nhì,4,238
max3d_pro,00693,second,Giải Nhì,5,780
max3d_pro,00693,second,Giải Nhì,6,955
max3d_pro,00693,third,Giải Ba,1,146
max3d_pro,00693,third,Giải Ba,2,603
max3d_pro,00693,third,Giải Ba,3,222
max3d_pro,00693,third,Giải Ba,4,307
max3d_pro,00693,third,Giải Ba,5,295
max3d_pro,00693,third,Giải Ba,6,328
max3d_pro,00693,third,Giải Ba,7,599
max3d_pro,00693,third,Giải Ba,8,741
max3d_pro,00694,special,Giải Đặc biệt,1,734
max3d_pro,00694,special,Giải Đặc biệt,2,446
max3d_pro,00694,first,Giải Nhất,1,439
max3d_pro,00694,first,Giải Nhất,2,391
max3d_pro,00694,first,Giải Nhất,3,624
max3d_pro,00694,first,Giải Nhất,4,192
max3d_pro,00694,second,Giải Nhì,1,621
max3d_pro,00694,second,Giải Nhì,2,923
max3d_pro,00694,second,Giải Nhì,3,713
max3d_pro,00694,second,Giải Nhì,4,115
max3d_pro,00694,second,Giải Nhì,5,766
max3d_pro,00694,second,Giải Nhì,6,599
max3d_pro,00694,third,Giải Ba,1,428
max3d_pro,00694,third,Giải Ba,2,798
max3d_pro,00694,third,Giải Ba,3,154
max3d_pro,00694,third,Giải Ba,4,089
max3d_pro,00694,third,Giải Ba,5,849
max3d_pro,00694,third,Giải Ba,6,198
max3d_pro,00694,third,Giải Ba,7,555
max3d_pro,00694,third,Giải Ba,8,963
max3d_pro,00695,special,Giải Đặc biệt,1,600
max3d_pro,00695,special,Giải Đặc biệt,2,907
max3d_pro,00695,first,Giải Nhất,1,832
max3d_pro,00695,first,Giải Nhất,2,814
max3d_pro,00695,first,Giải Nhất,3,061
max3d_pro,00695,first,Giải Nhất,4,173
max3d_pro,00695,second,Giải Nhì,1,729
max3d_pro,00695,second,Giải Nhì,2,545
max3d_pro,00695,second,Giải Nhì,3,899
max3d_pro,00695,second,Giải Nhì,4,073
max3d_pro,00695,second,Giải Nhì,5,998
max3d_pro,00695,second,Giải Nhì,6,785
max3d_pro,00695,third,Giải Ba,1,908
max3d_pro,00695,third,Giải Ba,2,613
max3d_pro,00695,third,Giải Ba,3,401
max3d_pro,00695,third,Giải Ba,4,734
max3d_pro,00695,third,Giải Ba,5,834
max3d_pro,00695,third,Giải Ba,6,296
max3d_pro,00695,third,Giải Ba,7,246
max3d_pro,00695,third,Giải Ba,8,998
max3d_pro,00696,special,Giải Đặc biệt,1,945
max3d_pro,00696,special,Giải Đặc biệt,2,123
max3d_pro,00696,first,Giải Nhất,1,458
max3d_pro,00696,first,Giải Nhất,2,644
max3d_pro,00696,first,Giải Nhất,3,743
max3d_pro,00696,first,Giải Nhất,4,636
max3d_pro,00696,second,Giải Nhì,1,648
max3d_pro,00696,second,Giải Nhì,2,296
max3d_pro,00696,second,Giải Nhì,3,006
max3d_pro,00696,second,Giải Nhì,4,709
max3d_pro,00696,second,Giải Nhì,5,677
max3d_pro,00696,second,Giải Nhì,6,553
max3d_pro,00696,third,Giải Ba,1,464
max3d_pro,00696,third,Giải Ba,2,824
max3d_pro,00696,third,Giải Ba,3,062
max3d_pro,00696,third,Giải Ba,4,750
max3d_pro,00696,third,Giải Ba,5,282
max3d_pro,00696,third,Giải Ba,6,385
max3d_pro,00696,third,Giải Ba,7,212
max3d_pro,00696,third,Giải Ba,8,249
max3d_pro,00697,special,Giải Đặc biệt,1,259
max3d_pro,00697,special,Giải Đặc biệt,2,226
max3d_pro,00697,first,Giải Nhất,1,653
max3d_pro,00697,first,Giải Nhất,2,043
max3d_pro,00697,first,Giải Nhất,3,978
max3d_pro,00697,first,Giải Nhất,4,002
max3d_pro,00697,second,Giải Nhì,1,912
max3d_pro,00697,second,Giải Nhì,2,347
max3d_pro,00697,second,Giải Nhì,3,720
max3d_pro,00697,second,Giải Nhì,4,904
max3d_pro,00697,second,Giải Nhì,5,408
max3d_pro,00697,second,Giải Nhì,6,871
max3d_pro,00697,third,Giải Ba,1,801
max3d_pro,00697,third,Giải Ba,2,842
max3d_pro,00697,third,Giải Ba,3,223
max3d_pro,00697,third,Giải Ba,4,545
max3d_pro,00697,third,Giải Ba,5,883
max3d_pro,00697,third,Giải Ba,6,715
max3d_pro,00697,third,Giải Ba,7,119
max3d_pro,00697,third,Giải Ba,8,530
max3d_pro,00698,special,Giải Đặc biệt,1,776
max3d_pro,00698,special,Giải Đặc biệt,2,308
max3d_pro,00698,first,Giải Nhất,1,299
max3d_pro,00698,first,Giải Nhất,2,600
max3d_pro,00698,first,Giải Nhất,3,808
max3d_pro,00698,first,Giải Nhất,4,865
max3d_pro,00698,second,Giải Nhì,1,851
max3d_pro,00698,second,Giải Nhì,2,914
max3d_pro,00698,second,Giải Nhì,3,857
max3d_pro,00698,second,Giải Nhì,4,039
max3d_pro,00698,second,Giải Nhì,5,368
max3d_pro,00698,second,Giải Nhì,6,161
max3d_pro,00698,third,Giải Ba,1,496
max3d_pro,00698,third,Giải Ba,2,879
max3d_pro,00698,third,Giải Ba,3,543
max3d_pro,00698,third,Giải Ba,4,950
max3d_pro,00698,third,Giải Ba,5,790
max3d_pro,00698,third,Giải Ba,6,737
max3d_pro,00698,third,Giải Ba,7,493
max3d_pro,00698,third,Giải Ba,8,217
max3d_pro,00699,special,Giải Đặc biệt,1,367
max3d_pro,00699,special,Giải Đặc biệt,2,138
max3d_pro,00699,first,Giải Nhất,1,207
max3d_pro,00699,first,Giải Nhất,2,468
max3d_pro,00699,first,Giải Nhất,3,135
max3d_pro,00699,first,Giải Nhất,4,215
max3d_pro,00699,second,Giải Nhì,1,855
max3d_pro,00699,second,Giải Nhì,2,549
max3d_pro,00699,second,Giải Nhì,3,253
max3d_pro,00699,second,Giải Nhì,4,440
max3d_pro,00699,second,Giải Nhì,5,374
max3d_pro,00699,second,Giải Nhì,6,448
max3d_pro,00699,third,Giải Ba,1,307
max3d_pro,00699,third,Giải Ba,2,436
max3d_pro,00699,third,Giải Ba,3,726
max3d_pro,00699,third,Giải Ba,4,223
max3d_pro,00699,third,Giải Ba,5,087
max3d_pro,00699,third,Giải Ba,6,513
max3d_pro,00699,third,Giải Ba,7,666
max3d_pro,00699,third,Giải Ba,8,517
max3d_pro,00700,special,Giải Đặc biệt,1,325
max3d_pro,00700,special,Giải Đặc biệt,2,356
max3d_pro,00700,first,Giải Nhất,1,746
max3d_pro,00700,first,Giải Nhất,2,795
max3d_pro,00700,first,Giải Nhất,3,535
max3d_pro,00700,first,Giải Nhất,4,512
max3d_pro,00700,second,Giải Nhì,1,851
max3d_pro,00700,second,Giải Nhì,2,807
max3d_pro,00700,second,Giải Nhì,3,346
max3d_pro,00700,second,Giải Nhì,4,884
max3d_pro,00700,second,Giải Nhì,5,828
max3d_pro,00700,second,Giải Nhì,6,502
max3d_pro,00700,third,Giải Ba,1,630
max3d_pro,00700,third,Giải Ba,2,136
max3d_pro,00700,third,Giải Ba,3,084
max3d_pro,00700,third,Giải Ba,4,694
max3d_pro,00700,third,Giải Ba,5,682
max3d_pro,00700,third,Giải Ba,6,823
max3d_pro,00700,third,Giải Ba,7,895
max3d_pro,00700,third,Giải Ba,8,099
max3d_pro,00701,special,Giải Đặc biệt,1,990
max3d_pro,00701,special,Giải Đặc biệt,2,993
max3d_pro,00701,first,Giải Nhất,1,934
max3d_pro,00701,first,Giải Nhất,2,708
max3d_pro,00701,first,Giải Nhất,3,073
max3d_pro,00701,first,Giải Nhất,4,779
max3d_pro,00701,second,Giải Nhì,1,930
max3d_pro,00701,second,Giải Nhì,2,678
max3d_pro,00701,second,Giải Nhì,3,653
max3d_pro,00701,second,Giải Nhì,4,644
max3d_pro,00701,second,Giải Nhì,5,118
max3d_pro,00701,second,Giải Nhì,6,794
max3d_pro,00701,third,Giải Ba,1,363
max3d_pro,00701,third,Giải Ba,2,736
max3d_pro,00701,third,Giải Ba,3,330
max3d_pro,00701,third,Giải Ba,4,977
max3d_pro,00701,third,Giải Ba,5,592
max3d_pro,00701,third,Giải Ba,6,558
max3d_pro,00701,third,Giải Ba,7,090
max3d_pro,00701,third,Giải Ba,8,986
max3d_pro,00702,special,Giải Đặc biệt,1,474
max3d_pro,00702,special,Giải Đặc biệt,2,877
max3d_pro,00702,first,Giải Nhất,1,542
max3d_pro,00702,first,Giải Nhất,2,357
max3d_pro,00702,first,Giải Nhất,3,726
max3d_pro,00702,first,Giải Nhất,4,992
max3d_pro,00702,second,Giải Nhì,1,704
max3d_pro,00702,second,Giải Nhì,2,334
max3d_pro,00702,second,Giải Nhì,3,598
max3d_pro,00702,second,Giải Nhì,4,993
max3d_pro,00702,second,Giải Nhì,5,431
max3d_pro,00702,second,Giải Nhì,6,347
max3d_pro,00702,third,Giải Ba,1,958
max3d_pro,00702,third,Giải Ba,2,011
max3d_pro,00702,third,Giải Ba,3,686
max3d_pro,00702,third,Giải Ba,4,793
max3d_pro,00702,third,Giải Ba,5,916
max3d_pro,00702,third,Giải Ba,6,290
max3d_pro,00702,third,Giải Ba,7,045
max3d_pro,00702,third,Giải Ba,8,911
max3d_pro,00703,special,Giải Đặc biệt,1,178
max3d_pro,00703,special,Giải Đặc biệt,2,794
max3d_pro,00703,first,Giải Nhất,1,535
max3d_pro,00703,first,Giải Nhất,2,246
max3d_pro,00703,first,Giải Nhất,3,483
max3d_pro,00703,first,Giải Nhất,4,954
max3d_pro,00703,second,Giải Nhì,1,994
max3d_pro,00703,second,Giải Nhì,2,667
max3d_pro,00703,second,Giải Nhì,3,209
max3d_pro,00703,second,Giải Nhì,4,797
max3d_pro,00703,second,Giải Nhì,5,743
max3d_pro,00703,second,Giải Nhì,6,759
max3d_pro,00703,third,Giải Ba,1,725
max3d_pro,00703,third,Giải Ba,2,711
max3d_pro,00703,third,Giải Ba,3,860
max3d_pro,00703,third,Giải Ba,4,026
max3d_pro,00703,third,Giải Ba,5,609
max3d_pro,00703,third,Giải Ba,6,925
max3d_pro,00703,third,Giải Ba,7,561
max3d_pro,00703,third,Giải Ba,8,909
max3d_pro,00704,special,Giải Đặc biệt,1,917
max3d_pro,00704,special,Giải Đặc biệt,2,186
max3d_pro,00704,first,Giải Nhất,1,439
max3d_pro,00704,first,Giải Nhất,2,315
max3d_pro,00704,first,Giải Nhất,3,414
max3d_pro,00704,first,Giải Nhất,4,093
max3d_pro,00704,second,Giải Nhì,1,164
max3d_pro,00704,second,Giải Nhì,2,471
max3d_pro,00704,second,Giải Nhì,3,721
max3d_pro,00704,second,Giải Nhì,4,780
max3d_pro,00704,second,Giải Nhì,5,910
max3d_pro,00704,second,Giải Nhì,6,096
max3d_pro,00704,third,Giải Ba,1,666
max3d_pro,00704,third,Giải Ba,2,078
max3d_pro,00704,third,Giải Ba,3,352
max3d_pro,00704,third,Giải Ba,4,971
max3d_pro,00704,third,Giải Ba,5,503
max3d_pro,00704,third,Giải Ba,6,873
max3d_pro,00704,third,Giải Ba,7,865
max3d_pro,00704,third,Giải Ba,8,406
max3d_pro,00705,special,Giải Đặc biệt,1,466
max3d_pro,00705,special,Giải Đặc biệt,2,417
max3d_pro,00705,first,Giải Nhất,1,578
max3d_pro,00705,first,Giải Nhất,2,290
max3d_pro,00705,first,Giải Nhất,3,267
max3d_pro,00705,first,Giải Nhất,4,169
max3d_pro,00705,second,Giải Nhì,1,178
max3d_pro,00705,second,Giải Nhì,2,215
max3d_pro,00705,second,Giải Nhì,3,559
max3d_pro,00705,second,Giải Nhì,4,960
max3d_pro,00705,second,Giải Nhì,5,533
max3d_pro,00705,second,Giải Nhì,6,619
max3d_pro,00705,third,Giải Ba,1,399
max3d_pro,00705,third,Giải Ba,2,867
max3d_pro,00705,third,Giải Ba,3,197
max3d_pro,00705,third,Giải Ba,4,546
max3d_pro,00705,third,Giải Ba,5,054
max3d_pro,00705,third,Giải Ba,6,305
max3d_pro,00705,third,Giải Ba,7,621
max3d_pro,00705,third,Giải Ba,8,008
max3d_pro,00706,special,Giải Đặc biệt,1,096
max3d_pro,00706,special,Giải Đặc biệt,2,219
max3d_pro,00706,first,Giải Nhất,1,407
max3d_pro,00706,first,Giải Nhất,2,019
max3d_pro,00706,first,Giải Nhất,3,592
max3d_pro,00706,first,Giải Nhất,4,090
max3d_pro,00706,second,Giải Nhì,1,598
max3d_pro,00706,second,Giải Nhì,2,810
max3d_pro,00706,second,Giải Nhì,3,667
max3d_pro,00706,second,Giải Nhì,4,628
max3d_pro,00706,second,Giải Nhì,5,817
max3d_pro,00706,second,Giải Nhì,6,002
max3d_pro,00706,third,Giải Ba,1,625
max3d_pro,00706,third,Giải Ba,2,166
max3d_pro,00706,third,Giải Ba,3,173
max3d_pro,00706,third,Giải Ba,4,461
max3d_pro,00706,third,Giải Ba,5,902
max3d_pro,00706,third,Giải Ba,6,915
max3d_pro,00706,third,Giải Ba,7,423
max3d_pro,00706,third,Giải Ba,8,093
max3d_pro,00707,special,Giải Đặc biệt,1,987
max3d_pro,00707,special,Giải Đặc biệt,2,537
max3d_pro,00707,first,Giải Nhất,1,940
max3d_pro,00707,first,Giải Nhất,2,336
max3d_pro,00707,first,Giải Nhất,3,996
max3d_pro,00707,first,Giải Nhất,4,212
max3d_pro,00707,second,Giải Nhì,1,168
max3d_pro,00707,second,Giải Nhì,2,925
max3d_pro,00707,second,Giải Nhì,3,124
max3d_pro,00707,second,Giải Nhì,4,882
max3d_pro,00707,second,Giải Nhì,5,408
max3d_pro,00707,second,Giải Nhì,6,241
max3d_pro,00707,third,Giải Ba,1,644
max3d_pro,00707,third,Giải Ba,2,215
max3d_pro,00707,third,Giải Ba,3,656
max3d_pro,00707,third,Giải Ba,4,046
max3d_pro,00707,third,Giải Ba,5,231
max3d_pro,00707,third,Giải Ba,6,858
max3d_pro,00707,third,Giải Ba,7,611
max3d_pro,00707,third,Giải Ba,8,525
max3d_pro,00708,special,Giải Đặc biệt,1,594
max3d_pro,00708,special,Giải Đặc biệt,2,747
max3d_pro,00708,first,Giải Nhất,1,969
max3d_pro,00708,first,Giải Nhất,2,085
max3d_pro,00708,first,Giải Nhất,3,412
max3d_pro,00708,first,Giải Nhất,4,919
max3d_pro,00708,second,Giải Nhì,1,463
max3d_pro,00708,second,Giải Nhì,2,885
max3d_pro,00708,second,Giải Nhì,3,115
max3d_pro,00708,second,Giải Nhì,4,200
max3d_pro,00708,second,Giải Nhì,5,115
max3d_pro,00708,second,Giải Nhì,6,217
max3d_pro,00708,third,Giải Ba,1,146
max3d_pro,00708,third,Giải Ba,2,936
max3d_pro,00708,third,Giải Ba,3,532
max3d_pro,00708,third,Giải Ba,4,340
max3d_pro,00708,third,Giải Ba,5,937
max3d_pro,00708,third,Giải Ba,6,430
max3d_pro,00708,third,Giải Ba,7,308
max3d_pro,00708,third,Giải Ba,8,114
max3d_pro,00709,special,Giải Đặc biệt,1,847
max3d_pro,00709,special,Giải Đặc biệt,2,801
max3d_pro,00709,first,Giải Nhất,1,492
max3d_pro,00709,first,Giải Nhất,2,452
max3d_pro,00709,first,Giải Nhất,3,923
max3d_pro,00709,first,Giải Nhất,4,070
max3d_pro,00709,second,Giải Nhì,1,754
max3d_pro,00709,second,Giải Nhì,2,794
max3d_pro,00709,second,Giải Nhì,3,100
max3d_pro,00709,second,Giải Nhì,4,909
max3d_pro,00709,second,Giải Nhì,5,727
max3d_pro,00709,second,Giải Nhì,6,696
max3d_pro,00709,third,Giải Ba,1,094
max3d_pro,00709,third,Giải Ba,2,579
max3d_pro,00709,third,Giải Ba,3,062
max3d_pro,00709,third,Giải Ba,4,053
max3d_pro,00709,third,Giải Ba,5,769
max3d_pro,00709,third,Giải Ba,6,493
max3d_pro,00709,third,Giải Ba,7,566
max3d_pro,00709,third,Giải Ba,8,038
max3d_pro,00710,special,Giải Đặc biệt,1,913
max3d_pro,00710,special,Giải Đặc biệt,2,525
max3d_pro,00710,first,Giải Nhất,1,266
max3d_pro,00710,first,Giải Nhất,2,613
max3d_pro,00710,first,Giải Nhất,3,432
max3d_pro,00710,first,Giải Nhất,4,398
max3d_pro,00710,second,Giải Nhì,1,544
max3d_pro,00710,second,Giải Nhì,2,778
max3d_pro,00710,second,Giải Nhì,3,048
max3d_pro,00710,second,Giải Nhì,4,658
max3d_pro,00710,second,Giải Nhì,5,111
max3d_pro,00710,second,Giải Nhì,6,898
max3d_pro,00710,third,Giải Ba,1,282
max3d_pro,00710,third,Giải Ba,2,376
max3d_pro,00710,third,Giải Ba,3,380
max3d_pro,00710,third,Giải Ba,4,792
max3d_pro,00710,third,Giải Ba,5,221
max3d_pro,00710,third,Giải Ba,6,232
max3d_pro,00710,third,Giải Ba,7,328
max3d_pro,00710,third,Giải Ba,8,621
max3d_pro,00711,special,Giải Đặc biệt,1,277
max3d_pro,00711,special,Giải Đặc biệt,2,865
max3d_pro,00711,first,Giải Nhất,1,805
max3d_pro,00711,first,Giải Nhất,2,004
max3d_pro,00711,first,Giải Nhất,3,383
max3d_pro,00711,first,Giải Nhất,4,562
max3d_pro,00711,second,Giải Nhì,1,758
max3d_pro,00711,second,Giải Nhì,2,343
max3d_pro,00711,second,Giải Nhì,3,379
max3d_pro,00711,second,Giải Nhì,4,040
max3d_pro,00711,second,Giải Nhì,5,821
max3d_pro,00711,second,Giải Nhì,6,842
max3d_pro,00711,third,Giải Ba,1,526
max3d_pro,00711,third,Giải Ba,2,143
max3d_pro,00711,third,Giải Ba,3,841
max3d_pro,00711,third,Giải Ba,4,851
max3d_pro,00711,third,Giải Ba,5,154
max3d_pro,00711,third,Giải Ba,6,316
max3d_pro,00711,third,Giải Ba,7,201
max3d_pro,00711,third,Giải Ba,8,490
max3d_pro,00712,special,Giải Đặc biệt,1,047
max3d_pro,00712,special,Giải Đặc biệt,2,771
max3d_pro,00712,first,Giải Nhất,1,751
max3d_pro,00712,first,Giải Nhất,2,067
max3d_pro,00712,first,Giải Nhất,3,010
max3d_pro,00712,first,Giải Nhất,4,001
max3d_pro,00712,second,Giải Nhì,1,457
max3d_pro,00712,second,Giải Nhì,2,673
max3d_pro,00712,second,Giải Nhì,3,181
max3d_pro,00712,second,Giải Nhì,4,971
max3d_pro,00712,second,Giải Nhì,5,540
max3d_pro,00712,second,Giải Nhì,6,900
max3d_pro,00712,third,Giải Ba,1,366
max3d_pro,00712,third,Giải Ba,2,923
max3d_pro,00712,third,Giải Ba,3,867
max3d_pro,00712,third,Giải Ba,4,045
max3d_pro,00712,third,Giải Ba,5,605
max3d_pro,00712,third,Giải Ba,6,246
max3d_pro,00712,third,Giải Ba,7,405
max3d_pro,00712,third,Giải Ba,8,170
max3d_pro,00713,special,Giải Đặc biệt,1,030
max3d_pro,00713,special,Giải Đặc biệt,2,582
max3d_pro,00713,first,Giải Nhất,1,152
max3d_pro,00713,first,Giải Nhất,2,151
max3d_pro,00713,first,Giải Nhất,3,949
max3d_pro,00713,first,Giải Nhất,4,722
max3d_pro,00713,second,Giải Nhì,1,361
max3d_pro,00713,second,Giải Nhì,2,805
max3d_pro,00713,second,Giải Nhì,3,407
max3d_pro,00713,second,Giải Nhì,4,066
max3d_pro,00713,second,Giải Nhì,5,085
max3d_pro,00713,second,Giải Nhì,6,194
max3d_pro,00713,third,Giải Ba,1,233
max3d_pro,00713,third,Giải Ba,2,413
max3d_pro,00713,third,Giải Ba,3,455
max3d_pro,00713,third,Giải Ba,4,210
max3d_pro,00713,third,Giải Ba,5,533
max3d_pro,00713,third,Giải Ba,6,301
max3d_pro,00713,third,Giải Ba,7,181
max3d_pro,00713,third,Giải Ba,8,598
max3d_pro,00714,special,Giải Đặc biệt,1,780
max3d_pro,00714,special,Giải Đặc biệt,2,807
max3d_pro,00714,first,Giải Nhất,1,798
max3d_pro,00714,first,Giải Nhất,2,282
max3d_pro,00714,first,Giải Nhất,3,562
max3d_pro,00714,first,Giải Nhất,4,488
max3d_pro,00714,second,Giải Nhì,1,229
max3d_pro,00714,second,Giải Nhì,2,972
max3d_pro,00714,second,Giải Nhì,3,669
max3d_pro,00714,second,Giải Nhì,4,895
max3d_pro,00714,second,Giải Nhì,5,938
max3d_pro,00714,second,Giải Nhì,6,340
max3d_pro,00714,third,Giải Ba,1,276
max3d_pro,00714,third,Giải Ba,2,067
max3d_pro,00714,third,Giải Ba,3,515
max3d_pro,00714,third,Giải Ba,4,357
max3d_pro,00714,third,Giải Ba,5,919
max3d_pro,00714,third,Giải Ba,6,632
max3d_pro,00714,third,Giải Ba,7,564
max3d_pro,00714,third,Giải Ba,8,464
max3d_pro,00715,special,Giải Đặc biệt,1,844
max3d_pro,00715,special,Giải Đặc biệt,2,103
max3d_pro,00715,first,Giải Nhất,1,325
max3d_pro,00715,first,Giải Nhất,2,016
max3d_pro,00715,first,Giải Nhất,3,058
max3d_pro,00715,first,Giải Nhất,4,518
max3d_pro,00715,second,Giải Nhì,1,903
max3d_pro,00715,second,Giải Nhì,2,709
max3d_pro,00715,second,Giải Nhì,3,335
max3d_pro,00715,second,Giải Nhì,4,132
max3d_pro,00715,second,Giải Nhì,5,181
max3d_pro,00715,second,Giải Nhì,6,038
max3d_pro,00715,third,Giải Ba,1,322
max3d_pro,00715,third,Giải Ba,2,428
max3d_pro,00715,third,Giải Ba,3,069
max3d_pro,00715,third,Giải Ba,4,749
max3d_pro,00715,third,Giải Ba,5,561
max3d_pro,00715,third,Giải Ba,6,407
max3d_pro,00715,third,Giải Ba,7,551
max3d_pro,00715,third,Giải Ba,8,643
max3d_pro,00716,special,Giải Đặc biệt,1,333
max3d_pro,00716,special,Giải Đặc biệt,2,696
max3d_pro,00716,first,Giải Nhất,1,521
max3d_pro,00716,first,Giải Nhất,2,013
max3d_pro,00716,first,Giải Nhất,3,628
max3d_pro,00716,first,Giải Nhất,4,247
max3d_pro,00716,second,Giải Nhì,1,747
max3d_pro,00716,second,Giải Nhì,2,250
max3d_pro,00716,second,Giải Nhì,3,834
max3d_pro,00716,second,Giải Nhì,4,017
max3d_pro,00716,second,Giải Nhì,5,653
max3d_pro,00716,second,Giải Nhì,6,126
max3d_pro,00716,third,Giải Ba,1,032
max3d_pro,00716,third,Giải Ba,2,736
max3d_pro,00716,third,Giải Ba,3,182
max3d_pro,00716,third,Giải Ba,4,965
max3d_pro,00716,third,Giải Ba,5,535
max3d_pro,00716,third,Giải Ba,6,174
max3d_pro,00716,third,Giải Ba,7,181
max3d_pro,00716,third,Giải Ba,8,672
max3d_pro,00717,special,Giải Đặc biệt,1,237
max3d_pro,00717,special,Giải Đặc biệt,2,056
max3d_pro,00717,first,Giải Nhất,1,454
max3d_pro,00717,first,Giải Nhất,2,703
max3d_pro,00717,first,Giải Nhất,3,844
max3d_pro,00717,first,Giải Nhất,4,424
max3d_pro,00717,second,Giải Nhì,1,193
max3d_pro,00717,second,Giải Nhì,2,889
max3d_pro,00717,second,Giải Nhì,3,810
max3d_pro,00717,second,Giải Nhì,4,715
max3d_pro,00717,second,Giải Nhì,5,184
max3d_pro,00717,second,Giải Nhì,6,050
max3d_pro,00717,third,Giải Ba,1,674
max3d_pro,00717,third,Giải Ba,2,077
max3d_pro,00717,third,Giải Ba,3,935
max3d_pro,00717,third,Giải Ba,4,066
max3d_pro,00717,third,Giải Ba,5,243
max3d_pro,00717,third,Giải Ba,6,579
max3d_pro,00717,third,Giải Ba,7,031
max3d_pro,00717,third,Giải Ba,8,427
max3d_pro,00718,special,Giải Đặc biệt,1,691
max3d_pro,00718,special,Giải Đặc biệt,2,259
max3d_pro,00718,first,Giải Nhất,1,605
max3d_pro,00718,first,Giải Nhất,2,227
max3d_pro,00718,first,Giải Nhất,3,895
max3d_pro,00718,first,Giải Nhất,4,757
max3d_pro,00718,second,Giải Nhì,1,838
max3d_pro,00718,second,Giải Nhì,2,192
max3d_pro,00718,second,Giải Nhì,3,740
max3d_pro,00718,second,Giải Nhì,4,486
max3d_pro,00718,second,Giải Nhì,5,742
max3d_pro,00718,second,Giải Nhì,6,542
max3d_pro,00718,third,Giải Ba,1,215
max3d_pro,00718,third,Giải Ba,2,335
max3d_pro,00718,third,Giải Ba,3,152
max3d_pro,00718,third,Giải Ba,4,977
max3d_pro,00718,third,Giải Ba,5,425
max3d_pro,00718,third,Giải Ba,6,474
max3d_pro,00718,third,Giải Ba,7,340
max3d_pro,00718,third,Giải Ba,8,049
max3d_pro,00719,special,Giải Đặc biệt,1,045
max3d_pro,00719,special,Giải Đặc biệt,2,534
max3d_pro,00719,first,Giải Nhất,1,148
max3d_pro,00719,first,Giải Nhất,2,616
max3d_pro,00719,first,Giải Nhất,3,487
max3d_pro,00719,first,Giải Nhất,4,786
max3d_pro,00719,second,Giải Nhì,1,072
max3d_pro,00719,second,Giải Nhì,2,851
max3d_pro,00719,second,Giải Nhì,3,746
max3d_pro,00719,second,Giải Nhì,4,088
max3d_pro,00719,second,Giải Nhì,5,998
max3d_pro,00719,second,Giải Nhì,6,497
max3d_pro,00719,third,Giải Ba,1,274
max3d_pro,00719,third,Giải Ba,2,615
max3d_pro,00719,third,Giải Ba,3,054
max3d_pro,00719,third,Giải Ba,4,895
max3d_pro,00719,third,Giải Ba,5,375
max3d_pro,00719,third,Giải Ba,6,092
max3d_pro,00719,third,Giải Ba,7,967
max3d_pro,00719,third,Giải Ba,8,033
max3d_pro,00720,special,Giải Đặc biệt,1,937
max3d_pro,00720,special,Giải Đặc biệt,2,896
max3d_pro,00720,first,Giải Nhất,1,518
max3d_pro,00720,first,Giải Nhất,2,832
max3d_pro,00720,first,Giải Nhất,3,996
max3d_pro,00720,first,Giải Nhất,4,437
max3d_pro,00720,second,Giải Nhì,1,461
max3d_pro,00720,second,Giải Nhì,2,808
max3d_pro,00720,second,Giải Nhì,3,050
max3d_pro,00720,second,Giải Nhì,4,344
max3d_pro,00720,second,Giải Nhì,5,660
max3d_pro,00720,second,Giải Nhì,6,071
max3d_pro,00720,third,Giải Ba,1,472
max3d_pro,00720,third,Giải Ba,2,291
max3d_pro,00720,third,Giải Ba,3,951
max3d_pro,00720,third,Giải Ba,4,024
max3d_pro,00720,third,Giải Ba,5,956
max3d_pro,00720,third,Giải Ba,6,522
max3d_pro,00720,third,Giải Ba,7,356
max3d_pro,00720,third,Giải Ba,8,188
max3d_pro,00721,special,Giải Đặc biệt,1,824
max3d_pro,00721,special,Giải Đặc biệt,2,306
max3d_pro,00721,first,Giải Nhất,1,911
max3d_pro,00721,first,Giải Nhất,2,131
max3d_pro,00721,first,Giải Nhất,3,125
max3d_pro,00721,first,Giải Nhất,4,814
max3d_pro,00721,second,Giải Nhì,1,364
max3d_pro,00721,second,Giải Nhì,2,281
max3d_pro,00721,second,Giải Nhì,3,291
max3d_pro,00721,second,Giải Nhì,4,011
max3d_pro,00721,second,Giải Nhì,5,835
max3d_pro,00721,second,Giải Nhì,6,218
max3d_pro,00721,third,Giải Ba,1,357
max3d_pro,00721,third,Giải Ba,2,571
max3d_pro,00721,third,Giải Ba,3,266
max3d_pro,00721,third,Giải Ba,4,471
max3d_pro,00721,third,Giải Ba,5,430
max3d_pro,00721,third,Giải Ba,6,443
max3d_pro,00721,third,Giải Ba,7,264
max3d_pro,00721,third,Giải Ba,8,974
max3d_pro,00722,special,Giải Đặc biệt,1,840
max3d_pro,00722,special,Giải Đặc biệt,2,896
max3d_pro,00722,first,Giải Nhất,1,864
max3d_pro,00722,first,Giải Nhất,2,445
max3d_pro,00722,first,Giải Nhất,3,606
max3d_pro,00722,first,Giải Nhất,4,331
max3d_pro,00722,second,Giải Nhì,1,576
max3d_pro,00722,second,Giải Nhì,2,663
max3d_pro,00722,second,Giải Nhì,3,962
max3d_pro,00722,second,Giải Nhì,4,588
max3d_pro,00722,second,Giải Nhì,5,473
max3d_pro,00722,second,Giải Nhì,6,171
max3d_pro,00722,third,Giải Ba,1,030
max3d_pro,00722,third,Giải Ba,2,873
max3d_pro,00722,third,Giải Ba,3,504
max3d_pro,00722,third,Giải Ba,4,073
max3d_pro,00722,third,Giải Ba,5,025
max3d_pro,00722,third,Giải Ba,6,202
max3d_pro,00722,third,Giải Ba,7,867
max3d_pro,00722,third,Giải Ba,8,975
max3d_pro,00723,special,Giải Đặc biệt,1,277
max3d_pro,00723,special,Giải Đặc biệt,2,594
max3d_pro,00723,first,Giải Nhất,1,079
max3d_pro,00723,first,Giải Nhất,2,038
max3d_pro,00723,first,Giải Nhất,3,799
max3d_pro,00723,first,Giải Nhất,4,174
max3d_pro,00723,second,Giải Nhì,1,121
max3d_pro,00723,second,Giải Nhì,2,482
max3d_pro,00723,second,Giải Nhì,3,593
max3d_pro,00723,second,Giải Nhì,4,379
max3d_pro,00723,second,Giải Nhì,5,764
max3d_pro,00723,second,Giải Nhì,6,670
max3d_pro,00723,third,Giải Ba,1,128
max3d_pro,00723,third,Giải Ba,2,965
max3d_pro,00723,third,Giải Ba,3,829
max3d_pro,00723,third,Giải Ba,4,763
max3d_pro,00723,third,Giải Ba,5,082
max3d_pro,00723,third,Giải Ba,6,340
max3d_pro,00723,third,Giải Ba,7,523
max3d_pro,00723,third,Giải Ba,8,537
max3d_pro,00724,special,Giải Đặc biệt,1,431
max3d_pro,00724,special,Giải Đặc biệt,2,495
max3d_pro,00724,first,Giải Nhất,1,748
max3d_pro,00724,first,Giải Nhất,2,979
max3d_pro,00724,first,Giải Nhất,3,024
max3d_pro,00724,first,Giải Nhất,4,761
max3d_pro,00724,second,Giải Nhì,1,372
max3d_pro,00724,second,Giải Nhì,2,039
max3d_pro,00724,second,Giải Nhì,3,872
max3d_pro,00724,second,Giải Nhì,4,519
max3d_pro,00724,second,Giải Nhì,5,975
max3d_pro,00724,second,Giải Nhì,6,988
max3d_pro,00724,third,Giải Ba,1,337
max3d_pro,00724,third,Giải Ba,2,937
max3d_pro,00724,third,Giải Ba,3,566
max3d_pro,00724,third,Giải Ba,4,293
max3d_pro,00724,third,Giải Ba,5,427
max3d_pro,00724,third,Giải Ba,6,419
max3d_pro,00724,third,Giải Ba,7,048
max3d_pro,00724,third,Giải Ba,8,625
max3d_pro,00725,special,Giải Đặc biệt,1,742
max3d_pro,00725,special,Giải Đặc biệt,2,697
max3d_pro,00725,first,Giải Nhất,1,337
max3d_pro,00725,first,Giải Nhất,2,546
max3d_pro,00725,first,Giải Nhất,3,282
max3d_pro,00725,first,Giải Nhất,4,410
max3d_pro,00725,second,Giải Nhì,1,934
max3d_pro,00725,second,Giải Nhì,2,740
max3d_pro,00725,second,Giải Nhì,3,041
max3d_pro,00725,second,Giải Nhì,4,464
max3d_pro,00725,second,Giải Nhì,5,973
max3d_pro,00725,second,Giải Nhì,6,703
max3d_pro,00725,third,Giải Ba,1,617
max3d_pro,00725,third,Giải Ba,2,030
max3d_pro,00725,third,Giải Ba,3,092
max3d_pro,00725,third,Giải Ba,4,624
max3d_pro,00725,third,Giải Ba,5,732
max3d_pro,00725,third,Giải Ba,6,463
max3d_pro,00725,third,Giải Ba,7,956
max3d_pro,00725,third,Giải Ba,8,329
max3d_pro,00726,special,Giải Đặc biệt,1,670
max3d_pro,00726,special,Giải Đặc biệt,2,304
max3d_pro,00726,first,Giải Nhất,1,522
max3d_pro,00726,first,Giải Nhất,2,502
max3d_pro,00726,first,Giải Nhất,3,863
max3d_pro,00726,first,Giải Nhất,4,261
max3d_pro,00726,second,Giải Nhì,1,626
max3d_pro,00726,second,Giải Nhì,2,082
max3d_pro,00726,second,Giải Nhì,3,284
max3d_pro,00726,second,Giải Nhì,4,927
max3d_pro,00726,second,Giải Nhì,5,522
max3d_pro,00726,second,Giải Nhì,6,926
max3d_pro,00726,third,Giải Ba,1,079
max3d_pro,00726,third,Giải Ba,2,520
max3d_pro,00726,third,Giải Ba,3,161
max3d_pro,00726,third,Giải Ba,4,870
max3d_pro,00726,third,Giải Ba,5,813
max3d_pro,00726,third,Giải Ba,6,536
max3d_pro,00726,third,Giải Ba,7,813
max3d_pro,00726,third,Giải Ba,8,040
max3d_pro,00727,special,Giải Đặc biệt,1,239
max3d_pro,00727,special,Giải Đặc biệt,2,270
max3d_pro,00727,first,Giải Nhất,1,079
max3d_pro,00727,first,Giải Nhất,2,398
max3d_pro,00727,first,Giải Nhất,3,504
max3d_pro,00727,first,Giải Nhất,4,257
max3d_pro,00727,second,Giải Nhì,1,472
max3d_pro,00727,second,Giải Nhì,2,004
max3d_pro,00727,second,Giải Nhì,3,172
max3d_pro,00727,second,Giải Nhì,4,505
max3d_pro,00727,second,Giải Nhì,5,615
max3d_pro,00727,second,Giải Nhì,6,169
max3d_pro,00727,third,Giải Ba,1,060
max3d_pro,00727,third,Giải Ba,2,553
max3d_pro,00727,third,Giải Ba,3,213
max3d_pro,00727,third,Giải Ba,4,420
max3d_pro,00727,third,Giải Ba,5,215
max3d_pro,00727,third,Giải Ba,6,753
max3d_pro,00727,third,Giải Ba,7,262
max3d_pro,00727,third,Giải Ba,8,517
max3d_pro,00728,special,Giải Đặc biệt,1,167
max3d_pro,00728,special,Giải Đặc biệt,2,016
max3d_pro,00728,first,Giải Nhất,1,803
max3d_pro,00728,first,Giải Nhất,2,005
max3d_pro,00728,first,Giải Nhất,3,927
max3d_pro,00728,first,Giải Nhất,4,093
max3d_pro,00728,second,Giải Nhì,1,357
max3d_pro,00728,second,Giải Nhì,2,081
max3d_pro,00728,second,Giải Nhì,3,228
max3d_pro,00728,second,Giải Nhì,4,816
max3d_pro,00728,second,Giải Nhì,5,252
max3d_pro,00728,second,Giải Nhì,6,732
max3d_pro,00728,third,Giải Ba,1,368
max3d_pro,00728,third,Giải Ba,2,659
max3d_pro,00728,third,Giải Ba,3,480
max3d_pro,00728,third,Giải Ba,4,764
max3d_pro,00728,third,Giải Ba,5,688
max3d_pro,00728,third,Giải Ba,6,350
max3d_pro,00728,third,Giải Ba,7,885
max3d_pro,00728,third,Giải Ba,8,843
max3d_pro,00729,special,Giải Đặc biệt,1,535
max3d_pro,00729,special,Giải Đặc biệt,2,053
max3d_pro,00729,first,Giải Nhất,1,125
max3d_pro,00729,first,Giải Nhất,2,420
max3d_pro,00729,first,Giải Nhất,3,068
max3d_pro,00729,first,Giải Nhất,4,392
max3d_pro,00729,second,Giải Nhì,1,264
max3d_pro,00729,second,Giải Nhì,2,779
max3d_pro,00729,second,Giải Nhì,3,608
max3d_pro,00729,second,Giải Nhì,4,125
max3d_pro,00729,second,Giải Nhì,5,295
max3d_pro,00729,second,Giải Nhì,6,582
max3d_pro,00729,third,Giải Ba,1,825
max3d_pro,00729,third,Giải Ba,2,472
max3d_pro,00729,third,Giải Ba,3,326
max3d_pro,00729,third,Giải Ba,4,511
max3d_pro,00729,third,Giải Ba,5,798
max3d_pro,00729,third,Giải Ba,6,804
max3d_pro,00729,third,Giải Ba,7,408
max3d_pro,00729,third,Giải Ba,8,794
max3d_pro,00730,special,Giải Đặc biệt,1,048
max3d_pro,00730,special,Giải Đặc biệt,2,895
max3d_pro,00730,first,Giải Nhất,1,197
max3d_pro,00730,first,Giải Nhất,2,270
max3d_pro,00730,first,Giải Nhất,3,202
max3d_pro,00730,first,Giải Nhất,4,259
max3d_pro,00730,second,Giải Nhì,1,393
max3d_pro,00730,second,Giải Nhì,2,340
max3d_pro,00730,second,Giải Nhì,3,800
max3d_pro,00730,second,Giải Nhì,4,098
max3d_pro,00730,second,Giải Nhì,5,816
max3d_pro,00730,second,Giải Nhì,6,410
max3d_pro,00730,third,Giải Ba,1,040
max3d_pro,00730,third,Giải Ba,2,543
max3d_pro,00730,third,Giải Ba,3,004
max3d_pro,00730,third,Giải Ba,4,823
max3d_pro,00730,third,Giải Ba,5,876
max3d_pro,00730,third,Giải Ba,6,046
max3d_pro,00730,third,Giải Ba,7,189
max3d_pro,00730,third,Giải Ba,8,249
max3d_pro,00731,special,Giải Đặc biệt,1,249
max3d_pro,00731,special,Giải Đặc biệt,2,782
max3d_pro,00731,first,Giải Nhất,1,554
max3d_pro,00731,first,Giải Nhất,2,570
max3d_pro,00731,first,Giải Nhất,3,633
max3d_pro,00731,first,Giải Nhất,4,623
max3d_pro,00731,second,Giải Nhì,1,763
max3d_pro,00731,second,Giải Nhì,2,981
max3d_pro,00731,second,Giải Nhì,3,500
max3d_pro,00731,second,Giải Nhì,4,095
max3d_pro,00731,second,Giải Nhì,5,583
max3d_pro,00731,second,Giải Nhì,6,268
max3d_pro,00731,third,Giải Ba,1,357
max3d_pro,00731,third,Giải Ba,2,577
max3d_pro,00731,third,Giải Ba,3,739
max3d_pro,00731,third,Giải Ba,4,163
max3d_pro,00731,third,Giải Ba,5,737
max3d_pro,00731,third,Giải Ba,6,061
max3d_pro,00731,third,Giải Ba,7,284
max3d_pro,00731,third,Giải Ba,8,786
max3d_pro,00732,special,Giải Đặc biệt,1,785
max3d_pro,00732,special,Giải Đặc biệt,2,839
max3d_pro,00732,first,Giải Nhất,1,250
max3d_pro,00732,first,Giải Nhất,2,917
max3d_pro,00732,first,Giải Nhất,3,350
max3d_pro,00732,first,Giải Nhất,4,559
max3d_pro,00732,second,Giải Nhì,1,684
max3d_pro,00732,second,Giải Nhì,2,599
max3d_pro,00732,second,Giải Nhì,3,268
max3d_pro,00732,second,Giải Nhì,4,552
max3d_pro,00732,second,Giải Nhì,5,467
max3d_pro,00732,second,Giải Nhì,6,770
max3d_pro,00732,third,Giải Ba,1,508
max3d_pro,00732,third,Giải Ba,2,637
max3d_pro,00732,third,Giải Ba,3,446
max3d_pro,00732,third,Giải Ba,4,367
max3d_pro,00732,third,Giải Ba,5,638
max3d_pro,00732,third,Giải Ba,6,716
max3d_pro,00732,third,Giải Ba,7,127
max3d_pro,00732,third,Giải Ba,8,226
max3d_pro,00733,special,Giải Đặc biệt,1,417
max3d_pro,00733,special,Giải Đặc biệt,2,572
max3d_pro,00733,first,Giải Nhất,1,428
max3d_pro,00733,first,Giải Nhất,2,512
max3d_pro,00733,first,Giải Nhất,3,878
max3d_pro,00733,first,Giải Nhất,4,991
max3d_pro,00733,second,Giải Nhì,1,618
max3d_pro,00733,second,Giải Nhì,2,999
max3d_pro,00733,second,Giải Nhì,3,399
max3d_pro,00733,second,Giải Nhì,4,376
max3d_pro,00733,second,Giải Nhì,5,922
max3d_pro,00733,second,Giải Nhì,6,364
max3d_pro,00733,third,Giải Ba,1,276
max3d_pro,00733,third,Giải Ba,2,611
max3d_pro,00733,third,Giải Ba,3,076
max3d_pro,00733,third,Giải Ba,4,474
max3d_pro,00733,third,Giải Ba,5,530
max3d_pro,00733,third,Giải Ba,6,201
max3d_pro,00733,third,Giải Ba,7,817
max3d_pro,00733,third,Giải Ba,8,370
max3d_pro,00734,special,Giải Đặc biệt,1,984
max3d_pro,00734,special,Giải Đặc biệt,2,223
max3d_pro,00734,first,Giải Nhất,1,255
max3d_pro,00734,first,Giải Nhất,2,563
max3d_pro,00734,first,Giải Nhất,3,245
max3d_pro,00734,first,Giải Nhất,4,142
max3d_pro,00734,second,Giải Nhì,1,184
max3d_pro,00734,second,Giải Nhì,2,200
max3d_pro,00734,second,Giải Nhì,3,577
max3d_pro,00734,second,Giải Nhì,4,695
max3d_pro,00734,second,Giải Nhì,5,267
max3d_pro,00734,second,Giải Nhì,6,366
max3d_pro,00734,third,Giải Ba,1,313
max3d_pro,00734,third,Giải Ba,2,015
max3d_pro,00734,third,Giải Ba,3,001
max3d_pro,00734,third,Giải Ba,4,373
max3d_pro,00734,third,Giải Ba,5,791
max3d_pro,00734,third,Giải Ba,6,118
max3d_pro,00734,third,Giải Ba,7,856
max3d_pro,00734,third,Giải Ba,8,360
max3d_pro,00735,special,Giải Đặc biệt,1,681
max3d_pro,00735,special,Giải Đặc biệt,2,166
max3d_pro,00735,first,Giải Nhất,1,811
max3d_pro,00735,first,Giải Nhất,2,110
max3d_pro,00735,first,Giải Nhất,3,833
max3d_pro,00735,first,Giải Nhất,4,374
max3d_pro,00735,second,Giải Nhì,1,124
max3d_pro,00735,second,Giải Nhì,2,300
max3d_pro,00735,second,Giải Nhì,3,407
max3d_pro,00735,second,Giải Nhì,4,572
max3d_pro,00735,second,Giải Nhì,5,377
max3d_pro,00735,second,Giải Nhì,6,562
max3d_pro,00735,third,Giải Ba,1,182
max3d_pro,00735,third,Giải Ba,2,316
max3d_pro,00735,third,Giải Ba,3,825
max3d_pro,00735,third,Giải Ba,4,099
max3d_pro,00735,third,Giải Ba,5,973
max3d_pro,00735,third,Giải Ba,6,374
max3d_pro,00735,third,Giải Ba,7,137
max3d_pro,00735,third,Giải Ba,8,910
max3d_pro,00736,special,Giải Đặc biệt,1,614
max3d_pro,00736,special,Giải Đặc biệt,2,072
max3d_pro,00736,first,Giải Nhất,1,724
max3d_pro,00736,first,Giải Nhất,2,505
max3d_pro,00736,first,Giải Nhất,3,117
max3d_pro,00736,first,Giải Nhất,4,410
max3d_pro,00736,second,Giải Nhì,1,951
max3d_pro,00736,second,Giải Nhì,2,628
max3d_pro,00736,second,Giải Nhì,3,328
max3d_pro,00736,second,Giải Nhì,4,588
max3d_pro,00736,second,Giải Nhì,5,017
max3d_pro,00736,second,Giải Nhì,6,948
max3d_pro,00736,third,Giải Ba,1,376
max3d_pro,00736,third,Giải Ba,2,157
max3d_pro,00736,third,Giải Ba,3,215
max3d_pro,00736,third,Giải Ba,4,689
max3d_pro,00736,third,Giải Ba,5,803
max3d_pro,00736,third,Giải Ba,6,491
max3d_pro,00736,third,Giải Ba,7,228
max3d_pro,00736,third,Giải Ba,8,391
max3d_pro,00737,special,Giải Đặc biệt,1,945
max3d_pro,00737,special,Giải Đặc biệt,2,360
max3d_pro,00737,first,Giải Nhất,1,111
max3d_pro,00737,first,Giải Nhất,2,544
max3d_pro,00737,first,Giải Nhất,3,437
max3d_pro,00737,first,Giải Nhất,4,080
max3d_pro,00737,second,Giải Nhì,1,315
max3d_pro,00737,second,Giải Nhì,2,020
max3d_pro,00737,second,Giải Nhì,3,894
max3d_pro,00737,second,Giải Nhì,4,423
max3d_pro,00737,second,Giải Nhì,5,485
max3d_pro,00737,second,Giải Nhì,6,428
max3d_pro,00737,third,Giải Ba,1,888
max3d_pro,00737,third,Giải Ba,2,788
max3d_pro,00737,third,Giải Ba,3,062
max3d_pro,00737,third,Giải Ba,4,163
max3d_pro,00737,third,Giải Ba,5,425
max3d_pro,00737,third,Giải Ba,6,549
max3d_pro,00737,third,Giải Ba,7,876
max3d_pro,00737,third,Giải Ba,8,959
max3d_pro,00738,special,Giải Đặc biệt,1,781
max3d_pro,00738,special,Giải Đặc biệt,2,873
max3d_pro,00738,first,Giải Nhất,1,365
max3d_pro,00738,first,Giải Nhất,2,615
max3d_pro,00738,first,Giải Nhất,3,279
max3d_pro,00738,first,Giải Nhất,4,858
max3d_pro,00738,second,Giải Nhì,1,412
max3d_pro,00738,second,Giải Nhì,2,970
max3d_pro,00738,second,Giải Nhì,3,250
max3d_pro,00738,second,Giải Nhì,4,295
max3d_pro,00738,second,Giải Nhì,5,053
max3d_pro,00738,second,Giải Nhì,6,420
max3d_pro,00738,third,Giải Ba,1,167
max3d_pro,00738,third,Giải Ba,2,440
max3d_pro,00738,third,Giải Ba,3,022
max3d_pro,00738,third,Giải Ba,4,541
max3d_pro,00738,third,Giải Ba,5,868
max3d_pro,00738,third,Giải Ba,6,621
max3d_pro,00738,third,Giải Ba,7,917
max3d_pro,00738,third,Giải Ba,8,570
max3d_pro,00739,special,Giải Đặc biệt,1,615
max3d_pro,00739,special,Giải Đặc biệt,2,771
max3d_pro,00739,first,Giải Nhất,1,283
max3d_pro,00739,first,Giải Nhất,2,920
max3d_pro,00739,first,Giải Nhất,3,609
max3d_pro,00739,first,Giải Nhất,4,721
max3d_pro,00739,second,Giải Nhì,1,072
max3d_pro,00739,second,Giải Nhì,2,112
max3d_pro,00739,second,Giải Nhì,3,568
max3d_pro,00739,second,Giải Nhì,4,418
max3d_pro,00739,second,Giải Nhì,5,907
max3d_pro,00739,second,Giải Nhì,6,134
max3d_pro,00739,third,Giải Ba,1,436
max3d_pro,00739,third,Giải Ba,2,941
max3d_pro,00739,third,Giải Ba,3,768
max3d_pro,00739,third,Giải Ba,4,051
max3d_pro,00739,third,Giải Ba,5,598
max3d_pro,00739,third,Giải Ba,6,502
max3d_pro,00739,third,Giải Ba,7,862
max3d_pro,00739,third,Giải Ba,8,382
max3d_pro,00740,special,Giải Đặc biệt,1,307
max3d_pro,00740,special,Giải Đặc biệt,2,449
max3d_pro,00740,first,Giải Nhất,1,312
max3d_pro,00740,first,Giải Nhất,2,097
max3d_pro,00740,first,Giải Nhất,3,756
max3d_pro,00740,first,Giải Nhất,4,585
max3d_pro,00740,second,Giải Nhì,1,958
max3d_pro,00740,second,Giải Nhì,2,008
max3d_pro,00740,second,Giải Nhì,3,795
max3d_pro,00740,second,Giải Nhì,4,713
max3d_pro,00740,second,Giải Nhì,5,998
max3d_pro,00740,second,Giải Nhì,6,953
max3d_pro,00740,third,Giải Ba,1,849
max3d_pro,00740,third,Giải Ba,2,207
max3d_pro,00740,third,Giải Ba,3,137
max3d_pro,00740,third,Giải Ba,4,038
max3d_pro,00740,third,Giải Ba,5,017
max3d_pro,00740,third,Giải Ba,6,198
max3d_pro,00740,third,Giải Ba,7,436
max3d_pro,00740,third,Giải Ba,8,401
max3d_pro,00741,special,Giải Đặc biệt,1,483
max3d_pro,00741,special,Giải Đặc biệt,2,025
max3d_pro,00741,first,Giải Nhất,1,305
max3d_pro,00741,first,Giải Nhất,2,954
max3d_pro,00741,first,Giải Nhất,3,862
max3d_pro,00741,first,Giải Nhất,4,717
max3d_pro,00741,second,Giải Nhì,1,524
max3d_pro,00741,second,Giải Nhì,2,770
max3d_pro,00741,second,Giải Nhì,3,291
max3d_pro,00741,second,Giải Nhì,4,177
max3d_pro,00741,second,Giải Nhì,5,670
max3d_pro,00741,second,Giải Nhì,6,258
max3d_pro,00741,third,Giải Ba,1,236
max3d_pro,00741,third,Giải Ba,2,337
max3d_pro,00741,third,Giải Ba,3,660
max3d_pro,00741,third,Giải Ba,4,882
max3d_pro,00741,third,Giải Ba,5,234
max3d_pro,00741,third,Giải Ba,6,990
max3d_pro,00741,third,Giải Ba,7,932
max3d_pro,00741,third,Giải Ba,8,512
max3d_pro,00742,special,Giải Đặc biệt,1,705
max3d_pro,00742,special,Giải Đặc biệt,2,285
max3d_pro,00742,first,Giải Nhất,1,432
max3d_pro,00742,first,Giải Nhất,2,043
max3d_pro,00742,first,Giải Nhất,3,515
max3d_pro,00742,first,Giải Nhất,4,162
max3d_pro,00742,second,Giải Nhì,1,918
max3d_pro,00742,second,Giải Nhì,2,400
max3d_pro,00742,second,Giải Nhì,3,073
max3d_pro,00742,second,Giải Nhì,4,022
max3d_pro,00742,second,Giải Nhì,5,044
max3d_pro,00742,second,Giải Nhì,6,532
max3d_pro,00742,third,Giải Ba,1,685
max3d_pro,00742,third,Giải Ba,2,413
max3d_pro,00742,third,Giải Ba,3,956
max3d_pro,00742,third,Giải Ba,4,132
max3d_pro,00742,third,Giải Ba,5,722
max3d_pro,00742,third,Giải Ba,6,918
max3d_pro,00742,third,Giải Ba,7,053
max3d_pro,00742,third,Giải Ba,8,660
max3d_pro,00743,special,Giải Đặc biệt,1,827
max3d_pro,00743,special,Giải Đặc biệt,2,356
max3d_pro,00743,first,Giải Nhất,1,216
max3d_pro,00743,first,Giải Nhất,2,007
max3d_pro,00743,first,Giải Nhất,3,278
max3d_pro,00743,first,Giải Nhất,4,840
max3d_pro,00743,second,Giải Nhì,1,899
max3d_pro,00743,second,Giải Nhì,2,294
max3d_pro,00743,second,Giải Nhì,3,630
max3d_pro,00743,second,Giải Nhì,4,960
max3d_pro,00743,second,Giải Nhì,5,430
max3d_pro,00743,second,Giải Nhì,6,022
max3d_pro,00743,third,Giải Ba,1,593
max3d_pro,00743,third,Giải Ba,2,427
max3d_pro,00743,third,Giải Ba,3,973
max3d_pro,00743,third,Giải Ba,4,390
max3d_pro,00743,third,Giải Ba,5,241
max3d_pro,00743,third,Giải Ba,6,156
max3d_pro,00743,third,Giải Ba,7,916
max3d_pro,00743,third,Giải Ba,8,288
max3d_pro,00744,special,Giải Đặc biệt,1,894
max3d_pro,00744,special,Giải Đặc biệt,2,697
max3d_pro,00744,first,Giải Nhất,1,470
max3d_pro,00744,first,Giải Nhất,2,727
max3d_pro,00744,first,Giải Nhất,3,598
max3d_pro,00744,first,Giải Nhất,4,809
max3d_pro,00744,second,Giải Nhì,1,857
max3d_pro,00744,second,Giải Nhì,2,187
max3d_pro,00744,second,Giải Nhì,3,045
max3d_pro,00744,second,Giải Nhì,4,994
max3d_pro,00744,second,Giải Nhì,5,353
max3d_pro,00744,second,Giải Nhì,6,466
max3d_pro,00744,third,Giải Ba,1,964
max3d_pro,00744,third,Giải Ba,2,933
max3d_pro,00744,third,Giải Ba,3,171
max3d_pro,00744,third,Giải Ba,4,729
max3d_pro,00744,third,Giải Ba,5,617
max3d_pro,00744,third,Giải Ba,6,762
max3d_pro,00744,third,Giải Ba,7,633
max3d_pro,00744,third,Giải Ba,8,947
max3d_pro,00745,special,Giải Đặc biệt,1,730
max3d_pro,00745,special,Giải Đặc biệt,2,793
max3d_pro,00745,first,Giải Nhất,1,532
max3d_pro,00745,first,Giải Nhất,2,189
max3d_pro,00745,first,Giải Nhất,3,723
max3d_pro,00745,first,Giải Nhất,4,922
max3d_pro,00745,second,Giải Nhì,1,787
max3d_pro,00745,second,Giải Nhì,2,416
max3d_pro,00745,second,Giải Nhì,3,466
max3d_pro,00745,second,Giải Nhì,4,792
max3d_pro,00745,second,Giải Nhì,5,323
max3d_pro,00745,second,Giải Nhì,6,306
max3d_pro,00745,third,Giải Ba,1,090
max3d_pro,00745,third,Giải Ba,2,700
max3d_pro,00745,third,Giải Ba,3,375
max3d_pro,00745,third,Giải Ba,4,141
max3d_pro,00745,third,Giải Ba,5,694
max3d_pro,00745,third,Giải Ba,6,612
max3d_pro,00745,third,Giải Ba,7,402
max3d_pro,00745,third,Giải Ba,8,956
max3d_pro,00746,special,Giải Đặc biệt,1,003
max3d_pro,00746,special,Giải Đặc biệt,2,737
max3d_pro,00746,first,Giải Nhất,1,609
max3d_pro,00746,first,Giải Nhất,2,886
max3d_pro,00746,first,Giải Nhất,3,534
max3d_pro,00746,first,Giải Nhất,4,656
max3d_pro,00746,second,Giải Nhì,1,179
max3d_pro,00746,second,Giải Nhì,2,489
max3d_pro,00746,second,Giải Nhì,3,148
max3d_pro,00746,second,Giải Nhì,4,129
max3d_pro,00746,second,Giải Nhì,5,116
max3d_pro,00746,second,Giải Nhì,6,731
max3d_pro,00746,third,Giải Ba,1,553
max3d_pro,00746,third,Giải Ba,2,196
max3d_pro,00746,third,Giải Ba,3,304
max3d_pro,00746,third,Giải Ba,4,911
max3d_pro,00746,third,Giải Ba,5,330
max3d_pro,00746,third,Giải Ba,6,814
max3d_pro,00746,third,Giải Ba,7,737
max3d_pro,00746,third,Giải Ba,8,340
max3d_pro,00747,special,Giải Đặc biệt,1,830
max3d_pro,00747,special,Giải Đặc biệt,2,824
max3d_pro,00747,first,Giải Nhất,1,504
max3d_pro,00747,first,Giải Nhất,2,293
max3d_pro,00747,first,Giải Nhất,3,833
max3d_pro,00747,first,Giải Nhất,4,270
max3d_pro,00747,second,Giải Nhì,1,491
max3d_pro,00747,second,Giải Nhì,2,665
max3d_pro,00747,second,Giải Nhì,3,796
max3d_pro,00747,second,Giải Nhì,4,133
max3d_pro,00747,second,Giải Nhì,5,598
max3d_pro,00747,second,Giải Nhì,6,347
max3d_pro,00747,third,Giải Ba,1,485
max3d_pro,00747,third,Giải Ba,2,756
max3d_pro,00747,third,Giải Ba,3,818
max3d_pro,00747,third,Giải Ba,4,338
max3d_pro,00747,third,Giải Ba,5,156
max3d_pro,00747,third,Giải Ba,6,952
max3d_pro,00747,third,Giải Ba,7,569
max3d_pro,00747,third,Giải Ba,8,543
max3d_pro,00748,special,Giải Đặc biệt,1,711
max3d_pro,00748,special,Giải Đặc biệt,2,017
max3d_pro,00748,first,Giải Nhất,1,567
max3d_pro,00748,first,Giải Nhất,2,596
max3d_pro,00748,first,Giải Nhất,3,042
max3d_pro,00748,first,Giải Nhất,4,398
max3d_pro,00748,second,Giải Nhì,1,313
max3d_pro,00748,second,Giải Nhì,2,361
max3d_pro,00748,second,Giải Nhì,3,635
max3d_pro,00748,second,Giải Nhì,4,104
max3d_pro,00748,second,Giải Nhì,5,060
max3d_pro,00748,second,Giải Nhì,6,678
max3d_pro,00748,third,Giải Ba,1,943
max3d_pro,00748,third,Giải Ba,2,735
max3d_pro,00748,third,Giải Ba,3,882
max3d_pro,00748,third,Giải Ba,4,534
max3d_pro,00748,third,Giải Ba,5,616
max3d_pro,00748,third,Giải Ba,6,950
max3d_pro,00748,third,Giải Ba,7,787
max3d_pro,00748,third,Giải Ba,8,742
max3d_pro,00749,special,Giải Đặc biệt,1,986
max3d_pro,00749,special,Giải Đặc biệt,2,021
max3d_pro,00749,first,Giải Nhất,1,460
max3d_pro,00749,first,Giải Nhất,2,603
max3d_pro,00749,first,Giải Nhất,3,588
max3d_pro,00749,first,Giải Nhất,4,337
max3d_pro,00749,second,Giải Nhì,1,228
max3d_pro,00749,second,Giải Nhì,2,538
max3d_pro,00749,second,Giải Nhì,3,497
max3d_pro,00749,second,Giải Nhì,4,916
max3d_pro,00749,second,Giải Nhì,5,181
max3d_pro,00749,second,Giải Nhì,6,323
max3d_pro,00749,third,Giải Ba,1,907
max3d_pro,00749,third,Giải Ba,2,104
max3d_pro,00749,third,Giải Ba,3,411
max3d_pro,00749,third,Giải Ba,4,165
max3d_pro,00749,third,Giải Ba,5,492
max3d_pro,00749,third,Giải Ba,6,151
max3d_pro,00749,third,Giải Ba,7,011
max3d_pro,00749,third,Giải Ba,8,179
max3d_pro,00750,special,Giải Đặc biệt,1,908
max3d_pro,00750,special,Giải Đặc biệt,2,789
max3d_pro,00750,first,Giải Nhất,1,494
max3d_pro,00750,first,Giải Nhất,2,340
max3d_pro,00750,first,Giải Nhất,3,898
max3d_pro,00750,first,Giải Nhất,4,288
max3d_pro,00750,second,Giải Nhì,1,064
max3d_pro,00750,second,Giải Nhì,2,952
max3d_pro,00750,second,Giải Nhì,3,169
max3d_pro,00750,second,Giải Nhì,4,259
max3d_pro,00750,second,Giải Nhì,5,023
max3d_pro,00750,second,Giải Nhì,6,547
max3d_pro,00750,third,Giải Ba,1,331
max3d_pro,00750,third,Giải Ba,2,354
max3d_pro,00750,third,Giải Ba,3,956
max3d_pro,00750,third,Giải Ba,4,810
max3d_pro,00750,third,Giải Ba,5,212
max3d_pro,00750,third,Giải Ba,6,898
max3d_pro,00750,third,Giải Ba,7,414
max3d_pro,00750,third,Giải Ba,8,875
max3d_pro,00751,special,Giải Đặc biệt,1,035
max3d_pro,00751,special,Giải Đặc biệt,2,737
max3d_pro,00751,first,Giải Nhất,1,007
max3d_pro,00751,first,Giải Nhất,2,541
max3d_pro,00751,first,Giải Nhất,3,637
max3d_pro,00751,first,Giải Nhất,4,046
max3d_pro,00751,second,Giải Nhì,1,748
max3d_pro,00751,second,Giải Nhì,2,727
max3d_pro,00751,second,Giải Nhì,3,946
max3d_pro,00751,second,Giải Nhì,4,754
max3d_pro,00751,second,Giải Nhì,5,719
max3d_pro,00751,second,Giải Nhì,6,627
max3d_pro,00751,third,Giải Ba,1,335
max3d_pro,00751,third,Giải Ba,2,417
max3d_pro,00751,third,Giải Ba,3,444
max3d_pro,00751,third,Giải Ba,4,286
max3d_pro,00751,third,Giải Ba,5,714
max3d_pro,00751,third,Giải Ba,6,992
max3d_pro,00751,third,Giải Ba,7,886
max3d_pro,00751,third,Giải Ba,8,805
max3d_pro,00752,special,Giải Đặc biệt,1,370
max3d_pro,00752,special,Giải Đặc biệt,2,261
max3d_pro,00752,first,Giải Nhất,1,696
max3d_pro,00752,first,Giải Nhất,2,940
max3d_pro,00752,first,Giải Nhất,3,119
max3d_pro,00752,first,Giải Nhất,4,137
max3d_pro,00752,second,Giải Nhì,1,412
max3d_pro,00752,second,Giải Nhì,2,380
max3d_pro,00752,second,Giải Nhì,3,919
max3d_pro,00752,second,Giải Nhì,4,439
max3d_pro,00752,second,Giải Nhì,5,851
max3d_pro,00752,second,Giải Nhì,6,934
max3d_pro,00752,third,Giải Ba,1,722
max3d_pro,00752,third,Giải Ba,2,655
max3d_pro,00752,third,Giải Ba,3,240
max3d_pro,00752,third,Giải Ba,4,305
max3d_pro,00752,third,Giải Ba,5,597
max3d_pro,00752,third,Giải Ba,6,549
max3d_pro,00752,third,Giải Ba,7,753
max3d_pro,00752,third,Giải Ba,8,511
max3d_pro,00753,special,Giải Đặc biệt,1,982
max3d_pro,00753,special,Giải Đặc biệt,2,396
max3d_pro,00753,first,Giải Nhất,1,706
max3d_pro,00753,first,Giải Nhất,2,588
max3d_pro,00753,first,Giải Nhất,3,626
max3d_pro,00753,first,Giải Nhất,4,655
max3d_pro,00753,second,Giải Nhì,1,312
max3d_pro,00753,second,Giải Nhì,2,031
max3d_pro,00753,second,Giải Nhì,3,674
max3d_pro,00753,second,Giải Nhì,4,860
max3d_pro,00753,second,Giải Nhì,5,431
max3d_pro,00753,second,Giải Nhì,6,640
max3d_pro,00753,third,Giải Ba,1,431
max3d_pro,00753,third,Giải Ba,2,292
max3d_pro,00753,third,Giải Ba,3,369
max3d_pro,00753,third,Giải Ba,4,833
max3d_pro,00753,third,Giải Ba,5,835
max3d_pro,00753,third,Giải Ba,6,166
max3d_pro,00753,third,Giải Ba,7,366
max3d_pro,00753,third,Giải Ba,8,125
max3d_pro,00754,special,Giải Đặc biệt,1,356
max3d_pro,00754,special,Giải Đặc biệt,2,163
max3d_pro,00754,first,Giải Nhất,1,749
max3d_pro,00754,first,Giải Nhất,2,183
max3d_pro,00754,first,Giải Nhất,3,620
max3d_pro,00754,first,Giải Nhất,4,039
max3d_pro,00754,second,Giải Nhì,1,630
max3d_pro,00754,second,Giải Nhì,2,110
max3d_pro,00754,second,Giải Nhì,3,364
max3d_pro,00754,second,Giải Nhì,4,206
max3d_pro,00754,second,Giải Nhì,5,411
max3d_pro,00754,second,Giải Nhì,6,853
max3d_pro,00754,third,Giải Ba,1,334
max3d_pro,00754,third,Giải Ba,2,238
max3d_pro,00754,third,Giải Ba,3,603
max3d_pro,00754,third,Giải Ba,4,621
max3d_pro,00754,third,Giải Ba,5,240
max3d_pro,00754,third,Giải Ba,6,117
max3d_pro,00754,third,Giải Ba,7,672
max3d_pro,00754,third,Giải Ba,8,736
max3d_pro,00755,special,Giải Đặc biệt,1,398
max3d_pro,00755,special,Giải Đặc biệt,2,723
max3d_pro,00755,first,Giải Nhất,1,704
max3d_pro,00755,first,Giải Nhất,2,848
max3d_pro,00755,first,Giải Nhất,3,486
max3d_pro,00755,first,Giải Nhất,4,961
max3d_pro,00755,second,Giải Nhì,1,979
max3d_pro,00755,second,Giải Nhì,2,324
max3d_pro,00755,second,Giải Nhì,3,952
max3d_pro,00755,second,Giải Nhì,4,443
max3d_pro,00755,second,Giải Nhì,5,353
max3d_pro,00755,second,Giải Nhì,6,719
max3d_pro,00755,third,Giải Ba,1,879
max3d_pro,00755,third,Giải Ba,2,300
max3d_pro,00755,third,Giải Ba,3,213
max3d_pro,00755,third,Giải Ba,4,274
max3d_pro,00755,third,Giải Ba,5,664
max3d_pro,00755,third,Giải Ba,6,424
max3d_pro,00755,third,Giải Ba,7,703
max3d_pro,00755,third,Giải Ba,8,497
max3d_pro,00756,special,Giải Đặc biệt,1,097
max3d_pro,00756,special,Giải Đặc biệt,2,939
max3d_pro,00756,first,Giải Nhất,1,524
max3d_pro,00756,first,Giải Nhất,2,948
max3d_pro,00756,first,Giải Nhất,3,741
max3d_pro,00756,first,Giải Nhất,4,401
max3d_pro,00756,second,Giải Nhì,1,962
max3d_pro,00756,second,Giải Nhì,2,572
max3d_pro,00756,second,Giải Nhì,3,922
max3d_pro,00756,second,Giải Nhì,4,862
max3d_pro,00756,second,Giải Nhì,5,903
max3d_pro,00756,second,Giải Nhì,6,088
max3d_pro,00756,third,Giải Ba,1,658
max3d_pro,00756,third,Giải Ba,2,317
max3d_pro,00756,third,Giải Ba,3,102
max3d_pro,00756,third,Giải Ba,4,787
max3d_pro,00756,third,Giải Ba,5,978
max3d_pro,00756,third,Giải Ba,6,070
max3d_pro,00756,third,Giải Ba,7,495
max3d_pro,00756,third,Giải Ba,8,121
max3d_pro,00757,special,Giải Đặc biệt,1,461
max3d_pro,00757,special,Giải Đặc biệt,2,587
max3d_pro,00757,first,Giải Nhất,1,617
max3d_pro,00757,first,Giải Nhất,2,677
max3d_pro,00757,first,Giải Nhất,3,281
max3d_pro,00757,first,Giải Nhất,4,974
max3d_pro,00757,second,Giải Nhì,1,711
max3d_pro,00757,second,Giải Nhì,2,207
max3d_pro,00757,second,Giải Nhì,3,788
max3d_pro,00757,second,Giải Nhì,4,306
max3d_pro,00757,second,Giải Nhì,5,534
max3d_pro,00757,second,Giải Nhì,6,229
max3d_pro,00757,third,Giải Ba,1,825
max3d_pro,00757,third,Giải Ba,2,161
max3d_pro,00757,third,Giải Ba,3,939
max3d_pro,00757,third,Giải Ba,4,035
max3d_pro,00757,third,Giải Ba,5,217
max3d_pro,00757,third,Giải Ba,6,890
max3d_pro,00757,third,Giải Ba,7,199
max3d_pro,00757,third,Giải Ba,8,294
max3d_pro,00758,special,Giải Đặc biệt,1,153
max3d_pro,00758,special,Giải Đặc biệt,2,238
max3d_pro,00758,first,Giải Nhất,1,492
max3d_pro,00758,first,Giải Nhất,2,155
max3d_pro,00758,first,Giải Nhất,3,046
max3d_pro,00758,first,Giải Nhất,4,838
max3d_pro,00758,second,Giải Nhì,1,147
max3d_pro,00758,second,Giải Nhì,2,016
max3d_pro,00758,second,Giải Nhì,3,604
max3d_pro,00758,second,Giải Nhì,4,027
max3d_pro,00758,second,Giải Nhì,5,080
max3d_pro,00758,second,Giải Nhì,6,674
max3d_pro,00758,third,Giải Ba,1,578
max3d_pro,00758,third,Giải Ba,2,035
max3d_pro,00758,third,Giải Ba,3,812
max3d_pro,00758,third,Giải Ba,4,301
max3d_pro,00758,third,Giải Ba,5,856
max3d_pro,00758,third,Giải Ba,6,841
max3d_pro,00758,third,Giải Ba,7,932
max3d_pro,00758,third,Giải Ba,8,362
max3d_pro,00759,special,Giải Đặc biệt,1,218
max3d_pro,00759,special,Giải Đặc biệt,2,463
max3d_pro,00759,first,Giải Nhất,1,180
max3d_pro,00759,first,Giải Nhất,2,340
max3d_pro,00759,first,Giải Nhất,3,498
max3d_pro,00759,first,Giải Nhất,4,482
max3d_pro,00759,second,Giải Nhì,1,668
max3d_pro,00759,second,Giải Nhì,2,842
max3d_pro,00759,second,Giải Nhì,3,184
max3d_pro,00759,second,Giải Nhì,4,284
max3d_pro,00759,second,Giải Nhì,5,328
max3d_pro,00759,second,Giải Nhì,6,437
max3d_pro,00759,third,Giải Ba,1,625
max3d_pro,00759,third,Giải Ba,2,224
max3d_pro,00759,third,Giải Ba,3,316
max3d_pro,00759,third,Giải Ba,4,089
max3d_pro,00759,third,Giải Ba,5,339
max3d_pro,00759,third,Giải Ba,6,606
max3d_pro,00759,third,Giải Ba,7,287
max3d_pro,00759,third,Giải Ba,8,262
max3d_pro,00760,special,Giải Đặc biệt,1,452
max3d_pro,00760,special,Giải Đặc biệt,2,600
max3d_pro,00760,first,Giải Nhất,1,484
max3d_pro,00760,first,Giải Nhất,2,745
max3d_pro,00760,first,Giải Nhất,3,243
max3d_pro,00760,first,Giải Nhất,4,256
max3d_pro,00760,second,Giải Nhì,1,580
max3d_pro,00760,second,Giải Nhì,2,006
max3d_pro,00760,second,Giải Nhì,3,849
max3d_pro,00760,second,Giải Nhì,4,538
max3d_pro,00760,second,Giải Nhì,5,564
max3d_pro,00760,second,Giải Nhì,6,451
max3d_pro,00760,third,Giải Ba,1,571
max3d_pro,00760,third,Giải Ba,2,794
max3d_pro,00760,third,Giải Ba,3,881
max3d_pro,00760,third,Giải Ba,4,129
max3d_pro,00760,third,Giải Ba,5,804
max3d_pro,00760,third,Giải Ba,6,686
max3d_pro,00760,third,Giải Ba,7,941
max3d_pro,00760,third,Giải Ba,8,374
max3d_pro,00761,special,Giải Đặc biệt,1,010
max3d_pro,00761,special,Giải Đặc biệt,2,510
max3d_pro,00761,first,Giải Nhất,1,698
max3d_pro,00761,first,Giải Nhất,2,840
max3d_pro,00761,first,Giải Nhất,3,185
max3d_pro,00761,first,Giải Nhất,4,647
max3d_pro,00761,second,Giải Nhì,1,284
max3d_pro,00761,second,Giải Nhì,2,714
max3d_pro,00761,second,Giải Nhì,3,339
max3d_pro,00761,second,Giải Nhì,4,166
max3d_pro,00761,second,Giải Nhì,5,214
max3d_pro,00761,second,Giải Nhì,6,182
max3d_pro,00761,third,Giải Ba,1,021
max3d_pro,00761,third,Giải Ba,2,941
max3d_pro,00761,third,Giải Ba,3,854
max3d_pro,00761,third,Giải Ba,4,515
max3d_pro,00761,third,Giải Ba,5,600
max3d_pro,00761,third,Giải Ba,6,591
max3d_pro,00761,third,Giải Ba,7,901
max3d_pro,00761,third,Giải Ba,8,598
