game,draw_id,draw_date,draw_time,draw_slot,result_kind,main_numbers,bonus_numbers,source_url,source_sha256,retrieved_at
max3d,00001,2019-04-22,18:00:00,evening,three_digit_tiers,,,https://www.vietlott.vn/vi/trung-thuong/ket-qua-trung-thuong/max-3D?id=00001&nocatche=1,8b0fb34e41eb578c6146f24a686355dd28cd0053c37a61529005c4a584c5943c,2026-08-07T20:10:21+00:00
max3d,00002,2019-04-24,18:00:00,evening,three_digit_tiers,,,https://www.vietlott.vn/vi/trung-thuong/ket-qua-trung-thuong/max-3D?id=00002&nocatche=1,de13d3741e388d4b78ff10ae74eb736b14530142d42e72fb763c0af8402b680d,2026-08-07T20:10:33+00:00
max3d,00003,2019-04-26,18:00:00,evening,three_digit_tiers,,,https://www.vietlott.vn/vi/trung-thuong/ket-qua-trung-thuong/max-3D?id=00003&nocatche=1,9da11207fa0d05361ca9a08274046876a9e01f571bdf542ef57b6a8db2ae4909,2026-08-07T20:10:31+00:00
max3d,00004,2019-04-29,18:00:00,evening,three_digit_tiers,,,https://www.vietlott.vn/vi/trung-thuong/ket-qua-trung-thuong/max-3D?id=00004&nocatche=1,e14d88e9605cd7ec4d5076cefd1b0054901ca26f13337206106d091cfee99756,2026-08-07T20:10:37+00:00
max3d,00005,2019-05-01,18:00:00,evening,three_digit_tiers,,,https://www.vietlott.vn/vi/trung-thuong/ket-qua-trung-thuong/max-3D?id=00005&nocatche=1,43adefc90aeac223aff91d8feee8391583f11a0d9dda437a6263cc3a557be8db,2026-08-07T20:10:30+00:00
max3d,00006,2019-05-03,18:00:00,evening,three_digit_tiers,,,https://www.vietlott.vn/vi/trung-thuong/ket-qua-trung-thuong/max-3D?id=00006&nocatche=1,eb98cff2650866689601527b4b930a03c9c7b88230a893f48dc95f343cccd1af,2026-08-07T20:10:37+00:00
max3d,00007,2019-05-06,18:00:00,evening,three_digit_tiers,,,https://www.vietlott.vn/vi/trung-thuong/ket-qua-trung-thuong/max-3D?id=00007&nocatche=1,4361f4fb85d24b8f450750b1a031cfb84138e3ed3cc8514e80a5121239a8dad1,2026-08-07T20:10:30+00:00
max3d,00008,2019-05-08,18:00:00,evening,three_digit_tiers,,,https://www.vietlott.vn/vi/trung-thuong/ket-qua-trung-thuong/max-3D?id=00008&nocatche=1,c2e70d29b1b04d315884c424ef07687a3ddca42fb6caaf50524adb6882254552,2026-08-07T20:10:29+00:00
max3d,00009,2019-05-10,18:00:00,evening,three_digit_tiers,,,https://www.vietlott.vn/vi/trung-thuong/ket-qua-trung-thuong/max-3D?id=00009&nocatche=1,969a1226a749d185971cfd2dfc0b281dc52c4fd3a965314f48a12c9eac14cc7f,2026-08-07T20:10:28+00:00
max3d,00010,2019-05-13,18:00:00,evening,three_digit_tiers,,,https://www.vietlott.vn/vi/trung-thuong/ket-qua-trung-thuong/max-3D?id=00010&nocatche=1,13aa93fafa9fc8454de24a986818a008665393a50438b7cfaf1b47bd4fa73f83,2026-08-07T20:10:21+00:00
max3d,00011,2019-05-15,18:00:00,evening,three_digit_tiers,,,https://www.vietlott.vn/vi/trung-thuong/ket-qua-trung-thuong/max-3D?id=00011&nocatche=1,82eb8485e6f664dc175b0b79cb610830d32939d657f9308374aa337befb05e7f,2026-08-07T20:10:20+00:00
max3d,00012,2019-05-17,18:00:00,evening,three_digit_tiers,,,https://www.vietlott.vn/vi/trung-thuong/ket-qua-trung-thuong/max-3D?id=00012&nocatche=1,16ab7dbba5b779280257516f213d4f8a2c10cdcd5dbc14c8da0fcb94cdb680c5,2026-08-07T20:10:19+00:00
max3d,00013,2019-05-20,18:00:00,evening,three_digit_tiers,,,https://www.vietlott.vn/vi/trung-thuong/ket-qua-trung-thuong/max-3D?id=00013&nocatche=1,e0349ba0f8e1f00dea12a3ee4f8e7630bade1658b32d098826bbc47134750ccf,2026-08-07T20:10:18+00:00
max3d,00014,2019-05-22,18:00:00,evening,three_digit_tiers,,,https://www.vietlott.vn/vi/trung-thuong/ket-qua-trung-thuong/max-3D?id=00014&nocatche=1,45abfe065f0e41c534fde853ee1bdde231a903ee3dda53a965e5dd2186292535,2026-08-07T20:10:28+00:00
max3d,00015,2019-05-24,18:00:00,evening,three_digit_tiers,,,https://www.vietlott.vn/vi/trung-thuong/ket-qua-trung-thuong/max-3D?id=00015&nocatche=1,bd5f8993c2a421a311fac4f32c95f36583ac4701984878260fe6fa21e5b4ada7,2026-08-07T20:10:28+00:00
max3d,00016,2019-05-27,18:00:00,evening,three_digit_tiers,,,https://www.vietlott.vn/vi/trung-thuong/ket-qua-trung-thuong/max-3D?id=00016&nocatche=1,948405306257122cbb30d7576dedc11c9d46126d994a0aafd37ce2a6529d6795,2026-08-07T20:10:14+00:00
max3d,00017,2019-05-29,18:00:00,evening,three_digit_tiers,,,https://www.vietlott.vn/vi/trung-thuong/ket-qua-trung-thuong/max-3D?id=00017&nocatche=1,f194981038c01bc8929211c73cecdace3a8d126550dc8fcea1e331e8d49ca686,2026-08-07T20:10:14+00:00
max3d,00018,2019-05-31,18:00:00,evening,three_digit_tiers,,,https://www.vietlott.vn/vi/trung-thuong/ket-qua-trung-thuong/max-3D?id=00018&nocatche=1,99ae2623090006c01314d51f5953ed45ec7791530042851573af34018994c0f2,2026-08-07T20:10:10+00:00
max3d,00019,2019-06-03,18:00:00,evening,three_digit_tiers,,,https://www.vietlott.vn/vi/trung-thuong/ket-qua-trung-thuong/max-3D?id=00019&nocatche=1,9f0e0df2eada1a55171587cd83e1aa0452453f8fe32b4444497707ba896693da,2026-08-07T20:10:10+00:00
max3d,00020,2019-06-05,18:00:00,evening,three_digit_tiers,,,https://www.vietlott.vn/vi/trung-thuong/ket-qua-trung-thuong/max-3D?id=00020&nocatche=1,e0bd145e0354ba7e1d70553150672c2b77299293ad88391f136dc8159358eb53,2026-08-07T20:10:09+00:00
max3d,00021,2019-06-07,18:00:00,evening,three_digit_tiers,,,https://www.vietlott.vn/vi/trung-thuong/ket-qua-trung-thuong/max-3D?id=00021&nocatche=1,22be625cf704cb9c34a88aeccc08c15afc1d12aaa1a3cff84c3e51678c3a2682,2026-08-07T20:10:09+00:00
max3d,00022,2019-06-10,18:00:00,evening,three_digit_tiers,,,https://www.vietlott.vn/vi/trung-thuong/ket-qua-trung-thuong/max-3D?id=00022&nocatche=1,5dcfbb324f2ba241bbceebd38763491d1934a7e40ddadafb39f75b3bc4ab2bae,2026-08-07T20:10:08+00:00
max3d,00023,2019-06-12,18:00:00,evening,three_digit_tiers,,,https://www.vietlott.vn/vi/trung-thuong/ket-qua-trung-thuong/max-3D?id=00023&nocatche=1,df398db1153ebddaf89b9dbccb3bfa922d6a082e64ad9409fce9e7b5a5eabf6e,2026-08-07T20:10:08+00:00
max3d,00024,2019-06-14,18:00:00,evening,three_digit_tiers,,,https://www.vietlott.vn/vi/trung-thuong/ket-qua-trung-thuong/max-3D?id=00024&nocatche=1,52f9c5fe10ad7654ab66805e6c2593af59a2077ff7dc173a3e33b97ada26a9ea,2026-08-07T20:10:07+00:00
max3d,00025,2019-06-17,18:00:00,evening,three_digit_tiers,,,https://www.vietlott.vn/vi/trung-thuong/ket-qua-trung-thuong/max-3D?id=00025&nocatche=1,31ea41634aa8aaaf2a6d7a1e1238c3a02714bd90e1a20cf789ffc5dec23b9d22,2026-08-07T20:10:14+00:00
max3d,00026,2019-06-19,18:00:00,evening,three_digit_tiers,,,https://www.vietlott.vn/vi/trung-thuong/ket-qua-trung-thuong/max-3D?id=00026&nocatche=1,917de4dfe88fc05a1f24522cbdebdba5d15ae7a18ba092992db5518db4979c56,2026-08-07T20:10:10+00:00
max3d,00027,2019-06-21,18:00:00,evening,three_digit_tiers,,,https://www.vietlott.vn/vi/trung-thuong/ket-qua-trung-thuong/max-3D?id=00027&nocatche=1,cd0ff238f127c91941f1e9fa4a9b90c248fe211b73e20b7279964790dd831a02,2026-08-07T20:10:06+00:00
max3d,00028,2019-06-24,18:00:00,evening,three_digit_tiers,,,https://www.vietlott.vn/vi/trung-thuong/ket-qua-trung-thuong/max-3D?id=00028&nocatche=1,92193d505fb8763e26bee9fa8a774dde2d566d5968e6f6ca3c35c1e65a921c06,2026-08-07T20:10:07+00:00
max3d,00029,2019-06-26,18:00:00,evening,three_digit_tiers,,,https://www.vietlott.vn/vi/trung-thuong/ket-qua-trung-thuong/max-3D?id=00029&nocatche=1,9a5085e36b87014967ba0379de891d882cf09b95651c98f66ce7398925d253c2,2026-08-07T20:10:02+00:00
max3d,00030,2019-06-28,18:00:00,evening,three_digit_tiers,,,https://www.vietlott.vn/vi/trung-thuong/ket-qua-trung-thuong/max-3D?id=00030&nocatche=1,3ceeb9d9b50ef83466b19ffb4ce64532ef943a2fa1ccb35403a5b6e7ddf871fa,2026-08-07T20:10:06+00:00
max3d,00031,2019-07-01,18:00:00,evening,three_digit_tiers,,,https://www.vietlott.vn/vi/trung-thuong/ket-qua-trung-thuong/max-3D?id=00031&nocatche=1,cde69ba01a2d3efb92ec615b14201f5b2fc94b7ddcec981748e994500e0a3b5d,2026-08-07T20:10:05+00:00
max3d,00032,2019-07-03,18:00:00,evening,three_digit_tiers,,,https://www.vietlott.vn/vi/trung-thuong/ket-qua-trung-thuong/max-3D?id=00032&nocatche=1,5010669cbfc34562b9e58de61a78b5e5275f9bfc7a391382a4bd3e62a54bcb48,2026-08-07T20:10:01+00:00
max3d,00033,2019-07-05,18:00:00,evening,three_digit_tiers,,,https://www.vietlott.vn/vi/trung-thuong/ket-qua-trung-thuong/max-3D?id=00033&nocatche=1,65814028a559d78367a4062790889b4440b07754e7f38e7abd0d4fe30d54306e,2026-08-07T20:09:59+00:00
max3d,00034,2019-07-08,18:00:00,evening,three_digit_tiers,,,https://www.vietlott.vn/vi/trung-thuong/ket-qua-trung-thuong/max-3D?id=00034&nocatche=1,d250fa074417931b5a810c5f37662707020f09337523fdae503400cdbec0e13a,2026-08-07T20:10:02+00:00
max3d,00035,2019-07-10,18:00:00,evening,three_digit_tiers,,,https://www.vietlott.vn/vi/trung-thuong/ket-qua-trung-thuong/max-3D?id=00035&nocatche=1,f87d8e6db5e76788b2b9bfe61e94152e5fa4efe59215c88eece86e3272bcf1ea,2026-08-07T20:09:58+00:00
max3d,00036,2019-07-12,18:00:00,evening,three_digit_tiers,,,https://www.vietlott.vn/vi/trung-thuong/ket-qua-trung-thuong/max-3D?id=00036&nocatche=1,06262c1eddac409e1d7ae4b5527108644781bddc085983a6cdee48548a4269c2,2026-08-07T20:10:01+00:00
max3d,00037,2019-07-15,18:00:00,evening,three_digit_tiers,,,https://www.vietlott.vn/vi/trung-thuong/ket-qua-trung-thuong/max-3D?id=00037&nocatche=1,a25251f4a882b7698899f933ade9969a96cea0771bc3b0a70a8192569caefc26,2026-08-07T20:09:55+00:00
max3d,00038,2019-07-17,18:00:00,evening,three_digit_tiers,,,https://www.vietlott.vn/vi/trung-thuong/ket-qua-trung-thuong/max-3D?id=00038&nocatche=1,f92fb43b083fbfb65f2e1959117919da2167244ebb7eb483c92ba0f343be5a8e,2026-08-07T20:09:56+00:00
max3d,00039,2019-07-19,18:00:00,evening,three_digit_tiers,,,https://www.vietlott.vn/vi/trung-thuong/ket-qua-trung-thuong/max-3D?id=00039&nocatche=1,4ae5ff6de453b924b42c24f8a3ebc25c91da2ac01f4571912915aaad9afb08af,2026-08-07T20:09:52+00:00
max3d,00040,2019-07-22,18:00:00,evening,three_digit_tiers,,,https://www.vietlott.vn/vi/trung-thuong/ket-qua-trung-thuong/max-3D?id=00040&nocatche=1,2e03eac5f647d766af8e91dba987ac28cefc7685469f22893e4e5d70406e8b6f,2026-08-07T20:09:57+00:00
max3d,00041,2019-07-24,18:00:00,evening,three_digit_tiers,,,https://www.vietlott.vn/vi/trung-thuong/ket-qua-trung-thuong/max-3D?id=00041&nocatche=1,c284abfcaee51caf2807ae1622e31bd55e598e50977e8957391297b88476538b,2026-08-07T20:09:51+00:00
max3d,00042,2019-07-26,18:00:00,evening,three_digit_tiers,,,https://www.vietlott.vn/vi/trung-thuong/ket-qua-trung-thuong/max-3D?id=00042&nocatche=1,68491d71e58bb1f4fcea0e625dec1836b4216f8282ed6dd53c1f509aa8997668,2026-08-07T20:09:57+00:00
max3d,00043,2019-07-29,18:00:00,evening,three_digit_tiers,,,https://www.vietlott.vn/vi/trung-thuong/ket-qua-trung-thuong/max-3D?id=00043&nocatche=1,e5db283107184b3fc0a147c3613785e9b3031802bedeb3aefaf336e7f8f769d1,2026-08-07T20:10:00+00:00
max3d,00044,2019-07-31,18:00:00,evening,three_digit_tiers,,,https://www.vietlott.vn/vi/trung-thuong/ket-qua-trung-thuong/max-3D?id=00044&nocatche=1,e196260d7dbd00296172d1722e5114f3f7d8bcf03179fbc5ce0c7670dc7961d2,2026-08-07T20:09:57+00:00
max3d,00045,2019-08-02,18:00:00,evening,three_digit_tiers,,,https://www.vietlott.vn/vi/trung-thuong/ket-qua-trung-thuong/max-3D?id=00045&nocatche=1,0930028d2adb3bd1fc1861938198ef622edb739dd9efa5537268942f8b5f9c7b,2026-08-07T20:09:56+00:00
max3d,00046,2019-08-05,18:00:00,evening,three_digit_tiers,,,https://www.vietlott.vn/vi/trung-thuong/ket-qua-trung-thuong/max-3D?id=00046&nocatche=1,c93a096605a68ac42a425158887ff06e8e88a83193466663390ac09ec3e89c11,2026-08-07T20:09:56+00:00
max3d,00047,2019-08-07,18:00:00,evening,three_digit_tiers,,,https://www.vietlott.vn/vi/trung-thuong/ket-qua-trung-thuong/max-3D?id=00047&nocatche=1,90267c9d8428731a0825b4ca0154b645be1789b66545635897b2c036d80ae77c,2026-08-07T20:09:50+00:00
max3d,00048,2019-08-09,18:00:00,evening,three_digit_tiers,,,https://www.vietlott.vn/vi/trung-thuong/ket-qua-trung-thuong/max-3D?id=00048&nocatche=1,7ba5160ded6a0d50a7b59c28f8f2dd118aa1cf38a94bb94fc5672ef39db4f5f1,2026-08-07T20:09:55+00:00
max3d,00049,2019-08-12,18:00:00,evening,three_digit_tiers,,,https://www.vietlott.vn/vi/trung-thuong/ket-qua-trung-thuong/max-3D?id=00049&nocatche=1,8742aa4a98e5a60b2fba11aab2adf889852374cd06128eb307e51d7136f50c9a,2026-08-07T20:09:48+00:00
max3d,00050,2019-08-14,18:00:00,evening,three_digit_tiers,,,https://www.vietlott.vn/vi/trung-thuong/ket-qua-trung-thuong/max-3D?id=00050&nocatche=1,0c7ba0e42453a9aa6e4e28804280d537f4b2afc58ca1a3e5d96247449dd729dc,2026-08-07T20:09:51+00:00
max3d,00051,2019-08-16,18:00:00,evening,three_digit_tiers,,,https://www.vietlott.vn/vi/trung-thuong/ket-qua-trung-thuong/max-3D?id=00051&nocatche=1,f498c12a1c302b35c0440a4da23ca5c5987278f20c5f52dd38ba6cf7af8c9164,2026-08-07T20:09:47+00:00
max3d,00052,2019-08-19,18:00:00,evening,three_digit_tiers,,,https://www.vietlott.vn/vi/trung-thuong/ket-qua-trung-thuong/max-3D?id=00052&nocatche=1,6590da6f22add5813a70ec90da225d3f316917e27ed3a83074ff57a7f345ce27,2026-08-07T20:09:46+00:00
max3d,00053,2019-08-21,18:00:00,evening,three_digit_tiers,,,https://www.vietlott.vn/vi/trung-thuong/ket-qua-trung-thuong/max-3D?id=00053&nocatche=1,64e6bee9b04a3b6eb2aadf67d7807112c02f811e4dcbc8f492cf56ca4a046daa,2026-08-07T20:09:45+00:00
max3d,00054,2019-08-23,18:00:00,evening,three_digit_tiers,,,https://www.vietlott.vn/vi/trung-thuong/ket-qua-trung-thuong/max-3D?id=00054&nocatche=1,b99495f5775989de70538c864c2569774f7ad46e822f3f7a1d7dcacebbdc2df4,2026-08-07T20:09:44+00:00
max3d,00055,2019-08-26,18:00:00,evening,three_digit_tiers,,,https://www.vietlott.vn/vi/trung-thuong/ket-qua-trung-thuong/max-3D?id=00055&nocatche=1,7150ba938d9a0bc8d20da2752d998c46fafa1e2275aa527aca9d2dc35f2b0de0,2026-08-07T20:09:47+00:00
max3d,00056,2019-08-28,18:00:00,evening,three_digit_tiers,,,https://www.vietlott.vn/vi/trung-thuong/ket-qua-trung-thuong/max-3D?id=00056&nocatche=1,c45ad6284d416ef9bad194004ef32db248eabe0dcbb4c94d4bbd71d431deb9b8,2026-08-07T20:09:49+00:00
max3d,00057,2019-08-30,18:00:00,evening,three_digit_tiers,,,https://www.vietlott.vn/vi/trung-thuong/ket-qua-trung-thuong/max-3D?id=00057&nocatche=1,4d82c6a0697248b387ca539fb7cefac69e5244513a6c609e66b4d625bded9054,2026-08-07T20:09:39+00:00
max3d,00058,2019-09-02,18:00:00,evening,three_digit_tiers,,,https://www.vietlott.vn/vi/trung-thuong/ket-qua-trung-thuong/max-3D?id=00058&nocatche=1,e0f58536e4c617694ea2c9b59f9e3c75d9472854bd2f96863b61d0d6461228a6,2026-08-07T20:09:39+00:00
max3d,00059,2019-09-04,18:00:00,evening,three_digit_tiers,,,https://www.vietlott.vn/vi/trung-thuong/ket-qua-trung-thuong/max-3D?id=00059&nocatche=1,927f08dd2462b4de957086acd8f71fe1aad3a415e66ac8f1aa23a4aab4ea6884,2026-08-07T20:09:36+00:00
max3d,00060,2019-09-06,18:00:00,evening,three_digit_tiers,,,https://www.vietlott.vn/vi/trung-thuong/ket-qua-trung-thuong/max-3D?id=00060&nocatche=1,954238dd6ab58cb663005ff9220cec51887a10d9c260c5685b8f67ac09c62c51,2026-08-07T20:09:39+00:00
max3d,00061,2019-09-09,18:00:00,evening,three_digit_tiers,,,https://www.vietlott.vn/vi/trung-thuong/ket-qua-trung-thuong/max-3D?id=00061&nocatche=1,c5f8253d0bcb650e4f838534640ec424b053c15ef2ef825ee85791e0f29e6298,2026-08-07T20:09:34+00:00
max3d,00062,2019-09-11,18:00:00,evening,three_digit_tiers,,,https://www.vietlott.vn/vi/trung-thuong/ket-qua-trung-thuong/max-3D?id=00062&nocatche=1,c37799641adea2977793e8de913e0b7b650e308058b40a0a87477a35ad72afe1,2026-08-07T20:09:42+00:00
max3d,00063,2019-09-13,18:00:00,evening,three_digit_tiers,,,https://www.vietlott.vn/vi/trung-thuong/ket-qua-trung-thuong/max-3D?id=00063&nocatche=1,6b6b626aff3fd594b13a704c980a01242f4e3033630e9ad6fdbdaa5a54d5ab6b,2026-08-07T20:09:43+00:00
max3d,00064,2019-09-16,18:00:00,evening,three_digit_tiers,,,https://www.vietlott.vn/vi/trung-thuong/ket-qua-trung-thuong/max-3D?id=00064&nocatche=1,0151952dd3149711efddf93d5b06a4ee6ac7d7b9915bc382c274eb89447a20b5,2026-08-07T20:09:50+00:00
max3d,00065,2019-09-18,18:00:00,evening,three_digit_tiers,,,https://www.vietlott.vn/vi/trung-thuong/ket-qua-trung-thuong/max-3D?id=00065&nocatche=1,dd706ae1f8c1c168b8e32f723032e87452171ce69280fde981451f802d6c5953,2026-08-07T20:09:41+00:00
max3d,00066,2019-09-20,18:00:00,evening,three_digit_tiers,,,https://www.vietlott.vn/vi/trung-thuong/ket-qua-trung-thuong/max-3D?id=00066&nocatche=1,23f541967c6a92ee320079d45d274ffb489b2f57cd38d23773bd4a3517bfa18c,2026-08-07T20:09:43+00:00
max3d,00067,2019-09-23,18:00:00,evening,three_digit_tiers,,,https://www.vietlott.vn/vi/trung-thuong/ket-qua-trung-thuong/max-3D?id=00067&nocatche=1,f48b9e4b94f64ba15715dc4cc38f39bc7736bfc2ac658036e7f4ece39b8cab3f,2026-08-07T20:09:37+00:00
max3d,00068,2019-09-25,18:00:00,evening,three_digit_tiers,,,https://www.vietlott.vn/vi/trung-thuong/ket-qua-trung-thuong/max-3D?id=00068&nocatche=1,0aef8a55d9dae1a7dceed4622a7f33ed0440cd8e1c2de273f603b3f1a33fc338,2026-08-07T20:09:34+00:00
max3d,00069,2019-09-27,18:00:00,evening,three_digit_tiers,,,https://www.vietlott.vn/vi/trung-thuong/ket-qua-trung-thuong/max-3D?id=00069&nocatche=1,b98e693a289abe7506166262c844b15c64d4915a5a13b130c428ad504d9c623e,2026-08-07T20:09:32+00:00
max3d,00070,2019-09-30,18:00:00,evening,three_digit_tiers,,,https://www.vietlott.vn/vi/trung-thuong/ket-qua-trung-thuong/max-3D?id=00070&nocatche=1,c1da760147046625025550ec212416383cb02e01b4d4348b0cc260660891a4e9,2026-08-07T20:09:32+00:00
max3d,00071,2019-10-02,18:00:00,evening,three_digit_tiers,,,https://www.vietlott.vn/vi/trung-thuong/ket-qua-trung-thuong/max-3D?id=00071&nocatche=1,4f255fa6147d9c0a632b39ee4d2daddbdb7fbf916be17038fd70919e0e7c7d22,2026-08-07T20:09:34+00:00
max3d,00072,2019-10-04,18:00:00,evening,three_digit_tiers,,,https://www.vietlott.vn/vi/trung-thuong/ket-qua-trung-thuong/max-3D?id=00072&nocatche=1,a3c27dd8a63d44d5afdd4d56b0d65f18e1e5a4bf0e1878da9440d0259a673333,2026-08-07T20:09:30+00:00
max3d,00073,2019-10-07,18:00:00,evening,three_digit_tiers,,,https://www.vietlott.vn/vi/trung-thuong/ket-qua-trung-thuong/max-3D?id=00073&nocatche=1,950cec42585a66dcf39e45c3586332d5dd922e5f3a54b048bfac58391e4313b1,2026-08-07T20:09:31+00:00
max3d,00074,2019-10-09,18:00:00,evening,three_digit_tiers,,,https://www.vietlott.vn/vi/trung-thuong/ket-qua-trung-thuong/max-3D?id=00074&nocatche=1,8b02da49fa5cff64c0ad3ea40431efea92d94d040ec2accfafa0271f57d083d0,2026-08-07T20:09:28+00:00
max3d,00075,2019-10-11,18:00:00,evening,three_digit_tiers,,,https://www.vietlott.vn/vi/trung-thuong/ket-qua-trung-thuong/max-3D?id=00075&nocatche=1,c9913f2478a6728e156f588dc05a2ef243f6b726d3a0c0b169a98913048ca3b1,2026-08-07T20:09:27+00:00
max3d,00076,2019-10-14,18:00:00,evening,three_digit_tiers,,,https://www.vietlott.vn/vi/trung-thuong/ket-qua-trung-thuong/max-3D?id=00076&nocatche=1,a51689508d8093c56526472eea69ad82ad1ea766a77a1dbc75dda74b1f9df616,2026-08-07T20:09:32+00:00
max3d,00077,2019-10-16,18:00:00,evening,three_digit_tiers,,,https://www.vietlott.vn/vi/trung-thuong/ket-qua-trung-thuong/max-3D?id=00077&nocatche=1,99de51f459d9bf8a92f79dce7854bfef79184b1ca9f2b61c635fb480560170c5,2026-08-07T20:09:29+00:00
max3d,00078,2019-10-18,18:00:00,evening,three_digit_tiers,,,https://www.vietlott.vn/vi/trung-thuong/ket-qua-trung-thuong/max-3D?id=00078&nocatche=1,de3a8a81fd063b30794b21cc0071f3e1d2d3948b27e98013a6cb5c23c196117a,2026-08-07T20:09:26+00:00
max3d,00079,2019-10-21,18:00:00,evening,three_digit_tiers,,,https://www.vietlott.vn/vi/trung-thuong/ket-qua-trung-thuong/max-3D?id=00079&nocatche=1,591fa6277965765d9c45a034e27914fdc66881f72f9fef7d8ba128c9510648e9,2026-08-07T20:09:30+00:00
max3d,00080,2019-10-23,18:00:00,evening,three_digit_tiers,,,https://www.vietlott.vn/vi/trung-thuong/ket-qua-trung-thuong/max-3D?id=00080&nocatche=1,44c640b8197ac7ec4b7a29055c56cd4e323cf76a50ab1e5094bbe976b61f45a1,2026-08-07T20:09:25+00:00
max3d,00081,2019-10-25,18:00:00,evening,three_digit_tiers,,,https://www.vietlott.vn/vi/trung-thuong/ket-qua-trung-thuong/max-3D?id=00081&nocatche=1,e9e005d75e4c456c90a6d840ec49d880e302132110d91bf5e4cdfb760ce05f82,2026-08-07T20:09:24+00:00
max3d,00082,2019-10-28,18:00:00,evening,three_digit_tiers,,,https://www.vietlott.vn/vi/trung-thuong/ket-qua-trung-thuong/max-3D?id=00082&nocatche=1,c9629cfad6a8e01a1fbdf68056bf479ccab2e16cd622f29a1782fe8095abeb83,2026-08-07T20:09:23+00:00
max3d,00083,2019-10-30,18:00:00,evening,three_digit_tiers,,,https://www.vietlott.vn/vi/trung-thuong/ket-qua-trung-thuong/max-3D?id=00083&nocatche=1,5271a1227d0acca094340856fd88a790f1b96a5b4ebcce89a2284ede141987a0,2026-08-07T20:09:25+00:00
max3d,00084,2019-11-01,18:00:00,evening,three_digit_tiers,,,https://www.vietlott.vn/vi/trung-thuong/ket-qua-trung-thuong/max-3D?id=00084&nocatche=1,ec5501e4b61df19a1bf5bf4e337bd24ebb28b67f9d6b4a63a159e8a39105a975,2026-08-07T20:09:26+00:00
max3d,00085,2019-11-04,18:00:00,evening,three_digit_tiers,,,https://www.vietlott.vn/vi/trung-thuong/ket-qua-trung-thuong/max-3D?id=00085&nocatche=1,e869031830ac83db560a9dd4f647d504ade8321fcdb73f9ce549c170cc06d5c1,2026-08-07T20:09:26+00:00
max3d,00086,2019-11-06,18:00:00,evening,three_digit_tiers,,,https://www.vietlott.vn/vi/trung-thuong/ket-qua-trung-thuong/max-3D?id=00086&nocatche=1,69742741a6f4e5a47cffa493ce933afd151942b0fe46d9200e8ea846aad2fd0d,2026-08-07T20:09:21+00:00
max3d,00087,2019-11-08,18:00:00,evening,three_digit_tiers,,,https://www.vietlott.vn/vi/trung-thuong/ket-qua-trung-thuong/max-3D?id=00087&nocatche=1,4bc54501c3fb210b925944df7114783a72c875d2d40e1458c9d8b15f3ffbef00,2026-08-07T20:09:18+00:00
max3d,00088,2019-11-11,18:00:00,evening,three_digit_tiers,,,https://www.vietlott.vn/vi/trung-thuong/ket-qua-trung-thuong/max-3D?id=00088&nocatche=1,c80380b40bec963f29e29e44e7dd51146d705334925a1fb4353ef2ae12ff6a1f,2026-08-07T20:09:16+00:00
max3d,00089,2019-11-13,18:00:00,evening,three_digit_tiers,,,https://www.vietlott.vn/vi/trung-thuong/ket-qua-trung-thuong/max-3D?id=00089&nocatche=1,ade9db536cf74640fba4171d4bce123f1612c357690065d2c7ba6c301d5639f7,2026-08-07T20:09:16+00:00
max3d,00090,2019-11-15,18:00:00,evening,three_digit_tiers,,,https://www.vietlott.vn/vi/trung-thuong/ket-qua-trung-thuong/max-3D?id=00090&nocatche=1,481d3ca5a3b8aeef3d65f46e0608db3b14457e45631ef5a5a85a2f119199ab68,2026-08-07T20:09:13+00:00
max3d,00091,2019-11-18,18:00:00,evening,three_digit_tiers,,,https://www.vietlott.vn/vi/trung-thuong/ket-qua-trung-thuong/max-3D?id=00091&nocatche=1,26eea608362ed9cad5b5515a7f91d1fdc315d250c800caba5815db0ded3c7f80,2026-08-07T20:09:11+00:00
max3d,00092,2019-11-20,18:00:00,evening,three_digit_tiers,,,https://www.vietlott.vn/vi/trung-thuong/ket-qua-trung-thuong/max-3D?id=00092&nocatche=1,f7b83f8c3d8da9fb3def54aa669986d83bf2911b9b51364c2c2d51c3c665dd1b,2026-08-07T20:09:22+00:00
max3d,00093,2019-11-22,18:00:00,evening,three_digit_tiers,,,https://www.vietlott.vn/vi/trung-thuong/ket-qua-trung-thuong/max-3D?id=00093&nocatche=1,28dfd649c94f176c8f371d2329a07b44d4e377f42151550c6f7d7591163b230b,2026-08-07T20:09:22+00:00
max3d,00094,2019-11-25,18:00:00,evening,three_digit_tiers,,,https://www.vietlott.vn/vi/trung-thuong/ket-qua-trung-thuong/max-3D?id=00094&nocatche=1,d3ae3fa48c7a4b4155c2ffeacae71b52bc071821c3c2a9a23dbe7aad98a52d33,2026-08-07T20:09:19+00:00
max3d,00095,2019-11-27,18:00:00,evening,three_digit_tiers,,,https://www.vietlott.vn/vi/trung-thuong/ket-qua-trung-thuong/max-3D?id=00095&nocatche=1,9e83639cccd90ed35b1bfab3fdc604226d939967c15c340762d479090b6d1a91,2026-08-07T20:09:22+00:00
max3d,00096,2019-11-29,18:00:00,evening,three_digit_tiers,,,https://www.vietlott.vn/vi/trung-thuong/ket-qua-trung-thuong/max-3D?id=00096&nocatche=1,a69b11280d1717b8cea2d29b03dc3261a7feeb9696cae10deadede892c083b74,2026-08-07T20:09:20+00:00
max3d,00097,2019-12-02,18:00:00,evening,three_digit_tiers,,,https://www.vietlott.vn/vi/trung-thuong/ket-qua-trung-thuong/max-3D?id=00097&nocatche=1,6a0915870387b3ae78982c5c7742c24f1e3d0f83cc0a5565dec7e1398e3febc7,2026-08-07T20:09:12+00:00
max3d,00098,2019-12-04,18:00:00,evening,three_digit_tiers,,,https://www.vietlott.vn/vi/trung-thuong/ket-qua-trung-thuong/max-3D?id=00098&nocatche=1,9e0b62e61a0c8160c46b2e42860f2156018dcb84d9095860fd60335009bf5def,2026-08-07T20:09:10+00:00
max3d,00099,2019-12-06,18:00:00,evening,three_digit_tiers,,,https://www.vietlott.vn/vi/trung-thuong/ket-qua-trung-thuong/max-3D?id=00099&nocatche=1,3df538606eaed8ec0bbb8d2300e6d671c0831991c2e4c86e287aeb113433d1c4,2026-08-07T20:09:13+00:00
max3d,00100,2019-12-09,18:00:00,evening,three_digit_tiers,,,https://www.vietlott.vn/vi/trung-thuong/ket-qua-trung-thuong/max-3D?id=00100&nocatche=1,840425f3db9eebcacef432fd4ade2605891a78b7589480ccc55754d08712bbbf,2026-08-07T20:09:13+00:00
max3d,00101,2019-12-11,18:00:00,evening,three_digit_tiers,,,https://www.vietlott.vn/vi/trung-thuong/ket-qua-trung-thuong/max-3D?id=00101&nocatche=1,b395e589ede542fb78c79fa3d70921dea906b5c22fe35ffe7379bc191bcd3fbf,2026-08-07T20:09:08+00:00
max3d,00102,2019-12-13,18:00:00,evening,three_digit_tiers,,,https://www.vietlott.vn/vi/trung-thuong/ket-qua-trung-thuong/max-3D?id=00102&nocatche=1,e8943a9c80cad24a6fe69be9dfe2d686468b24a05474fc79889c0ae73f388e85,2026-08-07T20:09:02+00:00
max3d,00103,2019-12-16,18:00:00,evening,three_digit_tiers,,,https://www.vietlott.vn/vi/trung-thuong/ket-qua-trung-thuong/max-3D?id=00103&nocatche=1,be27ca22dd751f39bb1bc74938afecb219dd236bdb2c1c94ed29f9b9a9bef851,2026-08-07T20:09:04+00:00
max3d,00104,2019-12-18,18:00:00,evening,three_digit_tiers,,,https://www.vietlott.vn/vi/trung-thuong/ket-qua-trung-thuong/max-3D?id=00104&nocatche=1,a42622f32587486f36f1ac140c9a3c6e0f9e420f299c96ccc30c0b7c13e5c1e8,2026-08-07T20:09:02+00:00
max3d,00105,2019-12-20,18:00:00,evening,three_digit_tiers,,,https://www.vietlott.vn/vi/trung-thuong/ket-qua-trung-thuong/max-3D?id=00105&nocatche=1,8091d6e851637c9a1f07ca771323c1fbcd73ca8508a03d6349eaa680eaa21a6d,2026-08-07T20:09:00+00:00
max3d,00106,2019-12-23,18:00:00,evening,three_digit_tiers,,,https://www.vietlott.vn/vi/trung-thuong/ket-qua-trung-thuong/max-3D?id=00106&nocatche=1,a6e7735e23214d6b20b95bff2c9789e3e3ac24e5122469f84b414df596704afe,2026-08-07T20:08:58+00:00
max3d,00107,2019-12-25,18:00:00,evening,three_digit_tiers,,,https://www.vietlott.vn/vi/trung-thuong/ket-qua-trung-thuong/max-3D?id=00107&nocatche=1,5d2e7b65792ab2138463a26ded918070882bae5e2c34ace1d89cb05ec8886620,2026-08-07T20:09:08+00:00
max3d,00108,2019-12-27,18:00:00,evening,three_digit_tiers,,,https://www.vietlott.vn/vi/trung-thuong/ket-qua-trung-thuong/max-3D?id=00108&nocatche=1,cd1f2d6fa11dd8418aa86ad8a654fb525da61af9bcf7ce97021a74a5ddee1713,2026-08-07T20:09:04+00:00
max3d,00109,2019-12-30,18:00:00,evening,three_digit_tiers,,,https://www.vietlott.vn/vi/trung-thuong/ket-qua-trung-thuong/max-3D?id=00109&nocatche=1,a0d4096584b8072c87206fd026ae21ba4ed48fa2be8a571ff2da5d9524c2f192,2026-08-07T20:09:08+00:00
max3d,00110,2020-01-01,18:00:00,evening,three_digit_tiers,,,https://www.vietlott.vn/vi/trung-thuong/ket-qua-trung-thuong/max-3D?id=00110&nocatche=1,8cf10139c3778a6758cc57023cf273dbb2192db53ac3dd5cd82709e511a10b24,2026-08-07T20:09:03+00:00
max3d,00111,2020-01-03,18:00:00,evening,three_digit_tiers,,,https://www.vietlott.vn/vi/trung-thuong/ket-qua-trung-thuong/max-3D?id=00111&nocatche=1,81243b9b11170a2c889f94e009054f3e6fa1b6cd8bf04b452a52897d9d416896,2026-08-07T20:09:08+00:00
max3d,00112,2020-01-06,18:00:00,evening,three_digit_tiers,,,https://www.vietlott.vn/vi/trung-thuong/ket-qua-trung-thuong/max-3D?id=00112&nocatche=1,13e5624347a6f4c39c2a17c540aaea75a7126a10c123687cb2d1acdabfdc056c,2026-08-07T20:09:00+00:00
max3d,00113,2020-01-08,18:00:00,evening,three_digit_tiers,,,https://www.vietlott.vn/vi/trung-thuong/ket-qua-trung-thuong/max-3D?id=00113&nocatche=1,20b0a49f6bb96de5dc6822da27b31dbe05b462a990a2a699c1f9b84d0f339153,2026-08-07T20:08:58+00:00
max3d,00114,2020-01-10,18:00:00,evening,three_digit_tiers,,,https://www.vietlott.vn/vi/trung-thuong/ket-qua-trung-thuong/max-3D?id=00114&nocatche=1,05b640ed638a57f623c65d89a5c7cb14a410ff7186e044b8944bd92500c4007a,2026-08-07T20:08:56+00:00
max3d,00115,2020-01-13,18:00:00,evening,three_digit_tiers,,,https://www.vietlott.vn/vi/trung-thuong/ket-qua-trung-thuong/max-3D?id=00115&nocatche=1,a8f10d3b7cf6f0f606399f033974e89dd980667fe637ff27109a9129bd7de6b4,2026-08-07T20:08:56+00:00
max3d,00116,2020-01-15,18:00:00,evening,three_digit_tiers,,,https://www.vietlott.vn/vi/trung-thuong/ket-qua-trung-thuong/max-3D?id=00116&nocatche=1,c319b6579af3aacdc0f893e7c1d64a9be5fdb19d2f0ee38bab8649c7c4d494c6,2026-08-05T20:46:39+00:00
max3d,00117,2020-01-17,18:00:00,evening,three_digit_tiers,,,https://www.vietlott.vn/vi/trung-thuong/ket-qua-trung-thuong/max-3D?id=00117&nocatche=1,5f335c8237ffa296b13bf1e6db9baa0712e0221a6b328bad04e9a9f4a4a4108d,2026-08-05T20:46:38+00:00
max3d,00118,2020-01-20,18:00:00,evening,three_digit_tiers,,,https://www.vietlott.vn/vi/trung-thuong/ket-qua-trung-thuong/max-3D?id=00118&nocatche=1,b262e2b2bfe2158876dd7da6b2f87b768d1d7417cf5f937129f103fd7a44e9dd,2026-08-05T20:46:38+00:00
max3d,00119,2020-01-22,18:00:00,evening,three_digit_tiers,,,https://www.vietlott.vn/vi/trung-thuong/ket-qua-trung-thuong/max-3D?id=00119&nocatche=1,f1a779ce2beeed2fc874665e39b6ec4b5e7a7d2665749b970443b69485b0af9f,2026-08-05T20:46:37+00:00
max3d,00120,2020-01-27,18:00:00,evening,three_digit_tiers,,,https://www.vietlott.vn/vi/trung-thuong/ket-qua-trung-thuong/max-3D?id=00120&nocatche=1,a9c02df81cd5a34209bc5ecc44f80b0de74bfd6c3b5a5558efc45f537e842b7e,2026-08-05T20:46:37+00:00
max3d,00121,2020-01-29,18:00:00,evening,three_digit_tiers,,,https://www.vietlott.vn/vi/trung-thuong/ket-qua-trung-thuong/max-3D?id=00121&nocatche=1,ee06283648888165c6b231d3fbfcd2bbdd71b1cbb9deedaa26c29c05720efba5,2026-08-05T20:46:36+00:00
max3d,00122,2020-01-31,18:00:00,evening,three_digit_tiers,,,https://www.vietlott.vn/vi/trung-thuong/ket-qua-trung-thuong/max-3D?id=00122&nocatche=1,cb91aaebcfbb33c60de8f5be560971866a684eca3213b8ced7148335626dcc41,2026-08-05T20:46:37+00:00
max3d,00123,2020-02-03,18:00:00,evening,three_digit_tiers,,,https://www.vietlott.vn/vi/trung-thuong/ket-qua-trung-thuong/max-3D?id=00123&nocatche=1,9e3e09890ddc86f4d5b06f3c4a12c6f1e9d4501f78379cfe09daeb553e7ff301,2026-08-05T20:46:36+00:00
max3d,00124,2020-02-05,18:00:00,evening,three_digit_tiers,,,https://www.vietlott.vn/vi/trung-thuong/ket-qua-trung-thuong/max-3D?id=00124&nocatche=1,f27bd4728a56be55e3d36f2d568acd7623e741f4f8f074354e54e170bb1c3ef2,2026-08-05T20:46:36+00:00
max3d,00125,2020-02-07,18:00:00,evening,three_digit_tiers,,,https://www.vietlott.vn/vi/trung-thuong/ket-qua-trung-thuong/max-3D?id=00125&nocatche=1,ea3f2eebbc92cb1ff33bec757cce750dadd209243bdcc171f9aedf90bf407e71,2026-08-05T20:46:35+00:00
max3d,00126,2020-02-10,18:00:00,evening,three_digit_tiers,,,https://www.vietlott.vn/vi/trung-thuong/ket-qua-trung-thuong/max-3D?id=00126&nocatche=1,15f2b943690bafe5e5ebe0d999aeb7500827ff7af19bfc36a6f7561148ca99e5,2026-08-05T20:46:35+00:00
max3d,00127,2020-02-12,18:00:00,evening,three_digit_tiers,,,https://www.vietlott.vn/vi/trung-thuong/ket-qua-trung-thuong/max-3D?id=00127&nocatche=1,3f0394ff0cae339982531d7b2c1568f29d3454dfc584d9e435547dbd07ae1226,2026-08-05T20:46:35+00:00
max3d,00128,2020-02-14,18:00:00,evening,three_digit_tiers,,,https://www.vietlott.vn/vi/trung-thuong/ket-qua-trung-thuong/max-3D?id=00128&nocatche=1,9c09c5a8239acef7e74ad3effc2eba41ef41db9076bb4ca95e88a80e39039eee,2026-08-05T20:46:35+00:00
max3d,00129,2020-02-17,18:00:00,evening,three_digit_tiers,,,https://www.vietlott.vn/vi/trung-thuong/ket-qua-trung-thuong/max-3D?id=00129&nocatche=1,7816c8f6ad173458bed116670de2fcff95d8c67975fbcb22d35f5d9cff9b6a24,2026-08-05T20:46:34+00:00
max3d,00130,2020-02-19,18:00:00,evening,three_digit_tiers,,,https://www.vietlott.vn/vi/trung-thuong/ket-qua-trung-thuong/max-3D?id=00130&nocatche=1,b03f40e10494c0b0066a9ac4701cede6871dfd257df9af7e4bb849c7b2eb9108,2026-08-05T20:46:34+00:00
max3d,00131,2020-02-21,18:00:00,evening,three_digit_tiers,,,https://www.vietlott.vn/vi/trung-thuong/ket-qua-trung-thuong/max-3D?id=00131&nocatche=1,94c65064d9e7bf171615d98e7d441bb4086c9cf222c5ece5e7523f8291707056,2026-08-05T20:46:33+00:00
max3d,00132,2020-02-24,18:00:00,evening,three_digit_tiers,,,https://www.vietlott.vn/vi/trung-thuong/ket-qua-trung-thuong/max-3D?id=00132&nocatche=1,74f24cfc1f3ba0ec6dc0af2ec27a955e584f0386a485fa81250cbfd52a2787b4,2026-08-05T20:46:32+00:00
max3d,00133,2020-02-26,18:00:00,evening,three_digit_tiers,,,https://www.vietlott.vn/vi/trung-thuong/ket-qua-trung-thuong/max-3D?id=00133&nocatche=1,b3808adeb6dc469bc7d7d98b70bff965338e53f04ba7f8e0c500a978bcd05c89,2026-08-05T20:46:32+00:00
max3d,00134,2020-02-28,18:00:00,evening,three_digit_tiers,,,https://www.vietlott.vn/vi/trung-thuong/ket-qua-trung-thuong/max-3D?id=00134&nocatche=1,f424c903ee79ba6d0f7ee49281df108d700e3c795285825fc800d38e6057a471,2026-08-05T20:46:32+00:00
max3d,00135,2020-03-02,18:00:00,evening,three_digit_tiers,,,https://www.vietlott.vn/vi/trung-thuong/ket-qua-trung-thuong/max-3D?id=00135&nocatche=1,d0baaed0a617a05fb937a4831425481a666bdc677e9df00eaf1d370c29e54812,2026-08-05T20:46:32+00:00
max3d,00136,2020-03-04,18:00:00,evening,three_digit_tiers,,,https://www.vietlott.vn/vi/trung-thuong/ket-qua-trung-thuong/max-3D?id=00136&nocatche=1,4de89b80a907c3a2a54c49b50ae30e27765e11bc5e6296b8b4c95bb3eca27b44,2026-08-05T20:46:34+00:00
max3d,00137,2020-03-06,18:00:00,evening,three_digit_tiers,,,https://www.vietlott.vn/vi/trung-thuong/ket-qua-trung-thuong/max-3D?id=00137&nocatche=1,fa6bf0ab52f80c23c0f81f3c8351f35c76b82716deb0ebe2713e8d84fcfcb4a8,2026-08-05T20:46:34+00:00
max3d,00138,2020-03-09,18:00:00,evening,three_digit_tiers,,,https://www.vietlott.vn/vi/trung-thuong/ket-qua-trung-thuong/max-3D?id=00138&nocatche=1,915b63e55546b41fe92960f3fc63f5e3201dd32ea30b0c21ffe7d486099d9d4d,2026-08-05T20:46:33+00:00
max3d,00139,2020-03-11,18:00:00,evening,three_digit_tiers,,,https://www.vietlott.vn/vi/trung-thuong/ket-qua-trung-thuong/max-3D?id=00139&nocatche=1,c282b5f6256ec3629852fd9ca36888b33fd52c7d746e5b8153a799ac0bf58d55,2026-08-05T20:46:33+00:00
max3d,00140,2020-03-13,18:00:00,evening,three_digit_tiers,,,https://www.vietlott.vn/vi/trung-thuong/ket-qua-trung-thuong/max-3D?id=00140&nocatche=1,bc24d2c678e100bc5c7297fc9e137f897b3e677103ceed7505755b0e1e64abcd,2026-08-05T20:46:33+00:00
max3d,00141,2020-03-16,18:00:00,evening,three_digit_tiers,,,https://www.vietlott.vn/vi/trung-thuong/ket-qua-trung-thuong/max-3D?id=00141&nocatche=1,6da846164189f0f87e707c98aa17beccf64bcca76854d52d96ec0a7457abfcba,2026-08-05T20:46:31+00:00
max3d,00142,2020-03-18,18:00:00,evening,three_digit_tiers,,,https://www.vietlott.vn/vi/trung-thuong/ket-qua-trung-thuong/max-3D?id=00142&nocatche=1,7482267e2e5c90ae3352c9850ec4961d54461bf3114c66441a6ace96c9c205fd,2026-08-05T20:46:31+00:00
max3d,00143,2020-03-20,18:00:00,evening,three_digit_tiers,,,https://www.vietlott.vn/vi/trung-thuong/ket-qua-trung-thuong/max-3D?id=00143&nocatche=1,f24731e7c2a9d23ee9d3efc4a0f2005df1daab3a340d07fc6b6249342cd7222d,2026-08-05T20:46:31+00:00
max3d,00144,2020-03-23,18:00:00,evening,three_digit_tiers,,,https://www.vietlott.vn/vi/trung-thuong/ket-qua-trung-thuong/max-3D?id=00144&nocatche=1,e5561b930bdc353cc87f31919d3c91f1422ae8274d5ee9de0841b32e74e64df6,2026-08-05T20:46:31+00:00
max3d,00145,2020-03-25,18:00:00,evening,three_digit_tiers,,,https://www.vietlott.vn/vi/trung-thuong/ket-qua-trung-thuong/max-3D?id=00145&nocatche=1,eab33903626779ed0ed5ad8bc835c89ad40aa7f60f145cba55edd2648b659953,2026-08-05T20:46:30+00:00
max3d,00146,2020-03-27,18:00:00,evening,three_digit_tiers,,,https://www.vietlott.vn/vi/trung-thuong/ket-qua-trung-thuong/max-3D?id=00146&nocatche=1,d1debb5c8888343190b9efaa7f5a4ebd91ba54b551ddce187db661477ca4244a,2026-08-05T20:46:30+00:00
max3d,00147,2020-03-30,18:00:00,evening,three_digit_tiers,,,https://www.vietlott.vn/vi/trung-thuong/ket-qua-trung-thuong/max-3D?id=00147&nocatche=1,86a5fbf30807bc5c0fb7d6a24d3a55c07e121f441b08482bf9ac7a78f250ee6c,2026-08-05T20:46:30+00:00
max3d,00148,2020-04-24,18:00:00,evening,three_digit_tiers,,,https://www.vietlott.vn/vi/trung-thuong/ket-qua-trung-thuong/max-3D?id=00148&nocatche=1,4c039081c8ad536a083ad846715056934a49cd947a741233c957c0e338e59945,2026-08-05T20:46:30+00:00
max3d,00149,2020-04-27,18:00:00,evening,three_digit_tiers,,,https://www.vietlott.vn/vi/trung-thuong/ket-qua-trung-thuong/max-3D?id=00149&nocatche=1,0ca09be9c1aa31848805881adafeb9f1b97ac5915aea13fff9d8fc14b58b54c7,2026-08-05T20:46:29+00:00
max3d,00150,2020-04-29,18:00:00,evening,three_digit_tiers,,,https://www.vietlott.vn/vi/trung-thuong/ket-qua-trung-thuong/max-3D?id=00150&nocatche=1,99b803884c780b85e8078b0d3ebb2c7d1d999519bf3fc5781d93311fa1aefcea,2026-08-05T20:46:29+00:00
max3d,00151,2020-05-01,18:00:00,evening,three_digit_tiers,,,https://www.vietlott.vn/vi/trung-thuong/ket-qua-trung-thuong/max-3D?id=00151&nocatche=1,40e9a45c3b6e327c9b97289ae5000bb5356eb2c1639879143f871ede840f101d,2026-08-05T20:46:29+00:00
max3d,00152,2020-05-04,18:00:00,evening,three_digit_tiers,,,https://www.vietlott.vn/vi/trung-thuong/ket-qua-trung-thuong/max-3D?id=00152&nocatche=1,8a23b3ec32575d7a3feae29f092786b90b57860d706842e49b34896f73b408e8,2026-08-05T20:46:29+00:00
max3d,00153,2020-05-06,18:00:00,evening,three_digit_tiers,,,https://www.vietlott.vn/vi/trung-thuong/ket-qua-trung-thuong/max-3D?id=00153&nocatche=1,491e7b7bd26cc1483b25ed87b4571dd4e88f87ad3d5f86b4b95736dc04a38778,2026-08-05T20:46:28+00:00
max3d,00154,2020-05-08,18:00:00,evening,three_digit_tiers,,,https://www.vietlott.vn/vi/trung-thuong/ket-qua-trung-thuong/max-3D?id=00154&nocatche=1,a8f493ff5218af64f309773e69f64fae7333a38b1f57631949efe84defa6df92,2026-08-05T20:46:28+00:00
max3d,00155,2020-05-11,18:00:00,evening,three_digit_tiers,,,https://www.vietlott.vn/vi/trung-thuong/ket-qua-trung-thuong/max-3D?id=00155&nocatche=1,95bf4b352e0242563461ba452150274ba3747676dd68cb965d27db10a5b14f05,2026-08-05T20:46:28+00:00
max3d,00156,2020-05-13,18:00:00,evening,three_digit_tiers,,,https://www.vietlott.vn/vi/trung-thuong/ket-qua-trung-thuong/max-3D?id=00156&nocatche=1,07505d505d747ce778b89ba5624e10b9c7536b445bde237d616e0b29bfc4b9f5,2026-08-05T20:46:26+00:00
max3d,00157,2020-05-15,18:00:00,evening,three_digit_tiers,,,https://www.vietlott.vn/vi/trung-thuong/ket-qua-trung-thuong/max-3D?id=00157&nocatche=1,4c885ecd65ecaac8399f8496925a124139e9225538f006640fe30cc25a1e8942,2026-08-05T20:46:26+00:00
max3d,00158,2020-05-18,18:00:00,evening,three_digit_tiers,,,https://www.vietlott.vn/vi/trung-thuong/ket-qua-trung-thuong/max-3D?id=00158&nocatche=1,e01c306fd3ad62c55077efd7271f0ce499acfb07dd355ea4d570a05178d26920,2026-08-05T20:46:26+00:00
max3d,00159,2020-05-20,18:00:00,evening,three_digit_tiers,,,https://www.vietlott.vn/vi/trung-thuong/ket-qua-trung-thuong/max-3D?id=00159&nocatche=1,72a05574e15c53697123d42e436ea0deb61733e89ed28ce46b93c0df99352e9d,2026-08-05T20:46:26+00:00
max3d,00160,2020-05-22,18:00:00,evening,three_digit_tiers,,,https://www.vietlott.vn/vi/trung-thuong/ket-qua-trung-thuong/max-3D?id=00160&nocatche=1,8a1afe3c89d2d87268517f94f979da8b4b8a4f7f9255d869fb66df60f71d5ce4,2026-08-05T20:46:25+00:00
max3d,00161,2020-05-25,18:00:00,evening,three_digit_tiers,,,https://www.vietlott.vn/vi/trung-thuong/ket-qua-trung-thuong/max-3D?id=00161&nocatche=1,eb2c069c2633f0c4b29e5503434b0f2bb846f61b389ef56bc37001fdfe5f1c83,2026-08-05T20:46:25+00:00
max3d,00162,2020-05-27,18:00:00,evening,three_digit_tiers,,,https://www.vietlott.vn/vi/trung-thuong/ket-qua-trung-thuong/max-3D?id=00162&nocatche=1,59460bcf8b5ed735c89fe80f925cd06323db3de600639825d0b343df72e28f1c,2026-08-05T20:46:25+00:00
max3d,00163,2020-05-29,18:00:00,evening,three_digit_tiers,,,https://www.vietlott.vn/vi/trung-thuong/ket-qua-trung-thuong/max-3D?id=00163&nocatche=1,ee9764caf10215521d64fa74b3b9bd2c629294ba03bb55709e1581743b3ddb3d,2026-08-05T20:46:25+00:00
max3d,00164,2020-06-01,18:00:00,evening,three_digit_tiers,,,https://www.vietlott.vn/vi/trung-thuong/ket-qua-trung-thuong/max-3D?id=00164&nocatche=1,f9b15e7c666f1fc1c56f31e9e9800140ae186f3ed508719e332340616abd3525,2026-08-05T20:46:24+00:00
max3d,00165,2020-06-03,18:00:00,evening,three_digit_tiers,,,https://www.vietlott.vn/vi/trung-thuong/ket-qua-trung-thuong/max-3D?id=00165&nocatche=1,b8c809bd6ff6b1cad1de480433694d3f3b2e319e8c34a552b07343719771c133,2026-08-05T20:46:24+00:00
max3d,00166,2020-06-05,18:00:00,evening,three_digit_tiers,,,https://www.vietlott.vn/vi/trung-thuong/ket-qua-trung-thuong/max-3D?id=00166&nocatche=1,d830f0bc21e1bb2b0ff86e6db5c3bcc76996550675ef6593fa53afe201e7585f,2026-08-05T20:46:28+00:00
max3d,00167,2020-06-08,18:00:00,evening,three_digit_tiers,,,https://www.vietlott.vn/vi/trung-thuong/ket-qua-trung-thuong/max-3D?id=00167&nocatche=1,c95fd47f4a0539f32f628872bd9f7a576effc6c765b7c6cbb45381e7285c1edc,2026-08-05T20:46:27+00:00
max3d,00168,2020-06-10,18:00:00,evening,three_digit_tiers,,,https://www.vietlott.vn/vi/trung-thuong/ket-qua-trung-thuong/max-3D?id=00168&nocatche=1,316b0772a612c855c396a3eb848f190a3ec105872bcbe2f51ce4cd98ea832d01,2026-08-05T20:46:27+00:00
max3d,00169,2020-06-12,18:00:00,evening,three_digit_tiers,,,https://www.vietlott.vn/vi/trung-thuong/ket-qua-trung-thuong/max-3D?id=00169&nocatche=1,4428e4031414fdc10cc983aa273e1b2447412fe0c09943f1c8e8f6e161627621,2026-08-05T20:46:27+00:00
max3d,00170,2020-06-15,18:00:00,evening,three_digit_tiers,,,https://www.vietlott.vn/vi/trung-thuong/ket-qua-trung-thuong/max-3D?id=00170&nocatche=1,2100899c8d66dc015805cbb1dd19ee862290335d3fc705edc86cf5aa24e6aaab,2026-08-05T20:46:27+00:00
max3d,00171,2020-06-17,18:00:00,evening,three_digit_tiers,,,https://www.vietlott.vn/vi/trung-thuong/ket-qua-trung-thuong/max-3D?id=00171&nocatche=1,50e5945b0290d1e02dbf1b354a8169a7950f1799316e54e2fcb7c20d3d6e707c,2026-08-05T20:46:24+00:00
max3d,00172,2020-06-19,18:00:00,evening,three_digit_tiers,,,https://www.vietlott.vn/vi/trung-thuong/ket-qua-trung-thuong/max-3D?id=00172&nocatche=1,1f4d368d441796820ca5f2986077bc81aa30f4a648798cba1811250209d3cd13,2026-08-05T20:46:24+00:00
max3d,00173,2020-06-22,18:00:00,evening,three_digit_tiers,,,https://www.vietlott.vn/vi/trung-thuong/ket-qua-trung-thuong/max-3D?id=00173&nocatche=1,46d7e20cc6c48790ae68cd4f3730c0fb2666eac73c5c507fd6fd527553cb7416,2026-08-05T20:46:22+00:00
max3d,00174,2020-06-24,18:00:00,evening,three_digit_tiers,,,https://www.vietlott.vn/vi/trung-thuong/ket-qua-trung-thuong/max-3D?id=00174&nocatche=1,95bae02d3d89b124d7a06537f70333461f0efe5bb4caf346b3f9d081c9aff3e3,2026-08-05T20:46:22+00:00
max3d,00175,2020-06-26,18:00:00,evening,three_digit_tiers,,,https://www.vietlott.vn/vi/trung-thuong/ket-qua-trung-thuong/max-3D?id=00175&nocatche=1,6e7bf16a7a584c2fb155161a87d65ae45c7deff54313ead3d09c61b47f24c9f3,2026-08-05T20:46:22+00:00
max3d,00176,2020-06-29,18:00:00,evening,three_digit_tiers,,,https://www.vietlott.vn/vi/trung-thuong/ket-qua-trung-thuong/max-3D?id=00176&nocatche=1,faa72890c5c9ff506f1d01ebe951225223e834427293d8e996dd3ce18f0994ce,2026-08-05T20:46:18+00:00
max3d,00177,2020-07-01,18:00:00,evening,three_digit_tiers,,,https://www.vietlott.vn/vi/trung-thuong/ket-qua-trung-thuong/max-3D?id=00177&nocatche=1,9123f7e03c9a1f23ae02276dd336b7932568e565aecf02f10b85a1567468bf80,2026-08-05T20:46:18+00:00
max3d,00178,2020-07-03,18:00:00,evening,three_digit_tiers,,,https://www.vietlott.vn/vi/trung-thuong/ket-qua-trung-thuong/max-3D?id=00178&nocatche=1,6ba34c570eefbb3b8d1d05fa3f35878dc19403ebc8bd2473eab22ea94a02d5e5,2026-08-05T20:46:17+00:00
max3d,00179,2020-07-06,18:00:00,evening,three_digit_tiers,,,https://www.vietlott.vn/vi/trung-thuong/ket-qua-trung-thuong/max-3D?id=00179&nocatche=1,c4ea7dd7d9c41c8830fd9c70725f774f78ad0a5bdd575cee0c61cd012f2a032c,2026-08-05T20:46:17+00:00
max3d,00180,2020-07-08,18:00:00,evening,three_digit_tiers,,,https://www.vietlott.vn/vi/trung-thuong/ket-qua-trung-thuong/max-3D?id=00180&nocatche=1,264a856fae734b746c98a692b42d4d4415b3ea8ed5b435b00264bcad7ea27640,2026-08-05T20:46:17+00:00
max3d,00181,2020-07-10,18:00:00,evening,three_digit_tiers,,,https://www.vietlott.vn/vi/trung-thuong/ket-qua-trung-thuong/max-3D?id=00181&nocatche=1,2b92e523758dd43e550c00ebe8504472536e791dc5d899c36c8b55ec34e1337c,2026-08-05T20:46:20+00:00
max3d,00182,2020-07-13,18:00:00,evening,three_digit_tiers,,,https://www.vietlott.vn/vi/trung-thuong/ket-qua-trung-thuong/max-3D?id=00182&nocatche=1,51453e83025631014b3b16bc3fb301476c12e1fed93f39a14f1bd63257cd9a96,2026-08-05T20:46:20+00:00
max3d,00183,2020-07-15,18:00:00,evening,three_digit_tiers,,,https://www.vietlott.vn/vi/trung-thuong/ket-qua-trung-thuong/max-3D?id=00183&nocatche=1,ecae8d2838721809d80b6c595e0d05be0a6c61d2e4aca0b4ea2f11f3f52e8e40,2026-08-05T20:46:19+00:00
max3d,00184,2020-07-17,18:00:00,evening,three_digit_tiers,,,https://www.vietlott.vn/vi/trung-thuong/ket-qua-trung-thuong/max-3D?id=00184&nocatche=1,dde111b01bb40824cb0a520f6f6f7f2fbb484d1ffe4ab40fe680a4a55c027b32,2026-08-05T20:46:18+00:00
max3d,00185,2020-07-20,18:00:00,evening,three_digit_tiers,,,https://www.vietlott.vn/vi/trung-thuong/ket-qua-trung-thuong/max-3D?id=00185&nocatche=1,e37753f211f3acb901a8f46f1a206d00b6fa7010b61a1eb0e0bc6c8d618eb60f,2026-08-05T20:46:18+00:00
max3d,00186,2020-07-22,18:00:00,evening,three_digit_tiers,,,https://www.vietlott.vn/vi/trung-thuong/ket-qua-trung-thuong/max-3D?id=00186&nocatche=1,7e70978033b6af6d7496a9cca31882be69734a71a9d1756e56ba4c1e0b1a0830,2026-08-05T20:46:21+00:00
max3d,00187,2020-07-24,18:00:00,evening,three_digit_tiers,,,https://www.vietlott.vn/vi/trung-thuong/ket-qua-trung-thuong/max-3D?id=00187&nocatche=1,0ab5bf92eb2e1acb843961dc2cac1a38f1307e1e27525df114f322e79f8708d6,2026-08-05T20:46:21+00:00
max3d,00188,2020-07-27,18:00:00,evening,three_digit_tiers,,,https://www.vietlott.vn/vi/trung-thuong/ket-qua-trung-thuong/max-3D?id=00188&nocatche=1,8bbcfaf3ba153365fe6a0308053564279a0022620ec5a88d66167fe2dc1a4b3f,2026-08-05T20:46:21+00:00
max3d,00189,2020-07-29,18:00:00,evening,three_digit_tiers,,,https://www.vietlott.vn/vi/trung-thuong/ket-qua-trung-thuong/max-3D?id=00189&nocatche=1,9d91cf72b494495f116d1f24774e2cc00ccac153c63d8ae41c62eacca1325940,2026-08-05T20:46:22+00:00
max3d,00190,2020-07-31,18:00:00,evening,three_digit_tiers,,,https://www.vietlott.vn/vi/trung-thuong/ket-qua-trung-thuong/max-3D?id=00190&nocatche=1,21ba5421242ef7d57444d8c95bc8f4684a038a7ac58107ea7d9f8a0f1edbbb0e,2026-08-05T20:46:20+00:00
max3d,00191,2020-08-03,18:00:00,evening,three_digit_tiers,,,https://www.vietlott.vn/vi/trung-thuong/ket-qua-trung-thuong/max-3D?id=00191&nocatche=1,13a5465e77fb1d414017e1bb759e9cb7439b3ab4d55f407108f419917fd113f0,2026-08-05T20:46:17+00:00
max3d,00192,2020-08-05,18:00:00,evening,three_digit_tiers,,,https://www.vietlott.vn/vi/trung-thuong/ket-qua-trung-thuong/max-3D?id=00192&nocatche=1,4a2f70b074beb6ef7e85cf830115613d8960650759c4545f1cb1e1a699e99a65,2026-08-05T20:46:16+00:00
max3d,00193,2020-08-07,18:00:00,evening,three_digit_tiers,,,https://www.vietlott.vn/vi/trung-thuong/ket-qua-trung-thuong/max-3D?id=00193&nocatche=1,9e9cce75a5d9a992b38cb860138a2e385e12cb548a823a08bd03028613066546,2026-08-05T20:46:16+00:00
max3d,00194,2020-08-10,18:00:00,evening,three_digit_tiers,,,https://www.vietlott.vn/vi/trung-thuong/ket-qua-trung-thuong/max-3D?id=00194&nocatche=1,92f67d86bc7b4a5c7420af396ac73a73788af227fd6d3d06c230b4c3f151760e,2026-08-05T20:46:16+00:00
max3d,00195,2020-08-12,18:00:00,evening,three_digit_tiers,,,https://www.vietlott.vn/vi/trung-thuong/ket-qua-trung-thuong/max-3D?id=00195&nocatche=1,d1c63ec2dd581a1a0659688384bf8622a6c3cbff1ba70dab992e632277f04fa2,2026-08-05T20:46:16+00:00
max3d,00196,2020-08-14,18:00:00,evening,three_digit_tiers,,,https://www.vietlott.vn/vi/trung-thuong/ket-qua-trung-thuong/max-3D?id=00196&nocatche=1,4e69782fdd41b608556e4596e958f18f8815f75f8820217d486de123bcbe046a,2026-08-05T20:46:14+00:00
max3d,00197,2020-08-17,18:00:00,evening,three_digit_tiers,,,https://www.vietlott.vn/vi/trung-thuong/ket-qua-trung-thuong/max-3D?id=00197&nocatche=1,023bfad4b785293d18b1deca7848618e217bb6d41b96444c550bd0b97c0e0dcf,2026-08-05T20:46:14+00:00
max3d,00198,2020-08-19,18:00:00,evening,three_digit_tiers,,,https://www.vietlott.vn/vi/trung-thuong/ket-qua-trung-thuong/max-3D?id=00198&nocatche=1,42b7a635e5b2de6a5cf3021cb99f1375ff31e1a38c30e3107d90467591f9bac7,2026-08-05T20:46:14+00:00
max3d,00199,2020-08-21,18:00:00,evening,three_digit_tiers,,,https://www.vietlott.vn/vi/trung-thuong/ket-qua-trung-thuong/max-3D?id=00199&nocatche=1,4ba5d1d0ab3ffe972d78222f48dccab3d589b9750883a8e1d589804c14b48d34,2026-08-05T20:46:13+00:00
max3d,00200,2020-08-24,18:00:00,evening,three_digit_tiers,,,https://www.vietlott.vn/vi/trung-thuong/ket-qua-trung-thuong/max-3D?id=00200&nocatche=1,a2e98db32fc7ad03810aa604c65d3dc91c81b19647d699cc84ff0df300c09cea,2026-08-05T20:46:13+00:00
max3d,00201,2020-08-26,18:00:00,evening,three_digit_tiers,,,https://www.vietlott.vn/vi/trung-thuong/ket-qua-trung-thuong/max-3D?id=00201&nocatche=1,97e5f00885c3c61e9b5d9c1f35c9c456aa4ab2045ad356c99ec656aac312e566,2026-08-05T20:46:16+00:00
max3d,00202,2020-08-28,18:00:00,evening,three_digit_tiers,,,https://www.vietlott.vn/vi/trung-thuong/ket-qua-trung-thuong/max-3D?id=00202&nocatche=1,87d62e4e1da0bbb32392dbbc0592b87c461df34e5b42eaf333f91f31b427a418,2026-08-05T20:46:15+00:00
max3d,00203,2020-08-31,18:00:00,evening,three_digit_tiers,,,https://www.vietlott.vn/vi/trung-thuong/ket-qua-trung-thuong/max-3D?id=00203&nocatche=1,8b2b2611ce91626fbab90ed4e273217092e43884f10d909576d67d57bd8eb52a,2026-08-05T20:46:15+00:00
max3d,00204,2020-09-02,18:00:00,evening,three_digit_tiers,,,https://www.vietlott.vn/vi/trung-thuong/ket-qua-trung-thuong/max-3D?id=00204&nocatche=1,d481fcdcd353494b7a83d08fe10e39400b3f5422b9bb02585430bc03171cf934,2026-08-05T20:46:15+00:00
max3d,00205,2020-09-04,18:00:00,evening,three_digit_tiers,,,https://www.vietlott.vn/vi/trung-thuong/ket-qua-trung-thuong/max-3D?id=00205&nocatche=1,759d2ab1a494091b8cd92ef3061ce1234a78ae617d50cc1e29207917f0a0c3cf,2026-08-05T20:46:14+00:00
max3d,00206,2020-09-07,18:00:00,evening,three_digit_tiers,,,https://www.vietlott.vn/vi/trung-thuong/ket-qua-trung-thuong/max-3D?id=00206&nocatche=1,d7465fe1c0ab455f44e914660c6efe9624e2ca819e062d8777b5736dc7e97344,2026-08-05T20:46:13+00:00
max3d,00207,2020-09-09,18:00:00,evening,three_digit_tiers,,,https://www.vietlott.vn/vi/trung-thuong/ket-qua-trung-thuong/max-3D?id=00207&nocatche=1,ee7a4c96fa10e94b42fa5735ee4bf04e410374fe58fd48427952a267084c4073,2026-08-05T20:46:13+00:00
max3d,00208,2020-09-11,18:00:00,evening,three_digit_tiers,,,https://www.vietlott.vn/vi/trung-thuong/ket-qua-trung-thuong/max-3D?id=00208&nocatche=1,12d65991ebef231dfade5a252d6a61be08aad7c290303f3b21bf4c418891507a,2026-08-05T20:46:12+00:00
max3d,00209,2020-09-14,18:00:00,evening,three_digit_tiers,,,https://www.vietlott.vn/vi/trung-thuong/ket-qua-trung-thuong/max-3D?id=00209&nocatche=1,4fcdc4b5e33a3775e16ea9ecdd38731e1af7bba4fb91da52cf948891f381510c,2026-08-05T20:46:12+00:00
max3d,00210,2020-09-16,18:00:00,evening,three_digit_tiers,,,https://www.vietlott.vn/vi/trung-thuong/ket-qua-trung-thuong/max-3D?id=00210&nocatche=1,148bf7a23ee4bc3e2ec11f6a5f9514474a30d045d02fdfc51115e3ad7503103b,2026-08-05T20:46:12+00:00
max3d,00211,2020-09-18,18:00:00,evening,three_digit_tiers,,,https://www.vietlott.vn/vi/trung-thuong/ket-qua-trung-thuong/max-3D?id=00211&nocatche=1,ae47da0bfad096cb1294b7622c245688fae348511a16bec9ff86b8b3b732cd9f,2026-08-05T20:46:11+00:00
max3d,00212,2020-09-21,18:00:00,evening,three_digit_tiers,,,https://www.vietlott.vn/vi/trung-thuong/ket-qua-trung-thuong/max-3D?id=00212&nocatche=1,3313fe11a14b6818375762c98ae7761dd4e119f69794320133880e7debe262c3,2026-08-05T20:46:11+00:00
max3d,00213,2020-09-23,18:00:00,evening,three_digit_tiers,,,https://www.vietlott.vn/vi/trung-thuong/ket-qua-trung-thuong/max-3D?id=00213&nocatche=1,44d16af7013d8a8e93bd0523fb813348736420cd0e3ebbef1ceb5953d0734027,2026-08-05T20:46:10+00:00
max3d,00214,2020-09-25,18:00:00,evening,three_digit_tiers,,,https://www.vietlott.vn/vi/trung-thuong/ket-qua-trung-thuong/max-3D?id=00214&nocatche=1,988bb2f63234877ace52f58c621650a9e6be0762c406344d91dbb67e4a70217e,2026-08-05T20:46:10+00:00
max3d,00215,2020-09-28,18:00:00,evening,three_digit_tiers,,,https://www.vietlott.vn/vi/trung-thuong/ket-qua-trung-thuong/max-3D?id=00215&nocatche=1,aceb3236387068bb381715603303654225a69502bbfe43c1e76651e0398607d1,2026-08-05T20:46:10+00:00
max3d,00216,2020-09-30,18:00:00,evening,three_digit_tiers,,,https://www.vietlott.vn/vi/trung-thuong/ket-qua-trung-thuong/max-3D?id=00216&nocatche=1,4a89cadf3a8c25032aeebd66145d9dbb86b8a166bd51165180b65e15bd67756d,2026-08-05T20:46:10+00:00
max3d,00217,2020-10-02,18:00:00,evening,three_digit_tiers,,,https://www.vietlott.vn/vi/trung-thuong/ket-qua-trung-thuong/max-3D?id=00217&nocatche=1,1a97876c6754222c2fd957df32b58343d2fb1fb7d2d1c491d0ba72f4be70867d,2026-08-05T20:46:09+00:00
max3d,00218,2020-10-05,18:00:00,evening,three_digit_tiers,,,https://www.vietlott.vn/vi/trung-thuong/ket-qua-trung-thuong/max-3D?id=00218&nocatche=1,08b325a30e6e4b54902045cc0772551bf8a0975c3c2033ed1af523ac3866aaa9,2026-08-05T20:46:09+00:00
max3d,00219,2020-10-07,18:00:00,evening,three_digit_tiers,,,https://www.vietlott.vn/vi/trung-thuong/ket-qua-trung-thuong/max-3D?id=00219&nocatche=1,ec4025134df57f8d9bbdccf835b41293ad5e31c5c7804b7e4561e11ac8100bd5,2026-08-05T20:46:09+00:00
max3d,00220,2020-10-09,18:00:00,evening,three_digit_tiers,,,https://www.vietlott.vn/vi/trung-thuong/ket-qua-trung-thuong/max-3D?id=00220&nocatche=1,bda1ba98d12689977e7050f7b544492c1662b8f06c1ebfc9d6585e31a4ed2c16,2026-08-05T20:46:09+00:00
max3d,00221,2020-10-12,18:00:00,evening,three_digit_tiers,,,https://www.vietlott.vn/vi/trung-thuong/ket-qua-trung-thuong/max-3D?id=00221&nocatche=1,16f211949683cc2664d900ea5eda291638e047aa08b7f815f445e576d0f7b66b,2026-08-05T20:46:07+00:00
max3d,00222,2020-10-14,18:00:00,evening,three_digit_tiers,,,https://www.vietlott.vn/vi/trung-thuong/ket-qua-trung-thuong/max-3D?id=00222&nocatche=1,c12e32ef1e07e99ea2e839a1206ac4e672991205f59b716ddd79174c6c183a24,2026-08-05T20:46:07+00:00
max3d,00223,2020-10-16,18:00:00,evening,three_digit_tiers,,,https://www.vietlott.vn/vi/trung-thuong/ket-qua-trung-thuong/max-3D?id=00223&nocatche=1,eaa9e1250d530601d3bb44ce766459e1718e4b2757308264fb77b2c61734f725,2026-08-05T20:46:07+00:00
max3d,00224,2020-10-19,18:00:00,evening,three_digit_tiers,,,https://www.vietlott.vn/vi/trung-thuong/ket-qua-trung-thuong/max-3D?id=00224&nocatche=1,4f6f3148ec273f2c57defe35235041874740ec7a1ad0cc5309d60c3da6404a50,2026-08-05T20:46:06+00:00
max3d,00225,2020-10-21,18:00:00,evening,three_digit_tiers,,,https://www.vietlott.vn/vi/trung-thuong/ket-qua-trung-thuong/max-3D?id=00225&nocatche=1,77df9d22e1ea38577e80422833e181a1b59557d3656e8a25e35fda061cd70c5e,2026-08-05T20:46:06+00:00
max3d,00226,2020-10-23,18:00:00,evening,three_digit_tiers,,,https://www.vietlott.vn/vi/trung-thuong/ket-qua-trung-thuong/max-3D?id=00226&nocatche=1,7eb1080b285954570d09cc20021452e76852d02ef488d36b7540970ea7077380,2026-08-05T20:46:08+00:00
max3d,00227,2020-10-26,18:00:00,evening,three_digit_tiers,,,https://www.vietlott.vn/vi/trung-thuong/ket-qua-trung-thuong/max-3D?id=00227&nocatche=1,f2b84d3b5be1d8a901bef69fe1d8b41c16f6feae8f29775efeb3cc4f2121ce13,2026-08-05T20:46:08+00:00
max3d,00228,2020-10-28,18:00:00,evening,three_digit_tiers,,,https://www.vietlott.vn/vi/trung-thuong/ket-qua-trung-thuong/max-3D?id=00228&nocatche=1,dc075aa91c4c76d2bf398fe2872773893b5954afc36c4ae07d529853f25c25c9,2026-08-05T20:46:08+00:00
max3d,00229,2020-10-30,18:00:00,evening,three_digit_tiers,,,https://www.vietlott.vn/vi/trung-thuong/ket-qua-trung-thuong/max-3D?id=00229&nocatche=1,290f9b278fc375e14e76640fad7b9b5c881bca52699f00fa928c076ee6600a83,2026-08-05T20:46:08+00:00
max3d,00230,2020-11-02,18:00:00,evening,three_digit_tiers,,,https://www.vietlott.vn/vi/trung-thuong/ket-qua-trung-thuong/max-3D?id=00230&nocatche=1,a05bc0be7c1d3362ab3bf5cd6c44e9b85c8f447838deedfbc630da20230fb743,2026-08-05T20:46:07+00:00
max3d,00231,2020-11-04,18:00:00,evening,three_digit_tiers,,,https://www.vietlott.vn/vi/trung-thuong/ket-qua-trung-thuong/max-3D?id=00231&nocatche=1,8616238ae4109057c327962d2e8a9c4665be988b4b3c48cf80680348f54b4937,2026-08-05T20:46:06+00:00
max3d,00232,2020-11-06,18:00:00,evening,three_digit_tiers,,,https://www.vietlott.vn/vi/trung-thuong/ket-qua-trung-thuong/max-3D?id=00232&nocatche=1,a755224479727c0be23175bbdddf7dd5ee62b7c078be099de98c263148ea25dd,2026-08-05T20:46:06+00:00
max3d,00233,2020-11-09,18:00:00,evening,three_digit_tiers,,,https://www.vietlott.vn/vi/trung-thuong/ket-qua-trung-thuong/max-3D?id=00233&nocatche=1,ae08a78599af3aa39d36f407b7724256066e636a44de1c61152fcaa0a2075033,2026-08-05T20:46:05+00:00
max3d,00234,2020-11-11,18:00:00,evening,three_digit_tiers,,,https://www.vietlott.vn/vi/trung-thuong/ket-qua-trung-thuong/max-3D?id=00234&nocatche=1,4d25437b1eae71cc16d369384c7ef61ca9231986c1ef904f45e2b0b79c071c50,2026-08-05T20:46:05+00:00
max3d,00235,2020-11-13,18:00:00,evening,three_digit_tiers,,,https://www.vietlott.vn/vi/trung-thuong/ket-qua-trung-thuong/max-3D?id=00235&nocatche=1,ab16329700d44d949e912cffb4d186a644d2ce5ff78eed065e09ee724f1630d9,2026-08-05T20:46:05+00:00
max3d,00236,2020-11-16,18:00:00,evening,three_digit_tiers,,,https://www.vietlott.vn/vi/trung-thuong/ket-qua-trung-thuong/max-3D?id=00236&nocatche=1,f747c3a3dcc1214e60e15255cd781d4696cb9523a475528ff398c982750e4c67,2026-08-05T20:46:05+00:00
max3d,00237,2020-11-18,18:00:00,evening,three_digit_tiers,,,https://www.vietlott.vn/vi/trung-thuong/ket-qua-trung-thuong/max-3D?id=00237&nocatche=1,a10a4fb9e194e47bd0c487494e6f7cc0d04e4da1c8ae59b17ccec34936019f03,2026-08-05T20:46:04+00:00
max3d,00238,2020-11-20,18:00:00,evening,three_digit_tiers,,,https://www.vietlott.vn/vi/trung-thuong/ket-qua-trung-thuong/max-3D?id=00238&nocatche=1,ca6ebef282ae6c444e6a3cdba76feb97376b5b1ff7de9b46975d2275d22bfdd2,2026-08-05T20:46:04+00:00
max3d,00239,2020-11-23,18:00:00,evening,three_digit_tiers,,,https://www.vietlott.vn/vi/trung-thuong/ket-qua-trung-thuong/max-3D?id=00239&nocatche=1,7dff56b87ae9648d5d95fa6a5ca08b0203847c6c4e9e045c8e3ee53a83b81799,2026-08-05T20:46:04+00:00
max3d,00240,2020-11-25,18:00:00,evening,three_digit_tiers,,,https://www.vietlott.vn/vi/trung-thuong/ket-qua-trung-thuong/max-3D?id=00240&nocatche=1,9b58e505a13d35e7417a5a98a9045fbf8c2edfd8e353461cd4361f6e25cb0b96,2026-08-05T20:46:03+00:00
max3d,00241,2020-11-27,18:00:00,evening,three_digit_tiers,,,https://www.vietlott.vn/vi/trung-thuong/ket-qua-trung-thuong/max-3D?id=00241&nocatche=1,0622d7d9cc2fb2e85824939b708ed6cf0777a5c879ca952ce30828aa64c38a6e,2026-08-05T20:46:02+00:00
max3d,00242,2020-11-30,18:00:00,evening,three_digit_tiers,,,https://www.vietlott.vn/vi/trung-thuong/ket-qua-trung-thuong/max-3D?id=00242&nocatche=1,4a1a84d9a5b9d55ccf1ca8d39a2d6406c2001b7cdca6443129f35a821705cc78,2026-08-05T20:46:01+00:00
max3d,00243,2020-12-02,18:00:00,evening,three_digit_tiers,,,https://www.vietlott.vn/vi/trung-thuong/ket-qua-trung-thuong/max-3D?id=00243&nocatche=1,d25a125240da8057109aaea750d29fb1edda4067c466b1277697d8bac2ad2b05,2026-08-05T20:46:00+00:00
max3d,00244,2020-12-04,18:00:00,evening,three_digit_tiers,,,https://www.vietlott.vn/vi/trung-thuong/ket-qua-trung-thuong/max-3D?id=00244&nocatche=1,8be9838b9cce152c1f672122eed0d1665c9eeefd1bf97eae308c148a9e62eaa1,2026-08-05T20:46:03+00:00
max3d,00245,2020-12-07,18:00:00,evening,three_digit_tiers,,,https://www.vietlott.vn/vi/trung-thuong/ket-qua-trung-thuong/max-3D?id=00245&nocatche=1,d37b57186966e5b14f952acb6754ef5287d49620d7791277b21fa319835186a4,2026-08-05T20:46:03+00:00
max3d,00246,2020-12-09,18:00:00,evening,three_digit_tiers,,,https://www.vietlott.vn/vi/trung-thuong/ket-qua-trung-thuong/max-3D?id=00246&nocatche=1,c5408ca75ffb2bb8b67a37fd795383c3243184020e44bf8ffceeb87b5fcc179f,2026-08-05T20:45:57+00:00
max3d,00247,2020-12-11,18:00:00,evening,three_digit_tiers,,,https://www.vietlott.vn/vi/trung-thuong/ket-qua-trung-thuong/max-3D?id=00247&nocatche=1,1e294f6d7b23be0445fe5a9b3a04cb1fd3dc9c8ab3e706bbcb4d5cd91aa7c6a3,2026-08-05T20:45:56+00:00
max3d,00248,2020-12-14,18:00:00,evening,three_digit_tiers,,,https://www.vietlott.vn/vi/trung-thuong/ket-qua-trung-thuong/max-3D?id=00248&nocatche=1,ca696668d14939bce80eaaec6099168ac63553413d09a5783dd98e38a7d7eb11,2026-08-05T20:45:56+00:00
max3d,00249,2020-12-16,18:00:00,evening,three_digit_tiers,,,https://www.vietlott.vn/vi/trung-thuong/ket-qua-trung-thuong/max-3D?id=00249&nocatche=1,63455bdadb6d851b10e9f11d80a340a15a2b4e29d275211aa459d3fad4bdd0b7,2026-08-05T20:45:56+00:00
max3d,00250,2020-12-18,18:00:00,evening,three_digit_tiers,,,https://www.vietlott.vn/vi/trung-thuong/ket-qua-trung-thuong/max-3D?id=00250&nocatche=1,90b12374d2984b07bc5a70eb44e10bff01f9d02c95e321e2fbc19ee84e51c854,2026-08-05T20:45:56+00:00
max3d,00251,2020-12-21,18:00:00,evening,three_digit_tiers,,,https://www.vietlott.vn/vi/trung-thuong/ket-qua-trung-thuong/max-3D?id=00251&nocatche=1,40a80bab78fd9928b299c09c2ddebf14085f61f8fbe380a17f0aaae5428285de,2026-08-05T20:45:59+00:00
max3d,00252,2020-12-23,18:00:00,evening,three_digit_tiers,,,https://www.vietlott.vn/vi/trung-thuong/ket-qua-trung-thuong/max-3D?id=00252&nocatche=1,d8fae38c29721d62108b3637c725428fc0021ee8c75891e250c51032dcc299ac,2026-08-05T20:46:03+00:00
max3d,00253,2020-12-25,18:00:00,evening,three_digit_tiers,,,https://www.vietlott.vn/vi/trung-thuong/ket-qua-trung-thuong/max-3D?id=00253&nocatche=1,93110a5ea1fa74fac56a3d17279f9b6f1325f20a58d8a79b68d81ffa0f498204,2026-08-05T20:45:57+00:00
max3d,00254,2020-12-28,18:00:00,evening,three_digit_tiers,,,https://www.vietlott.vn/vi/trung-thuong/ket-qua-trung-thuong/max-3D?id=00254&nocatche=1,9464916875fbd033e4941b38efef1080f00568d3fdbf9dc8eb043735eb77681c,2026-08-05T20:45:57+00:00
max3d,00255,2020-12-30,18:00:00,evening,three_digit_tiers,,,https://www.vietlott.vn/vi/trung-thuong/ket-qua-trung-thuong/max-3D?id=00255&nocatche=1,57fcd3b8a78c82a6b33e854e663bdc02ac70a69a715a37ed663a50e10cc52443,2026-08-05T20:45:57+00:00
max3d,00256,2021-01-01,18:00:00,evening,three_digit_tiers,,,https://www.vietlott.vn/vi/trung-thuong/ket-qua-trung-thuong/max-3D?id=00256&nocatche=1,f3b61657687ce3f52c329b2f393c8a0933078073c37745d77bd17bae5c052a29,2026-08-05T20:45:55+00:00
max3d,00257,2021-01-04,18:00:00,evening,three_digit_tiers,,,https://www.vietlott.vn/vi/trung-thuong/ket-qua-trung-thuong/max-3D?id=00257&nocatche=1,93ebf15a0a7639fa04ae93f54ace22d0ae021393465b2d1785b612d90948f0e1,2026-08-05T20:45:55+00:00
max3d,00258,2021-01-06,18:00:00,evening,three_digit_tiers,,,https://www.vietlott.vn/vi/trung-thuong/ket-qua-trung-thuong/max-3D?id=00258&nocatche=1,abb712c0f6c3b661ec089f062595d9f3a02ec737b9c9515ec4b7a45ee7f27a32,2026-08-05T20:45:55+00:00
max3d,00259,2021-01-08,18:00:00,evening,three_digit_tiers,,,https://www.vietlott.vn/vi/trung-thuong/ket-qua-trung-thuong/max-3D?id=00259&nocatche=1,57e90ea925fb1e0430b9d8512bb6fbb3e607016920c7865f3f5699648eef7c73,2026-08-05T20:45:55+00:00
max3d,00260,2021-01-11,18:00:00,evening,three_digit_tiers,,,https://www.vietlott.vn/vi/trung-thuong/ket-qua-trung-thuong/max-3D?id=00260&nocatche=1,b540cea83d9f9a988a419cda0a830f838beed96e3953191621b210eb38fce603,2026-08-05T20:45:54+00:00
max3d,00261,2021-01-13,18:00:00,evening,three_digit_tiers,,,https://www.vietlott.vn/vi/trung-thuong/ket-qua-trung-thuong/max-3D?id=00261&nocatche=1,3d7aaab0abb4ff68d1b262742c39f3556a3ebeb69693ddf02da71e3942cce89a,2026-08-05T20:45:51+00:00
max3d,00262,2021-01-15,18:00:00,evening,three_digit_tiers,,,https://www.vietlott.vn/vi/trung-thuong/ket-qua-trung-thuong/max-3D?id=00262&nocatche=1,b4f0161c5e5c1dd1b22c7a4dac97d9ff3ba5e2ef088d64d6709379c697fadc2a,2026-08-05T20:45:51+00:00
max3d,00263,2021-01-18,18:00:00,evening,three_digit_tiers,,,https://www.vietlott.vn/vi/trung-thuong/ket-qua-trung-thuong/max-3D?id=00263&nocatche=1,9862a4893d0fc57eca507db303f5811cd0554c581cf50c9249269d455c06738a,2026-08-05T20:45:51+00:00
max3d,00264,2021-01-20,18:00:00,evening,three_digit_tiers,,,https://www.vietlott.vn/vi/trung-thuong/ket-qua-trung-thuong/max-3D?id=00264&nocatche=1,f8b7d262d48b0d03223ddfebb56244a78be308ea50528470a986a02d4fcaa44a,2026-08-05T20:45:50+00:00
max3d,00265,2021-01-22,18:00:00,evening,three_digit_tiers,,,https://www.vietlott.vn/vi/trung-thuong/ket-qua-trung-thuong/max-3D?id=00265&nocatche=1,8f3f947d374222f300e7f12c4e08d83c6fd347013ca38042f7d37f5a6c36b4a8,2026-08-05T20:45:50+00:00
max3d,00266,2021-01-25,18:00:00,evening,three_digit_tiers,,,https://www.vietlott.vn/vi/trung-thuong/ket-qua-trung-thuong/max-3D?id=00266&nocatche=1,09fad404635644b08824550f973a1efdf3d4fecf14ede455e2660f0a6cda3002,2026-08-05T20:45:53+00:00
max3d,00267,2021-01-27,18:00:00,evening,three_digit_tiers,,,https://www.vietlott.vn/vi/trung-thuong/ket-qua-trung-thuong/max-3D?id=00267&nocatche=1,355a81daff1c16b9378d3602d8170ed9204a5ee17a1c16bcb68b2f78778925f2,2026-08-05T20:45:53+00:00
max3d,00268,2021-01-29,18:00:00,evening,three_digit_tiers,,,https://www.vietlott.vn/vi/trung-thuong/ket-qua-trung-thuong/max-3D?id=00268&nocatche=1,f4b4bd3933b6cf2f6d1949bc00dcef7504326a475617692ee6d8c0a2178342cc,2026-08-05T20:45:52+00:00
max3d,00269,2021-02-01,18:00:00,evening,three_digit_tiers,,,https://www.vietlott.vn/vi/trung-thuong/ket-qua-trung-thuong/max-3D?id=00269&nocatche=1,e26b6ce71413ef6026ff519b8ffc2882fd4237436a6543b7b0645618991c3f8a,2026-08-05T20:45:52+00:00
max3d,00270,2021-02-03,18:00:00,evening,three_digit_tiers,,,https://www.vietlott.vn/vi/trung-thuong/ket-qua-trung-thuong/max-3D?id=00270&nocatche=1,e04a00be644b36bb6d757a1ead05a94696268825c7c21899a264583a825d16a7,2026-08-05T20:45:51+00:00
max3d,00271,2021-02-05,18:00:00,evening,three_digit_tiers,,,https://www.vietlott.vn/vi/trung-thuong/ket-qua-trung-thuong/max-3D?id=00271&nocatche=1,342fdcca726196359dcebc8264a8041e88624cdd0c83364c6d00989067b835ea,2026-08-05T20:45:54+00:00
max3d,00272,2021-02-08,18:00:00,evening,three_digit_tiers,,,https://www.vietlott.vn/vi/trung-thuong/ket-qua-trung-thuong/max-3D?id=00272&nocatche=1,06c9dfde8e19968224a8effe253b438e4dfa96c4fe9e9269deaa5c4f29b5e6dd,2026-08-05T20:45:54+00:00
max3d,00273,2021-02-10,18:00:00,evening,three_digit_tiers,,,https://www.vietlott.vn/vi/trung-thuong/ket-qua-trung-thuong/max-3D?id=00273&nocatche=1,2354b0436057828c29493dbccda46722f65425aba8dfa84d2091511c07774480,2026-08-05T20:45:54+00:00
max3d,00274,2021-02-15,18:00:00,evening,three_digit_tiers,,,https://www.vietlott.vn/vi/trung-thuong/ket-qua-trung-thuong/max-3D?id=00274&nocatche=1,04e6cd066c1003eaf67d22252c04cc0fbd26cf5783f7394351b74ce5e5e4ef09,2026-08-05T20:45:53+00:00
max3d,00275,2021-02-17,18:00:00,evening,three_digit_tiers,,,https://www.vietlott.vn/vi/trung-thuong/ket-qua-trung-thuong/max-3D?id=00275&nocatche=1,9a5bb1c49df23605c5e14ae1b792d915e31494a7e1ac8359c6f7ad40a2fc25ff,2026-08-05T20:45:53+00:00
max3d,00276,2021-02-19,18:00:00,evening,three_digit_tiers,,,https://www.vietlott.vn/vi/trung-thuong/ket-qua-trung-thuong/max-3D?id=00276&nocatche=1,ef4447eb1edcbe31b7cba13c2a5d04f7986c6291f49202120c37eea7ee367d75,2026-08-05T20:45:49+00:00
max3d,00277,2021-02-22,18:00:00,evening,three_digit_tiers,,,https://www.vietlott.vn/vi/trung-thuong/ket-qua-trung-thuong/max-3D?id=00277&nocatche=1,ef76a66610a38db105714d410d04780c281a434e4a36c5408833ef3ac810c57f,2026-08-05T20:45:49+00:00
max3d,00278,2021-02-24,18:00:00,evening,three_digit_tiers,,,https://www.vietlott.vn/vi/trung-thuong/ket-qua-trung-thuong/max-3D?id=00278&nocatche=1,4f8e1cfa433c1419a865c8d53c09fa36581f5d4b05dd3d4b7ea6578cc9a8ca29,2026-08-05T20:45:48+00:00
max3d,00279,2021-02-26,18:00:00,evening,three_digit_tiers,,,https://www.vietlott.vn/vi/trung-thuong/ket-qua-trung-thuong/max-3D?id=00279&nocatche=1,7654e08ed9313be4b6b5c5f25b7996888e75abdbd64225856f738606a93cb9bd,2026-08-05T20:45:48+00:00
max3d,00280,2021-03-01,18:00:00,evening,three_digit_tiers,,,https://www.vietlott.vn/vi/trung-thuong/ket-qua-trung-thuong/max-3D?id=00280&nocatche=1,c17d65a9adfced5e495fcc0b361295b6ec464082bd2e270bd78e23676f2e1d1d,2026-08-05T20:45:47+00:00
max3d,00281,2021-03-03,18:00:00,evening,three_digit_tiers,,,https://www.vietlott.vn/vi/trung-thuong/ket-qua-trung-thuong/max-3D?id=00281&nocatche=1,ba49a8a419f96e4a339fe72606fab5e14636b4c1d2ebc1dbbf8c0d33c3949d22,2026-08-05T20:45:50+00:00
max3d,00282,2021-03-05,18:00:00,evening,three_digit_tiers,,,https://www.vietlott.vn/vi/trung-thuong/ket-qua-trung-thuong/max-3D?id=00282&nocatche=1,02bfa8f2d65b0e1872b9c7f82d4ad0b960707b7821f8557ebba6db76132af6b3,2026-08-05T20:45:50+00:00
max3d,00283,2021-03-08,18:00:00,evening,three_digit_tiers,,,https://www.vietlott.vn/vi/trung-thuong/ket-qua-trung-thuong/max-3D?id=00283&nocatche=1,3cd9edca24dbdcb3864788b337023faa34c2043f275a4c9be7dd8031510316ca,2026-08-05T20:45:50+00:00
max3d,00284,2021-03-10,18:00:00,evening,three_digit_tiers,,,https://www.vietlott.vn/vi/trung-thuong/ket-qua-trung-thuong/max-3D?id=00284&nocatche=1,48ca2b04182abc0c8baca29d3c71fccf259d226d990c3519b422ee818998ada5,2026-08-05T20:45:49+00:00
max3d,00285,2021-03-12,18:00:00,evening,three_digit_tiers,,,https://www.vietlott.vn/vi/trung-thuong/ket-qua-trung-thuong/max-3D?id=00285&nocatche=1,e3086795fc0bb7bd99353d443832c4fbc0b059c24f6f2af024f01a6436438fe6,2026-08-05T20:45:49+00:00
max3d,00286,2021-03-15,18:00:00,evening,three_digit_tiers,,,https://www.vietlott.vn/vi/trung-thuong/ket-qua-trung-thuong/max-3D?id=00286&nocatche=1,8f53ed25b10801ba3a1c226ed945b140d65e928b3d056e6694c04d6032aef123,2026-08-05T20:45:47+00:00
max3d,00287,2021-03-17,18:00:00,evening,three_digit_tiers,,,https://www.vietlott.vn/vi/trung-thuong/ket-qua-trung-thuong/max-3D?id=00287&nocatche=1,0bf584b530e899645fecc786142c6312c364b2e32f8a5ab24d004e7f1c082046,2026-08-05T20:45:47+00:00
max3d,00288,2021-03-19,18:00:00,evening,three_digit_tiers,,,https://www.vietlott.vn/vi/trung-thuong/ket-qua-trung-thuong/max-3D?id=00288&nocatche=1,1e87984de4e607e87e671efbd3534d53783622dff84d660bc9cf007778fc631f,2026-08-05T20:45:47+00:00
max3d,00289,2021-03-22,18:00:00,evening,three_digit_tiers,,,https://www.vietlott.vn/vi/trung-thuong/ket-qua-trung-thuong/max-3D?id=00289&nocatche=1,c5010baa0ce093adbdc33c4979f31550edbd60ed6bc8679fb1c7a9105f18c94c,2026-08-05T20:45:46+00:00
max3d,00290,2021-03-24,18:00:00,evening,three_digit_tiers,,,https://www.vietlott.vn/vi/trung-thuong/ket-qua-trung-thuong/max-3D?id=00290&nocatche=1,41fdf63bf903e42f5ce6240f4f94cc9d64871f9a8c8f3d20f37864dd46361f1c,2026-08-05T20:45:46+00:00
max3d,00291,2021-03-26,18:00:00,evening,three_digit_tiers,,,https://www.vietlott.vn/vi/trung-thuong/ket-qua-trung-thuong/max-3D?id=00291&nocatche=1,ffee9e43ad1256b8a2b706275a022f06c67641565fe5fe41759d041605eb1587,2026-08-05T20:45:46+00:00
max3d,00292,2021-03-29,18:00:00,evening,three_digit_tiers,,,https://www.vietlott.vn/vi/trung-thuong/ket-qua-trung-thuong/max-3D?id=00292&nocatche=1,4645a8dbe9a0a1450719dbde3e5c2e19c98e2d606aa1f8b94480f60882ad5356,2026-08-05T20:45:46+00:00
max3d,00293,2021-03-31,18:00:00,evening,three_digit_tiers,,,https://www.vietlott.vn/vi/trung-thuong/ket-qua-trung-thuong/max-3D?id=00293&nocatche=1,c2c6010cc63b57e7115cad5410df550f09cd9cf5acc3b2b4add633a8e40600a1,2026-08-05T20:45:45+00:00
max3d,00294,2021-04-02,18:00:00,evening,three_digit_tiers,,,https://www.vietlott.vn/vi/trung-thuong/ket-qua-trung-thuong/max-3D?id=00294&nocatche=1,6b2be9e2ea2015cc1d346b7caa481ccb2ce2e7416ffce5060477677392e80dff,2026-08-05T20:45:45+00:00
max3d,00295,2021-04-05,18:00:00,evening,three_digit_tiers,,,https://www.vietlott.vn/vi/trung-thuong/ket-qua-trung-thuong/max-3D?id=00295&nocatche=1,491ebefcdb5f1e872b8368d5519f3d8a4e58ef7de6b3b5f80ff536af8d5b24c5,2026-08-05T20:45:45+00:00
max3d,00296,2021-04-07,18:00:00,evening,three_digit_tiers,,,https://www.vietlott.vn/vi/trung-thuong/ket-qua-trung-thuong/max-3D?id=00296&nocatche=1,a02ebd929be73aa3e86d984cb46c55c3a2fef00a6f9fcf8c4f0ec7585b0b27b6,2026-08-05T20:45:45+00:00
max3d,00297,2021-04-09,18:00:00,evening,three_digit_tiers,,,https://www.vietlott.vn/vi/trung-thuong/ket-qua-trung-thuong/max-3D?id=00297&nocatche=1,f7e2b37569714394c773b881eb928b7e40d293cb879a21fcde6ba7b4d86c2a24,2026-08-05T20:45:44+00:00
max3d,00298,2021-04-12,18:00:00,evening,three_digit_tiers,,,https://www.vietlott.vn/vi/trung-thuong/ket-qua-trung-thuong/max-3D?id=00298&nocatche=1,e159e5047e20d84a3490451eccba07b18f0eb5629c3fbd7bdaabffa9b7761eed,2026-08-05T20:45:44+00:00
max3d,00299,2021-04-14,18:00:00,evening,three_digit_tiers,,,https://www.vietlott.vn/vi/trung-thuong/ket-qua-trung-thuong/max-3D?id=00299&nocatche=1,69730f2429286e05a1c70cdedd6585c0f36916ce7d5c85f3d289f3cd7b3719db,2026-08-05T20:45:44+00:00
max3d,00300,2021-04-16,18:00:00,evening,three_digit_tiers,,,https://www.vietlott.vn/vi/trung-thuong/ket-qua-trung-thuong/max-3D?id=00300&nocatche=1,df41474a83dc5c7b8014d98475461d1a8566f80a562120633eeee64f26956b72,2026-08-05T20:45:44+00:00
max3d,00301,2021-04-19,18:00:00,evening,three_digit_tiers,,,https://www.vietlott.vn/vi/trung-thuong/ket-qua-trung-thuong/max-3D?id=00301&nocatche=1,0522e8c43fb949ad319fe4f0a453bf250d82576a580173519eb888fd92ac1632,2026-08-05T20:45:41+00:00
max3d,00302,2021-04-21,18:00:00,evening,three_digit_tiers,,,https://www.vietlott.vn/vi/trung-thuong/ket-qua-trung-thuong/max-3D?id=00302&nocatche=1,f4114b2199bbfdaea0870dd53563d7ebf26fa3a8eee65eadba82aee850d54c49,2026-08-05T20:45:40+00:00
max3d,00303,2021-04-23,18:00:00,evening,three_digit_tiers,,,https://www.vietlott.vn/vi/trung-thuong/ket-qua-trung-thuong/max-3D?id=00303&nocatche=1,9672e4273860d71cb607401eb08c0e12d0126ff06257a05cd07ef1106c3c1013,2026-08-05T20:45:40+00:00
max3d,00304,2021-04-26,18:00:00,evening,three_digit_tiers,,,https://www.vietlott.vn/vi/trung-thuong/ket-qua-trung-thuong/max-3D?id=00304&nocatche=1,3c569316dcae1bd2e1e9ef14378a94494dad4c8db05466734608d0d4b35e246d,2026-08-05T20:45:40+00:00
max3d,00305,2021-04-28,18:00:00,evening,three_digit_tiers,,,https://www.vietlott.vn/vi/trung-thuong/ket-qua-trung-thuong/max-3D?id=00305&nocatche=1,97e797098e2f870acbdb11209a0d5cc8406763a57d3a8d2129a5e542e4a15431,2026-08-05T20:45:40+00:00
max3d,00306,2021-04-30,18:00:00,evening,three_digit_tiers,,,https://www.vietlott.vn/vi/trung-thuong/ket-qua-trung-thuong/max-3D?id=00306&nocatche=1,a9a47957146d2b1180b663ce07cf66619e8308518dc5bfe25b6c133993d80a18,2026-08-05T20:45:42+00:00
max3d,00307,2021-05-03,18:00:00,evening,three_digit_tiers,,,https://www.vietlott.vn/vi/trung-thuong/ket-qua-trung-thuong/max-3D?id=00307&nocatche=1,2ec3658a759296fadf46a1a6af6e0007097ce009d274dd9f1fdf2200e481b1b3,2026-08-05T20:45:42+00:00
max3d,00308,2021-05-05,18:00:00,evening,three_digit_tiers,,,https://www.vietlott.vn/vi/trung-thuong/ket-qua-trung-thuong/max-3D?id=00308&nocatche=1,09cc4c3b5501c8b4ffb157aafc01485e1c58d4b06f6268831ba35eec6b057ab5,2026-08-05T20:45:41+00:00
max3d,00309,2021-05-07,18:00:00,evening,three_digit_tiers,,,https://www.vietlott.vn/vi/trung-thuong/ket-qua-trung-thuong/max-3D?id=00309&nocatche=1,5bd7073da089ad639eaf047441937face1662ec090065417e8cabf33fbd8c040,2026-08-05T20:45:41+00:00
max3d,00310,2021-05-10,18:00:00,evening,three_digit_tiers,,,https://www.vietlott.vn/vi/trung-thuong/ket-qua-trung-thuong/max-3D?id=00310&nocatche=1,13f52e01e83fa8ffd80dcafb3584b3475696c0411a03a4dc65dc7fc9f7b33c8a,2026-08-05T20:45:41+00:00
max3d,00311,2021-05-12,18:00:00,evening,three_digit_tiers,,,https://www.vietlott.vn/vi/trung-thuong/ket-qua-trung-thuong/max-3D?id=00311&nocatche=1,6131606148984203058f98c666e0cfb94a172d5a5837d400ea6fbbe1f8e81c1b,2026-08-05T20:45:43+00:00
max3d,00312,2021-05-14,18:00:00,evening,three_digit_tiers,,,https://www.vietlott.vn/vi/trung-thuong/ket-qua-trung-thuong/max-3D?id=00312&nocatche=1,0ebc6604dab563427ed5848fdb0b4d4cacf1b7094ebaef79b322e50abd1cfbcf,2026-08-05T20:45:43+00:00
max3d,00313,2021-05-17,18:00:00,evening,three_digit_tiers,,,https://www.vietlott.vn/vi/trung-thuong/ket-qua-trung-thuong/max-3D?id=00313&nocatche=1,104fd5809b330a794d979920877c496c6a8fa9eb1c64341f2448c68845772867,2026-08-05T20:45:43+00:00
max3d,00314,2021-05-19,18:00:00,evening,three_digit_tiers,,,https://www.vietlott.vn/vi/trung-thuong/ket-qua-trung-thuong/max-3D?id=00314&nocatche=1,17e5a46b626aa1b724ce0aa5a23df9317de7329dc36ebe1d94143245f094890e,2026-08-05T20:45:43+00:00
max3d,00315,2021-05-21,18:00:00,evening,three_digit_tiers,,,https://www.vietlott.vn/vi/trung-thuong/ket-qua-trung-thuong/max-3D?id=00315&nocatche=1,2996f1d9a35779bce53c45e435220e95262f2d93e23b8e3c025fb4e633ca0980,2026-08-05T20:45:42+00:00
max3d,00316,2021-05-24,18:00:00,evening,three_digit_tiers,,,https://www.vietlott.vn/vi/trung-thuong/ket-qua-trung-thuong/max-3D?id=00316&nocatche=1,313dcb6f77ffd8e5ad022cfb29a2f945c872330ec517bf556acbd3cb9c36a191,2026-08-05T20:45:38+00:00
max3d,00317,2021-05-26,18:00:00,evening,three_digit_tiers,,,https://www.vietlott.vn/vi/trung-thuong/ket-qua-trung-thuong/max-3D?id=00317&nocatche=1,e8e52dc556f426b192d99d320f46a6a785444f73eb49b6a4a78a5c223c79eb07,2026-08-05T20:45:38+00:00
max3d,00318,2021-05-28,18:00:00,evening,three_digit_tiers,,,https://www.vietlott.vn/vi/trung-thuong/ket-qua-trung-thuong/max-3D?id=00318&nocatche=1,63a93b2521a7592d18763bc38d19b66cb16c296a3a31d593a6a3bd31d20d5cee,2026-08-05T20:45:38+00:00
max3d,00319,2021-05-31,18:00:00,evening,three_digit_tiers,,,https://www.vietlott.vn/vi/trung-thuong/ket-qua-trung-thuong/max-3D?id=00319&nocatche=1,3712cd5ff0497b17cb699e31b63806e809c865d7b0c724e91d85c31f06974d17,2026-08-05T20:45:38+00:00
max3d,00320,2021-06-02,18:00:00,evening,three_digit_tiers,,,https://www.vietlott.vn/vi/trung-thuong/ket-qua-trung-thuong/max-3D?id=00320&nocatche=1,d65a79d947fb223b55eff5ffe2ac15ae22f50966f6472ea14e8431d1d5cf5b21,2026-08-05T20:45:37+00:00
max3d,00321,2021-06-04,18:00:00,evening,three_digit_tiers,,,https://www.vietlott.vn/vi/trung-thuong/ket-qua-trung-thuong/max-3D?id=00321&nocatche=1,7f56a47cbcfa9979f453ead8189f95b90bf55921f864e1bd5e595c8b9b37c034,2026-08-05T20:45:36+00:00
max3d,00322,2021-06-07,18:00:00,evening,three_digit_tiers,,,https://www.vietlott.vn/vi/trung-thuong/ket-qua-trung-thuong/max-3D?id=00322&nocatche=1,32cd1864e70fc85e88de3b186988744e77ebb1024d1c129d50029c939a8ba610,2026-08-05T20:45:36+00:00
max3d,00323,2021-06-09,18:00:00,evening,three_digit_tiers,,,https://www.vietlott.vn/vi/trung-thuong/ket-qua-trung-thuong/max-3D?id=00323&nocatche=1,a7d0abf86f54cb22944f4d4753743744661261023e11ac6daf3028e4eae08b29,2026-08-05T20:45:36+00:00
max3d,00324,2021-06-11,18:00:00,evening,three_digit_tiers,,,https://www.vietlott.vn/vi/trung-thuong/ket-qua-trung-thuong/max-3D?id=00324&nocatche=1,e8c490bfc2227265deaa522e53f2171b52c8d80920c3e7392aac7fa2e5f5e02d,2026-08-05T20:45:35+00:00
max3d,00325,2021-06-14,18:00:00,evening,three_digit_tiers,,,https://www.vietlott.vn/vi/trung-thuong/ket-qua-trung-thuong/max-3D?id=00325&nocatche=1,3d67fd26c46d725d3dce25678b6c6dedd6979dbb8f26cb0457faaf6a82c20d2e,2026-08-05T20:45:35+00:00
max3d,00326,2021-06-16,18:00:00,evening,three_digit_tiers,,,https://www.vietlott.vn/vi/trung-thuong/ket-qua-trung-thuong/max-3D?id=00326&nocatche=1,6f58d392fbc9fc2bb552fb11cec0e8c5d73ee48a1091d07860b14c115008b5da,2026-08-05T20:45:31+00:00
max3d,00327,2021-06-18,18:00:00,evening,three_digit_tiers,,,https://www.vietlott.vn/vi/trung-thuong/ket-qua-trung-thuong/max-3D?id=00327&nocatche=1,256cb2107a366aaa361f655b07e22845a25c4feb0858b7fe200af783a5b0541c,2026-08-05T20:45:30+00:00
max3d,00328,2021-06-21,18:00:00,evening,three_digit_tiers,,,https://www.vietlott.vn/vi/trung-thuong/ket-qua-trung-thuong/max-3D?id=00328&nocatche=1,9917b2883dec838829593a05c59decae7cc4c3f5657d85e22f1ed2d092d4fda2,2026-08-05T20:45:30+00:00
max3d,00329,2021-06-23,18:00:00,evening,three_digit_tiers,,,https://www.vietlott.vn/vi/trung-thuong/ket-qua-trung-thuong/max-3D?id=00329&nocatche=1,6165a2a4826a93c90919588e39f07b75ee1013fd40dbf1d4fdac7249ba47c2a6,2026-08-05T20:45:29+00:00
max3d,00330,2021-06-25,18:00:00,evening,three_digit_tiers,,,https://www.vietlott.vn/vi/trung-thuong/ket-qua-trung-thuong/max-3D?id=00330&nocatche=1,76cae04730a16ef9ddf7dc48358e852d0f2ad0534e778b8c480b92309467cf63,2026-08-05T20:45:30+00:00
max3d,00331,2021-06-28,18:00:00,evening,three_digit_tiers,,,https://www.vietlott.vn/vi/trung-thuong/ket-qua-trung-thuong/max-3D?id=00331&nocatche=1,1a4d2545aec1f78ebaac2cfdf380fd69d2b554bb4b3722d20fd89db70fc1d4ab,2026-08-05T20:45:28+00:00
max3d,00332,2021-06-30,18:00:00,evening,three_digit_tiers,,,https://www.vietlott.vn/vi/trung-thuong/ket-qua-trung-thuong/max-3D?id=00332&nocatche=1,d85cc9c91bee0fbac18718490dc6fb236026f706ec0f82a014dad7bddf7c93f6,2026-08-05T20:45:27+00:00
max3d,00333,2021-07-02,18:00:00,evening,three_digit_tiers,,,https://www.vietlott.vn/vi/trung-thuong/ket-qua-trung-thuong/max-3D?id=00333&nocatche=1,e1b1526ff8838d79b3cad3dfcebbb020996e155b6ba758f3c49b5edbeea163cf,2026-08-05T20:45:27+00:00
max3d,00334,2021-07-05,18:00:00,evening,three_digit_tiers,,,https://www.vietlott.vn/vi/trung-thuong/ket-qua-trung-thuong/max-3D?id=00334&nocatche=1,64908e65d69e148e5e31650ce8ae5da8cf4d73dd5d0970bc11be13250c6da612,2026-08-05T20:45:28+00:00
max3d,00335,2021-07-07,18:00:00,evening,three_digit_tiers,,,https://www.vietlott.vn/vi/trung-thuong/ket-qua-trung-thuong/max-3D?id=00335&nocatche=1,9827a637d3f3d73df39d12f069531ca9dd1ce34c9363b7c720e0f3c84d65f977,2026-08-05T20:45:26+00:00
max3d,00336,2021-07-09,18:00:00,evening,three_digit_tiers,,,https://www.vietlott.vn/vi/trung-thuong/ket-qua-trung-thuong/max-3D?id=00336&nocatche=1,74b06802e08f047034aad45115dc7d0cf7fcadfb3144708e6422cfab74735bdd,2026-08-05T20:45:34+00:00
max3d,00337,2021-07-12,18:00:00,evening,three_digit_tiers,,,https://www.vietlott.vn/vi/trung-thuong/ket-qua-trung-thuong/max-3D?id=00337&nocatche=1,8ad539c6273ffceab014ffa18335428df3e1120510f74256d15af7e5f4dbf1d7,2026-08-05T20:45:33+00:00
max3d,00338,2021-07-14,18:00:00,evening,three_digit_tiers,,,https://www.vietlott.vn/vi/trung-thuong/ket-qua-trung-thuong/max-3D?id=00338&nocatche=1,1d9e48f8834ad45fab27c00c2fbc375ca595890ed5a53dd770f33d8656e473d4,2026-08-05T20:45:33+00:00
max3d,00339,2021-07-16,18:00:00,evening,three_digit_tiers,,,https://www.vietlott.vn/vi/trung-thuong/ket-qua-trung-thuong/max-3D?id=00339&nocatche=1,a593393562f02ab628b7a6d6727d6614489a7afbbdb8db8a18c0c9a3293a6bfc,2026-08-05T20:45:33+00:00
max3d,00340,2021-07-19,18:00:00,evening,three_digit_tiers,,,https://www.vietlott.vn/vi/trung-thuong/ket-qua-trung-thuong/max-3D?id=00340&nocatche=1,43a34295eb2474d51e2dec76fe4198b8f6ada4f55bf32882005aef5f1f8e4836,2026-08-05T20:45:32+00:00
max3d,00341,2021-07-21,18:00:00,evening,three_digit_tiers,,,https://www.vietlott.vn/vi/trung-thuong/ket-qua-trung-thuong/max-3D?id=00341&nocatche=1,9b3ddc1ee530547b903762455384651ef3087a0d8a3c53ba61ec02f56f0a6ed0,2026-08-05T20:45:25+00:00
max3d,00342,2021-07-23,18:00:00,evening,three_digit_tiers,,,https://www.vietlott.vn/vi/trung-thuong/ket-qua-trung-thuong/max-3D?id=00342&nocatche=1,24f1a8a287c0db20a1b09b816f3cf1f08f04aa33e617c9a93d3d56ce8e13e5e7,2026-08-05T20:45:25+00:00
max3d,00343,2021-08-18,18:00:00,evening,three_digit_tiers,,,https://www.vietlott.vn/vi/trung-thuong/ket-qua-trung-thuong/max-3D?id=00343&nocatche=1,3a4b0d76c24cc2f8950d10c54b4aba0c4492204ee89a586702504ae2efe0a521,2026-08-05T20:45:25+00:00
max3d,00344,2021-08-20,18:00:00,evening,three_digit_tiers,,,https://www.vietlott.vn/vi/trung-thuong/ket-qua-trung-thuong/max-3D?id=00344&nocatche=1,4319c6abe39bcd826672ad9523eb0742cfdd2e7a1c9602918feeac267b558093,2026-08-05T20:45:24+00:00
max3d,00345,2021-08-23,18:00:00,evening,three_digit_tiers,,,https://www.vietlott.vn/vi/trung-thuong/ket-qua-trung-thuong/max-3D?id=00345&nocatche=1,e8326d2d2d6c2ed2f37428d9d69892c9188c665188cc476cb57612cfbc3acd2f,2026-08-05T20:45:21+00:00
max3d,00346,2021-08-25,18:00:00,evening,three_digit_tiers,,,https://www.vietlott.vn/vi/trung-thuong/ket-qua-trung-thuong/max-3D?id=00346&nocatche=1,e72e80372a322da36f44c4bd375bebb1548b5fa2d7d3125d1b80d9d0d8b00db8,2026-08-05T20:45:21+00:00
max3d,00347,2021-08-27,18:00:00,evening,three_digit_tiers,,,https://www.vietlott.vn/vi/trung-thuong/ket-qua-trung-thuong/max-3D?id=00347&nocatche=1,4c918f5891d58481fc786ab846a3e421604aa4211f39f26239b0fea6a66468c2,2026-08-05T20:45:22+00:00
max3d,00348,2021-08-30,18:00:00,evening,three_digit_tiers,,,https://www.vietlott.vn/vi/trung-thuong/ket-qua-trung-thuong/max-3D?id=00348&nocatche=1,b9591ced4ea7f1c11a01c6744e575c9664e0b26b5f24072f8bb8b7184374fad8,2026-08-05T20:45:20+00:00
max3d,00349,2021-09-01,18:00:00,evening,three_digit_tiers,,,https://www.vietlott.vn/vi/trung-thuong/ket-qua-trung-thuong/max-3D?id=00349&nocatche=1,b24e73d926b990ba3cb1a2fb81b0efc3510827f42955827b0751523fc81b560b,2026-08-05T20:45:18+00:00
max3d,00350,2021-09-03,18:00:00,evening,three_digit_tiers,,,https://www.vietlott.vn/vi/trung-thuong/ket-qua-trung-thuong/max-3D?id=00350&nocatche=1,9653481372082b82e42d9fb8ef6d41a7b8745957feab51ae510580dc69bcf7c4,2026-08-05T20:45:18+00:00
max3d,00351,2021-09-06,18:00:00,evening,three_digit_tiers,,,https://www.vietlott.vn/vi/trung-thuong/ket-qua-trung-thuong/max-3D?id=00351&nocatche=1,b976c3eefc3ec89cb860eb9254e3463d2fe5b847a3facdbe5019d89ad5abf562,2026-08-05T20:45:17+00:00
max3d,00352,2021-09-08,18:00:00,evening,three_digit_tiers,,,https://www.vietlott.vn/vi/trung-thuong/ket-qua-trung-thuong/max-3D?id=00352&nocatche=1,9f6f990eea61a4742f2d8f56662a1c9477522b6e07f4f58aa07f937d68fe1bc0,2026-08-05T20:45:16+00:00
max3d,00353,2021-09-10,18:00:00,evening,three_digit_tiers,,,https://www.vietlott.vn/vi/trung-thuong/ket-qua-trung-thuong/max-3D?id=00353&nocatche=1,135c0bbb67ae81771f4ae1210489308003c448e988bc959dcfce5142426e8375,2026-08-05T20:45:16+00:00
max3d,00354,2021-09-13,18:00:00,evening,three_digit_tiers,,,https://www.vietlott.vn/vi/trung-thuong/ket-qua-trung-thuong/max-3D?id=00354&nocatche=1,3e750a9a2267a18e4271bce97f7bec9b89a9479a3284aec09c446cf69cb2a3a3,2026-08-05T20:45:16+00:00
max3d,00355,2021-09-15,18:00:00,evening,three_digit_tiers,,,https://www.vietlott.vn/vi/trung-thuong/ket-qua-trung-thuong/max-3D?id=00355&nocatche=1,2a6548be385b77e44d25fe2dc5d1aef500ed5e5eb058daa310dc8049f6734310,2026-08-05T20:45:15+00:00
max3d,00356,2021-09-17,18:00:00,evening,three_digit_tiers,,,https://www.vietlott.vn/vi/trung-thuong/ket-qua-trung-thuong/max-3D?id=00356&nocatche=1,04acd5b1b303b3cf2c2c8517e377cc5d4dfba5af0d564f5ccb040a2f233dd486,2026-08-05T20:45:18+00:00
max3d,00357,2021-09-20,18:00:00,evening,three_digit_tiers,,,https://www.vietlott.vn/vi/trung-thuong/ket-qua-trung-thuong/max-3D?id=00357&nocatche=1,ab7c15672a2f4df1550512b04551bfe4dc2c6374f6a3ac7076483c8a96cd34cc,2026-08-05T20:45:18+00:00
max3d,00358,2021-09-22,18:00:00,evening,three_digit_tiers,,,https://www.vietlott.vn/vi/trung-thuong/ket-qua-trung-thuong/max-3D?id=00358&nocatche=1,e6c5d9692a7a451fbe16c292de4ad4bb0795de0f74b678f78bd1450e2b6bb287,2026-08-05T20:45:17+00:00
max3d,00359,2021-09-24,18:00:00,evening,three_digit_tiers,,,https://www.vietlott.vn/vi/trung-thuong/ket-qua-trung-thuong/max-3D?id=00359&nocatche=1,57ebc26771ea2ebc8061ed7cfffbcbd98201ed816df5aa17488893a53fcc4503,2026-08-05T20:45:17+00:00
max3d,00360,2021-09-27,18:00:00,evening,three_digit_tiers,,,https://www.vietlott.vn/vi/trung-thuong/ket-qua-trung-thuong/max-3D?id=00360&nocatche=1,8bbe520292c772c80c2a97993bee44065ba237a4b708deac6fb47430a7ca6f6a,2026-08-05T20:45:17+00:00
max3d,00361,2021-09-29,18:00:00,evening,three_digit_tiers,,,https://www.vietlott.vn/vi/trung-thuong/ket-qua-trung-thuong/max-3D?id=00361&nocatche=1,bd986918fea6e0e1d11878fffa29d52299a0768521f44c7fdea8c08a6430b772,2026-08-05T20:45:15+00:00
max3d,00362,2021-10-01,18:00:00,evening,three_digit_tiers,,,https://www.vietlott.vn/vi/trung-thuong/ket-qua-trung-thuong/max-3D?id=00362&nocatche=1,dbef8958e866279279b2baa4e3c2651ad17375e330b6a108db0f01130f3d66e2,2026-08-05T20:45:14+00:00
max3d,00363,2021-10-04,18:00:00,evening,three_digit_tiers,,,https://www.vietlott.vn/vi/trung-thuong/ket-qua-trung-thuong/max-3D?id=00363&nocatche=1,1472c81c8f5f5577f09c3f5062e2f0595f890c2c21b1eab5c2a630fd1df525b0,2026-08-05T20:45:14+00:00
max3d,00364,2021-10-06,18:00:00,evening,three_digit_tiers,,,https://www.vietlott.vn/vi/trung-thuong/ket-qua-trung-thuong/max-3D?id=00364&nocatche=1,e43c9abd85541337fbcac45a45e185932ae73ff9a8556b2d7b70b36ddccde181,2026-08-05T20:45:15+00:00
max3d,00365,2021-10-08,18:00:00,evening,three_digit_tiers,,,https://www.vietlott.vn/vi/trung-thuong/ket-qua-trung-thuong/max-3D?id=00365&nocatche=1,9d8a57a5496e75d138e86d07b9960309583a45c0ca4d4a1732b25f860aa13796,2026-08-04T20:53:48+00:00
max3d,00366,2021-10-11,18:00:00,evening,three_digit_tiers,,,https://www.vietlott.vn/vi/trung-thuong/ket-qua-trung-thuong/max-3D?id=00366&nocatche=1,d3064697675a7e11a863f522228726019e95ec7624c5e463f8ba791ef090a8e2,2026-08-04T20:53:47+00:00
max3d,00367,2021-10-13,18:00:00,evening,three_digit_tiers,,,https://www.vietlott.vn/vi/trung-thuong/ket-qua-trung-thuong/max-3D?id=00367&nocatche=1,0078d11b7c91902fc021ace22d5526d2a77030d39f0b5b27b7b7877ffc4146fe,2026-08-04T20:53:46+00:00
max3d,00368,2021-10-15,18:00:00,evening,three_digit_tiers,,,https://www.vietlott.vn/vi/trung-thuong/ket-qua-trung-thuong/max-3D?id=00368&nocatche=1,124ebbc2f26d645f3fff7a8f03d6efa2e982b628b489b1ae293f1d3e0a446e93,2026-08-04T20:53:46+00:00
max3d,00369,2021-10-18,18:00:00,evening,three_digit_tiers,,,https://www.vietlott.vn/vi/trung-thuong/ket-qua-trung-thuong/max-3D?id=00369&nocatche=1,aecd65cc686fe45043dbd7ad18b7de5dc67458e0a73e30f719be05c035ad961f,2026-08-04T20:53:46+00:00
max3d,00370,2021-10-20,18:00:00,evening,three_digit_tiers,,,https://www.vietlott.vn/vi/trung-thuong/ket-qua-trung-thuong/max-3D?id=00370&nocatche=1,f3aacf74bb6ee354af47c1e0754949252a4985640336947cb369b9c6e0ba509a,2026-08-04T20:53:46+00:00
max3d,00371,2021-10-22,18:00:00,evening,three_digit_tiers,,,https://www.vietlott.vn/vi/trung-thuong/ket-qua-trung-thuong/max-3D?id=00371&nocatche=1,a26c952c6ce33a74567b2de7fcdc511375f9a61f8418421a5b182937166f4256,2026-08-04T20:53:45+00:00
max3d,00372,2021-10-25,18:00:00,evening,three_digit_tiers,,,https://www.vietlott.vn/vi/trung-thuong/ket-qua-trung-thuong/max-3D?id=00372&nocatche=1,717bdeffc8b986a7d99d16982a0369f8c4142c8c8964dc42af516c630b0ddc70,2026-08-04T20:53:45+00:00
max3d,00373,2021-10-27,18:00:00,evening,three_digit_tiers,,,https://www.vietlott.vn/vi/trung-thuong/ket-qua-trung-thuong/max-3D?id=00373&nocatche=1,9932d1cbe9b9803fcd95c512d6bc3a506ff5672a57009171af734777765c897e,2026-08-04T20:53:45+00:00
max3d,00374,2021-10-29,18:00:00,evening,three_digit_tiers,,,https://www.vietlott.vn/vi/trung-thuong/ket-qua-trung-thuong/max-3D?id=00374&nocatche=1,191505e7f0f8a5ae75215d91420f4728f2564187ebec70be9e0b2e075f41728e,2026-08-04T20:53:45+00:00
max3d,00375,2021-11-01,18:00:00,evening,three_digit_tiers,,,https://www.vietlott.vn/vi/trung-thuong/ket-qua-trung-thuong/max-3D?id=00375&nocatche=1,14e9addef1b8a4fcb89809b66d70e32c60fe89e6fc43ba8b5407752aa307735c,2026-08-04T20:53:44+00:00
max3d,00376,2021-11-03,18:00:00,evening,three_digit_tiers,,,https://www.vietlott.vn/vi/trung-thuong/ket-qua-trung-thuong/max-3D?id=00376&nocatche=1,1ba9d5a05541b6f5632163db247fdcd9eb75cc64a3039536773016f712713338,2026-08-04T20:53:44+00:00
max3d,00377,2021-11-05,18:00:00,evening,three_digit_tiers,,,https://www.vietlott.vn/vi/trung-thuong/ket-qua-trung-thuong/max-3D?id=00377&nocatche=1,abafaf28add9711390c0a5e4afcce7ac1b23dbcdacc185278083aa7ca485d288,2026-08-04T20:53:44+00:00
max3d,00378,2021-11-08,18:00:00,evening,three_digit_tiers,,,https://www.vietlott.vn/vi/trung-thuong/ket-qua-trung-thuong/max-3D?id=00378&nocatche=1,4875359e1ecdb6c343c16cf2d7e626c80a7b6d143e632c6e13510e2642d2dfa8,2026-08-04T20:53:44+00:00
max3d,00379,2021-11-10,18:00:00,evening,three_digit_tiers,,,https://www.vietlott.vn/vi/trung-thuong/ket-qua-trung-thuong/max-3D?id=00379&nocatche=1,123152bc1a3f2f2b6bbdbabf3d3972dbcde3edee633f96ec3dd4b59c91a3df1c,2026-08-04T20:53:40+00:00
max3d,00380,2021-11-12,18:00:00,evening,three_digit_tiers,,,https://www.vietlott.vn/vi/trung-thuong/ket-qua-trung-thuong/max-3D?id=00380&nocatche=1,869ab8c50fa9c7ea1ab6adaa52a26546c7d8fd0229bfb0fb23716d26d23e44aa,2026-08-04T20:53:40+00:00
max3d,00381,2021-11-15,18:00:00,evening,three_digit_tiers,,,https://www.vietlott.vn/vi/trung-thuong/ket-qua-trung-thuong/max-3D?id=00381&nocatche=1,f12c7eaecc580f18795e29d476c8fc2bf3341578550f0410f572851af9434a4b,2026-08-04T20:53:40+00:00
max3d,00382,2021-11-17,18:00:00,evening,three_digit_tiers,,,https://www.vietlott.vn/vi/trung-thuong/ket-qua-trung-thuong/max-3D?id=00382&nocatche=1,c06a9695e8e65ea2b160f66df13f51448f9dfeb74560a372aa18ac186760a71d,2026-08-04T20:53:40+00:00
max3d,00383,2021-11-19,18:00:00,evening,three_digit_tiers,,,https://www.vietlott.vn/vi/trung-thuong/ket-qua-trung-thuong/max-3D?id=00383&nocatche=1,a3dda4e6779969858056c64fd3fb6c321bdaf611375a32e92f4e0208acc4cdcd,2026-08-04T20:53:39+00:00
max3d,00384,2021-11-22,18:00:00,evening,three_digit_tiers,,,https://www.vietlott.vn/vi/trung-thuong/ket-qua-trung-thuong/max-3D?id=00384&nocatche=1,d935af42bd07332c363d6a403bd65f47bbd85fd6abad3297e9342c1ecba73194,2026-08-04T20:53:39+00:00
max3d,00385,2021-11-24,18:00:00,evening,three_digit_tiers,,,https://www.vietlott.vn/vi/trung-thuong/ket-qua-trung-thuong/max-3D?id=00385&nocatche=1,c7aee132d15b11c222ead45209ee88f283ec6cf828553c21bc84da416f8528c7,2026-08-04T20:53:39+00:00
max3d,00386,2021-11-26,18:00:00,evening,three_digit_tiers,,,https://www.vietlott.vn/vi/trung-thuong/ket-qua-trung-thuong/max-3D?id=00386&nocatche=1,309cd85f49a60e0d17c76a9c505970021527f4f991457cf53ecdb4691f0aeb55,2026-08-04T20:53:39+00:00
max3d,00387,2021-11-29,18:00:00,evening,three_digit_tiers,,,https://www.vietlott.vn/vi/trung-thuong/ket-qua-trung-thuong/max-3D?id=00387&nocatche=1,6e3ee04d80c51ffb183191f64798c8f8ea82280838d99f2212fab4ce940b87a2,2026-08-04T20:53:38+00:00
max3d,00388,2021-12-01,18:00:00,evening,three_digit_tiers,,,https://www.vietlott.vn/vi/trung-thuong/ket-qua-trung-thuong/max-3D?id=00388&nocatche=1,035f2f3da8415ab9be12ea03f911a1b52b7609afb678fbd2088be390a3f2aba6,2026-08-04T20:53:37+00:00
max3d,00389,2021-12-03,18:00:00,evening,three_digit_tiers,,,https://www.vietlott.vn/vi/trung-thuong/ket-qua-trung-thuong/max-3D?id=00389&nocatche=1,252c4e00232e33969c0e6194722ead476492eb95780c178997a4983fde71b280,2026-08-04T20:53:37+00:00
max3d,00390,2021-12-06,18:00:00,evening,three_digit_tiers,,,https://www.vietlott.vn/vi/trung-thuong/ket-qua-trung-thuong/max-3D?id=00390&nocatche=1,92d333cd1c88b2fe782bdc7282c9f2a6d684c70e8c891da1b27b1812b1fce98f,2026-08-04T20:53:37+00:00
max3d,00391,2021-12-08,18:00:00,evening,three_digit_tiers,,,https://www.vietlott.vn/vi/trung-thuong/ket-qua-trung-thuong/max-3D?id=00391&nocatche=1,412aadc394f6257567e857628aae055cffdb5814180a6124b8e9fe1cade849ea,2026-08-04T20:53:37+00:00
max3d,00392,2021-12-10,18:00:00,evening,three_digit_tiers,,,https://www.vietlott.vn/vi/trung-thuong/ket-qua-trung-thuong/max-3D?id=00392&nocatche=1,dbe87fcdc39279530d43a9d2a3fa86f208705a141cc4af277efbe7b297c412c6,2026-08-04T20:53:36+00:00
max3d,00393,2021-12-13,18:00:00,evening,three_digit_tiers,,,https://www.vietlott.vn/vi/trung-thuong/ket-qua-trung-thuong/max-3D?id=00393&nocatche=1,fcd733a1873467141e9772bff103b03a76427cea915796af760e78d2c1ff01da,2026-08-04T20:53:36+00:00
max3d,00394,2021-12-15,18:00:00,evening,three_digit_tiers,,,https://www.vietlott.vn/vi/trung-thuong/ket-qua-trung-thuong/max-3D?id=00394&nocatche=1,66ff55c05ab0d9cbd96ee8a41ac409022eebade746868f1e630264e2bb0fa90c,2026-08-04T20:53:36+00:00
max3d,00395,2021-12-17,18:00:00,evening,three_digit_tiers,,,https://www.vietlott.vn/vi/trung-thuong/ket-qua-trung-thuong/max-3D?id=00395&nocatche=1,bfb69e05ea9a13f9ea86e27fa7808f3425a05e2522d3588568e0a924c0886757,2026-08-04T20:53:35+00:00
max3d,00396,2021-12-20,18:00:00,evening,three_digit_tiers,,,https://www.vietlott.vn/vi/trung-thuong/ket-qua-trung-thuong/max-3D?id=00396&nocatche=1,0081d964b6e0478e8f51d104a1667abaa3d042ceaaed2b92279d35ff051e315f,2026-08-04T20:53:34+00:00
max3d,00397,2021-12-22,18:00:00,evening,three_digit_tiers,,,https://www.vietlott.vn/vi/trung-thuong/ket-qua-trung-thuong/max-3D?id=00397&nocatche=1,526b2fab639603cc87d0d80b9260dee915979b8f2d7b5451884f01997b001cd8,2026-08-04T20:53:35+00:00
max3d,00398,2021-12-24,18:00:00,evening,three_digit_tiers,,,https://www.vietlott.vn/vi/trung-thuong/ket-qua-trung-thuong/max-3D?id=00398&nocatche=1,d45c838c1d931f3bc6613ddae6aba16adc88498c0ac5dff58fe838d75cbde39c,2026-08-04T20:53:34+00:00
max3d,00399,2021-12-27,18:00:00,evening,three_digit_tiers,,,https://www.vietlott.vn/vi/trung-thuong/ket-qua-trung-thuong/max-3D?id=00399&nocatche=1,21ca376accfc49e83b16e05b62e8fa646a01a4c4cd0df1d45993a386be00f211,2026-08-04T20:53:34+00:00
max3d,00400,2021-12-29,18:00:00,evening,three_digit_tiers,,,https://www.vietlott.vn/vi/trung-thuong/ket-qua-trung-thuong/max-3D?id=00400&nocatche=1,880aa79ab7b1945a86c16775dfe85ebff28ecd2efd6448ea2152cb17aeb87db3,2026-08-04T20:53:33+00:00
max3d,00401,2021-12-31,18:00:00,evening,three_digit_tiers,,,https://www.vietlott.vn/vi/trung-thuong/ket-qua-trung-thuong/max-3D?id=00401&nocatche=1,ba47ce6cc034913a0c6409d2f71c03fd42d503263471f5f3b45b686d64cf7594,2026-08-04T20:53:33+00:00
max3d,00402,2022-01-03,18:00:00,evening,three_digit_tiers,,,https://www.vietlott.vn/vi/trung-thuong/ket-qua-trung-thuong/max-3D?id=00402&nocatche=1,e1fd4ff6ba850cbacbf75a8e0b9c945a9d36d250e72f5b4158c696d9622bad96,2026-08-04T20:53:33+00:00
max3d,00403,2022-01-05,18:00:00,evening,three_digit_tiers,,,https://www.vietlott.vn/vi/trung-thuong/ket-qua-trung-thuong/max-3D?id=00403&nocatche=1,eb8301f0c8750b5c21df92eb930d20717e788945ada9d459e4dad0080e789deb,2026-08-04T20:53:29+00:00
max3d,00404,2022-01-07,18:00:00,evening,three_digit_tiers,,,https://www.vietlott.vn/vi/trung-thuong/ket-qua-trung-thuong/max-3D?id=00404&nocatche=1,ea2c54ecd1a9c7453a3c34d279df681a38dcbec0c6a759f562d47a34e019f352,2026-08-04T20:53:29+00:00
max3d,00405,2022-01-10,18:00:00,evening,three_digit_tiers,,,https://www.vietlott.vn/vi/trung-thuong/ket-qua-trung-thuong/max-3D?id=00405&nocatche=1,c0161fe8774907c922b9abb8ffdfebc1834d0fb2443af938c7a68b87c332829c,2026-08-04T20:53:29+00:00
max3d,00406,2022-01-12,18:00:00,evening,three_digit_tiers,,,https://www.vietlott.vn/vi/trung-thuong/ket-qua-trung-thuong/max-3D?id=00406&nocatche=1,a8727a1aabbd960b982e5fc26d8e52886c1aa57b29449cfee49c2b3e9d673e19,2026-08-04T20:53:28+00:00
max3d,00407,2022-01-14,18:00:00,evening,three_digit_tiers,,,https://www.vietlott.vn/vi/trung-thuong/ket-qua-trung-thuong/max-3D?id=00407&nocatche=1,fd562b23611f630efed4eb5fc0e4ea354ae6b8d1a35a9fd08602975af62a1710,2026-08-04T20:53:28+00:00
max3d,00408,2022-01-17,18:00:00,evening,three_digit_tiers,,,https://www.vietlott.vn/vi/trung-thuong/ket-qua-trung-thuong/max-3D?id=00408&nocatche=1,e8a580291b8689af96e91c259be11d2c62351d0e121d44c776942d76a98847be,2026-08-04T20:53:33+00:00
max3d,00409,2022-01-19,18:00:00,evening,three_digit_tiers,,,https://www.vietlott.vn/vi/trung-thuong/ket-qua-trung-thuong/max-3D?id=00409&nocatche=1,544f58659e280ec2f0504180f4897ab22f92ee85bce4143933e47fbcb4086c53,2026-08-04T20:53:27+00:00
max3d,00410,2022-01-21,18:00:00,evening,three_digit_tiers,,,https://www.vietlott.vn/vi/trung-thuong/ket-qua-trung-thuong/max-3D?id=00410&nocatche=1,a85c9d55247e898d84f1d32840f7db239a60e64076a3439f9fb1d4d44425b77a,2026-08-04T20:53:27+00:00
max3d,00411,2022-01-24,18:00:00,evening,three_digit_tiers,,,https://www.vietlott.vn/vi/trung-thuong/ket-qua-trung-thuong/max-3D?id=00411&nocatche=1,e1df522eba9b98b8b4c4e831d8644deccd3afc26b355804cd443bafa362a634a,2026-08-04T20:53:23+00:00
max3d,00412,2022-01-26,18:00:00,evening,three_digit_tiers,,,https://www.vietlott.vn/vi/trung-thuong/ket-qua-trung-thuong/max-3D?id=00412&nocatche=1,f2cdea273287a9c9b173755b559bbfc3a3f135871c4c0ccf52156667f97ce0ff,2026-08-04T20:53:26+00:00
max3d,00413,2022-01-28,18:00:00,evening,three_digit_tiers,,,https://www.vietlott.vn/vi/trung-thuong/ket-qua-trung-thuong/max-3D?id=00413&nocatche=1,d1a6cce3ff6d5a43c6f3fdfd6bc43b284dd617c8c089ef98db55ebd883f49f35,2026-08-04T20:53:22+00:00
max3d,00414,2022-02-02,18:00:00,evening,three_digit_tiers,,,https://www.vietlott.vn/vi/trung-thuong/ket-qua-trung-thuong/max-3D?id=00414&nocatche=1,7ee2e7e13fae18fdb477307bf5d5454040654dd53d2621cae63dccbeffd32b6f,2026-08-04T20:53:21+00:00
max3d,00415,2022-02-04,18:00:00,evening,three_digit_tiers,,,https://www.vietlott.vn/vi/trung-thuong/ket-qua-trung-thuong/max-3D?id=00415&nocatche=1,5d66ba89d76e67da96e82e5e6050562180a81ab386990182b516f6f6b7a7e430,2026-08-04T20:53:26+00:00
max3d,00416,2022-02-07,18:00:00,evening,three_digit_tiers,,,https://www.vietlott.vn/vi/trung-thuong/ket-qua-trung-thuong/max-3D?id=00416&nocatche=1,7aff84d81c0a4be60829b0f0fcb3198371aa4e4154cd6f2d1b8e0aec1a49e075,2026-08-04T20:53:20+00:00
max3d,00417,2022-02-09,18:00:00,evening,three_digit_tiers,,,https://www.vietlott.vn/vi/trung-thuong/ket-qua-trung-thuong/max-3D?id=00417&nocatche=1,fd0057c735ce34079f92b651ba096ddb156aba8415c63b688f9bb944496c0c70,2026-08-04T20:53:20+00:00
max3d,00418,2022-02-11,18:00:00,evening,three_digit_tiers,,,https://www.vietlott.vn/vi/trung-thuong/ket-qua-trung-thuong/max-3D?id=00418&nocatche=1,1efd94c9e65a686bac702bb2201d856c8dd08797d12332c6a4d68e629c314560,2026-08-04T20:53:27+00:00
max3d,00419,2022-02-14,18:00:00,evening,three_digit_tiers,,,https://www.vietlott.vn/vi/trung-thuong/ket-qua-trung-thuong/max-3D?id=00419&nocatche=1,1676704e022ea41fab1427268d00e3445eb30aff3eaece2c14d05061a73d34a6,2026-08-04T20:53:20+00:00
max3d,00420,2022-02-16,18:00:00,evening,three_digit_tiers,,,https://www.vietlott.vn/vi/trung-thuong/ket-qua-trung-thuong/max-3D?id=00420&nocatche=1,b422cd68023918a628834aa783e09dc7197f2ba4711a6e413ccddbd66e326bd8,2026-08-04T20:53:19+00:00
max3d,00421,2022-02-18,18:00:00,evening,three_digit_tiers,,,https://www.vietlott.vn/vi/trung-thuong/ket-qua-trung-thuong/max-3D?id=00421&nocatche=1,abc33bbdae13641648e396570d956d7c91c02f4f4f58d8955aaec96a2574c080,2026-08-04T20:53:19+00:00
max3d,00422,2022-02-21,18:00:00,evening,three_digit_tiers,,,https://www.vietlott.vn/vi/trung-thuong/ket-qua-trung-thuong/max-3D?id=00422&nocatche=1,4beed94477b7d87874ec5f73644888d4b337aee1ad579cc782ad47e19660f67d,2026-08-04T20:53:19+00:00
max3d,00423,2022-02-23,18:00:00,evening,three_digit_tiers,,,https://www.vietlott.vn/vi/trung-thuong/ket-qua-trung-thuong/max-3D?id=00423&nocatche=1,4bea921f678a489217c498c0f28819d665cc513b867b19d3a298f0c90b8a803b,2026-08-04T20:53:18+00:00
max3d,00424,2022-02-25,18:00:00,evening,three_digit_tiers,,,https://www.vietlott.vn/vi/trung-thuong/ket-qua-trung-thuong/max-3D?id=00424&nocatche=1,0e547db6ef8a57261e35476e5702d654b9e61fc5ba3305dec583de31e5ff72c0,2026-08-04T20:53:18+00:00
max3d,00425,2022-02-28,18:00:00,evening,three_digit_tiers,,,https://www.vietlott.vn/vi/trung-thuong/ket-qua-trung-thuong/max-3D?id=00425&nocatche=1,5bc401663f63a674191e874a26a4a19cdc1b2e12e4636dc32b36a709842594f1,2026-08-04T20:53:18+00:00
max3d,00426,2022-03-02,18:00:00,evening,three_digit_tiers,,,https://www.vietlott.vn/vi/trung-thuong/ket-qua-trung-thuong/max-3D?id=00426&nocatche=1,4a2d93593f4441645b494b34b69b26772981a3140a043864ae1e235b5368e0e1,2026-08-04T20:53:18+00:00
max3d,00427,2022-03-04,18:00:00,evening,three_digit_tiers,,,https://www.vietlott.vn/vi/trung-thuong/ket-qua-trung-thuong/max-3D?id=00427&nocatche=1,9f5c8c898348e12a17a99799eff362968355a3db83596af930265ede7d4ae4f1,2026-08-04T20:53:17+00:00
max3d,00428,2022-03-07,18:00:00,evening,three_digit_tiers,,,https://www.vietlott.vn/vi/trung-thuong/ket-qua-trung-thuong/max-3D?id=00428&nocatche=1,4a6643f5898db80377d13e3eb19966581df03debdc05ecd691a833019cdefca0,2026-08-04T20:53:16+00:00
max3d,00429,2022-03-09,18:00:00,evening,three_digit_tiers,,,https://www.vietlott.vn/vi/trung-thuong/ket-qua-trung-thuong/max-3D?id=00429&nocatche=1,b76f7c329d2a86e547b95c2fb1a122628c739d935a0ecbc096be4559cddcd37c,2026-08-04T20:53:16+00:00
max3d,00430,2022-03-11,18:00:00,evening,three_digit_tiers,,,https://www.vietlott.vn/vi/trung-thuong/ket-qua-trung-thuong/max-3D?id=00430&nocatche=1,20bd0630d0bf8e34340e1c0f1ff205799358c78b2a2a97e7c2118213315af1e0,2026-08-04T20:53:16+00:00
max3d,00431,2022-03-14,18:00:00,evening,three_digit_tiers,,,https://www.vietlott.vn/vi/trung-thuong/ket-qua-trung-thuong/max-3D?id=00431&nocatche=1,d8e7b0e27b76f472cfa0859dd3a15baec26f9934db870b78fb28da7126b8a5d1,2026-08-04T20:53:13+00:00
max3d,00432,2022-03-16,18:00:00,evening,three_digit_tiers,,,https://www.vietlott.vn/vi/trung-thuong/ket-qua-trung-thuong/max-3D?id=00432&nocatche=1,797a53337faf5cb4d9804da2684739be5e319d4f5d00f6fa9319607752237541,2026-08-04T20:53:13+00:00
max3d,00433,2022-03-18,18:00:00,evening,three_digit_tiers,,,https://www.vietlott.vn/vi/trung-thuong/ket-qua-trung-thuong/max-3D?id=00433&nocatche=1,683cf6aac5eeba0965ffcc58bbaa4b5fb6bce076acfc5fd752bebcbcffa025e6,2026-08-04T20:53:12+00:00
max3d,00434,2022-03-21,18:00:00,evening,three_digit_tiers,,,https://www.vietlott.vn/vi/trung-thuong/ket-qua-trung-thuong/max-3D?id=00434&nocatche=1,70af2cda52d402c1985bfb2219c75656b020699bf0c1ab9b783ff43f7bfb7fc0,2026-08-04T20:53:12+00:00
max3d,00435,2022-03-23,18:00:00,evening,three_digit_tiers,,,https://www.vietlott.vn/vi/trung-thuong/ket-qua-trung-thuong/max-3D?id=00435&nocatche=1,8ca28c79417f4e86497b0e288f3eec116f9fda234d3c6de0ec08107ee517c285,2026-08-04T20:53:15+00:00
max3d,00436,2022-03-25,18:00:00,evening,three_digit_tiers,,,https://www.vietlott.vn/vi/trung-thuong/ket-qua-trung-thuong/max-3D?id=00436&nocatche=1,6bb8beb8782274a8680868b270c08383ac70160281b7da05192586aa8454b242,2026-08-04T20:53:15+00:00
max3d,00437,2022-03-28,18:00:00,evening,three_digit_tiers,,,https://www.vietlott.vn/vi/trung-thuong/ket-qua-trung-thuong/max-3D?id=00437&nocatche=1,bf93767b97d6154d98f699afe92340a104e8c9c755b76a66086253f93e17d28f,2026-08-04T20:53:16+00:00
max3d,00438,2022-03-30,18:00:00,evening,three_digit_tiers,,,https://www.vietlott.vn/vi/trung-thuong/ket-qua-trung-thuong/max-3D?id=00438&nocatche=1,6d464f5c2211f193621d3eca4302857326f5ec83a1e16dea3dcad646adad8654,2026-08-04T20:53:14+00:00
max3d,00439,2022-04-01,18:00:00,evening,three_digit_tiers,,,https://www.vietlott.vn/vi/trung-thuong/ket-qua-trung-thuong/max-3D?id=00439&nocatche=1,927c96f609276c69293119efb47a1ade8a399436f1f2ef76a43ce442cb25293a,2026-08-04T20:53:14+00:00
max3d,00440,2022-04-04,18:00:00,evening,three_digit_tiers,,,https://www.vietlott.vn/vi/trung-thuong/ket-qua-trung-thuong/max-3D?id=00440&nocatche=1,9fe68ee3631de1db9b04ac8f6e36800cdc5b7327f4339a31e11065cb50cdec84,2026-08-04T20:53:12+00:00
max3d,00441,2022-04-06,18:00:00,evening,three_digit_tiers,,,https://www.vietlott.vn/vi/trung-thuong/ket-qua-trung-thuong/max-3D?id=00441&nocatche=1,a37341922b7d1af30b75b70cc0b96e214070ead286735839a73583e1dfd1d0a0,2026-08-04T20:53:12+00:00
max3d,00442,2022-04-08,18:00:00,evening,three_digit_tiers,,,https://www.vietlott.vn/vi/trung-thuong/ket-qua-trung-thuong/max-3D?id=00442&nocatche=1,76d95a8967f864620e3622ee68c62efc646253c951a1a1f6d2a66af127c1b747,2026-08-04T20:53:11+00:00
max3d,00443,2022-04-11,18:00:00,evening,three_digit_tiers,,,https://www.vietlott.vn/vi/trung-thuong/ket-qua-trung-thuong/max-3D?id=00443&nocatche=1,d84df1bc81ddcdfbaf7d1a8525c3ff8b37d25add022e9f39662a4247d7a807d4,2026-08-04T20:53:11+00:00
max3d,00444,2022-04-13,18:00:00,evening,three_digit_tiers,,,https://www.vietlott.vn/vi/trung-thuong/ket-qua-trung-thuong/max-3D?id=00444&nocatche=1,6f9f182900a16b058ea0c3f4201bcc7c59da6a76f4a8b652125fbba67a9a6ddd,2026-08-04T20:53:11+00:00
max3d,00445,2022-04-15,18:00:00,evening,three_digit_tiers,,,https://www.vietlott.vn/vi/trung-thuong/ket-qua-trung-thuong/max-3D?id=00445&nocatche=1,9b26234722bc3d621de4c8b04a9a5e4e102bcb2efb48dddc7a2686a896af60a5,2026-08-04T20:53:10+00:00
max3d,00446,2022-04-18,18:00:00,evening,three_digit_tiers,,,https://www.vietlott.vn/vi/trung-thuong/ket-qua-trung-thuong/max-3D?id=00446&nocatche=1,37c0135fa6c3c649c55b7f595e05d2735686fa33c30c4552c294595b25bcb7a4,2026-08-04T20:53:09+00:00
max3d,00447,2022-04-20,18:00:00,evening,three_digit_tiers,,,https://www.vietlott.vn/vi/trung-thuong/ket-qua-trung-thuong/max-3D?id=00447&nocatche=1,a8a094a84ffe22bcd6820efc64260999c9d536f4991a752f4d552ec7060f2f0a,2026-08-04T20:53:10+00:00
max3d,00448,2022-04-22,18:00:00,evening,three_digit_tiers,,,https://www.vietlott.vn/vi/trung-thuong/ket-qua-trung-thuong/max-3D?id=00448&nocatche=1,3bae0f6421ba70ae5274796b72633c7e4a62045ccdbf20f6f622272378d827c1,2026-08-04T20:53:09+00:00
max3d,00449,2022-04-25,18:00:00,evening,three_digit_tiers,,,https://www.vietlott.vn/vi/trung-thuong/ket-qua-trung-thuong/max-3D?id=00449&nocatche=1,d93e1b41be731cca35ac7e41e9b418b6096493d616ada11ff8873df0ac80ca9f,2026-08-04T20:53:09+00:00
max3d,00450,2022-04-27,18:00:00,evening,three_digit_tiers,,,https://www.vietlott.vn/vi/trung-thuong/ket-qua-trung-thuong/max-3D?id=00450&nocatche=1,af14199f1ce9025f7424ad1cc1725d4362455d699688f298f3ac167c7583fbfe,2026-08-04T20:53:08+00:00
max3d,00451,2022-04-29,18:00:00,evening,three_digit_tiers,,,https://www.vietlott.vn/vi/trung-thuong/ket-qua-trung-thuong/max-3D?id=00451&nocatche=1,631fac7a285e0a7b7cae37b062fea85ab06d2260371d05568daccdc201863904,2026-08-04T20:53:08+00:00
max3d,00452,2022-05-02,18:00:00,evening,three_digit_tiers,,,https://www.vietlott.vn/vi/trung-thuong/ket-qua-trung-thuong/max-3D?id=00452&nocatche=1,2f4e6f0e9786e4f6e4f0572d5204af552c1a99295327bdca61dfb0c89298b996,2026-08-04T20:53:08+00:00
max3d,00453,2022-05-04,18:00:00,evening,three_digit_tiers,,,https://www.vietlott.vn/vi/trung-thuong/ket-qua-trung-thuong/max-3D?id=00453&nocatche=1,414c43c00dd97781472d34fdcdfd9ea93be05efab9e72d6b9288fc76f5ec58a2,2026-08-04T20:53:08+00:00
max3d,00454,2022-05-06,18:00:00,evening,three_digit_tiers,,,https://www.vietlott.vn/vi/trung-thuong/ket-qua-trung-thuong/max-3D?id=00454&nocatche=1,e3383b40a3600b4623c4c9549845ff33dfe20959c6738fd0d9dd84770a301ba9,2026-08-04T20:53:07+00:00
max3d,00455,2022-05-09,18:00:00,evening,three_digit_tiers,,,https://www.vietlott.vn/vi/trung-thuong/ket-qua-trung-thuong/max-3D?id=00455&nocatche=1,e74c3bba62433ed40e39c6729e362aa54472ec0834e60c85acf9127e422db95a,2026-08-04T20:53:07+00:00
max3d,00456,2022-05-11,18:00:00,evening,three_digit_tiers,,,https://www.vietlott.vn/vi/trung-thuong/ket-qua-trung-thuong/max-3D?id=00456&nocatche=1,5562a97413a37336431d565abe2886b3aee3e3f1beef96574934913534fc405b,2026-08-04T20:53:07+00:00
max3d,00457,2022-05-13,18:00:00,evening,three_digit_tiers,,,https://www.vietlott.vn/vi/trung-thuong/ket-qua-trung-thuong/max-3D?id=00457&nocatche=1,c0edb4be76db736c63b02c7114bef3c127c3e0a4471e6282d6dbef20ad937c34,2026-08-04T20:53:07+00:00
max3d,00458,2022-05-16,18:00:00,evening,three_digit_tiers,,,https://www.vietlott.vn/vi/trung-thuong/ket-qua-trung-thuong/max-3D?id=00458&nocatche=1,ae2f31df3cf7aebca044c37b3c0d63ef126ed7c51f42d25ff28761ebd37c221a,2026-08-04T20:53:06+00:00
max3d,00459,2022-05-18,18:00:00,evening,three_digit_tiers,,,https://www.vietlott.vn/vi/trung-thuong/ket-qua-trung-thuong/max-3D?id=00459&nocatche=1,9eca7ab36fd8727fbe3d296cd6ed3d492bf9f725a2f12dffe8620ab9088ba29a,2026-08-04T20:53:06+00:00
max3d,00460,2022-05-20,18:00:00,evening,three_digit_tiers,,,https://www.vietlott.vn/vi/trung-thuong/ket-qua-trung-thuong/max-3D?id=00460&nocatche=1,58d02ddf21278f7f78183179754cb521b858d4ed01828ef0923b1de124491e7e,2026-08-04T20:53:06+00:00
max3d,00461,2022-05-23,18:00:00,evening,three_digit_tiers,,,https://www.vietlott.vn/vi/trung-thuong/ket-qua-trung-thuong/max-3D?id=00461&nocatche=1,0df0a235fa1b405459567070d5a27d44b42e42014c487de3baa1e9b921556979,2026-08-04T20:53:05+00:00
max3d,00462,2022-05-25,18:00:00,evening,three_digit_tiers,,,https://www.vietlott.vn/vi/trung-thuong/ket-qua-trung-thuong/max-3D?id=00462&nocatche=1,f1051d5fe1b272082e8653b7935b4d5349ac1728dfae5d4df4a45db824da4a71,2026-08-04T20:53:05+00:00
max3d,00463,2022-05-27,18:00:00,evening,three_digit_tiers,,,https://www.vietlott.vn/vi/trung-thuong/ket-qua-trung-thuong/max-3D?id=00463&nocatche=1,fc0a8ee6227ed8571d0f88f57cc381a13807902ef6a101c9f34d7f8bf989df8a,2026-08-04T20:53:05+00:00
max3d,00464,2022-05-30,18:00:00,evening,three_digit_tiers,,,https://www.vietlott.vn/vi/trung-thuong/ket-qua-trung-thuong/max-3D?id=00464&nocatche=1,1b41ad66cf33691c3cb3ce80241283ffe8f71ec27b8c3d4c6d897171851db40e,2026-08-04T20:53:04+00:00
max3d,00465,2022-06-01,18:00:00,evening,three_digit_tiers,,,https://www.vietlott.vn/vi/trung-thuong/ket-qua-trung-thuong/max-3D?id=00465&nocatche=1,1cbfc16dc459318094ce8f17910aab5f80ad541c25fce9439fa859630b260423,2026-08-04T20:53:04+00:00
max3d,00466,2022-06-03,18:00:00,evening,three_digit_tiers,,,https://www.vietlott.vn/vi/trung-thuong/ket-qua-trung-thuong/max-3D?id=00466&nocatche=1,48442878bf00ca426e90a9e599e33b6c0c712e30de72ebeda56ba35b28f4d8b5,2026-08-04T20:53:04+00:00
max3d,00467,2022-06-06,18:00:00,evening,three_digit_tiers,,,https://www.vietlott.vn/vi/trung-thuong/ket-qua-trung-thuong/max-3D?id=00467&nocatche=1,b15ae6ad72c31e0bd29f9924f83df7a74fb388a43e71e46731cb459eb71d2721,2026-08-04T20:53:03+00:00
max3d,00468,2022-06-08,18:00:00,evening,three_digit_tiers,,,https://www.vietlott.vn/vi/trung-thuong/ket-qua-trung-thuong/max-3D?id=00468&nocatche=1,84e900837795ba3b08c1ac2c2f173cfcf283a5b9d40a90970dbd72008278dd2b,2026-08-04T20:53:03+00:00
max3d,00469,2022-06-10,18:00:00,evening,three_digit_tiers,,,https://www.vietlott.vn/vi/trung-thuong/ket-qua-trung-thuong/max-3D?id=00469&nocatche=1,2ccf6224eae42c099eb935f9d9179aa223bc6f31aaeb0acfa41347d7b2e092d4,2026-08-04T20:53:03+00:00
max3d,00470,2022-06-13,18:00:00,evening,three_digit_tiers,,,https://www.vietlott.vn/vi/trung-thuong/ket-qua-trung-thuong/max-3D?id=00470&nocatche=1,a6a4d507488996e006a6969a130a74f4e352f1adb57766bbe3291acfadf8accd,2026-08-04T20:53:03+00:00
max3d,00471,2022-06-15,18:00:00,evening,three_digit_tiers,,,https://www.vietlott.vn/vi/trung-thuong/ket-qua-trung-thuong/max-3D?id=00471&nocatche=1,0df27eff747efdf83afdc0d48bed6021c47ed437497efd4811c5540d35b8788f,2026-08-04T20:53:02+00:00
max3d,00472,2022-06-17,18:00:00,evening,three_digit_tiers,,,https://www.vietlott.vn/vi/trung-thuong/ket-qua-trung-thuong/max-3D?id=00472&nocatche=1,ea393be24bed44783e279edadb79e5fc8a8d54bcd1915316a6c1cf10f2cd02c5,2026-08-04T20:53:02+00:00
max3d,00473,2022-06-20,18:00:00,evening,three_digit_tiers,,,https://www.vietlott.vn/vi/trung-thuong/ket-qua-trung-thuong/max-3D?id=00473&nocatche=1,30f26c65f40450da724f55df7149cbd1f687d5a58bed646d66aa1e945fd81431,2026-08-04T20:53:01+00:00
max3d,00474,2022-06-22,18:00:00,evening,three_digit_tiers,,,https://www.vietlott.vn/vi/trung-thuong/ket-qua-trung-thuong/max-3D?id=00474&nocatche=1,68a03f2358618e5248bc5fbc8d8d025acab7f879efcdc8313bbd6840c26d1198,2026-08-04T20:53:01+00:00
max3d,00475,2022-06-24,18:00:00,evening,three_digit_tiers,,,https://www.vietlott.vn/vi/trung-thuong/ket-qua-trung-thuong/max-3D?id=00475&nocatche=1,dfe95c47241af5c37d1dcf00815c251d1a524a0665a07f128e4d03c4ebf43967,2026-08-04T20:53:00+00:00
max3d,00476,2022-06-27,18:00:00,evening,three_digit_tiers,,,https://www.vietlott.vn/vi/trung-thuong/ket-qua-trung-thuong/max-3D?id=00476&nocatche=1,58ce34b1246ef6980df7c2b944e4a2bc59f7db822a7c5cc0520dde572fcc418c,2026-08-04T20:52:59+00:00
max3d,00477,2022-06-29,18:00:00,evening,three_digit_tiers,,,https://www.vietlott.vn/vi/trung-thuong/ket-qua-trung-thuong/max-3D?id=00477&nocatche=1,378840676802f2d96018fff4e90f8c825c9e493e42ecd19f3ef9c24a9e2901c8,2026-08-04T20:52:59+00:00
max3d,00478,2022-07-01,18:00:00,evening,three_digit_tiers,,,https://www.vietlott.vn/vi/trung-thuong/ket-qua-trung-thuong/max-3D?id=00478&nocatche=1,3c5425fbbfc199a5544a0582676053706de1cf1e075553adbac4737121647bfd,2026-08-04T20:52:59+00:00
max3d,00479,2022-07-04,18:00:00,evening,three_digit_tiers,,,https://www.vietlott.vn/vi/trung-thuong/ket-qua-trung-thuong/max-3D?id=00479&nocatche=1,ab5f6d8eaf7575c20c5dcdd33a16041a97d85fbf346f89706e683ca076c8793c,2026-08-04T20:52:59+00:00
max3d,00480,2022-07-06,18:00:00,evening,three_digit_tiers,,,https://www.vietlott.vn/vi/trung-thuong/ket-qua-trung-thuong/max-3D?id=00480&nocatche=1,10fb890ab2cea1b87e79e6e2d5ba734abc5046f94b2f6ec1159bdc2fb5ed327b,2026-08-04T20:53:01+00:00
max3d,00481,2022-07-08,18:00:00,evening,three_digit_tiers,,,https://www.vietlott.vn/vi/trung-thuong/ket-qua-trung-thuong/max-3D?id=00481&nocatche=1,15a86392a76913d578a87475fc52ee6ea8e5e6ffc999b1994eaca1a81c1e3db8,2026-08-04T20:53:01+00:00
max3d,00482,2022-07-11,18:00:00,evening,three_digit_tiers,,,https://www.vietlott.vn/vi/trung-thuong/ket-qua-trung-thuong/max-3D?id=00482&nocatche=1,ea8715c4085ea4fe23fd14c5e9f59c852a2962ef1a9571fc14872dad1e754d96,2026-08-04T20:53:00+00:00
max3d,00483,2022-07-13,18:00:00,evening,three_digit_tiers,,,https://www.vietlott.vn/vi/trung-thuong/ket-qua-trung-thuong/max-3D?id=00483&nocatche=1,e0189ea2c5e6a351c14b578a289735961427b161d80d527965c4f62900c69b7a,2026-08-04T20:53:00+00:00
max3d,00484,2022-07-15,18:00:00,evening,three_digit_tiers,,,https://www.vietlott.vn/vi/trung-thuong/ket-qua-trung-thuong/max-3D?id=00484&nocatche=1,6c70c02ae791fc52018c48f1670d73d6a61457aef22f60774dfed068aa1264a4,2026-08-04T20:53:00+00:00
max3d,00485,2022-07-18,18:00:00,evening,three_digit_tiers,,,https://www.vietlott.vn/vi/trung-thuong/ket-qua-trung-thuong/max-3D?id=00485&nocatche=1,a26a892f017b4eb52e7a7497e78cfdb639cfa7b60b197710c82fb4717f7c3bc6,2026-08-04T20:52:58+00:00
max3d,00486,2022-07-20,18:00:00,evening,three_digit_tiers,,,https://www.vietlott.vn/vi/trung-thuong/ket-qua-trung-thuong/max-3D?id=00486&nocatche=1,cc7c1f0fd18babf8b2cb0c297b87b6ff5d6a8226c5c560863dbd5542c44b4337,2026-08-04T20:52:57+00:00
max3d,00487,2022-07-22,18:00:00,evening,three_digit_tiers,,,https://www.vietlott.vn/vi/trung-thuong/ket-qua-trung-thuong/max-3D?id=00487&nocatche=1,b9108a7a6761793e1695cf3f8e3e79ee027dc42694a238a544404456b3475908,2026-08-04T20:52:58+00:00
max3d,00488,2022-07-25,18:00:00,evening,three_digit_tiers,,,https://www.vietlott.vn/vi/trung-thuong/ket-qua-trung-thuong/max-3D?id=00488&nocatche=1,b3248823477ce020e9e48bfc2c162fd7caf87fefdfbc3b9c96d131d7d2762cf4,2026-08-04T20:52:56+00:00
max3d,00489,2022-07-27,18:00:00,evening,three_digit_tiers,,,https://www.vietlott.vn/vi/trung-thuong/ket-qua-trung-thuong/max-3D?id=00489&nocatche=1,d95f35cc8c132e3db63ffed6c7920b84c8f18eea6e57e91699cb5d831d86d8f1,2026-08-04T20:52:56+00:00
max3d,00490,2022-07-29,18:00:00,evening,three_digit_tiers,,,https://www.vietlott.vn/vi/trung-thuong/ket-qua-trung-thuong/max-3D?id=00490&nocatche=1,52cbcf8b72a8c1e084c5cb3869c2db959ac054cac8b371df9e3a129cb963d720,2026-08-04T20:52:52+00:00
max3d,00491,2022-08-01,18:00:00,evening,three_digit_tiers,,,https://www.vietlott.vn/vi/trung-thuong/ket-qua-trung-thuong/max-3D?id=00491&nocatche=1,4c9abaa1087c53e9ba0b90735cc126b49948775d715acea8b819f12b6b73e6c4,2026-08-04T20:52:52+00:00
max3d,00492,2022-08-03,18:00:00,evening,three_digit_tiers,,,https://www.vietlott.vn/vi/trung-thuong/ket-qua-trung-thuong/max-3D?id=00492&nocatche=1,f090190b999e1f40204d5bc43083eedfde908812db28dd6ac022b1cf890ea096,2026-08-04T20:52:51+00:00
max3d,00493,2022-08-05,18:00:00,evening,three_digit_tiers,,,https://www.vietlott.vn/vi/trung-thuong/ket-qua-trung-thuong/max-3D?id=00493&nocatche=1,eb14187be44a6444377d412d56c01009d1eb15124203fbdc81ff8a11dab50ca2,2026-08-04T20:52:50+00:00
max3d,00494,2022-08-08,18:00:00,evening,three_digit_tiers,,,https://www.vietlott.vn/vi/trung-thuong/ket-qua-trung-thuong/max-3D?id=00494&nocatche=1,25d3cfc453181f277ebadccc9857bd8114fdd8ff1a8f36b3671ffd567918debf,2026-08-04T20:52:50+00:00
max3d,00495,2022-08-10,18:00:00,evening,three_digit_tiers,,,https://www.vietlott.vn/vi/trung-thuong/ket-qua-trung-thuong/max-3D?id=00495&nocatche=1,b195a53f697f64e615725bd2924f600e23947ec1364da5d61f5286845c80b6db,2026-08-04T20:52:58+00:00
max3d,00496,2022-08-12,18:00:00,evening,three_digit_tiers,,,https://www.vietlott.vn/vi/trung-thuong/ket-qua-trung-thuong/max-3D?id=00496&nocatche=1,ed828f7932622cc42908c15e6df707e0e96beedca9d92acee4e243f327956920,2026-08-04T20:52:49+00:00
max3d,00497,2022-08-15,18:00:00,evening,three_digit_tiers,,,https://www.vietlott.vn/vi/trung-thuong/ket-qua-trung-thuong/max-3D?id=00497&nocatche=1,cc85a2dccddad95dc2aa03d351330ef964736e351ec450a600bd6360ea8eae9f,2026-08-04T20:52:49+00:00
max3d,00498,2022-08-17,18:00:00,evening,three_digit_tiers,,,https://www.vietlott.vn/vi/trung-thuong/ket-qua-trung-thuong/max-3D?id=00498&nocatche=1,d2d3271508ef13396ca34bebf80251e0b7393cc5b7d97448082c397cdb02c30e,2026-08-04T20:52:49+00:00
max3d,00499,2022-08-19,18:00:00,evening,three_digit_tiers,,,https://www.vietlott.vn/vi/trung-thuong/ket-qua-trung-thuong/max-3D?id=00499&nocatche=1,baa7bd7ae322c02bb9867b7582b13555b5ec66e036afad48437cf6a8e6edc5de,2026-08-04T20:52:49+00:00
max3d,00500,2022-08-22,18:00:00,evening,three_digit_tiers,,,https://www.vietlott.vn/vi/trung-thuong/ket-qua-trung-thuong/max-3D?id=00500&nocatche=1,0e78bbdb5c97f54281644784960015cbc49a9d6c5b000792f499b693ec384c2f,2026-08-04T20:52:48+00:00
max3d,00501,2022-08-24,18:00:00,evening,three_digit_tiers,,,https://www.vietlott.vn/vi/trung-thuong/ket-qua-trung-thuong/max-3D?id=00501&nocatche=1,46b2516a1b3d0df02a8df20501b325da557737fa9dce4c719dc1c6b8e4f72026,2026-08-04T20:52:47+00:00
max3d,00502,2022-08-26,18:00:00,evening,three_digit_tiers,,,https://www.vietlott.vn/vi/trung-thuong/ket-qua-trung-thuong/max-3D?id=00502&nocatche=1,6455734b2e93653464d2dc74dd974cc8f7a42bfb6dc1e4f1c9f90ed4f5cd2b21,2026-08-04T20:52:47+00:00
max3d,00503,2022-08-29,18:00:00,evening,three_digit_tiers,,,https://www.vietlott.vn/vi/trung-thuong/ket-qua-trung-thuong/max-3D?id=00503&nocatche=1,751adafa13fd10444371db33b0d79463fa2d6b67e3016da1ecb1d33de9c78743,2026-08-04T20:52:47+00:00
max3d,00504,2022-08-31,18:00:00,evening,three_digit_tiers,,,https://www.vietlott.vn/vi/trung-thuong/ket-qua-trung-thuong/max-3D?id=00504&nocatche=1,f49d0acad57c8cace7013a8f930abc39dc315abde1138d27fde9214f7adfd1b5,2026-08-04T20:52:47+00:00
max3d,00505,2022-09-02,18:00:00,evening,three_digit_tiers,,,https://www.vietlott.vn/vi/trung-thuong/ket-qua-trung-thuong/max-3D?id=00505&nocatche=1,6d85954a7ce450faf2f0290fbf3184f2950ff2557abbd6f2ae7e1cba2bb1566d,2026-08-04T20:52:46+00:00
max3d,00506,2022-09-05,18:00:00,evening,three_digit_tiers,,,https://www.vietlott.vn/vi/trung-thuong/ket-qua-trung-thuong/max-3D?id=00506&nocatche=1,8c440ecc41efb99694628fda09beb694a288e04cf1f25e8c41863098212544e9,2026-08-04T20:52:46+00:00
max3d,00507,2022-09-07,18:00:00,evening,three_digit_tiers,,,https://www.vietlott.vn/vi/trung-thuong/ket-qua-trung-thuong/max-3D?id=00507&nocatche=1,b5508d425ab423fd8a0dfef11672287ce430392f6996c571f4db109d94db13cc,2026-08-04T20:52:46+00:00
max3d,00508,2022-09-09,18:00:00,evening,three_digit_tiers,,,https://www.vietlott.vn/vi/trung-thuong/ket-qua-trung-thuong/max-3D?id=00508&nocatche=1,cf13ea76ed42984854ab071e20d4db7e2d9126675d0d42851b4e31ccb9f63e1d,2026-08-04T20:52:46+00:00
max3d,00509,2022-09-12,18:00:00,evening,three_digit_tiers,,,https://www.vietlott.vn/vi/trung-thuong/ket-qua-trung-thuong/max-3D?id=00509&nocatche=1,ed6968e2e5515fb6312551dadb8ed5d08950d3fab54edaa6c02293b5a789f96d,2026-08-04T20:52:45+00:00
max3d,00510,2022-09-14,18:00:00,evening,three_digit_tiers,,,https://www.vietlott.vn/vi/trung-thuong/ket-qua-trung-thuong/max-3D?id=00510&nocatche=1,d251393a0d5d4f1be57d129f06bf59d991841692ad24a456b005019b2d3c3b6c,2026-08-04T20:52:44+00:00
max3d,00511,2022-09-16,18:00:00,evening,three_digit_tiers,,,https://www.vietlott.vn/vi/trung-thuong/ket-qua-trung-thuong/max-3D?id=00511&nocatche=1,6d7b19d909dd6484d8dc37481476e0826b3b05c8fd52037ccf0828e7b2ee96b8,2026-08-04T20:52:44+00:00
max3d,00512,2022-09-19,18:00:00,evening,three_digit_tiers,,,https://www.vietlott.vn/vi/trung-thuong/ket-qua-trung-thuong/max-3D?id=00512&nocatche=1,8267e893f1b64478cbdcba50808b0598210a2c044fc3beea0d531c5631197b72,2026-08-04T20:52:44+00:00
max3d,00513,2022-09-21,18:00:00,evening,three_digit_tiers,,,https://www.vietlott.vn/vi/trung-thuong/ket-qua-trung-thuong/max-3D?id=00513&nocatche=1,14883df8e17a276ef2f51c980d9a12c576135eedfe07485c58520e43d8fc232a,2026-08-04T20:52:44+00:00
max3d,00514,2022-09-23,18:00:00,evening,three_digit_tiers,,,https://www.vietlott.vn/vi/trung-thuong/ket-qua-trung-thuong/max-3D?id=00514&nocatche=1,249ae8e5657705b8cb47466ea31c9ebf5f8700a9a8ac3021aa0a6f47aa65d481,2026-08-04T20:52:43+00:00
max3d,00515,2022-09-26,18:00:00,evening,three_digit_tiers,,,https://www.vietlott.vn/vi/trung-thuong/ket-qua-trung-thuong/max-3D?id=00515&nocatche=1,8f83ae7508f8d164747e67aa8a16d0fd72666c0c03d60bae496161c124f545f0,2026-08-04T20:52:43+00:00
max3d,00516,2022-09-28,18:00:00,evening,three_digit_tiers,,,https://www.vietlott.vn/vi/trung-thuong/ket-qua-trung-thuong/max-3D?id=00516&nocatche=1,62453e08ffa77b4f92aeddca5401eea4b233d2656bd20ac2dce1d4421d27ed46,2026-08-04T20:52:43+00:00
max3d,00517,2022-09-30,18:00:00,evening,three_digit_tiers,,,https://www.vietlott.vn/vi/trung-thuong/ket-qua-trung-thuong/max-3D?id=00517&nocatche=1,13d6be84b0e2e0767097b82ecf96b9465a72ccfd84353d2cddd850fdd7ab5ebf,2026-08-04T20:52:43+00:00
max3d,00518,2022-10-03,18:00:00,evening,three_digit_tiers,,,https://www.vietlott.vn/vi/trung-thuong/ket-qua-trung-thuong/max-3D?id=00518&nocatche=1,760813e230733ac1d25b0b8213aa49a9e9f560138ef1a56164f708abb44dfa2a,2026-08-04T20:52:42+00:00
max3d,00519,2022-10-05,18:00:00,evening,three_digit_tiers,,,https://www.vietlott.vn/vi/trung-thuong/ket-qua-trung-thuong/max-3D?id=00519&nocatche=1,92be93182f45851ceff9264d4afac358039e75bc3a413b4190d7cd0eb5fb3307,2026-08-04T20:52:42+00:00
max3d,00520,2022-10-07,18:00:00,evening,three_digit_tiers,,,https://www.vietlott.vn/vi/trung-thuong/ket-qua-trung-thuong/max-3D?id=00520&nocatche=1,16569406f35e1d2af645e3ca291c16fe7c9cdabc85d6caf496429d2c3a71349d,2026-08-04T20:52:41+00:00
max3d,00521,2022-10-10,18:00:00,evening,three_digit_tiers,,,https://www.vietlott.vn/vi/trung-thuong/ket-qua-trung-thuong/max-3D?id=00521&nocatche=1,3b68696ed7305b09019cb2cda786e86fa8d10873747b8f5ac3d4885c85943535,2026-08-04T20:52:42+00:00
max3d,00522,2022-10-12,18:00:00,evening,three_digit_tiers,,,https://www.vietlott.vn/vi/trung-thuong/ket-qua-trung-thuong/max-3D?id=00522&nocatche=1,cc4f5f76ee8a1e38907f7410d1f310db4e746606ed371e21e3d655f77742510c,2026-08-04T20:52:41+00:00
max3d,00523,2022-10-14,18:00:00,evening,three_digit_tiers,,,https://www.vietlott.vn/vi/trung-thuong/ket-qua-trung-thuong/max-3D?id=00523&nocatche=1,ee2194d70c81f195f92ad80459691cd3db320e078a7f552710899c8208e3533d,2026-08-04T20:52:40+00:00
max3d,00524,2022-10-17,18:00:00,evening,three_digit_tiers,,,https://www.vietlott.vn/vi/trung-thuong/ket-qua-trung-thuong/max-3D?id=00524&nocatche=1,e9fcc201c7e7f6b3ef514fae0267351d19e5eb45209f470e3bb9ff58137f85d1,2026-08-04T20:52:41+00:00
max3d,00525,2022-10-19,18:00:00,evening,three_digit_tiers,,,https://www.vietlott.vn/vi/trung-thuong/ket-qua-trung-thuong/max-3D?id=00525&nocatche=1,b3112ceac121f77460898a7aec3e46a4978cbd8044d3cf2029442fb56e6b44ef,2026-08-04T20:52:40+00:00
max3d,00526,2022-10-21,18:00:00,evening,three_digit_tiers,,,https://www.vietlott.vn/vi/trung-thuong/ket-qua-trung-thuong/max-3D?id=00526&nocatche=1,24c55d8350f6a0a30409f66c062f09ea014a51cd195608dbec0f437ca8b370e0,2026-08-04T20:52:40+00:00
max3d,00527,2022-10-24,18:00:00,evening,three_digit_tiers,,,https://www.vietlott.vn/vi/trung-thuong/ket-qua-trung-thuong/max-3D?id=00527&nocatche=1,b26116e784f4c089dbdf987f4824f02d043234d788496ebb201f4d09f57718b9,2026-08-04T20:52:40+00:00
max3d,00528,2022-10-26,18:00:00,evening,three_digit_tiers,,,https://www.vietlott.vn/vi/trung-thuong/ket-qua-trung-thuong/max-3D?id=00528&nocatche=1,cd350067d063b749c3b2760ac9c4ba891c4248e8e0558b0a5cc16d5d5be6981c,2026-08-04T20:52:40+00:00
max3d,00529,2022-10-28,18:00:00,evening,three_digit_tiers,,,https://www.vietlott.vn/vi/trung-thuong/ket-qua-trung-thuong/max-3D?id=00529&nocatche=1,b1b596daef3b55667a905e8691589314afa15c15978ad4f11715206be8e61309,2026-08-04T20:52:39+00:00
max3d,00530,2022-10-31,18:00:00,evening,three_digit_tiers,,,https://www.vietlott.vn/vi/trung-thuong/ket-qua-trung-thuong/max-3D?id=00530&nocatche=1,c2cd8aa76c9969deb4f329d1bc9fe607958883447ee06bde484c361f64cad928,2026-08-04T20:52:39+00:00
max3d,00531,2022-11-02,18:00:00,evening,three_digit_tiers,,,https://www.vietlott.vn/vi/trung-thuong/ket-qua-trung-thuong/max-3D?id=00531&nocatche=1,2dabff9b499a2b08f43bb3dba9998dc031d5f7dcda94b4f6827221975cdc758f,2026-08-04T20:52:38+00:00
max3d,00532,2022-11-04,18:00:00,evening,three_digit_tiers,,,https://www.vietlott.vn/vi/trung-thuong/ket-qua-trung-thuong/max-3D?id=00532&nocatche=1,5a177e44e522759c76f158cf63911faaa5e468eba0c75845c80c68b4d2440659,2026-08-04T20:52:38+00:00
max3d,00533,2022-11-07,18:00:00,evening,three_digit_tiers,,,https://www.vietlott.vn/vi/trung-thuong/ket-qua-trung-thuong/max-3D?id=00533&nocatche=1,6d35cf35b44e9a3922f0849ceecf9244c27ed7580c9d688d55924a46dccd840f,2026-08-04T20:52:38+00:00
max3d,00534,2022-11-09,18:00:00,evening,three_digit_tiers,,,https://www.vietlott.vn/vi/trung-thuong/ket-qua-trung-thuong/max-3D?id=00534&nocatche=1,8b306fed160e5da006ecdf8b150ec1f87291a74ae559fe370627b4721dde3add,2026-08-04T20:52:38+00:00
max3d,00535,2022-11-11,18:00:00,evening,three_digit_tiers,,,https://www.vietlott.vn/vi/trung-thuong/ket-qua-trung-thuong/max-3D?id=00535&nocatche=1,60fea2e5ff9c00f1840dc9b3d2fb2039e8637466ee2696467822f8dc329070d3,2026-08-04T20:52:37+00:00
max3d,00536,2022-11-14,18:00:00,evening,three_digit_tiers,,,https://www.vietlott.vn/vi/trung-thuong/ket-qua-trung-thuong/max-3D?id=00536&nocatche=1,bcb2f869c021d6a4cc45a3d5293d095dd8d45165bbc1ae0299ca2fa545066e47,2026-08-04T20:52:37+00:00
max3d,00537,2022-11-16,18:00:00,evening,three_digit_tiers,,,https://www.vietlott.vn/vi/trung-thuong/ket-qua-trung-thuong/max-3D?id=00537&nocatche=1,56c134fb297fdefbdc5262cc02b77984973c9a23408ea7eb68bef7a61cfc3a5b,2026-08-04T20:52:37+00:00
max3d,00538,2022-11-18,18:00:00,evening,three_digit_tiers,,,https://www.vietlott.vn/vi/trung-thuong/ket-qua-trung-thuong/max-3D?id=00538&nocatche=1,a513d3ddcc4fe4e81e20a427f4ee8aa38ed5786da3b3a75f2993fc0a34b004bf,2026-08-04T20:52:37+00:00
max3d,00539,2022-11-21,18:00:00,evening,three_digit_tiers,,,https://www.vietlott.vn/vi/trung-thuong/ket-qua-trung-thuong/max-3D?id=00539&nocatche=1,ec947c9eca907b4417a6771a0cc2a6fea5e20f956031f160162a566021a1f0a3,2026-08-04T20:52:36+00:00
max3d,00540,2022-11-23,18:00:00,evening,three_digit_tiers,,,https://www.vietlott.vn/vi/trung-thuong/ket-qua-trung-thuong/max-3D?id=00540&nocatche=1,139a3df4ae80da033223a42835e1f5fad87cebb79a356c7c9b734680b1b38006,2026-08-04T20:52:35+00:00
max3d,00541,2022-11-25,18:00:00,evening,three_digit_tiers,,,https://www.vietlott.vn/vi/trung-thuong/ket-qua-trung-thuong/max-3D?id=00541&nocatche=1,da54497e21d202e1e211a94cde87aa7dce44a9f10ec64893b43c3d48ef804773,2026-08-04T20:52:34+00:00
max3d,00542,2022-11-28,18:00:00,evening,three_digit_tiers,,,https://www.vietlott.vn/vi/trung-thuong/ket-qua-trung-thuong/max-3D?id=00542&nocatche=1,2b5596d23e713456e28140f50dc730337251e15b1fbd5366564ee11bd632004c,2026-08-04T20:52:34+00:00
max3d,00543,2022-11-30,18:00:00,evening,three_digit_tiers,,,https://www.vietlott.vn/vi/trung-thuong/ket-qua-trung-thuong/max-3D?id=00543&nocatche=1,9f035294309b07c81a49a4105b1bf58eca420590e776b49a6c8e6d26a84841ef,2026-08-04T20:52:33+00:00
max3d,00544,2022-12-02,18:00:00,evening,three_digit_tiers,,,https://www.vietlott.vn/vi/trung-thuong/ket-qua-trung-thuong/max-3D?id=00544&nocatche=1,528a1b76f7eb0f2e202a04fbe93149ff0f5893a600877937fa58c3249a4fdb71,2026-08-04T20:52:33+00:00
max3d,00545,2022-12-05,18:00:00,evening,three_digit_tiers,,,https://www.vietlott.vn/vi/trung-thuong/ket-qua-trung-thuong/max-3D?id=00545&nocatche=1,cf593451a51dd52313e2e9995ef6d64a5e5f3e4ea91478c97057f51b5f5ee73d,2026-08-04T20:52:36+00:00
max3d,00546,2022-12-07,18:00:00,evening,three_digit_tiers,,,https://www.vietlott.vn/vi/trung-thuong/ket-qua-trung-thuong/max-3D?id=00546&nocatche=1,2b6c04ad8533cd850144aa01273e70baad511cbfc07dcb2f7de9c2c9f0357825,2026-08-04T20:52:36+00:00
max3d,00547,2022-12-09,18:00:00,evening,three_digit_tiers,,,https://www.vietlott.vn/vi/trung-thuong/ket-qua-trung-thuong/max-3D?id=00547&nocatche=1,622500611644b26a99c193b1be7ff044c7f106501ce3900719dc23217e296d9b,2026-08-04T20:52:36+00:00
max3d,00548,2022-12-12,18:00:00,evening,three_digit_tiers,,,https://www.vietlott.vn/vi/trung-thuong/ket-qua-trung-thuong/max-3D?id=00548&nocatche=1,5563341ca7e9716734be5664b3945034d09efbd01de711353e6f6e41c3154cd5,2026-08-04T20:52:35+00:00
max3d,00549,2022-12-14,18:00:00,evening,three_digit_tiers,,,https://www.vietlott.vn/vi/trung-thuong/ket-qua-trung-thuong/max-3D?id=00549&nocatche=1,5a6cd78b6bee5157981ee08f40fd0f324edda4d2f7f4dd0d0ccdad92bb9493d7,2026-08-04T20:52:34+00:00
max3d,00550,2022-12-16,18:00:00,evening,three_digit_tiers,,,https://www.vietlott.vn/vi/trung-thuong/ket-qua-trung-thuong/max-3D?id=00550&nocatche=1,4e1426d2c8e1aca85793a0c5125ed2af0a94a52a8e9310cc4226aa4b05cded12,2026-08-04T20:52:33+00:00
max3d,00551,2022-12-19,18:00:00,evening,three_digit_tiers,,,https://www.vietlott.vn/vi/trung-thuong/ket-qua-trung-thuong/max-3D?id=00551&nocatche=1,fb07029a7ba675a04c2ba47c1fdef8881bb24064dbc0536aea5176386d03108b,2026-08-04T20:52:33+00:00
max3d,00552,2022-12-21,18:00:00,evening,three_digit_tiers,,,https://www.vietlott.vn/vi/trung-thuong/ket-qua-trung-thuong/max-3D?id=00552&nocatche=1,172c45d2fd576930e7f40a325b3d896d2e6fe7ccc4f0ef1f0ed0be893dea28f5,2026-08-04T20:52:32+00:00
max3d,00553,2022-12-23,18:00:00,evening,three_digit_tiers,,,https://www.vietlott.vn/vi/trung-thuong/ket-qua-trung-thuong/max-3D?id=00553&nocatche=1,2aab8a5cacceb64812e75f7f152d4b343ef4db0d6d6d6fc47f8db246707b834e,2026-08-04T20:52:32+00:00
max3d,00554,2022-12-26,18:00:00,evening,three_digit_tiers,,,https://www.vietlott.vn/vi/trung-thuong/ket-qua-trung-thuong/max-3D?id=00554&nocatche=1,d922ff50487207f669aa29ca8051c6ed13bfe2c163d59f4edbcf80629fa5af7b,2026-08-04T20:52:32+00:00
max3d,00555,2022-12-28,18:00:00,evening,three_digit_tiers,,,https://www.vietlott.vn/vi/trung-thuong/ket-qua-trung-thuong/max-3D?id=00555&nocatche=1,ce1dad2dc0ab032b38baadcf8c05edbc52e1dd0aa190743f53b49bac5c2307b0,2026-08-04T20:52:32+00:00
max3d,00556,2022-12-30,18:00:00,evening,three_digit_tiers,,,https://www.vietlott.vn/vi/trung-thuong/ket-qua-trung-thuong/max-3D?id=00556&nocatche=1,12610b19abac2c29520ad5d7226f3a56c0f69fd97e57b66cdb9c341ed794c65a,2026-08-04T20:52:31+00:00
max3d,00557,2023-01-02,18:00:00,evening,three_digit_tiers,,,https://www.vietlott.vn/vi/trung-thuong/ket-qua-trung-thuong/max-3D?id=00557&nocatche=1,bcbd52fe0abebfcc80e6501dba78866733afff565ecc592a51b179359a4855be,2026-08-04T20:52:31+00:00
max3d,00558,2023-01-04,18:00:00,evening,three_digit_tiers,,,https://www.vietlott.vn/vi/trung-thuong/ket-qua-trung-thuong/max-3D?id=00558&nocatche=1,8db9108cbce75d9771acdafcd455b8adb6d86f388642ff9d92ca000e183e0ddf,2026-08-04T20:52:31+00:00
max3d,00559,2023-01-06,18:00:00,evening,three_digit_tiers,,,https://www.vietlott.vn/vi/trung-thuong/ket-qua-trung-thuong/max-3D?id=00559&nocatche=1,2880311f441a84dc3ed2280298a63f30f240b29e943933ed891f2cbce4e97892,2026-08-04T20:52:31+00:00
max3d,00560,2023-01-09,18:00:00,evening,three_digit_tiers,,,https://www.vietlott.vn/vi/trung-thuong/ket-qua-trung-thuong/max-3D?id=00560&nocatche=1,7abece8ecdc187eb1f82b7d664a2b19090a518ab2919224d13c9d7cdd513010c,2026-08-04T20:52:29+00:00
max3d,00561,2023-01-11,18:00:00,evening,three_digit_tiers,,,https://www.vietlott.vn/vi/trung-thuong/ket-qua-trung-thuong/max-3D?id=00561&nocatche=1,5b1b33501207cc93a1acd13ac9024158006c389a41d617675d605ef179c3fade,2026-08-04T20:52:28+00:00
max3d,00562,2023-01-13,18:00:00,evening,three_digit_tiers,,,https://www.vietlott.vn/vi/trung-thuong/ket-qua-trung-thuong/max-3D?id=00562&nocatche=1,d43a5c4275a0a32a1647b25320c1fd6d096bed0ea8fbf35cffcc04cc6ab9e6fd,2026-08-04T20:52:29+00:00
max3d,00563,2023-01-16,18:00:00,evening,three_digit_tiers,,,https://www.vietlott.vn/vi/trung-thuong/ket-qua-trung-thuong/max-3D?id=00563&nocatche=1,c984219618fa0ac76c71faab01ad34b560ed7197f3d11f5d903495deea3e23b5,2026-08-04T20:52:27+00:00
max3d,00564,2023-01-20,18:00:00,evening,three_digit_tiers,,,https://www.vietlott.vn/vi/trung-thuong/ket-qua-trung-thuong/max-3D?id=00564&nocatche=1,5ce464d1ec90805c42280b3b30bb41d2404825694c9d07fa7d33035fbecf4b7e,2026-08-04T20:52:28+00:00
max3d,00565,2023-01-23,18:00:00,evening,three_digit_tiers,,,https://www.vietlott.vn/vi/trung-thuong/ket-qua-trung-thuong/max-3D?id=00565&nocatche=1,04d7f5a54fc276e3dee14ae8b496ffcf3841618ea6dfb6c1a0dac6d74beb09d4,2026-08-04T20:52:30+00:00
max3d,00566,2023-01-25,18:00:00,evening,three_digit_tiers,,,https://www.vietlott.vn/vi/trung-thuong/ket-qua-trung-thuong/max-3D?id=00566&nocatche=1,e9074ba19b99607467b98e29179b70a8df8ce030ee6091614e175c9b4b0e21c3,2026-08-04T20:52:30+00:00
max3d,00567,2023-01-27,18:00:00,evening,three_digit_tiers,,,https://www.vietlott.vn/vi/trung-thuong/ket-qua-trung-thuong/max-3D?id=00567&nocatche=1,af9f78c026e8234a9689947669e55f1486ca8778f503f0360c42d929af36a0fd,2026-08-04T20:52:30+00:00
max3d,00568,2023-01-30,18:00:00,evening,three_digit_tiers,,,https://www.vietlott.vn/vi/trung-thuong/ket-qua-trung-thuong/max-3D?id=00568&nocatche=1,74bb77f6546eba4ec6768e9fac36403c6e016251d755108baf87a35e410ca411,2026-08-04T20:52:29+00:00
max3d,00569,2023-02-01,18:00:00,evening,three_digit_tiers,,,https://www.vietlott.vn/vi/trung-thuong/ket-qua-trung-thuong/max-3D?id=00569&nocatche=1,44fb2fc5a239bc836de4cb7ec452bc7f7f40043060a83c99f64889f396f8854e,2026-08-04T20:52:29+00:00
max3d,00570,2023-02-03,18:00:00,evening,three_digit_tiers,,,https://www.vietlott.vn/vi/trung-thuong/ket-qua-trung-thuong/max-3D?id=00570&nocatche=1,5bcfe014e613ed2f96591b068ea9f711dc8af3407e4093d1b88becd1c7417418,2026-08-04T20:52:27+00:00
max3d,00571,2023-02-06,18:00:00,evening,three_digit_tiers,,,https://www.vietlott.vn/vi/trung-thuong/ket-qua-trung-thuong/max-3D?id=00571&nocatche=1,447bdd436ea502ffc93dc0228620885f15008f2e92a8a06b71275bc221d6605a,2026-08-04T20:52:26+00:00
max3d,00572,2023-02-08,18:00:00,evening,three_digit_tiers,,,https://www.vietlott.vn/vi/trung-thuong/ket-qua-trung-thuong/max-3D?id=00572&nocatche=1,a6cd618ec20d0abf8f9aa9f3dc33c087062a3e81f872223fe22c1b63095ed0aa,2026-08-04T20:52:26+00:00
max3d,00573,2023-02-10,18:00:00,evening,three_digit_tiers,,,https://www.vietlott.vn/vi/trung-thuong/ket-qua-trung-thuong/max-3D?id=00573&nocatche=1,b3acea7893f9cc31b6e961dee37be99226230ddb7c314f096177012637bd562e,2026-08-04T20:52:25+00:00
max3d,00574,2023-02-13,18:00:00,evening,three_digit_tiers,,,https://www.vietlott.vn/vi/trung-thuong/ket-qua-trung-thuong/max-3D?id=00574&nocatche=1,08f5a9917d6f0da6f42c49310a9bd3a7132be7e56660f2b94b8cd86f6dbfc2b6,2026-08-04T20:52:25+00:00
max3d,00575,2023-02-15,18:00:00,evening,three_digit_tiers,,,https://www.vietlott.vn/vi/trung-thuong/ket-qua-trung-thuong/max-3D?id=00575&nocatche=1,9828a6a5bc94c781d231fdbc999b4f1c07a77c9a91665f5340cae9bedfc9abeb,2026-08-04T20:52:24+00:00
max3d,00576,2023-02-17,18:00:00,evening,three_digit_tiers,,,https://www.vietlott.vn/vi/trung-thuong/ket-qua-trung-thuong/max-3D?id=00576&nocatche=1,94bda1c22d98813cc2a304a57033657cdcf8a8d1f1eb2729dcbf6f0fd7e0dd19,2026-08-04T20:52:24+00:00
max3d,00577,2023-02-20,18:00:00,evening,three_digit_tiers,,,https://www.vietlott.vn/vi/trung-thuong/ket-qua-trung-thuong/max-3D?id=00577&nocatche=1,672bbc4f11298d89fb8b322c14bf5fdb6f574842a8dbf16f5fb722c2bc18ee80,2026-08-04T20:52:23+00:00
max3d,00578,2023-02-22,18:00:00,evening,three_digit_tiers,,,https://www.vietlott.vn/vi/trung-thuong/ket-qua-trung-thuong/max-3D?id=00578&nocatche=1,78ce30f21d5676eb422e32af1c6985ea36316dca2d4e6176050e98112a459068,2026-08-04T20:52:23+00:00
max3d,00579,2023-02-24,18:00:00,evening,three_digit_tiers,,,https://www.vietlott.vn/vi/trung-thuong/ket-qua-trung-thuong/max-3D?id=00579&nocatche=1,627c2ae4bc838043bccb675f2f7d9fe4be79c8550a9beff1c2fb7077f1a85fe1,2026-08-04T20:52:22+00:00
max3d,00580,2023-02-27,18:00:00,evening,three_digit_tiers,,,https://www.vietlott.vn/vi/trung-thuong/ket-qua-trung-thuong/max-3D?id=00580&nocatche=1,011983dd768c3a5068caae2f882a8824453e33018762effa1cced76449b3d5b9,2026-08-04T20:52:21+00:00
max3d,00581,2023-03-01,18:00:00,evening,three_digit_tiers,,,https://www.vietlott.vn/vi/trung-thuong/ket-qua-trung-thuong/max-3D?id=00581&nocatche=1,0e57d25a0635e9ac32cb240e8a8ff78436c765d4abdef7d06ab755f15e7b68a1,2026-08-04T20:52:27+00:00
max3d,00582,2023-03-03,18:00:00,evening,three_digit_tiers,,,https://www.vietlott.vn/vi/trung-thuong/ket-qua-trung-thuong/max-3D?id=00582&nocatche=1,d5722aa72af940bac602c3cca1d102999b7ace5e6087a8277e09cb7f847f9ca5,2026-08-04T20:52:21+00:00
max3d,00583,2023-03-06,18:00:00,evening,three_digit_tiers,,,https://www.vietlott.vn/vi/trung-thuong/ket-qua-trung-thuong/max-3D?id=00583&nocatche=1,66ba2ebe6672cc55f29c2ca7e140dcf135b0ce4b7a08f568513dd608eba4246a,2026-08-04T20:52:20+00:00
max3d,00584,2023-03-08,18:00:00,evening,three_digit_tiers,,,https://www.vietlott.vn/vi/trung-thuong/ket-qua-trung-thuong/max-3D?id=00584&nocatche=1,6db656a30a26728d14fe79f441de373fe9ddd4458aa1c60ef4d4d40016c4b8a8,2026-08-04T20:52:26+00:00
max3d,00585,2023-03-10,18:00:00,evening,three_digit_tiers,,,https://www.vietlott.vn/vi/trung-thuong/ket-qua-trung-thuong/max-3D?id=00585&nocatche=1,bdbabdb1f4f95a79af1f091554efab53deada2117bf57a02c70be3b659f1c69a,2026-08-04T20:52:20+00:00
max3d,00586,2023-03-13,18:00:00,evening,three_digit_tiers,,,https://www.vietlott.vn/vi/trung-thuong/ket-qua-trung-thuong/max-3D?id=00586&nocatche=1,84becf85b5ba2e62efa22dfd4205c9858b1865e869a040e90d16cc5bf9b8056a,2026-08-04T20:52:19+00:00
max3d,00587,2023-03-15,18:00:00,evening,three_digit_tiers,,,https://www.vietlott.vn/vi/trung-thuong/ket-qua-trung-thuong/max-3D?id=00587&nocatche=1,d7e10a213c7c78dc7692c33e9ce3e104d54c582825dbb891183cc4283dc5dcc0,2026-08-04T20:52:19+00:00
max3d,00588,2023-03-17,18:00:00,evening,three_digit_tiers,,,https://www.vietlott.vn/vi/trung-thuong/ket-qua-trung-thuong/max-3D?id=00588&nocatche=1,62a039c8d21d6b90379abd71cc15cf925f9667302c0abda52199a5d6d4506732,2026-08-04T20:52:19+00:00
max3d,00589,2023-03-20,18:00:00,evening,three_digit_tiers,,,https://www.vietlott.vn/vi/trung-thuong/ket-qua-trung-thuong/max-3D?id=00589&nocatche=1,33e6b3db0ba65662cc565a638180521a54307f6390dc6398cbd028151d4730eb,2026-08-04T20:52:19+00:00
max3d,00590,2023-03-22,18:00:00,evening,three_digit_tiers,,,https://www.vietlott.vn/vi/trung-thuong/ket-qua-trung-thuong/max-3D?id=00590&nocatche=1,0af0acc9be9acbede83ca9c013249042eb2e6aa9509adecce57e468162354b85,2026-08-04T20:52:18+00:00
max3d,00591,2023-03-24,18:00:00,evening,three_digit_tiers,,,https://www.vietlott.vn/vi/trung-thuong/ket-qua-trung-thuong/max-3D?id=00591&nocatche=1,2dde7901fc147dba132ae7e215d50ffdbbc0b3db187b38644f5f229e27b5468a,2026-08-04T20:52:17+00:00
max3d,00592,2023-03-27,18:00:00,evening,three_digit_tiers,,,https://www.vietlott.vn/vi/trung-thuong/ket-qua-trung-thuong/max-3D?id=00592&nocatche=1,935163926977a4923f5f55fee51e61db9da20f627aad28df179eaacef89d52e6,2026-08-04T20:52:17+00:00
max3d,00593,2023-03-29,18:00:00,evening,three_digit_tiers,,,https://www.vietlott.vn/vi/trung-thuong/ket-qua-trung-thuong/max-3D?id=00593&nocatche=1,32ae40457f28cd581fd0efa5d44a72cdd1a9111be196dd9fc75df289d68d885d,2026-08-04T20:52:17+00:00
max3d,00594,2023-03-31,18:00:00,evening,three_digit_tiers,,,https://www.vietlott.vn/vi/trung-thuong/ket-qua-trung-thuong/max-3D?id=00594&nocatche=1,76fcd40924e5a9336d67b384b784bcafe7cc4d2fc0f0e795c52d8a9bdb468ef2,2026-08-04T20:52:16+00:00
max3d,00595,2023-04-03,18:00:00,evening,three_digit_tiers,,,https://www.vietlott.vn/vi/trung-thuong/ket-qua-trung-thuong/max-3D?id=00595&nocatche=1,f819ba629decf2c05b13875cd74f98cf0411271ae4c1343d0124f54c9a85005d,2026-08-04T20:52:13+00:00
max3d,00596,2023-04-05,18:00:00,evening,three_digit_tiers,,,https://www.vietlott.vn/vi/trung-thuong/ket-qua-trung-thuong/max-3D?id=00596&nocatche=1,0a392d2944b639523a2726440874ac25b548f733aaeb5c945034ab1f49789834,2026-08-04T20:52:15+00:00
max3d,00597,2023-04-07,18:00:00,evening,three_digit_tiers,,,https://www.vietlott.vn/vi/trung-thuong/ket-qua-trung-thuong/max-3D?id=00597&nocatche=1,b792a1e18e3f6f7343f3b497c6e6240465ea1a3020fdd5f2ae2cd8c6989880f4,2026-08-04T20:52:13+00:00
max3d,00598,2023-04-10,18:00:00,evening,three_digit_tiers,,,https://www.vietlott.vn/vi/trung-thuong/ket-qua-trung-thuong/max-3D?id=00598&nocatche=1,df20fe6cc276b54b3028b20053ccbd28697d348fa190412aaa0e94a0d883b1e7,2026-08-04T20:52:13+00:00
max3d,00599,2023-04-12,18:00:00,evening,three_digit_tiers,,,https://www.vietlott.vn/vi/trung-thuong/ket-qua-trung-thuong/max-3D?id=00599&nocatche=1,4530cfaea54fde3d198018509c171bad01c5130b4128b351db5830334daee075,2026-08-04T20:52:11+00:00
max3d,00600,2023-04-14,18:00:00,evening,three_digit_tiers,,,https://www.vietlott.vn/vi/trung-thuong/ket-qua-trung-thuong/max-3D?id=00600&nocatche=1,d59e6823a98e60aceea2d9a6ee6c3544cda104b38afb39c7342d9d39dc477581,2026-08-04T20:52:16+00:00
max3d,00601,2023-04-17,18:00:00,evening,three_digit_tiers,,,https://www.vietlott.vn/vi/trung-thuong/ket-qua-trung-thuong/max-3D?id=00601&nocatche=1,2404ad68ff05c87ae048fa63811ae59a66d61a59ddc8528b4296267db3ecffad,2026-08-04T20:52:16+00:00
max3d,00602,2023-04-19,18:00:00,evening,three_digit_tiers,,,https://www.vietlott.vn/vi/trung-thuong/ket-qua-trung-thuong/max-3D?id=00602&nocatche=1,0e8b1227ff7cc0fe201a7b83716e350b9cb943550dfbb6500f86258806e883cb,2026-08-04T20:52:15+00:00
max3d,00603,2023-04-21,18:00:00,evening,three_digit_tiers,,,https://www.vietlott.vn/vi/trung-thuong/ket-qua-trung-thuong/max-3D?id=00603&nocatche=1,7275b8788ad4d9d19d5afa8351b6403308ae19a97f7f34c034b829b482ca031c,2026-08-04T20:52:16+00:00
max3d,00604,2023-04-24,18:00:00,evening,three_digit_tiers,,,https://www.vietlott.vn/vi/trung-thuong/ket-qua-trung-thuong/max-3D?id=00604&nocatche=1,4d49f56bea5345c0dc19e851f9be2a1551e1dde528a61ac56d2a2fe25951ee8c,2026-08-04T20:52:15+00:00
max3d,00605,2023-04-26,18:00:00,evening,three_digit_tiers,,,https://www.vietlott.vn/vi/trung-thuong/ket-qua-trung-thuong/max-3D?id=00605&nocatche=1,61b0204a6840e2c8de591d45e4c7924b277005ad2ed1ce2610dcad4f82aa3dc0,2026-08-04T20:52:09+00:00
max3d,00606,2023-04-28,18:00:00,evening,three_digit_tiers,,,https://www.vietlott.vn/vi/trung-thuong/ket-qua-trung-thuong/max-3D?id=00606&nocatche=1,925aff6053a088f17cb0513668e57d8e4f4d7f946045e3d9cdab25a2eabb0604,2026-08-04T20:52:07+00:00
max3d,00607,2023-05-01,18:00:00,evening,three_digit_tiers,,,https://www.vietlott.vn/vi/trung-thuong/ket-qua-trung-thuong/max-3D?id=00607&nocatche=1,382ee8d34e0fb9e6ddfc31fce2da5cc6479468478ab78adcef3b510f9771c2f7,2026-08-04T20:52:07+00:00
max3d,00608,2023-05-03,18:00:00,evening,three_digit_tiers,,,https://www.vietlott.vn/vi/trung-thuong/ket-qua-trung-thuong/max-3D?id=00608&nocatche=1,b48f4c3ecc2f856f8ec51b36cb334a16ee9104405b7dd55b9cfb88b6c043fcc4,2026-08-04T20:52:07+00:00
max3d,00609,2023-05-05,18:00:00,evening,three_digit_tiers,,,https://www.vietlott.vn/vi/trung-thuong/ket-qua-trung-thuong/max-3D?id=00609&nocatche=1,c055bdb96799b4b641718b631c8f086b86c9e4514e93b80494a74407d19de039,2026-08-04T20:52:07+00:00
max3d,00610,2023-05-08,18:00:00,evening,three_digit_tiers,,,https://www.vietlott.vn/vi/trung-thuong/ket-qua-trung-thuong/max-3D?id=00610&nocatche=1,8d1404178b600c7672aa34bd8d4033c1d7e151762571d4495f711cd0966fb129,2026-08-04T20:52:12+00:00
max3d,00611,2023-05-10,18:00:00,evening,three_digit_tiers,,,https://www.vietlott.vn/vi/trung-thuong/ket-qua-trung-thuong/max-3D?id=00611&nocatche=1,f11663a5d81dc9d51c5659aeafcc37f531e521c5256fb8479821386f64fbb4d6,2026-08-04T20:52:11+00:00
max3d,00612,2023-05-12,18:00:00,evening,three_digit_tiers,,,https://www.vietlott.vn/vi/trung-thuong/ket-qua-trung-thuong/max-3D?id=00612&nocatche=1,de52ae784f2f2ff416e11da218d22f18e1eef947030ddcfaa7a25185b3d92b5a,2026-08-04T20:52:10+00:00
max3d,00613,2023-05-15,18:00:00,evening,three_digit_tiers,,,https://www.vietlott.vn/vi/trung-thuong/ket-qua-trung-thuong/max-3D?id=00613&nocatche=1,30b288050a5195f5f43563265e862b91ffa37ba92c877e5393193c6797796b11,2026-08-04T20:52:09+00:00
max3d,00614,2023-05-17,18:00:00,evening,three_digit_tiers,,,https://www.vietlott.vn/vi/trung-thuong/ket-qua-trung-thuong/max-3D?id=00614&nocatche=1,674d12d511ebc84bc078304d8fdd94205004a550f8f2fc08f3f18290240cadd7,2026-08-04T20:52:09+00:00
max3d,00615,2023-05-19,18:00:00,evening,three_digit_tiers,,,https://www.vietlott.vn/vi/trung-thuong/ket-qua-trung-thuong/max-3D?id=00615&nocatche=1,f2df536887b3f01c70429099349062a1b052df0c6be53f331d18db2ea20a2060,2026-08-03T20:49:06+00:00
max3d,00616,2023-05-22,18:00:00,evening,three_digit_tiers,,,https://www.vietlott.vn/vi/trung-thuong/ket-qua-trung-thuong/max-3D?id=00616&nocatche=1,814dc8daba77427f0800f6decfdbda3b799696c3f92bc88c35584771ab28cbcb,2026-08-03T20:49:04+00:00
max3d,00617,2023-05-24,18:00:00,evening,three_digit_tiers,,,https://www.vietlott.vn/vi/trung-thuong/ket-qua-trung-thuong/max-3D?id=00617&nocatche=1,8ae2ac85dd3e3c7b28df6d4c5e239a4d51e12436eee1869ed527336e04c7051e,2026-08-03T20:49:04+00:00
max3d,00618,2023-05-26,18:00:00,evening,three_digit_tiers,,,https://www.vietlott.vn/vi/trung-thuong/ket-qua-trung-thuong/max-3D?id=00618&nocatche=1,311b88745355ec174b83cd6b9b7a76ae110d9e3434516b9c71f2c520bcdfd2d3,2026-08-03T20:48:56+00:00
max3d,00619,2023-05-29,18:00:00,evening,three_digit_tiers,,,https://www.vietlott.vn/vi/trung-thuong/ket-qua-trung-thuong/max-3D?id=00619&nocatche=1,adad06d7e6b5240664b344682fd3223070ca0667a7a348e7ce9d3f89c5cf005f,2026-08-03T20:48:56+00:00
max3d,00620,2023-05-31,18:00:00,evening,three_digit_tiers,,,https://www.vietlott.vn/vi/trung-thuong/ket-qua-trung-thuong/max-3D?id=00620&nocatche=1,3a202424e02518bb1ed424c37b256d75935927c6a297ec552d7bd9b94219ab8a,2026-08-03T20:48:56+00:00
max3d,00621,2023-06-02,18:00:00,evening,three_digit_tiers,,,https://www.vietlott.vn/vi/trung-thuong/ket-qua-trung-thuong/max-3D?id=00621&nocatche=1,94f05b0b2b9c8be12ef169036c0fe6968c27b965222adecfe724496f3507b44d,2026-08-03T20:48:57+00:00
max3d,00622,2023-06-05,18:00:00,evening,three_digit_tiers,,,https://www.vietlott.vn/vi/trung-thuong/ket-qua-trung-thuong/max-3D?id=00622&nocatche=1,263a6af88355f12736c0f8a1232ec7f83e825ab7eb0f246b97556829f7dddbc9,2026-08-03T20:48:55+00:00
max3d,00623,2023-06-07,18:00:00,evening,three_digit_tiers,,,https://www.vietlott.vn/vi/trung-thuong/ket-qua-trung-thuong/max-3D?id=00623&nocatche=1,3a73b772921602cfe93fa376a5d7ec953094318c2994bf17858e3aa541235fbf,2026-08-03T20:48:55+00:00
max3d,00624,2023-06-09,18:00:00,evening,three_digit_tiers,,,https://www.vietlott.vn/vi/trung-thuong/ket-qua-trung-thuong/max-3D?id=00624&nocatche=1,611c0434a690ec72d894394c8a43d059d36d609bd6a4bb6fa285c09aab69ff90,2026-08-03T20:48:54+00:00
max3d,00625,2023-06-12,18:00:00,evening,three_digit_tiers,,,https://www.vietlott.vn/vi/trung-thuong/ket-qua-trung-thuong/max-3D?id=00625&nocatche=1,421532959b7c0672c5ff6b9d6a7c286de8afbf4b1fe4a2c4387f39a9627eb176,2026-08-03T20:48:54+00:00
max3d,00626,2023-06-14,18:00:00,evening,three_digit_tiers,,,https://www.vietlott.vn/vi/trung-thuong/ket-qua-trung-thuong/max-3D?id=00626&nocatche=1,3faf3b0d30d2a90e2c5f1b5769724f8e5002002b4caa030d5ea5ec21aa821363,2026-08-03T20:48:54+00:00
max3d,00627,2023-06-16,18:00:00,evening,three_digit_tiers,,,https://www.vietlott.vn/vi/trung-thuong/ket-qua-trung-thuong/max-3D?id=00627&nocatche=1,b10ccdc64a448e9a971163881d3127edcb01f4aea9fddcd8056b051b9803cd04,2026-08-03T20:48:54+00:00
max3d,00628,2023-06-19,18:00:00,evening,three_digit_tiers,,,https://www.vietlott.vn/vi/trung-thuong/ket-qua-trung-thuong/max-3D?id=00628&nocatche=1,34528b9f6edf664a306e43e3d19b5a4927804d446dc414c8e8d26a218d6ed0b5,2026-08-03T20:48:52+00:00
max3d,00629,2023-06-21,18:00:00,evening,three_digit_tiers,,,https://www.vietlott.vn/vi/trung-thuong/ket-qua-trung-thuong/max-3D?id=00629&nocatche=1,55036cfa5436dfc5fa78e6fc0667f9d07e440737e4fd58642edccd63f44b1868,2026-08-03T20:48:52+00:00
max3d,00630,2023-06-23,18:00:00,evening,three_digit_tiers,,,https://www.vietlott.vn/vi/trung-thuong/ket-qua-trung-thuong/max-3D?id=00630&nocatche=1,e08c2a1d3d622219e219e1ec3afe9ddc347ad320261cd7c44d6571de2bff83a5,2026-08-03T20:48:51+00:00
max3d,00631,2023-06-26,18:00:00,evening,three_digit_tiers,,,https://www.vietlott.vn/vi/trung-thuong/ket-qua-trung-thuong/max-3D?id=00631&nocatche=1,da718eae96b6dfe3505311f0786be3cdcfd5f816cbeb3df3e1d4205a988e4a2a,2026-08-03T20:48:51+00:00
max3d,00632,2023-06-28,18:00:00,evening,three_digit_tiers,,,https://www.vietlott.vn/vi/trung-thuong/ket-qua-trung-thuong/max-3D?id=00632&nocatche=1,20ce2b9fa5d97e583cc98f450b72112dcd27c8718889caa0e121a9b1a84db10b,2026-08-03T20:48:51+00:00
max3d,00633,2023-06-30,18:00:00,evening,three_digit_tiers,,,https://www.vietlott.vn/vi/trung-thuong/ket-qua-trung-thuong/max-3D?id=00633&nocatche=1,faf198023564e9e621f6e870e3cb705b05304adf6720e5a9ffce352bd2696467,2026-08-03T20:48:51+00:00
max3d,00634,2023-07-03,18:00:00,evening,three_digit_tiers,,,https://www.vietlott.vn/vi/trung-thuong/ket-qua-trung-thuong/max-3D?id=00634&nocatche=1,79949d4f1e260d3091a8659c7ce8918740d9f37336902e7fdb9fc51f9b0f4335,2026-08-03T20:48:50+00:00
max3d,00635,2023-07-05,18:00:00,evening,three_digit_tiers,,,https://www.vietlott.vn/vi/trung-thuong/ket-qua-trung-thuong/max-3D?id=00635&nocatche=1,bb11cf5fbbf12120fe95f75f17db1a5aab947d46aff1a1a87c71e0224f643ac8,2026-08-03T20:48:50+00:00
max3d,00636,2023-07-07,18:00:00,evening,three_digit_tiers,,,https://www.vietlott.vn/vi/trung-thuong/ket-qua-trung-thuong/max-3D?id=00636&nocatche=1,d0ebb5e639018ebd428fd225f6629d027408acc11cb31dcfaa43b84cc9b61a85,2026-08-03T20:48:50+00:00
max3d,00637,2023-07-10,18:00:00,evening,three_digit_tiers,,,https://www.vietlott.vn/vi/trung-thuong/ket-qua-trung-thuong/max-3D?id=00637&nocatche=1,1bae967161df38cf18d84f02c32aa10a1cd3262993d19982136d8464d9fd09dc,2026-08-03T20:48:49+00:00
max3d,00638,2023-07-12,18:00:00,evening,three_digit_tiers,,,https://www.vietlott.vn/vi/trung-thuong/ket-qua-trung-thuong/max-3D?id=00638&nocatche=1,4822dd0acd67c8bcc6d3f20165203cd8142d21d4623de83717ca9a7b4b6b34dd,2026-08-03T20:48:48+00:00
max3d,00639,2023-07-14,18:00:00,evening,three_digit_tiers,,,https://www.vietlott.vn/vi/trung-thuong/ket-qua-trung-thuong/max-3D?id=00639&nocatche=1,079e76629cb29628f2c679a90035c93650addaf788d70e73622d53fb7ac7a325,2026-08-03T20:48:49+00:00
max3d,00640,2023-07-17,18:00:00,evening,three_digit_tiers,,,https://www.vietlott.vn/vi/trung-thuong/ket-qua-trung-thuong/max-3D?id=00640&nocatche=1,214840267c16b13507f6e7bfb3623c84e21fa70463924bb484112fce0bb2c9a0,2026-08-03T20:48:48+00:00
max3d,00641,2023-07-19,18:00:00,evening,three_digit_tiers,,,https://www.vietlott.vn/vi/trung-thuong/ket-qua-trung-thuong/max-3D?id=00641&nocatche=1,347345d02f5126aea8047ef6c04972e5540c64087230eaf202fb098c1f9099a3,2026-08-03T20:48:48+00:00
max3d,00642,2023-07-21,18:00:00,evening,three_digit_tiers,,,https://www.vietlott.vn/vi/trung-thuong/ket-qua-trung-thuong/max-3D?id=00642&nocatche=1,4b42926e8cd770575d29497d76c7646aa0515c811cdf0a0478a9c7c0ef5fcdab,2026-08-03T20:48:47+00:00
max3d,00643,2023-07-24,18:00:00,evening,three_digit_tiers,,,https://www.vietlott.vn/vi/trung-thuong/ket-qua-trung-thuong/max-3D?id=00643&nocatche=1,c106fcffac269dee5e8f26e6746b7588f2112d70bbfc3d1fc683b5c0f7d0cdb9,2026-08-03T20:48:47+00:00
max3d,00644,2023-07-26,18:00:00,evening,three_digit_tiers,,,https://www.vietlott.vn/vi/trung-thuong/ket-qua-trung-thuong/max-3D?id=00644&nocatche=1,ae7b33adb5eccd67730e408222aac13cbb519cf0a42a08828f0c3d393731362e,2026-08-03T20:48:46+00:00
max3d,00645,2023-07-28,18:00:00,evening,three_digit_tiers,,,https://www.vietlott.vn/vi/trung-thuong/ket-qua-trung-thuong/max-3D?id=00645&nocatche=1,1959162476e6f085bb5b723abacdd54ebe50eaf1db3835e1d009e5feef5990ac,2026-08-03T20:48:46+00:00
max3d,00646,2023-07-31,18:00:00,evening,three_digit_tiers,,,https://www.vietlott.vn/vi/trung-thuong/ket-qua-trung-thuong/max-3D?id=00646&nocatche=1,469971e9e02173b8c9ff3ce65bab1d81ee9c36bf33047fca325407431d5f368c,2026-08-03T20:48:46+00:00
max3d,00647,2023-08-02,18:00:00,evening,three_digit_tiers,,,https://www.vietlott.vn/vi/trung-thuong/ket-qua-trung-thuong/max-3D?id=00647&nocatche=1,3d091351f2496effa11822539dc5208ad76a96389eedd472a7f6b9aea1c3960a,2026-08-03T20:48:45+00:00
max3d,00648,2023-08-04,18:00:00,evening,three_digit_tiers,,,https://www.vietlott.vn/vi/trung-thuong/ket-qua-trung-thuong/max-3D?id=00648&nocatche=1,60ae1eb3962a02e124c6194a855e27266cb137ba998ca43648241690cbcfcc6a,2026-08-03T20:48:46+00:00
max3d,00649,2023-08-07,18:00:00,evening,three_digit_tiers,,,https://www.vietlott.vn/vi/trung-thuong/ket-qua-trung-thuong/max-3D?id=00649&nocatche=1,2ff5c0f8af159e5001ac03f0a350c9fc1c0148bd8faa988af7523f6fc06c348f,2026-08-03T20:48:45+00:00
max3d,00650,2023-08-09,18:00:00,evening,three_digit_tiers,,,https://www.vietlott.vn/vi/trung-thuong/ket-qua-trung-thuong/max-3D?id=00650&nocatche=1,56ce8fb6869ce3915028721fbea1016316f2009f1a103197780c0c99e51b1bf6,2026-08-03T20:48:45+00:00
max3d,00651,2023-08-11,18:00:00,evening,three_digit_tiers,,,https://www.vietlott.vn/vi/trung-thuong/ket-qua-trung-thuong/max-3D?id=00651&nocatche=1,cf0dabb355f35b86ea6551d6941e7e94e4ad8778ad63c105dcdc8b72708626cf,2026-08-03T20:48:44+00:00
max3d,00652,2023-08-14,18:00:00,evening,three_digit_tiers,,,https://www.vietlott.vn/vi/trung-thuong/ket-qua-trung-thuong/max-3D?id=00652&nocatche=1,11a495efedcc5f9e19bc712aee11565f4b9f903aa71695068370bdf34c4566f4,2026-08-03T20:48:44+00:00
max3d,00653,2023-08-16,18:00:00,evening,three_digit_tiers,,,https://www.vietlott.vn/vi/trung-thuong/ket-qua-trung-thuong/max-3D?id=00653&nocatche=1,3d38fd519856b807bccb4bb8864ce27532f1e07d682421ec06d68ef0dd587349,2026-08-03T20:48:44+00:00
max3d,00654,2023-08-18,18:00:00,evening,three_digit_tiers,,,https://www.vietlott.vn/vi/trung-thuong/ket-qua-trung-thuong/max-3D?id=00654&nocatche=1,1072f4203695256d13dfd1849d1c91633e3efe65266d4f1a2b9360bf2970e7b6,2026-08-03T20:48:44+00:00
max3d,00655,2023-08-21,18:00:00,evening,three_digit_tiers,,,https://www.vietlott.vn/vi/trung-thuong/ket-qua-trung-thuong/max-3D?id=00655&nocatche=1,9758bbbacf225d78c3a89fad907d4032c2d4668ca70adee538536aa859e761dc,2026-08-03T20:48:43+00:00
max3d,00656,2023-08-23,18:00:00,evening,three_digit_tiers,,,https://www.vietlott.vn/vi/trung-thuong/ket-qua-trung-thuong/max-3D?id=00656&nocatche=1,4aa35f7010328a9cfa5dc6ff2a04646791b95b9eb2093320ea021f42427bc20a,2026-08-03T20:48:43+00:00
max3d,00657,2023-08-25,18:00:00,evening,three_digit_tiers,,,https://www.vietlott.vn/vi/trung-thuong/ket-qua-trung-thuong/max-3D?id=00657&nocatche=1,9897ade340b07d89e0fd7e768fe320069ad49f8eaa19e30ae99964b934ac7147,2026-08-03T20:48:43+00:00
max3d,00658,2023-08-28,18:00:00,evening,three_digit_tiers,,,https://www.vietlott.vn/vi/trung-thuong/ket-qua-trung-thuong/max-3D?id=00658&nocatche=1,1cea158878e6460f30ba5f81fd77f505ba4c8f56a7a1749577eae86fad74bd26,2026-08-03T20:48:43+00:00
max3d,00659,2023-08-30,18:00:00,evening,three_digit_tiers,,,https://www.vietlott.vn/vi/trung-thuong/ket-qua-trung-thuong/max-3D?id=00659&nocatche=1,ca3759866ce66cf9c9316c42c7cd9616e38d77242f9b431915823ceddc74db33,2026-08-03T20:48:42+00:00
max3d,00660,2023-09-01,18:00:00,evening,three_digit_tiers,,,https://www.vietlott.vn/vi/trung-thuong/ket-qua-trung-thuong/max-3D?id=00660&nocatche=1,f03348662995c02a1cbdd5aee20cbe16775e790b5986a869c8f007fbec9ddaaa,2026-08-03T20:48:42+00:00
max3d,00661,2023-09-04,18:00:00,evening,three_digit_tiers,,,https://www.vietlott.vn/vi/trung-thuong/ket-qua-trung-thuong/max-3D?id=00661&nocatche=1,dbc21a158cc30db791cf5e6dadf4256e7e8ed6487e6e439411ed383281a7325f,2026-08-03T20:48:42+00:00
max3d,00662,2023-09-06,18:00:00,evening,three_digit_tiers,,,https://www.vietlott.vn/vi/trung-thuong/ket-qua-trung-thuong/max-3D?id=00662&nocatche=1,c05093c1e45fdd67f00f17f572b38c9de03ac47a526dd10b5dc3057e222fc1d6,2026-08-03T20:48:41+00:00
max3d,00663,2023-09-08,18:00:00,evening,three_digit_tiers,,,https://www.vietlott.vn/vi/trung-thuong/ket-qua-trung-thuong/max-3D?id=00663&nocatche=1,0385a2336b470b1b5e5ae1d2d368d7a77bbedcc55420f630454b65b567049596,2026-08-03T20:48:41+00:00
max3d,00664,2023-09-11,18:00:00,evening,three_digit_tiers,,,https://www.vietlott.vn/vi/trung-thuong/ket-qua-trung-thuong/max-3D?id=00664&nocatche=1,824ff3cbc6ce4e57dd3aedc0d867f57abd703ad6545074e6c803fe1dcbf604e9,2026-08-03T20:48:40+00:00
max3d,00665,2023-09-13,18:00:00,evening,three_digit_tiers,,,https://www.vietlott.vn/vi/trung-thuong/ket-qua-trung-thuong/max-3D?id=00665&nocatche=1,bfc4a3f8590454d7a83e2c874d39a2cbcca8b19d5c00d5e0e4f5ff94d66b2dd9,2026-08-03T20:48:40+00:00
max3d,00666,2023-09-15,18:00:00,evening,three_digit_tiers,,,https://www.vietlott.vn/vi/trung-thuong/ket-qua-trung-thuong/max-3D?id=00666&nocatche=1,56e11fc76ef16d55df342a3225a32372938939b86a13d03411b4b6fc73f53cb3,2026-08-03T20:48:40+00:00
max3d,00667,2023-09-18,18:00:00,evening,three_digit_tiers,,,https://www.vietlott.vn/vi/trung-thuong/ket-qua-trung-thuong/max-3D?id=00667&nocatche=1,891b55ce2501d8438d534f3de20372cceadaa46ba9048790ea73626ef1e3eff1,2026-08-03T20:48:39+00:00
max3d,00668,2023-09-20,18:00:00,evening,three_digit_tiers,,,https://www.vietlott.vn/vi/trung-thuong/ket-qua-trung-thuong/max-3D?id=00668&nocatche=1,290f7c1409fd2fddfaea01de81143715f30e4cb4d27862c8d9feb45528e12605,2026-08-03T20:48:39+00:00
max3d,00669,2023-09-22,18:00:00,evening,three_digit_tiers,,,https://www.vietlott.vn/vi/trung-thuong/ket-qua-trung-thuong/max-3D?id=00669&nocatche=1,09d398b7119dacfb87b46303a81798384da41843012657e96eb575eddfef51f6,2026-08-03T20:48:38+00:00
max3d,00670,2023-09-25,18:00:00,evening,three_digit_tiers,,,https://www.vietlott.vn/vi/trung-thuong/ket-qua-trung-thuong/max-3D?id=00670&nocatche=1,294796b148464703ff055b61bd497e47cc316ada6555463634f9e7fc2360f06b,2026-08-03T20:48:39+00:00
max3d,00671,2023-09-27,18:00:00,evening,three_digit_tiers,,,https://www.vietlott.vn/vi/trung-thuong/ket-qua-trung-thuong/max-3D?id=00671&nocatche=1,a4a0e920ed4b18b180033d03e110636306be44753a8d9205d9f26115e5161dda,2026-08-03T20:48:38+00:00
max3d,00672,2023-09-29,18:00:00,evening,three_digit_tiers,,,https://www.vietlott.vn/vi/trung-thuong/ket-qua-trung-thuong/max-3D?id=00672&nocatche=1,a29bb8c92486ad4092d2a0d8f6b65241e0e3cd4fe84b56c14c75b8663bae7ae7,2026-08-03T20:48:37+00:00
max3d,00673,2023-10-02,18:00:00,evening,three_digit_tiers,,,https://www.vietlott.vn/vi/trung-thuong/ket-qua-trung-thuong/max-3D?id=00673&nocatche=1,423e7d5b1174287d0bc94d6902e50f6f8bde93d7663791f7a236c3e37d322c6c,2026-08-03T20:48:37+00:00
max3d,00674,2023-10-04,18:00:00,evening,three_digit_tiers,,,https://www.vietlott.vn/vi/trung-thuong/ket-qua-trung-thuong/max-3D?id=00674&nocatche=1,8ab62cc5d1a89d16d4ce4204672b581325484640aa481741663cb6d6bf1884c6,2026-08-03T20:48:37+00:00
max3d,00675,2023-10-06,18:00:00,evening,three_digit_tiers,,,https://www.vietlott.vn/vi/trung-thuong/ket-qua-trung-thuong/max-3D?id=00675&nocatche=1,091d86718d8298765a7c1d2908651927860437f65fa25b0a23a78c670f39eaec,2026-08-03T20:48:37+00:00
max3d,00676,2023-10-09,18:00:00,evening,three_digit_tiers,,,https://www.vietlott.vn/vi/trung-thuong/ket-qua-trung-thuong/max-3D?id=00676&nocatche=1,e62ac3e0f0fa9c1f8fe4ac6fff0afe7b49f7d4a19cb53e24ecd3c204194ac975,2026-08-03T20:48:36+00:00
max3d,00677,2023-10-11,18:00:00,evening,three_digit_tiers,,,https://www.vietlott.vn/vi/trung-thuong/ket-qua-trung-thuong/max-3D?id=00677&nocatche=1,065f5f24e2e945a8f21cd5e005574c9f4f6d61acaa1942dd7f6bbdf2344d4067,2026-08-03T20:48:36+00:00
max3d,00678,2023-10-13,18:00:00,evening,three_digit_tiers,,,https://www.vietlott.vn/vi/trung-thuong/ket-qua-trung-thuong/max-3D?id=00678&nocatche=1,1b6999893782da54ddf2ef661040397f7cc6115adb51258e4a628f7c76546693,2026-08-03T20:48:36+00:00
max3d,00679,2023-10-16,18:00:00,evening,three_digit_tiers,,,https://www.vietlott.vn/vi/trung-thuong/ket-qua-trung-thuong/max-3D?id=00679&nocatche=1,08307e17f5921f638959f7b4518cd8929323dd4f0220b0d2f8562d49866904f8,2026-08-03T20:48:36+00:00
max3d,00680,2023-10-18,18:00:00,evening,three_digit_tiers,,,https://www.vietlott.vn/vi/trung-thuong/ket-qua-trung-thuong/max-3D?id=00680&nocatche=1,417b4114ed2e0e6b6e3faa40458cf56f02e1bb01313dc6975611ffb6d5f9090c,2026-08-03T20:48:35+00:00
max3d,00681,2023-10-20,18:00:00,evening,three_digit_tiers,,,https://www.vietlott.vn/vi/trung-thuong/ket-qua-trung-thuong/max-3D?id=00681&nocatche=1,09dcf2b32621bf74b4dfe3112f4b411bf71effd80d7d1b508b0ec831eeadba0b,2026-08-03T20:48:34+00:00
max3d,00682,2023-10-23,18:00:00,evening,three_digit_tiers,,,https://www.vietlott.vn/vi/trung-thuong/ket-qua-trung-thuong/max-3D?id=00682&nocatche=1,1def8fd5a84a791ae4ee13f2a24f77d6b58f5eec7487ebcfbd44d8f8d29fb594,2026-08-03T20:48:34+00:00
max3d,00683,2023-10-25,18:00:00,evening,three_digit_tiers,,,https://www.vietlott.vn/vi/trung-thuong/ket-qua-trung-thuong/max-3D?id=00683&nocatche=1,8eeead199db53864896ffdb8d81b8d8930bbacf504fcc53c7662c7ebc8d11c8b,2026-08-03T20:48:34+00:00
max3d,00684,2023-10-27,18:00:00,evening,three_digit_tiers,,,https://www.vietlott.vn/vi/trung-thuong/ket-qua-trung-thuong/max-3D?id=00684&nocatche=1,2d3de164d41a13239b46e0ec653f02e1a05a9f676cb612ead1c845a6fd675c3c,2026-08-03T20:48:33+00:00
max3d,00685,2023-10-30,18:00:00,evening,three_digit_tiers,,,https://www.vietlott.vn/vi/trung-thuong/ket-qua-trung-thuong/max-3D?id=00685&nocatche=1,0074f256efc9adc9027f9ee95f452dd8691cc4227098871d3ea1dd648d0d28cb,2026-08-03T20:48:33+00:00
max3d,00686,2023-11-01,18:00:00,evening,three_digit_tiers,,,https://www.vietlott.vn/vi/trung-thuong/ket-qua-trung-thuong/max-3D?id=00686&nocatche=1,985766b83486470e8a649218ed3148aeff1c321359fec02e3a78e4195b0d4ce2,2026-08-03T20:48:33+00:00
max3d,00687,2023-11-03,18:00:00,evening,three_digit_tiers,,,https://www.vietlott.vn/vi/trung-thuong/ket-qua-trung-thuong/max-3D?id=00687&nocatche=1,6eff2b6fd41a4b9ecd7db9f90e5455eba12850416814614db208c2dceb25ec74,2026-08-03T20:48:31+00:00
max3d,00688,2023-11-06,18:00:00,evening,three_digit_tiers,,,https://www.vietlott.vn/vi/trung-thuong/ket-qua-trung-thuong/max-3D?id=00688&nocatche=1,7081b01f15ab67017c1921a243a5130ae282052de6cb7f30b06b4820526bdc6e,2026-08-03T20:48:31+00:00
max3d,00689,2023-11-08,18:00:00,evening,three_digit_tiers,,,https://www.vietlott.vn/vi/trung-thuong/ket-qua-trung-thuong/max-3D?id=00689&nocatche=1,fa35b096fabbdb546e648ccaca8395049fd121ed903d74a0acee99da9d8dd829,2026-08-03T20:48:31+00:00
max3d,00690,2023-11-10,18:00:00,evening,three_digit_tiers,,,https://www.vietlott.vn/vi/trung-thuong/ket-qua-trung-thuong/max-3D?id=00690&nocatche=1,01e3a9cb3519ed7a5ad85aca97a9046e8425b61ef2cefe6d3eeb363a6d84882e,2026-08-03T20:48:29+00:00
max3d,00691,2023-11-13,18:00:00,evening,three_digit_tiers,,,https://www.vietlott.vn/vi/trung-thuong/ket-qua-trung-thuong/max-3D?id=00691&nocatche=1,e6a811e69f1a427b1e971feb1d3ca9c33df8731529845ac966aed0db546aff03,2026-08-03T20:48:29+00:00
max3d,00692,2023-11-15,18:00:00,evening,three_digit_tiers,,,https://www.vietlott.vn/vi/trung-thuong/ket-qua-trung-thuong/max-3D?id=00692&nocatche=1,ae0f56aa6a1ff067dbffc8c92bd70e7ea13974629f41deb3d8cb0518c4fb2843,2026-08-03T20:48:29+00:00
max3d,00693,2023-11-17,18:00:00,evening,three_digit_tiers,,,https://www.vietlott.vn/vi/trung-thuong/ket-qua-trung-thuong/max-3D?id=00693&nocatche=1,c616f9c1006ee33e51e0738b075638e7b5927cd2e1cd08a8fdf389f52f51a7d0,2026-08-03T20:48:28+00:00
max3d,00694,2023-11-20,18:00:00,evening,three_digit_tiers,,,https://www.vietlott.vn/vi/trung-thuong/ket-qua-trung-thuong/max-3D?id=00694&nocatche=1,e3879709405aa1649583ef0ecba2dc7d960cddc7eb387fd75e46efa4c13044f1,2026-08-03T20:48:27+00:00
max3d,00695,2023-11-22,18:00:00,evening,three_digit_tiers,,,https://www.vietlott.vn/vi/trung-thuong/ket-qua-trung-thuong/max-3D?id=00695&nocatche=1,c6975696f9092c10535d68c28f91cb6035d8943c6c1aadfbc6f19425acff9623,2026-08-03T20:48:27+00:00
max3d,00696,2023-11-24,18:00:00,evening,three_digit_tiers,,,https://www.vietlott.vn/vi/trung-thuong/ket-qua-trung-thuong/max-3D?id=00696&nocatche=1,c7ad83d6d33cb1852cd0457b53846b4e6a120581823b83b61796e3a886f692a7,2026-08-03T20:48:27+00:00
max3d,00697,2023-11-27,18:00:00,evening,three_digit_tiers,,,https://www.vietlott.vn/vi/trung-thuong/ket-qua-trung-thuong/max-3D?id=00697&nocatche=1,c3d72e7074b989804e35d0089c70951ddd5157e2350e0996057a1144b38bc8e7,2026-08-03T20:48:33+00:00
max3d,00698,2023-11-29,18:00:00,evening,three_digit_tiers,,,https://www.vietlott.vn/vi/trung-thuong/ket-qua-trung-thuong/max-3D?id=00698&nocatche=1,300b65ba2e94db4b709330b4e0fda7e9d58c0a9c3c072f9bf9af069b80121d4d,2026-08-03T20:48:26+00:00
max3d,00699,2023-12-01,18:00:00,evening,three_digit_tiers,,,https://www.vietlott.vn/vi/trung-thuong/ket-qua-trung-thuong/max-3D?id=00699&nocatche=1,0a8b1cbc703a48e51e0301824bd7aec2f9aa608ddbcc697a4e05020043db75db,2026-08-03T20:48:26+00:00
max3d,00700,2023-12-04,18:00:00,evening,three_digit_tiers,,,https://www.vietlott.vn/vi/trung-thuong/ket-qua-trung-thuong/max-3D?id=00700&nocatche=1,01d86162a8df2e14ec04a782ccf0594900a52272a0b9beed5b8cc44360c3e484,2026-08-03T20:48:25+00:00
max3d,00701,2023-12-06,18:00:00,evening,three_digit_tiers,,,https://www.vietlott.vn/vi/trung-thuong/ket-qua-trung-thuong/max-3D?id=00701&nocatche=1,17b79759c03228cc83d83a11cc5b65add9304113e2fa2d684c842332be03de53,2026-08-03T20:48:26+00:00
max3d,00702,2023-12-08,18:00:00,evening,three_digit_tiers,,,https://www.vietlott.vn/vi/trung-thuong/ket-qua-trung-thuong/max-3D?id=00702&nocatche=1,b2f8b1e142902401dd1e9c0411237e546bc0b20a4e911fb81ced2545da438e82,2026-08-03T20:48:25+00:00
max3d,00703,2023-12-11,18:00:00,evening,three_digit_tiers,,,https://www.vietlott.vn/vi/trung-thuong/ket-qua-trung-thuong/max-3D?id=00703&nocatche=1,acffa2d017d9facf1bcd7a094e2a69d3e069e4fe37848fed736216b8b84be3da,2026-08-03T20:48:26+00:00
max3d,00704,2023-12-13,18:00:00,evening,three_digit_tiers,,,https://www.vietlott.vn/vi/trung-thuong/ket-qua-trung-thuong/max-3D?id=00704&nocatche=1,1b3bb5c4dff67da0c689646da5d15ee5ba0d7fcefe3ae6083e25575e3fcd3c6c,2026-08-03T20:48:24+00:00
max3d,00705,2023-12-15,18:00:00,evening,three_digit_tiers,,,https://www.vietlott.vn/vi/trung-thuong/ket-qua-trung-thuong/max-3D?id=00705&nocatche=1,cfcf423a9d48c657744282ab94fdd1fde385b3696303b941fee118142d818b7a,2026-08-03T20:48:11+00:00
max3d,00706,2023-12-18,18:00:00,evening,three_digit_tiers,,,https://www.vietlott.vn/vi/trung-thuong/ket-qua-trung-thuong/max-3D?id=00706&nocatche=1,d845be0a0a4f23b05eb9e9b93d94f727c49667a03bbe055975adcf49862cb13b,2026-08-03T20:48:10+00:00
max3d,00707,2023-12-20,18:00:00,evening,three_digit_tiers,,,https://www.vietlott.vn/vi/trung-thuong/ket-qua-trung-thuong/max-3D?id=00707&nocatche=1,5f868e5fe3a6eec6ac9750a17b2b1cdccbc7af97acc7bd1118f3c8115a1d27c2,2026-08-03T20:48:10+00:00
max3d,00708,2023-12-22,18:00:00,evening,three_digit_tiers,,,https://www.vietlott.vn/vi/trung-thuong/ket-qua-trung-thuong/max-3D?id=00708&nocatche=1,51bb706bc6594a5e6caf0d1af9cc1fc32eb15b846a38407df22bdc60ce9b19bb,2026-08-03T20:48:11+00:00
max3d,00709,2023-12-25,18:00:00,evening,three_digit_tiers,,,https://www.vietlott.vn/vi/trung-thuong/ket-qua-trung-thuong/max-3D?id=00709&nocatche=1,efdcf2613a589dc0126bdcb74a10393686746185299db781ac314320016d97b6,2026-08-03T20:48:10+00:00
max3d,00710,2023-12-27,18:00:00,evening,three_digit_tiers,,,https://www.vietlott.vn/vi/trung-thuong/ket-qua-trung-thuong/max-3D?id=00710&nocatche=1,cbcc17f0f0177b9a6c470aef61a3e4cd1547f1575051a410ad22198370faa1e2,2026-08-03T20:48:10+00:00
max3d,00711,2023-12-29,18:00:00,evening,three_digit_tiers,,,https://www.vietlott.vn/vi/trung-thuong/ket-qua-trung-thuong/max-3D?id=00711&nocatche=1,95eb1c1cb9e06ee9157d971695ef99d0b2cec2805da8d2e807aaab064ce324bf,2026-08-03T20:48:09+00:00
max3d,00712,2024-01-01,18:00:00,evening,three_digit_tiers,,,https://www.vietlott.vn/vi/trung-thuong/ket-qua-trung-thuong/max-3D?id=00712&nocatche=1,8a8df88bcd4170a06280529c24c36c4e7fce24e1029e0cc1fa7246d46b5f053a,2026-08-03T20:48:09+00:00
max3d,00713,2024-01-03,18:00:00,evening,three_digit_tiers,,,https://www.vietlott.vn/vi/trung-thuong/ket-qua-trung-thuong/max-3D?id=00713&nocatche=1,162f311d8fc97f8278a1813f0cee59043e6c7dd0634afc8628b8593bd5d28756,2026-08-03T20:48:09+00:00
max3d,00714,2024-01-05,18:00:00,evening,three_digit_tiers,,,https://www.vietlott.vn/vi/trung-thuong/ket-qua-trung-thuong/max-3D?id=00714&nocatche=1,0ca329598db34203c5d46701cb7367be9fdd31eb60debfe9c5404f3c9e6ead64,2026-08-03T20:48:09+00:00
max3d,00715,2024-01-08,18:00:00,evening,three_digit_tiers,,,https://www.vietlott.vn/vi/trung-thuong/ket-qua-trung-thuong/max-3D?id=00715&nocatche=1,8944abebdb36fef4d1732e0275de0670c367fc767ab0b8d599731f9e905a6105,2026-08-03T20:48:08+00:00
max3d,00716,2024-01-10,18:00:00,evening,three_digit_tiers,,,https://www.vietlott.vn/vi/trung-thuong/ket-qua-trung-thuong/max-3D?id=00716&nocatche=1,f07ac38a25e7479aa82fb95ecca342532e717508d79504bca6123023cb390dcd,2026-08-03T20:48:08+00:00
max3d,00717,2024-01-12,18:00:00,evening,three_digit_tiers,,,https://www.vietlott.vn/vi/trung-thuong/ket-qua-trung-thuong/max-3D?id=00717&nocatche=1,94b056589298855b12d41d24bee23f73cf60a647b77255bb32ec90deccc6f825,2026-08-03T20:48:07+00:00
max3d,00718,2024-01-15,18:00:00,evening,three_digit_tiers,,,https://www.vietlott.vn/vi/trung-thuong/ket-qua-trung-thuong/max-3D?id=00718&nocatche=1,27fc467f47c8106ddf4a1396ecce85581473e9d712746fe72696275873b1afb5,2026-08-03T20:48:07+00:00
max3d,00719,2024-01-17,18:00:00,evening,three_digit_tiers,,,https://www.vietlott.vn/vi/trung-thuong/ket-qua-trung-thuong/max-3D?id=00719&nocatche=1,6706619992dc366573aeecbad644728a9b9d704a00939ff118d98d70830e5320,2026-08-03T20:48:07+00:00
max3d,00720,2024-01-19,18:00:00,evening,three_digit_tiers,,,https://www.vietlott.vn/vi/trung-thuong/ket-qua-trung-thuong/max-3D?id=00720&nocatche=1,8a56b6e293eb0b463fdab5ce69c636b244855808b0786d81345839bc7c9a7705,2026-08-03T20:48:07+00:00
max3d,00721,2024-01-22,18:00:00,evening,three_digit_tiers,,,https://www.vietlott.vn/vi/trung-thuong/ket-qua-trung-thuong/max-3D?id=00721&nocatche=1,e8284239a0bfea140cb13bb292e2b41d386b5f2fac2cd9e433b14355e1b2f227,2026-08-03T20:48:06+00:00
max3d,00722,2024-01-24,18:00:00,evening,three_digit_tiers,,,https://www.vietlott.vn/vi/trung-thuong/ket-qua-trung-thuong/max-3D?id=00722&nocatche=1,1337685b71ba1598e60fd236cd8f0f51b8ab2541d46318051c62ee880f06e7b2,2026-08-03T20:48:06+00:00
max3d,00723,2024-01-26,18:00:00,evening,three_digit_tiers,,,https://www.vietlott.vn/vi/trung-thuong/ket-qua-trung-thuong/max-3D?id=00723&nocatche=1,aed46f7b4252681a2d0ae219a7e767e79ea3dd01521bc334e95456e5f3b02515,2026-08-03T20:48:04+00:00
max3d,00724,2024-01-29,18:00:00,evening,three_digit_tiers,,,https://www.vietlott.vn/vi/trung-thuong/ket-qua-trung-thuong/max-3D?id=00724&nocatche=1,03b2fb14c251601d00f16cfd00f89ee9d9e233e1f3a5b72a257f33942a732ba1,2026-08-03T20:48:05+00:00
max3d,00725,2024-01-31,18:00:00,evening,three_digit_tiers,,,https://www.vietlott.vn/vi/trung-thuong/ket-qua-trung-thuong/max-3D?id=00725&nocatche=1,505960a1de876dcd5b07fe567ff2e8f0c74652319fd2dff98aa7374b368ca722,2026-08-03T20:48:00+00:00
max3d,00726,2024-02-02,18:00:00,evening,three_digit_tiers,,,https://www.vietlott.vn/vi/trung-thuong/ket-qua-trung-thuong/max-3D?id=00726&nocatche=1,c4c6df0264652896bafd16d072e85fbaa8ca83ec7e2df6fbcf73f1798df7c959,2026-08-03T20:48:05+00:00
max3d,00727,2024-02-05,18:00:00,evening,three_digit_tiers,,,https://www.vietlott.vn/vi/trung-thuong/ket-qua-trung-thuong/max-3D?id=00727&nocatche=1,bb03a38a4169488ff2d551d1b71b66d0be6ff1b47408e9afbfaf051242d4a4d0,2026-08-03T20:48:00+00:00
max3d,00728,2024-02-07,18:00:00,evening,three_digit_tiers,,,https://www.vietlott.vn/vi/trung-thuong/ket-qua-trung-thuong/max-3D?id=00728&nocatche=1,7ff96645bd064d79870d20e81e0a13403b0cbc82e87c6f164d0e44d9c5ec698c,2026-08-03T20:47:56+00:00
max3d,00729,2024-02-12,18:00:00,evening,three_digit_tiers,,,https://www.vietlott.vn/vi/trung-thuong/ket-qua-trung-thuong/max-3D?id=00729&nocatche=1,0ae104454d6f008782eb42d727581ca7263c16d0458cde1314dd5306a2e11403,2026-08-03T20:47:56+00:00
max3d,00730,2024-02-14,18:00:00,evening,three_digit_tiers,,,https://www.vietlott.vn/vi/trung-thuong/ket-qua-trung-thuong/max-3D?id=00730&nocatche=1,7842a46f4c8bc64cc9198bde73bcfa8272d109062c137f85ac55a11fa3506c3d,2026-08-03T20:47:57+00:00
max3d,00731,2024-02-16,18:00:00,evening,three_digit_tiers,,,https://www.vietlott.vn/vi/trung-thuong/ket-qua-trung-thuong/max-3D?id=00731&nocatche=1,1f31ff7f8ca3d38983e798a46fea7f0244be3f0c5ae1170e8ada2d4142c39c1a,2026-08-03T20:47:56+00:00
max3d,00732,2024-02-19,18:00:00,evening,three_digit_tiers,,,https://www.vietlott.vn/vi/trung-thuong/ket-qua-trung-thuong/max-3D?id=00732&nocatche=1,b9a3fadd34add7356c5534a6e1a65580a4020f45610a3e107f2693148a9f8892,2026-08-03T20:47:55+00:00
max3d,00733,2024-02-21,18:00:00,evening,three_digit_tiers,,,https://www.vietlott.vn/vi/trung-thuong/ket-qua-trung-thuong/max-3D?id=00733&nocatche=1,769418e44b960df8788088eae538c7e0e1a181e7f8a1aa03ed5dcd333d2c689d,2026-08-03T20:47:55+00:00
max3d,00734,2024-02-23,18:00:00,evening,three_digit_tiers,,,https://www.vietlott.vn/vi/trung-thuong/ket-qua-trung-thuong/max-3D?id=00734&nocatche=1,04daf5b30ca28e616553150a2f9cd199de3e9117e24409a58eca614842fa7435,2026-08-03T20:47:55+00:00
max3d,00735,2024-02-26,18:00:00,evening,three_digit_tiers,,,https://www.vietlott.vn/vi/trung-thuong/ket-qua-trung-thuong/max-3D?id=00735&nocatche=1,c6b4ae22cfd4bb659335a177e98048856f99599ace0a2e08a02bb12e580e9beb,2026-08-03T20:47:55+00:00
max3d,00736,2024-02-28,18:00:00,evening,three_digit_tiers,,,https://www.vietlott.vn/vi/trung-thuong/ket-qua-trung-thuong/max-3D?id=00736&nocatche=1,e56dba745f41b82030b239cec58f54768033c44429232f54fa0418c12065a602,2026-08-03T20:47:54+00:00
max3d,00737,2024-03-01,18:00:00,evening,three_digit_tiers,,,https://www.vietlott.vn/vi/trung-thuong/ket-qua-trung-thuong/max-3D?id=00737&nocatche=1,1eeb0f8ecbe207ec6a9ae324eeb061615e168a846f6df5e8a11c1cdfe9b76ed0,2026-08-03T20:47:53+00:00
max3d,00738,2024-03-04,18:00:00,evening,three_digit_tiers,,,https://www.vietlott.vn/vi/trung-thuong/ket-qua-trung-thuong/max-3D?id=00738&nocatche=1,7f6010843d0321944cba5980b8816e03d57ed02c66344c2bf21a4669eedf27cb,2026-08-03T20:47:53+00:00
max3d,00739,2024-03-06,18:00:00,evening,three_digit_tiers,,,https://www.vietlott.vn/vi/trung-thuong/ket-qua-trung-thuong/max-3D?id=00739&nocatche=1,ede562622aa77ffba8cf8a57420663bfa36da1c32bd0f1ae24a0ad9d72361d78,2026-08-03T20:47:53+00:00
max3d,00740,2024-03-08,18:00:00,evening,three_digit_tiers,,,https://www.vietlott.vn/vi/trung-thuong/ket-qua-trung-thuong/max-3D?id=00740&nocatche=1,2a3ada775b5ea820ecfec060d86eafed5752862186864fcaa39ce6a1797a2aa7,2026-08-03T20:48:24+00:00
max3d,00741,2024-03-11,18:00:00,evening,three_digit_tiers,,,https://www.vietlott.vn/vi/trung-thuong/ket-qua-trung-thuong/max-3D?id=00741&nocatche=1,8cde89f83099011f030490fb9c7d9942c7b51874647cf98cfc53327b3911e4a7,2026-08-03T20:48:16+00:00
max3d,00742,2024-03-13,18:00:00,evening,three_digit_tiers,,,https://www.vietlott.vn/vi/trung-thuong/ket-qua-trung-thuong/max-3D?id=00742&nocatche=1,095c0b8b57063b5a059ceacf358a12b764e354830eb76f20d785af7a334f74a5,2026-08-03T20:48:16+00:00
max3d,00743,2024-03-15,18:00:00,evening,three_digit_tiers,,,https://www.vietlott.vn/vi/trung-thuong/ket-qua-trung-thuong/max-3D?id=00743&nocatche=1,ab6331f479d311d5d709af32f9404d64787c9cb31501ccc11068b66658af2e58,2026-08-03T20:48:13+00:00
max3d,00744,2024-03-18,18:00:00,evening,three_digit_tiers,,,https://www.vietlott.vn/vi/trung-thuong/ket-qua-trung-thuong/max-3D?id=00744&nocatche=1,032b7f74dda308bda0f63281b4bbcb1392f6ce5b7dc2062d25262e35b5d83f44,2026-08-03T20:48:15+00:00
max3d,00745,2024-03-20,18:00:00,evening,three_digit_tiers,,,https://www.vietlott.vn/vi/trung-thuong/ket-qua-trung-thuong/max-3D?id=00745&nocatche=1,e6734d834e86b73d3fc9b16b032c60ff06b617e143253967fa1372cc217373ab,2026-08-03T20:47:53+00:00
max3d,00746,2024-03-22,18:00:00,evening,three_digit_tiers,,,https://www.vietlott.vn/vi/trung-thuong/ket-qua-trung-thuong/max-3D?id=00746&nocatche=1,65e44da30a70362bd39d8f3000103fc2e026d7806ed3e1797e016788429e2ce5,2026-08-03T20:47:51+00:00
max3d,00747,2024-03-25,18:00:00,evening,three_digit_tiers,,,https://www.vietlott.vn/vi/trung-thuong/ket-qua-trung-thuong/max-3D?id=00747&nocatche=1,f522a596c3173f8fd5a044a411350637819663e3c784299a5c3d34610d5e2169,2026-08-03T20:47:51+00:00
max3d,00748,2024-03-27,18:00:00,evening,three_digit_tiers,,,https://www.vietlott.vn/vi/trung-thuong/ket-qua-trung-thuong/max-3D?id=00748&nocatche=1,65a6e145779009cc27444766b2ef063f9965819fcd159082af4da5886e48782e,2026-08-03T20:47:51+00:00
max3d,00749,2024-03-29,18:00:00,evening,three_digit_tiers,,,https://www.vietlott.vn/vi/trung-thuong/ket-qua-trung-thuong/max-3D?id=00749&nocatche=1,a9df6fee8bf97a68dc5a10a730e073409b81b383b24d51fb173048c0b15722f2,2026-08-03T20:47:52+00:00
max3d,00750,2024-04-01,18:00:00,evening,three_digit_tiers,,,https://www.vietlott.vn/vi/trung-thuong/ket-qua-trung-thuong/max-3D?id=00750&nocatche=1,58efbe073314c663f73b486ee02a038758a0c304dc428b4abac4d79942602916,2026-08-03T20:47:51+00:00
max3d,00751,2024-04-03,18:00:00,evening,three_digit_tiers,,,https://www.vietlott.vn/vi/trung-thuong/ket-qua-trung-thuong/max-3D?id=00751&nocatche=1,63bb36cc58d321bbe69aafa46ab6fbdbac7f0d4e93654e7a032d7282fc90856b,2026-08-03T20:47:50+00:00
max3d,00752,2024-04-05,18:00:00,evening,three_digit_tiers,,,https://www.vietlott.vn/vi/trung-thuong/ket-qua-trung-thuong/max-3D?id=00752&nocatche=1,835526f74d725c04a4638dd66907da920b858056d768619cad0d6db6b389dd51,2026-08-03T20:47:50+00:00
max3d,00753,2024-04-08,18:00:00,evening,three_digit_tiers,,,https://www.vietlott.vn/vi/trung-thuong/ket-qua-trung-thuong/max-3D?id=00753&nocatche=1,c92bd2e9c9d660ef3fec35f20a182475bca37ef2a7b7de3ab68e58372277f499,2026-08-03T20:47:50+00:00
max3d,00754,2024-04-10,18:00:00,evening,three_digit_tiers,,,https://www.vietlott.vn/vi/trung-thuong/ket-qua-trung-thuong/max-3D?id=00754&nocatche=1,f8cc38e09fa23c5fca20fc0a4e1f6a57b6078f280230e0454d5ebd71dbf3bfd0,2026-08-03T20:47:49+00:00
max3d,00755,2024-04-12,18:00:00,evening,three_digit_tiers,,,https://www.vietlott.vn/vi/trung-thuong/ket-qua-trung-thuong/max-3D?id=00755&nocatche=1,97eabbbded6d154cd9cc594d0945b6026339212e913c8a9197102530b385e770,2026-08-03T20:47:50+00:00
max3d,00756,2024-04-15,18:00:00,evening,three_digit_tiers,,,https://www.vietlott.vn/vi/trung-thuong/ket-qua-trung-thuong/max-3D?id=00756&nocatche=1,58b02086004c595759dae124e11046aec9885f9e6cdca8a9b411daac94df8fda,2026-08-03T20:47:49+00:00
max3d,00757,2024-04-17,18:00:00,evening,three_digit_tiers,,,https://www.vietlott.vn/vi/trung-thuong/ket-qua-trung-thuong/max-3D?id=00757&nocatche=1,5211adec357497f061dcce40d2798e34ab17d6aeccb921e3d004ca960fb2365b,2026-08-03T20:47:49+00:00
max3d,00758,2024-04-19,18:00:00,evening,three_digit_tiers,,,https://www.vietlott.vn/vi/trung-thuong/ket-qua-trung-thuong/max-3D?id=00758&nocatche=1,b0e30243b5413b296a79cd63c06dba0c829307c0f2c23655dd557232e446afef,2026-08-03T20:47:48+00:00
max3d,00759,2024-04-22,18:00:00,evening,three_digit_tiers,,,https://www.vietlott.vn/vi/trung-thuong/ket-qua-trung-thuong/max-3D?id=00759&nocatche=1,55236dc9f051736ed5421576118b72c487febc88f9f69ad41875c9cb7db237bd,2026-08-03T20:47:48+00:00
max3d,00760,2024-04-24,18:00:00,evening,three_digit_tiers,,,https://www.vietlott.vn/vi/trung-thuong/ket-qua-trung-thuong/max-3D?id=00760&nocatche=1,d6fbb9ce22b7ef05a0faceefc3a2b2d66b2e6f9286f8ebd7ba262a3567cb43ca,2026-08-03T20:47:47+00:00
max3d,00761,2024-04-26,18:00:00,evening,three_digit_tiers,,,https://www.vietlott.vn/vi/trung-thuong/ket-qua-trung-thuong/max-3D?id=00761&nocatche=1,238d4db1e5951bd9d905a00c536e5d48ed4821b80ccf766cbd3078558ad5abca,2026-08-03T20:47:47+00:00
max3d,00762,2024-04-29,18:00:00,evening,three_digit_tiers,,,https://www.vietlott.vn/vi/trung-thuong/ket-qua-trung-thuong/max-3D?id=00762&nocatche=1,440c053a2d9afce011cbe99566cd63a8534e4d99a6e82f5d0991e1a9daf60b38,2026-08-03T20:47:47+00:00
max3d,00763,2024-05-01,18:00:00,evening,three_digit_tiers,,,https://www.vietlott.vn/vi/trung-thuong/ket-qua-trung-thuong/max-3D?id=00763&nocatche=1,b9e731d0517dea01ad144985b8ae6f607ebbdf1c82af61675918446553e21155,2026-08-03T20:47:46+00:00
max3d,00764,2024-05-03,18:00:00,evening,three_digit_tiers,,,https://www.vietlott.vn/vi/trung-thuong/ket-qua-trung-thuong/max-3D?id=00764&nocatche=1,9040c2773aa809d4b802a2b76de25225ea8a6c368d4422595dba2e3ebaeaec06,2026-08-03T20:47:46+00:00
max3d,00765,2024-05-06,18:00:00,evening,three_digit_tiers,,,https://www.vietlott.vn/vi/trung-thuong/ket-qua-trung-thuong/max-3D?id=00765&nocatche=1,e0ef60259871d5c6ed579799e567922d015eba16388239fca7a6f4812727bff1,2026-08-03T20:47:46+00:00
max3d,00766,2024-05-08,18:00:00,evening,three_digit_tiers,,,https://www.vietlott.vn/vi/trung-thuong/ket-qua-trung-thuong/max-3D?id=00766&nocatche=1,f0d1b0c798f7f4436b21dbcb3b770b5492d446b252b01d66009255a9a943b82b,2026-08-03T20:47:45+00:00
max3d,00767,2024-05-10,18:00:00,evening,three_digit_tiers,,,https://www.vietlott.vn/vi/trung-thuong/ket-qua-trung-thuong/max-3D?id=00767&nocatche=1,3cbc9bb4c3965133fcfe1f2189ceff0f79e4b07bd29a5bc6be68032770a1d301,2026-08-03T20:47:46+00:00
max3d,00768,2024-05-13,18:00:00,evening,three_digit_tiers,,,https://www.vietlott.vn/vi/trung-thuong/ket-qua-trung-thuong/max-3D?id=00768&nocatche=1,063aec1f0e2017776802061b9198c39c1a4f23ef549fa7c789ca536ef8caf097,2026-08-03T20:47:45+00:00
max3d,00769,2024-05-15,18:00:00,evening,three_digit_tiers,,,https://www.vietlott.vn/vi/trung-thuong/ket-qua-trung-thuong/max-3D?id=00769&nocatche=1,2780ef493319a4a2e89aa3217c383be79957b45391b97949aa151463045ec66f,2026-08-03T20:47:44+00:00
max3d,00770,2024-05-17,18:00:00,evening,three_digit_tiers,,,https://www.vietlott.vn/vi/trung-thuong/ket-qua-trung-thuong/max-3D?id=00770&nocatche=1,af66b99ac204fb56ef4cf3f13e978dcef99f2317eca35de1f567a8c1384efe89,2026-08-03T20:48:24+00:00
max3d,00771,2024-05-20,18:00:00,evening,three_digit_tiers,,,https://www.vietlott.vn/vi/trung-thuong/ket-qua-trung-thuong/max-3D?id=00771&nocatche=1,92ffa150d680d10c2783af59af37b6e640442d4c4de8f9f3e6524dfac7d433bf,2026-08-03T20:48:21+00:00
max3d,00772,2024-05-22,18:00:00,evening,three_digit_tiers,,,https://www.vietlott.vn/vi/trung-thuong/ket-qua-trung-thuong/max-3D?id=00772&nocatche=1,5ab8f105cba10212d67ad20b49d6347ce59f276572fe838dc79e6a7920bce892,2026-08-03T20:48:18+00:00
max3d,00773,2024-05-24,18:00:00,evening,three_digit_tiers,,,https://www.vietlott.vn/vi/trung-thuong/ket-qua-trung-thuong/max-3D?id=00773&nocatche=1,752f670f789fa53f9f74044f5780b78a63e89b0ed12919f67d231ac815edc14c,2026-08-03T20:48:24+00:00
max3d,00774,2024-05-27,18:00:00,evening,three_digit_tiers,,,https://www.vietlott.vn/vi/trung-thuong/ket-qua-trung-thuong/max-3D?id=00774&nocatche=1,9b946ccf26181fbcb0a0c88caaf997c0128555531bb812cb8f5d7a47389a0dcf,2026-08-03T20:48:22+00:00
max3d,00775,2024-05-29,18:00:00,evening,three_digit_tiers,,,https://www.vietlott.vn/vi/trung-thuong/ket-qua-trung-thuong/max-3D?id=00775&nocatche=1,74e465dff997ffa7c71d11359154bfb2419a6e493629757f17181560eec91d62,2026-08-03T20:48:13+00:00
max3d,00776,2024-05-31,18:00:00,evening,three_digit_tiers,,,https://www.vietlott.vn/vi/trung-thuong/ket-qua-trung-thuong/max-3D?id=00776&nocatche=1,892e9fe3c6945415d5966d2be485ceb525651c21c7ff928a18bd621bf4cf3817,2026-08-03T20:48:13+00:00
max3d,00777,2024-06-03,18:00:00,evening,three_digit_tiers,,,https://www.vietlott.vn/vi/trung-thuong/ket-qua-trung-thuong/max-3D?id=00777&nocatche=1,c7feac8f7659e5b66abceb89c7b7e9f566ad9b5ac773888e09bb4b92edecd43f,2026-08-03T20:48:12+00:00
max3d,00778,2024-06-05,18:00:00,evening,three_digit_tiers,,,https://www.vietlott.vn/vi/trung-thuong/ket-qua-trung-thuong/max-3D?id=00778&nocatche=1,5763f850dd7b09a298a35da31e60e9d5aa6a0b102d4277ccf80b341158ffe45c,2026-08-03T20:48:12+00:00
max3d,00779,2024-06-07,18:00:00,evening,three_digit_tiers,,,https://www.vietlott.vn/vi/trung-thuong/ket-qua-trung-thuong/max-3D?id=00779&nocatche=1,88efd49258d40bd3da36cdb2f66876741109ed399e5c7898d84832fc1ea09abc,2026-08-03T20:48:12+00:00
max3d,00780,2024-06-10,18:00:00,evening,three_digit_tiers,,,https://www.vietlott.vn/vi/trung-thuong/ket-qua-trung-thuong/max-3D?id=00780&nocatche=1,478f28281bd07be846b9a9cc90eb8d77e5d3aa08aee1d0729e260a8694180d5d,2026-08-03T20:47:44+00:00
max3d,00781,2024-06-12,18:00:00,evening,three_digit_tiers,,,https://www.vietlott.vn/vi/trung-thuong/ket-qua-trung-thuong/max-3D?id=00781&nocatche=1,e4327135a4beaf816278766644793d72c62bebdf5e9fbe2ad85c5618c87e56b9,2026-08-03T20:47:44+00:00
max3d,00782,2024-06-14,18:00:00,evening,three_digit_tiers,,,https://www.vietlott.vn/vi/trung-thuong/ket-qua-trung-thuong/max-3D?id=00782&nocatche=1,90a6cb3a06eec909e3ea98820af64c0e36d85477be01932d7b1c264da01149d1,2026-08-03T20:47:44+00:00
max3d,00783,2024-06-17,18:00:00,evening,three_digit_tiers,,,https://www.vietlott.vn/vi/trung-thuong/ket-qua-trung-thuong/max-3D?id=00783&nocatche=1,a37576ddebb9ef45cbc3f2bf351428fee2da656395feb4d6d80108a00c108b13,2026-08-03T20:47:43+00:00
max3d,00784,2024-06-19,18:00:00,evening,three_digit_tiers,,,https://www.vietlott.vn/vi/trung-thuong/ket-qua-trung-thuong/max-3D?id=00784&nocatche=1,f0b53ea00d6981d16eca3d1cb1028fa0c599eb262c194c2ed25c3a37769094b6,2026-08-03T20:47:43+00:00
max3d,00785,2024-06-21,18:00:00,evening,three_digit_tiers,,,https://www.vietlott.vn/vi/trung-thuong/ket-qua-trung-thuong/max-3D?id=00785&nocatche=1,cac7ac1cabd47f7de58fcadc862956777b86c22802711f17ea48fac62d344ab3,2026-08-03T20:47:42+00:00
max3d,00786,2024-06-24,18:00:00,evening,three_digit_tiers,,,https://www.vietlott.vn/vi/trung-thuong/ket-qua-trung-thuong/max-3D?id=00786&nocatche=1,30c77b40a145d4254b3e0816122002ce5553a1a2532e538f944bf6ef043c9beb,2026-08-03T20:47:42+00:00
max3d,00787,2024-06-26,18:00:00,evening,three_digit_tiers,,,https://www.vietlott.vn/vi/trung-thuong/ket-qua-trung-thuong/max-3D?id=00787&nocatche=1,d55464bae765ccb0e25cb5b8a92c15e39f796d8d0238ee6c36fef0f222d22732,2026-08-03T20:47:42+00:00
max3d,00788,2024-06-28,18:00:00,evening,three_digit_tiers,,,https://www.vietlott.vn/vi/trung-thuong/ket-qua-trung-thuong/max-3D?id=00788&nocatche=1,2f59f8891672529cf4a699a5db60ad1877ab2bdadea5b02f498fb02bd317611c,2026-08-03T20:47:42+00:00
max3d,00789,2024-07-01,18:00:00,evening,three_digit_tiers,,,https://www.vietlott.vn/vi/trung-thuong/ket-qua-trung-thuong/max-3D?id=00789&nocatche=1,aed1242a5e10c04c270889ed248e524b36a1f41877798f36d07f4456b2e20928,2026-08-03T20:47:40+00:00
max3d,00790,2024-07-03,18:00:00,evening,three_digit_tiers,,,https://www.vietlott.vn/vi/trung-thuong/ket-qua-trung-thuong/max-3D?id=00790&nocatche=1,5eb5ebe881cdbc3ecf79a49edc6c929c607a5b9ab7ae589cff9e8c878488c019,2026-08-03T20:47:40+00:00
max3d,00791,2024-07-05,18:00:00,evening,three_digit_tiers,,,https://www.vietlott.vn/vi/trung-thuong/ket-qua-trung-thuong/max-3D?id=00791&nocatche=1,a1728f641bb51614d605db4b54bf610edbd7dd43d0f5d348f940a261a8dd75f1,2026-08-03T20:47:40+00:00
max3d,00792,2024-07-08,18:00:00,evening,three_digit_tiers,,,https://www.vietlott.vn/vi/trung-thuong/ket-qua-trung-thuong/max-3D?id=00792&nocatche=1,33ecad88a68921ef0d495deeeead2793310e32df32c27940430b6750622de52b,2026-08-03T20:47:40+00:00
max3d,00793,2024-07-10,18:00:00,evening,three_digit_tiers,,,https://www.vietlott.vn/vi/trung-thuong/ket-qua-trung-thuong/max-3D?id=00793&nocatche=1,ebf54c48e485fb53992a9a1692e1ec906daf22b20cc8c961d57e6631e42cd628,2026-08-03T20:47:39+00:00
max3d,00794,2024-07-12,18:00:00,evening,three_digit_tiers,,,https://www.vietlott.vn/vi/trung-thuong/ket-qua-trung-thuong/max-3D?id=00794&nocatche=1,2fb138ffe3db63dd4f7d2a533413c15bc71f7c7325389cf4775c9361a5349366,2026-08-03T20:47:39+00:00
max3d,00795,2024-07-15,18:00:00,evening,three_digit_tiers,,,https://www.vietlott.vn/vi/trung-thuong/ket-qua-trung-thuong/max-3D?id=00795&nocatche=1,4af31cc3db81cd2c1bb10fe34acd7731e48b4aff511f5876f960e218a2150067,2026-08-03T20:47:39+00:00
max3d,00796,2024-07-17,18:00:00,evening,three_digit_tiers,,,https://www.vietlott.vn/vi/trung-thuong/ket-qua-trung-thuong/max-3D?id=00796&nocatche=1,8b640746fea9098d95e937576cc7ed50c941a2086613b1cb7897631e867b17c9,2026-08-03T20:47:39+00:00
max3d,00797,2024-07-19,18:00:00,evening,three_digit_tiers,,,https://www.vietlott.vn/vi/trung-thuong/ket-qua-trung-thuong/max-3D?id=00797&nocatche=1,36b473386e0bd88741635a2308a1ac6173521e5fcbd5009f8b515c2ad1e92654,2026-08-03T20:47:38+00:00
max3d,00798,2024-07-22,18:00:00,evening,three_digit_tiers,,,https://www.vietlott.vn/vi/trung-thuong/ket-qua-trung-thuong/max-3D?id=00798&nocatche=1,6b4696950ce645235e06b9af6f7080dd8b74fc76e25be15b65e2a2fe17a34bcd,2026-08-03T20:47:38+00:00
max3d,00799,2024-07-24,18:00:00,evening,three_digit_tiers,,,https://www.vietlott.vn/vi/trung-thuong/ket-qua-trung-thuong/max-3D?id=00799&nocatche=1,394a35009c2f45b6290408d46090d29949c05fd82f4b05e635c226aa05101527,2026-08-03T20:47:38+00:00
max3d,00800,2024-07-26,18:00:00,evening,three_digit_tiers,,,https://www.vietlott.vn/vi/trung-thuong/ket-qua-trung-thuong/max-3D?id=00800&nocatche=1,f1a0fbd54c8727f2889b536ba54e6feade561ed96dc8d7ea8cccb9d51cf6d122,2026-08-03T20:47:37+00:00
max3d,00801,2024-07-29,18:00:00,evening,three_digit_tiers,,,https://www.vietlott.vn/vi/trung-thuong/ket-qua-trung-thuong/max-3D?id=00801&nocatche=1,468d48606dbeccf2624d990eb3012761e5fee04229540fc8df7b0dd3720fa8c0,2026-08-03T20:47:37+00:00
max3d,00802,2024-07-31,18:00:00,evening,three_digit_tiers,,,https://www.vietlott.vn/vi/trung-thuong/ket-qua-trung-thuong/max-3D?id=00802&nocatche=1,72c786e8965fdb9e31044da3349f79f6e18e8f58209c46426cf7a275368a1a32,2026-08-03T20:47:37+00:00
max3d,00803,2024-08-02,18:00:00,evening,three_digit_tiers,,,https://www.vietlott.vn/vi/trung-thuong/ket-qua-trung-thuong/max-3D?id=00803&nocatche=1,dcfb4c3afdac4f8672f9e4cff07e3476618f4a405a9766626e637644d64d069d,2026-08-03T20:47:36+00:00
max3d,00804,2024-08-05,18:00:00,evening,three_digit_tiers,,,https://www.vietlott.vn/vi/trung-thuong/ket-qua-trung-thuong/max-3D?id=00804&nocatche=1,a5ee2b17afdb449cc1fb5354cafdd9720bc98b0bedfde0e68ccc48769045f984,2026-08-03T20:47:36+00:00
max3d,00805,2024-08-07,18:00:00,evening,three_digit_tiers,,,https://www.vietlott.vn/vi/trung-thuong/ket-qua-trung-thuong/max-3D?id=00805&nocatche=1,dfd1175c406439b9b737391c9ba81586e3fab98c467415e52fd11ef3c2591659,2026-08-03T20:47:35+00:00
max3d,00806,2024-08-09,18:00:00,evening,three_digit_tiers,,,https://www.vietlott.vn/vi/trung-thuong/ket-qua-trung-thuong/max-3D?id=00806&nocatche=1,41e234f88e541f1b8841b5547e5f26a42c4ea3697310009382f5dd80677a8ddb,2026-08-03T20:47:36+00:00
max3d,00807,2024-08-12,18:00:00,evening,three_digit_tiers,,,https://www.vietlott.vn/vi/trung-thuong/ket-qua-trung-thuong/max-3D?id=00807&nocatche=1,5329ba085f5fd7a9500a763c83f5adc3372575f5be31b33ae40765c02ff97c6c,2026-08-03T20:47:35+00:00
max3d,00808,2024-08-14,18:00:00,evening,three_digit_tiers,,,https://www.vietlott.vn/vi/trung-thuong/ket-qua-trung-thuong/max-3D?id=00808&nocatche=1,ec5aa74917521ca8bb07e15cd71903c0fd33101d5b795142b9dcd67334a02ebc,2026-08-03T20:47:34+00:00
max3d,00809,2024-08-16,18:00:00,evening,three_digit_tiers,,,https://www.vietlott.vn/vi/trung-thuong/ket-qua-trung-thuong/max-3D?id=00809&nocatche=1,2f884f754cf5956317fd799419167c3bca469473eab89d4d922722f6697e2f91,2026-08-03T20:47:34+00:00
max3d,00810,2024-08-19,18:00:00,evening,three_digit_tiers,,,https://www.vietlott.vn/vi/trung-thuong/ket-qua-trung-thuong/max-3D?id=00810&nocatche=1,86a8edeb9b39306b7bba23935b5540ff3307978b4d115332cb36e44ca7fc2c68,2026-08-03T20:47:35+00:00
max3d,00811,2024-08-21,18:00:00,evening,three_digit_tiers,,,https://www.vietlott.vn/vi/trung-thuong/ket-qua-trung-thuong/max-3D?id=00811&nocatche=1,c2180672454f47b6f58093ec0783bc7e2584541aeb3debcefba9407e3ad863fb,2026-08-03T20:47:33+00:00
max3d,00812,2024-08-23,18:00:00,evening,three_digit_tiers,,,https://www.vietlott.vn/vi/trung-thuong/ket-qua-trung-thuong/max-3D?id=00812&nocatche=1,37dec63eeb6f203c24bf1b54aaaf4c851edae1afadaf0a2020fca0062922d014,2026-08-03T20:47:33+00:00
max3d,00813,2024-08-26,18:00:00,evening,three_digit_tiers,,,https://www.vietlott.vn/vi/trung-thuong/ket-qua-trung-thuong/max-3D?id=00813&nocatche=1,694a3d425dacadaa6a8380e3b481da21c5518f0cb99576e1637c1c7e65b5ae9b,2026-08-03T20:47:33+00:00
max3d,00814,2024-08-28,18:00:00,evening,three_digit_tiers,,,https://www.vietlott.vn/vi/trung-thuong/ket-qua-trung-thuong/max-3D?id=00814&nocatche=1,c0f0e685d2c72cfa33bbbba29ed5ddc662564618141a111d6b248f5badbaf7a3,2026-08-03T20:47:29+00:00
max3d,00815,2024-08-30,18:00:00,evening,three_digit_tiers,,,https://www.vietlott.vn/vi/trung-thuong/ket-qua-trung-thuong/max-3D?id=00815&nocatche=1,78b430c3684d3750d239a975ed8859e8afce90897b59840811ba4306823ddffd,2026-08-03T20:47:33+00:00
max3d,00816,2024-09-02,18:00:00,evening,three_digit_tiers,,,https://www.vietlott.vn/vi/trung-thuong/ket-qua-trung-thuong/max-3D?id=00816&nocatche=1,1df06e78991648588bf969f64a9f69580a9d9f0bdccf5e3a945e6eb45196de6f,2026-08-03T20:47:29+00:00
max3d,00817,2024-09-04,18:00:00,evening,three_digit_tiers,,,https://www.vietlott.vn/vi/trung-thuong/ket-qua-trung-thuong/max-3D?id=00817&nocatche=1,ef9842ad758169b7b2b0d7bcdbaf10400b57e525dc0ae93a7d2fe4cbd00afed2,2026-08-03T20:47:28+00:00
max3d,00818,2024-09-06,18:00:00,evening,three_digit_tiers,,,https://www.vietlott.vn/vi/trung-thuong/ket-qua-trung-thuong/max-3D?id=00818&nocatche=1,01f3c6a6cef710407f957b2d380a4e64af7126e473e80044fcf3982a17ac1abc,2026-08-03T20:47:28+00:00
max3d,00819,2024-09-09,18:00:00,evening,three_digit_tiers,,,https://www.vietlott.vn/vi/trung-thuong/ket-qua-trung-thuong/max-3D?id=00819&nocatche=1,da8a2a492a3237f3b23fdff6d25a5c3aba8eb5177a209aa557b349d4e5fa94c7,2026-08-03T20:47:28+00:00
max3d,00820,2024-09-11,18:00:00,evening,three_digit_tiers,,,https://www.vietlott.vn/vi/trung-thuong/ket-qua-trung-thuong/max-3D?id=00820&nocatche=1,01b43a80eebf71e4881a28886329057408764d3a75b910f0af033cf7a2d83bd5,2026-08-03T20:47:27+00:00
max3d,00821,2024-09-13,18:00:00,evening,three_digit_tiers,,,https://www.vietlott.vn/vi/trung-thuong/ket-qua-trung-thuong/max-3D?id=00821&nocatche=1,8215de0a1b7c44b4a8aba59fed47617ed711b770b3e60b575d700780913f82d6,2026-08-03T20:47:27+00:00
max3d,00822,2024-09-16,18:00:00,evening,three_digit_tiers,,,https://www.vietlott.vn/vi/trung-thuong/ket-qua-trung-thuong/max-3D?id=00822&nocatche=1,6eda5bfcbcab8d589439fd9107baeed4cd3a3f0737e516908478dd13cf3d2c9f,2026-08-03T20:47:27+00:00
max3d,00823,2024-09-18,18:00:00,evening,three_digit_tiers,,,https://www.vietlott.vn/vi/trung-thuong/ket-qua-trung-thuong/max-3D?id=00823&nocatche=1,6a1cd6bf506ee15439932a248cbdd0c7d948e6deb6f0d3c5908bb5e77c4a5170,2026-08-03T20:47:27+00:00
max3d,00824,2024-09-20,18:00:00,evening,three_digit_tiers,,,https://www.vietlott.vn/vi/trung-thuong/ket-qua-trung-thuong/max-3D?id=00824&nocatche=1,2275ff2adbc6061dfd60611a2851b30c5a7106fa54746841e1c4d5d7d01c7de6,2026-08-03T20:47:26+00:00
max3d,00825,2024-09-23,18:00:00,evening,three_digit_tiers,,,https://www.vietlott.vn/vi/trung-thuong/ket-qua-trung-thuong/max-3D?id=00825&nocatche=1,333e153f1231d490af055123e5373931955bfe650e83f6e05dd9342095d04626,2026-08-03T20:47:25+00:00
max3d,00826,2024-09-25,18:00:00,evening,three_digit_tiers,,,https://www.vietlott.vn/vi/trung-thuong/ket-qua-trung-thuong/max-3D?id=00826&nocatche=1,619fe1452cec932769ad4f961542adf8fdc63a2213262c416f1d025d4ee1ea12,2026-08-03T20:47:26+00:00
max3d,00827,2024-09-27,18:00:00,evening,three_digit_tiers,,,https://www.vietlott.vn/vi/trung-thuong/ket-qua-trung-thuong/max-3D?id=00827&nocatche=1,98f19c7d6a29501ae5ca48c91e0bcc9e347f6a43917ef7f112ab04aabfb54a9a,2026-08-03T20:47:25+00:00
max3d,00828,2024-09-30,18:00:00,evening,three_digit_tiers,,,https://www.vietlott.vn/vi/trung-thuong/ket-qua-trung-thuong/max-3D?id=00828&nocatche=1,9495f3947f91bc825697b4b11e81dcd46791d2b8a773ec8b143fcf276d57b5ec,2026-08-03T20:47:25+00:00
max3d,00829,2024-10-02,18:00:00,evening,three_digit_tiers,,,https://www.vietlott.vn/vi/trung-thuong/ket-qua-trung-thuong/max-3D?id=00829&nocatche=1,e7b2fafddbe783fff57434a536bc8a5b84bbb57645bbeb63f1f2d5213539af6b,2026-08-03T20:47:24+00:00
max3d,00830,2024-10-04,18:00:00,evening,three_digit_tiers,,,https://www.vietlott.vn/vi/trung-thuong/ket-qua-trung-thuong/max-3D?id=00830&nocatche=1,53af9447f703abe00408f55e33d4ab788dcd42206b5d68601efdc69a024b2a27,2026-08-03T20:47:24+00:00
max3d,00831,2024-10-07,18:00:00,evening,three_digit_tiers,,,https://www.vietlott.vn/vi/trung-thuong/ket-qua-trung-thuong/max-3D?id=00831&nocatche=1,e81c73db65529ad71ae03614ace6570c66ce7d0289f6e6f8776e1427d181ce61,2026-08-03T20:47:23+00:00
max3d,00832,2024-10-09,18:00:00,evening,three_digit_tiers,,,https://www.vietlott.vn/vi/trung-thuong/ket-qua-trung-thuong/max-3D?id=00832&nocatche=1,41f9dd0ba1a0b8aad529d15c367c5c09d7ab01fcd8930e3c1599ab118c9cc025,2026-08-03T20:47:23+00:00
max3d,00833,2024-10-11,18:00:00,evening,three_digit_tiers,,,https://www.vietlott.vn/vi/trung-thuong/ket-qua-trung-thuong/max-3D?id=00833&nocatche=1,0e033e5b4af6e77c42bfab31c2e8c3b18b88c9071440c2d7361e6360fc61b233,2026-08-03T20:47:24+00:00
max3d,00834,2024-10-14,18:00:00,evening,three_digit_tiers,,,https://www.vietlott.vn/vi/trung-thuong/ket-qua-trung-thuong/max-3D?id=00834&nocatche=1,ec0745dce71400188254be0a7c1e096ebca7d0ab7387973aa80ac04880a002a8,2026-08-03T20:47:23+00:00
max3d,00835,2024-10-16,18:00:00,evening,three_digit_tiers,,,https://www.vietlott.vn/vi/trung-thuong/ket-qua-trung-thuong/max-3D?id=00835&nocatche=1,91d8f969f6bf38a6fbe63ff472364373f3e4f3ab9925632dff162024fc48c18c,2026-08-03T20:47:23+00:00
max3d,00836,2024-10-18,18:00:00,evening,three_digit_tiers,,,https://www.vietlott.vn/vi/trung-thuong/ket-qua-trung-thuong/max-3D?id=00836&nocatche=1,2cbbb6e294399c7dbb16ec399e9be54909f7cbb366eab87345d9054a16010255,2026-08-03T20:47:22+00:00
max3d,00837,2024-10-21,18:00:00,evening,three_digit_tiers,,,https://www.vietlott.vn/vi/trung-thuong/ket-qua-trung-thuong/max-3D?id=00837&nocatche=1,2f108a9686837549f883ee6893bcebd6a6360faef23ec666b535d6586a8bfc54,2026-08-03T20:47:22+00:00
max3d,00838,2024-10-23,18:00:00,evening,three_digit_tiers,,,https://www.vietlott.vn/vi/trung-thuong/ket-qua-trung-thuong/max-3D?id=00838&nocatche=1,e0a1d02e06401b4e60633bfa2ea28269ac0a561ac4e0a87110089bdccb22e578,2026-08-03T20:47:22+00:00
max3d,00839,2024-10-25,18:00:00,evening,three_digit_tiers,,,https://www.vietlott.vn/vi/trung-thuong/ket-qua-trung-thuong/max-3D?id=00839&nocatche=1,457a0428da2eeda3896b85b21ec976016a1cafad5b305e1ba10a2480d4d76f5e,2026-08-03T20:47:22+00:00
max3d,00840,2024-10-28,18:00:00,evening,three_digit_tiers,,,https://www.vietlott.vn/vi/trung-thuong/ket-qua-trung-thuong/max-3D?id=00840&nocatche=1,5ac11027e333079eed7e7383ba8635a924733c525dfbec21a1b71411dee21f51,2026-08-03T20:47:21+00:00
max3d,00841,2024-10-30,18:00:00,evening,three_digit_tiers,,,https://www.vietlott.vn/vi/trung-thuong/ket-qua-trung-thuong/max-3D?id=00841&nocatche=1,da0234ef7342633dbad6fc4c9f14baeddb9cb7f959c3ddf0d474409ef34e71d4,2026-08-03T20:47:21+00:00
max3d,00842,2024-11-01,18:00:00,evening,three_digit_tiers,,,https://www.vietlott.vn/vi/trung-thuong/ket-qua-trung-thuong/max-3D?id=00842&nocatche=1,c988afd121bb3dc6a2faa852585a4bb9f4e502f039a47e59a11d1311927ca5b4,2026-08-03T20:47:21+00:00
max3d,00843,2024-11-04,18:00:00,evening,three_digit_tiers,,,https://www.vietlott.vn/vi/trung-thuong/ket-qua-trung-thuong/max-3D?id=00843&nocatche=1,a87f65d877e8900be741862f9590ffec963b155ed7fc4102076a4f6f7f45d60a,2026-08-03T20:47:20+00:00
max3d,00844,2024-11-06,18:00:00,evening,three_digit_tiers,,,https://www.vietlott.vn/vi/trung-thuong/ket-qua-trung-thuong/max-3D?id=00844&nocatche=1,5b0bddcd1e0efc27783dddff797fdbaa5d053f43c0db1f91ae351a5f82ca0ebb,2026-08-03T20:47:20+00:00
max3d,00845,2024-11-08,18:00:00,evening,three_digit_tiers,,,https://www.vietlott.vn/vi/trung-thuong/ket-qua-trung-thuong/max-3D?id=00845&nocatche=1,3e6acca63805c82e982d1590e8aeabf3a5501db5d2115bc49ba1960c7b398ae8,2026-08-03T20:47:21+00:00
max3d,00846,2024-11-11,18:00:00,evening,three_digit_tiers,,,https://www.vietlott.vn/vi/trung-thuong/ket-qua-trung-thuong/max-3D?id=00846&nocatche=1,11c2cf6f7742b5f7867abce571db4bdb5b7fa16cc0be91b6456389001ea794b2,2026-08-03T20:47:19+00:00
max3d,00847,2024-11-13,18:00:00,evening,three_digit_tiers,,,https://www.vietlott.vn/vi/trung-thuong/ket-qua-trung-thuong/max-3D?id=00847&nocatche=1,c49f0382b17766b9a68211657828eeacd471744adf9c53ac823d7f9d08231383,2026-08-03T20:47:19+00:00
max3d,00848,2024-11-15,18:00:00,evening,three_digit_tiers,,,https://www.vietlott.vn/vi/trung-thuong/ket-qua-trung-thuong/max-3D?id=00848&nocatche=1,42ebc263a9556abe16f1b9336b39037b0d77da253498d69166f50b95e28f24b5,2026-08-03T20:47:18+00:00
max3d,00849,2024-11-18,18:00:00,evening,three_digit_tiers,,,https://www.vietlott.vn/vi/trung-thuong/ket-qua-trung-thuong/max-3D?id=00849&nocatche=1,390f1b6757d248d74141364db1d8edc801587919db0e98bc4484d30f679b9288,2026-08-03T20:47:19+00:00
max3d,00850,2024-11-20,18:00:00,evening,three_digit_tiers,,,https://www.vietlott.vn/vi/trung-thuong/ket-qua-trung-thuong/max-3D?id=00850&nocatche=1,73f8d7f3e15b4eef1a7c8dab029ba2e1df8cb691ffd04c62eb0ed85eb182c15a,2026-08-03T20:47:17+00:00
max3d,00851,2024-11-22,18:00:00,evening,three_digit_tiers,,,https://www.vietlott.vn/vi/trung-thuong/ket-qua-trung-thuong/max-3D?id=00851&nocatche=1,43d4920cfe9c1a34b523416eb3864e81a98c5898fdc994359e726860fc25c5a5,2026-08-03T20:47:17+00:00
max3d,00852,2024-11-25,18:00:00,evening,three_digit_tiers,,,https://www.vietlott.vn/vi/trung-thuong/ket-qua-trung-thuong/max-3D?id=00852&nocatche=1,d412f8bca61daddd3b268c79ae00bfdf2cc6c6cb5756171c1af1152a4aae44f7,2026-08-03T20:47:16+00:00
max3d,00853,2024-11-27,18:00:00,evening,three_digit_tiers,,,https://www.vietlott.vn/vi/trung-thuong/ket-qua-trung-thuong/max-3D?id=00853&nocatche=1,9b4f39d09d4ec83b7974b78c9117d6a672b9c91bcd0ab9d7d3e44e44034f25d7,2026-08-03T20:47:15+00:00
max3d,00854,2024-11-29,18:00:00,evening,three_digit_tiers,,,https://www.vietlott.vn/vi/trung-thuong/ket-qua-trung-thuong/max-3D?id=00854&nocatche=1,a4f76e35ec39120865e5b206575d07c1ad2b9a23a3d7fd04e6bc774a0972274f,2026-08-03T20:47:15+00:00
max3d,00855,2024-12-02,18:00:00,evening,three_digit_tiers,,,https://www.vietlott.vn/vi/trung-thuong/ket-qua-trung-thuong/max-3D?id=00855&nocatche=1,e0c68720a4299234a8001a5d38433ea0245be5ad5d42824d4fc2abd29f0d314d,2026-08-03T20:47:19+00:00
max3d,00856,2024-12-04,18:00:00,evening,three_digit_tiers,,,https://www.vietlott.vn/vi/trung-thuong/ket-qua-trung-thuong/max-3D?id=00856&nocatche=1,98c68bd4314335d578618e7cf2abe7023a3211c75fe66d159270d508b929b910,2026-08-03T20:47:18+00:00
max3d,00857,2024-12-06,18:00:00,evening,three_digit_tiers,,,https://www.vietlott.vn/vi/trung-thuong/ket-qua-trung-thuong/max-3D?id=00857&nocatche=1,022eb7c202ab10f0b895f97625f41cbd632b13cf409bf63b01415156ca4eb6cd,2026-08-03T20:47:17+00:00
max3d,00858,2024-12-09,18:00:00,evening,three_digit_tiers,,,https://www.vietlott.vn/vi/trung-thuong/ket-qua-trung-thuong/max-3D?id=00858&nocatche=1,3f67ae6200ccf3d061ca195f2372297d4ae9d3d2616f13d8d6d36d9dac5f218b,2026-08-03T20:47:17+00:00
max3d,00859,2024-12-11,18:00:00,evening,three_digit_tiers,,,https://www.vietlott.vn/vi/trung-thuong/ket-qua-trung-thuong/max-3D?id=00859&nocatche=1,98e056112d1b59961da3711483f57cb1131d1748e3d20e25d11a3b786fc79a33,2026-08-03T20:47:16+00:00
max3d,00860,2024-12-13,18:00:00,evening,three_digit_tiers,,,https://www.vietlott.vn/vi/trung-thuong/ket-qua-trung-thuong/max-3D?id=00860&nocatche=1,9138db67093859260a9d5c2415af98c01e5b2c9dc1f4306d7f169877d0427009,2026-08-03T20:47:15+00:00
max3d,00861,2024-12-16,18:00:00,evening,three_digit_tiers,,,https://www.vietlott.vn/vi/trung-thuong/ket-qua-trung-thuong/max-3D?id=00861&nocatche=1,d1aa04ea2a9b6cf318733a865382d306234c0cc5e8ddb2a8daf4827e757742a5,2026-08-03T20:47:13+00:00
max3d,00862,2024-12-18,18:00:00,evening,three_digit_tiers,,,https://www.vietlott.vn/vi/trung-thuong/ket-qua-trung-thuong/max-3D?id=00862&nocatche=1,e8495b8753b2c66fe60f441a568649e930fb3ee9d82eed6cce2c3af3eaacd943,2026-08-03T20:47:13+00:00
max3d,00863,2024-12-20,18:00:00,evening,three_digit_tiers,,,https://www.vietlott.vn/vi/trung-thuong/ket-qua-trung-thuong/max-3D?id=00863&nocatche=1,e075c06aad7aa4aa016178d329cd6235384d7b159ae367fcc851a79232eb0c23,2026-08-03T20:47:13+00:00
max3d,00864,2024-12-23,18:00:00,evening,three_digit_tiers,,,https://www.vietlott.vn/vi/trung-thuong/ket-qua-trung-thuong/max-3D?id=00864&nocatche=1,43f55616c39093ccb9347ecbcdbd2af83f4fd9b9583f3910da98b662a8e43d49,2026-08-02T20:26:24+00:00
max3d,00865,2024-12-25,18:00:00,evening,three_digit_tiers,,,https://www.vietlott.vn/vi/trung-thuong/ket-qua-trung-thuong/max-3D?id=00865&nocatche=1,18098f1fe27d0926d87e4de29914d2cc412ed0f38ad26107dc69c1bfa83ecff5,2026-08-02T20:26:30+00:00
max3d,00866,2024-12-27,18:00:00,evening,three_digit_tiers,,,https://www.vietlott.vn/vi/trung-thuong/ket-qua-trung-thuong/max-3D?id=00866&nocatche=1,4a1397c9a26e26a366bffb51cc399778eb0897cb8e50c10e48092e3add655164,2026-08-02T20:26:22+00:00
max3d,00867,2024-12-30,18:00:00,evening,three_digit_tiers,,,https://www.vietlott.vn/vi/trung-thuong/ket-qua-trung-thuong/max-3D?id=00867&nocatche=1,66808b60003131373168e6f9e8087d21ec7dbc8d65fb81565adb734ffa64bd4a,2026-08-02T20:26:22+00:00
max3d,00868,2025-01-01,18:00:00,evening,three_digit_tiers,,,https://www.vietlott.vn/vi/trung-thuong/ket-qua-trung-thuong/max-3D?id=00868&nocatche=1,d040daec2824dabea8fd7daa0897d167252c09c41945fa7a4fc46fa83505967d,2026-08-02T20:26:22+00:00
max3d,00869,2025-01-03,18:00:00,evening,three_digit_tiers,,,https://www.vietlott.vn/vi/trung-thuong/ket-qua-trung-thuong/max-3D?id=00869&nocatche=1,63ac1ef2a2d7e30ad1f46a43e91e1c4fb2c0d110306d658ab921256a0eb3f056,2026-08-02T20:26:22+00:00
max3d,00870,2025-01-06,18:00:00,evening,three_digit_tiers,,,https://www.vietlott.vn/vi/trung-thuong/ket-qua-trung-thuong/max-3D?id=00870&nocatche=1,eecc0c7347aa41e40ab95a6f81baf196ed018bb41b79a6e39d0797a1bf0d66f2,2026-08-02T20:26:20+00:00
max3d,00871,2025-01-08,18:00:00,evening,three_digit_tiers,,,https://www.vietlott.vn/vi/trung-thuong/ket-qua-trung-thuong/max-3D?id=00871&nocatche=1,b2c085d3ef6331782c2fca9598cb94780e5200413dc3edd230c7b0d6b1711af5,2026-08-02T20:26:20+00:00
max3d,00872,2025-01-10,18:00:00,evening,three_digit_tiers,,,https://www.vietlott.vn/vi/trung-thuong/ket-qua-trung-thuong/max-3D?id=00872&nocatche=1,856318b8e04c5575ff29cf349d6127dffe64b3c35949cf4f6bf375d29f5b6ef1,2026-08-02T20:26:20+00:00
max3d,00873,2025-01-13,18:00:00,evening,three_digit_tiers,,,https://www.vietlott.vn/vi/trung-thuong/ket-qua-trung-thuong/max-3D?id=00873&nocatche=1,eaa9a234f603679cd1ec061280f5a8bc54c924c6ca377112a287592c0c166d44,2026-08-02T20:26:17+00:00
max3d,00874,2025-01-15,18:00:00,evening,three_digit_tiers,,,https://www.vietlott.vn/vi/trung-thuong/ket-qua-trung-thuong/max-3D?id=00874&nocatche=1,b9386121e4383b2c892986d8c0b69f603eb6e28bbbd23f2be51ba28c97073378,2026-08-02T20:26:17+00:00
max3d,00875,2025-01-17,18:00:00,evening,three_digit_tiers,,,https://www.vietlott.vn/vi/trung-thuong/ket-qua-trung-thuong/max-3D?id=00875&nocatche=1,77c67b3a4720b6a1777b6655fe671a2efd84cdedc815c8a577109744dce550b5,2026-08-02T20:26:17+00:00
max3d,00876,2025-01-20,18:00:00,evening,three_digit_tiers,,,https://www.vietlott.vn/vi/trung-thuong/ket-qua-trung-thuong/max-3D?id=00876&nocatche=1,5612e413d1061cc341815a9c01f8af60f8709ca6a855a3c9410c2f15872bde3f,2026-08-02T20:26:15+00:00
max3d,00877,2025-01-22,18:00:00,evening,three_digit_tiers,,,https://www.vietlott.vn/vi/trung-thuong/ket-qua-trung-thuong/max-3D?id=00877&nocatche=1,4db2c575c0f100da16d285d88a73520bf26d70822b06c1a8d3d18da776641c20,2026-08-02T20:26:16+00:00
max3d,00878,2025-01-24,18:00:00,evening,three_digit_tiers,,,https://www.vietlott.vn/vi/trung-thuong/ket-qua-trung-thuong/max-3D?id=00878&nocatche=1,026ceb50d6b8cb188043ff2fe0b61fed0450f0408fabc79d9fb90fe2c44c2d73,2026-08-02T20:26:14+00:00
max3d,00879,2025-01-27,18:00:00,evening,three_digit_tiers,,,https://www.vietlott.vn/vi/trung-thuong/ket-qua-trung-thuong/max-3D?id=00879&nocatche=1,81a5defe961d925b2d0ac6c3bd2c4cd79ea7b28b35f0383b3b112dcc8d09b6a2,2026-08-02T20:26:14+00:00
max3d,00880,2025-01-31,18:00:00,evening,three_digit_tiers,,,https://www.vietlott.vn/vi/trung-thuong/ket-qua-trung-thuong/max-3D?id=00880&nocatche=1,f734970263a6bfa4d60d092ff50ad37611383256068869060944746aaf184d9b,2026-08-02T20:26:13+00:00
max3d,00881,2025-02-03,18:00:00,evening,three_digit_tiers,,,https://www.vietlott.vn/vi/trung-thuong/ket-qua-trung-thuong/max-3D?id=00881&nocatche=1,d0864f631387556dde3517fe4e5fa0338e963310f8ec80d771ff8f796159c7d6,2026-08-02T20:26:15+00:00
max3d,00882,2025-02-05,18:00:00,evening,three_digit_tiers,,,https://www.vietlott.vn/vi/trung-thuong/ket-qua-trung-thuong/max-3D?id=00882&nocatche=1,69593bc8beb9ac035679bcaf5948e7ac0eab7addda7c699d735ceec28eca3045,2026-08-02T20:26:13+00:00
max3d,00883,2025-02-07,18:00:00,evening,three_digit_tiers,,,https://www.vietlott.vn/vi/trung-thuong/ket-qua-trung-thuong/max-3D?id=00883&nocatche=1,5b5257ec9d1463e86162039476ee0eea091cc4f5b558358e56e4f08401ba0cab,2026-08-02T20:26:12+00:00
max3d,00884,2025-02-10,18:00:00,evening,three_digit_tiers,,,https://www.vietlott.vn/vi/trung-thuong/ket-qua-trung-thuong/max-3D?id=00884&nocatche=1,ac07090af05dbe9ff1bcb26936cc2ccbd31ae784945edd4026a02dde19883ec5,2026-08-02T20:26:14+00:00
max3d,00885,2025-02-12,18:00:00,evening,three_digit_tiers,,,https://www.vietlott.vn/vi/trung-thuong/ket-qua-trung-thuong/max-3D?id=00885&nocatche=1,25c1c9165c327429cb4087b1e0f3289faaa6653102a234e68d9237558a15f397,2026-08-02T20:26:11+00:00
max3d,00886,2025-02-14,18:00:00,evening,three_digit_tiers,,,https://www.vietlott.vn/vi/trung-thuong/ket-qua-trung-thuong/max-3D?id=00886&nocatche=1,95975bc44a18c385f5b8650d49a348d9793e73384d416763891b34cfbac98b18,2026-08-02T20:26:11+00:00
max3d,00887,2025-02-17,18:00:00,evening,three_digit_tiers,,,https://www.vietlott.vn/vi/trung-thuong/ket-qua-trung-thuong/max-3D?id=00887&nocatche=1,6f9e97edeb8bd6887b1008e6afea670c750d0cd564c35d8eb151f4d6838ecc20,2026-08-02T20:26:11+00:00
max3d,00888,2025-02-19,18:00:00,evening,three_digit_tiers,,,https://www.vietlott.vn/vi/trung-thuong/ket-qua-trung-thuong/max-3D?id=00888&nocatche=1,8a2c4c0dabc028e516bffa64fd18296ebca45b11a3f741003f7534cf587413f3,2026-08-02T20:26:11+00:00
max3d,00889,2025-02-21,18:00:00,evening,three_digit_tiers,,,https://www.vietlott.vn/vi/trung-thuong/ket-qua-trung-thuong/max-3D?id=00889&nocatche=1,8c92a4050997131084f89e9576ebde4cccff4d1757df4f0eef90fe44208a09ed,2026-08-02T20:26:10+00:00
max3d,00890,2025-02-24,18:00:00,evening,three_digit_tiers,,,https://www.vietlott.vn/vi/trung-thuong/ket-qua-trung-thuong/max-3D?id=00890&nocatche=1,b30cba63a1d9759c537f2b45f51a5e62082bf71a49d7d3dc391e4330e7472f73,2026-08-02T20:26:10+00:00
max3d,00891,2025-02-26,18:00:00,evening,three_digit_tiers,,,https://www.vietlott.vn/vi/trung-thuong/ket-qua-trung-thuong/max-3D?id=00891&nocatche=1,137cb54ed972b9be069f3de08dddafe60ff6e9bfcd9b72684437e1c8f2fd968f,2026-08-02T20:26:10+00:00
max3d,00892,2025-02-28,18:00:00,evening,three_digit_tiers,,,https://www.vietlott.vn/vi/trung-thuong/ket-qua-trung-thuong/max-3D?id=00892&nocatche=1,5ee7638861a5e6b55910d1fc48ddbed65ec1f5888ae7e7e93470bc80cde5e70d,2026-08-02T20:26:11+00:00
max3d,00893,2025-03-03,18:00:00,evening,three_digit_tiers,,,https://www.vietlott.vn/vi/trung-thuong/ket-qua-trung-thuong/max-3D?id=00893&nocatche=1,8f319505c5f46b454e33415436d0b9a48c907b0d9ee81424cb94b39d2444e4b6,2026-08-02T20:26:08+00:00
max3d,00894,2025-03-05,18:00:00,evening,three_digit_tiers,,,https://www.vietlott.vn/vi/trung-thuong/ket-qua-trung-thuong/max-3D?id=00894&nocatche=1,1e38cdb0ecf68ac8d9ca68ddc25195bc6a7615a60bc8f1e6d29497cec691b3ef,2026-08-02T20:26:08+00:00
max3d,00895,2025-03-07,18:00:00,evening,three_digit_tiers,,,https://www.vietlott.vn/vi/trung-thuong/ket-qua-trung-thuong/max-3D?id=00895&nocatche=1,8bbbc898f60a1fb845b43ba6a2a353ce06d2f95b91ecd2c65d2941a6c039fafe,2026-08-02T20:26:08+00:00
max3d,00896,2025-03-10,18:00:00,evening,three_digit_tiers,,,https://www.vietlott.vn/vi/trung-thuong/ket-qua-trung-thuong/max-3D?id=00896&nocatche=1,4117ad1b85288c59ccaff656068b0eed2989e4a8b859e5b799d184c236167f43,2026-08-02T20:26:07+00:00
max3d,00897,2025-03-12,18:00:00,evening,three_digit_tiers,,,https://www.vietlott.vn/vi/trung-thuong/ket-qua-trung-thuong/max-3D?id=00897&nocatche=1,20250277b47e06019496e76ab7182863b96d3aae23ee5b0cc42140575b466c32,2026-08-02T20:26:07+00:00
max3d,00898,2025-03-14,18:00:00,evening,three_digit_tiers,,,https://www.vietlott.vn/vi/trung-thuong/ket-qua-trung-thuong/max-3D?id=00898&nocatche=1,469c95f9678b5bd9458d1e62a6c4beb648fc578cf2db36490c5b5dc133114f44,2026-08-02T20:26:07+00:00
max3d,00899,2025-03-17,18:00:00,evening,three_digit_tiers,,,https://www.vietlott.vn/vi/trung-thuong/ket-qua-trung-thuong/max-3D?id=00899&nocatche=1,c32552b2c0fdf2865f9f7d5e74fabebbf0d9bdf414bf6dc194b714b5baa85c2a,2026-08-02T20:26:06+00:00
max3d,00900,2025-03-19,18:00:00,evening,three_digit_tiers,,,https://www.vietlott.vn/vi/trung-thuong/ket-qua-trung-thuong/max-3D?id=00900&nocatche=1,d9b3e864625f8e755f9278a17cc74912e6c5d34bf272ac60b758e477a895bb15,2026-08-02T20:26:05+00:00
max3d,00901,2025-03-21,18:00:00,evening,three_digit_tiers,,,https://www.vietlott.vn/vi/trung-thuong/ket-qua-trung-thuong/max-3D?id=00901&nocatche=1,c6be3dc64fb56a40d9141c2c8ff66f7061f0b7becce145cf3aae86e1ccf1823c,2026-08-02T20:26:02+00:00
max3d,00902,2025-03-24,18:00:00,evening,three_digit_tiers,,,https://www.vietlott.vn/vi/trung-thuong/ket-qua-trung-thuong/max-3D?id=00902&nocatche=1,120127b2ba82105b5063d054429f5ab534251742403f8f88233185d64976c5cf,2026-08-02T20:26:07+00:00
max3d,00903,2025-03-26,18:00:00,evening,three_digit_tiers,,,https://www.vietlott.vn/vi/trung-thuong/ket-qua-trung-thuong/max-3D?id=00903&nocatche=1,15bdb47caca2a8b71c648f7b272c6310b22d6afc5f0fb89c4440478d2d79269a,2026-08-02T20:26:06+00:00
max3d,00904,2025-03-28,18:00:00,evening,three_digit_tiers,,,https://www.vietlott.vn/vi/trung-thuong/ket-qua-trung-thuong/max-3D?id=00904&nocatche=1,de1f2fb661f7620b3cb18c1fd63611670aeb2c2908f9e57f376a12c353639e6a,2026-08-02T20:26:05+00:00
max3d,00905,2025-03-31,18:00:00,evening,three_digit_tiers,,,https://www.vietlott.vn/vi/trung-thuong/ket-qua-trung-thuong/max-3D?id=00905&nocatche=1,52342c41da20f9e5f8109e8508cc18a45b3cbd439d08c498114fa9066098c4c2,2026-08-02T20:26:00+00:00
max3d,00906,2025-04-02,18:00:00,evening,three_digit_tiers,,,https://www.vietlott.vn/vi/trung-thuong/ket-qua-trung-thuong/max-3D?id=00906&nocatche=1,d17c36dd7ca9b874d37e49851ec7d0d5969ad3fabf7d08ebb0e38a4f48ada8de,2026-08-02T20:26:01+00:00
max3d,00907,2025-04-04,18:00:00,evening,three_digit_tiers,,,https://www.vietlott.vn/vi/trung-thuong/ket-qua-trung-thuong/max-3D?id=00907&nocatche=1,0ea6056b000746c8691534169a9064ac7a23513aba33405cf2f45379ebdd199d,2026-08-02T20:26:01+00:00
max3d,00908,2025-04-07,18:00:00,evening,three_digit_tiers,,,https://www.vietlott.vn/vi/trung-thuong/ket-qua-trung-thuong/max-3D?id=00908&nocatche=1,2424d47d6ce6d9e7b40322fc80338ba1dfc2728e58afdc95ac19c8f3e625fcf0,2026-08-02T20:25:59+00:00
max3d,00909,2025-04-09,18:00:00,evening,three_digit_tiers,,,https://www.vietlott.vn/vi/trung-thuong/ket-qua-trung-thuong/max-3D?id=00909&nocatche=1,4137af1429dced7834ec384a110e9ea2daf9badb851339f0f2df7e7e7110160b,2026-08-02T20:25:58+00:00
max3d,00910,2025-04-11,18:00:00,evening,three_digit_tiers,,,https://www.vietlott.vn/vi/trung-thuong/ket-qua-trung-thuong/max-3D?id=00910&nocatche=1,c174bb61e971878b86bd80310d1e1bdc473ba69348b1ded6cafa2aa0984db0e1,2026-08-02T20:25:57+00:00
max3d,00911,2025-04-14,18:00:00,evening,three_digit_tiers,,,https://www.vietlott.vn/vi/trung-thuong/ket-qua-trung-thuong/max-3D?id=00911&nocatche=1,4599ee5a43d9e7d5b4b2c5755a795b7ddde889891e65fcbf16fb1beebe7e885a,2026-08-02T20:25:56+00:00
max3d,00912,2025-04-16,18:00:00,evening,three_digit_tiers,,,https://www.vietlott.vn/vi/trung-thuong/ket-qua-trung-thuong/max-3D?id=00912&nocatche=1,34bd2620fc4aa5d1325cc973277aa524945f70744f903ed7f8ba03a9b5249080,2026-08-02T20:25:58+00:00
max3d,00913,2025-04-18,18:00:00,evening,three_digit_tiers,,,https://www.vietlott.vn/vi/trung-thuong/ket-qua-trung-thuong/max-3D?id=00913&nocatche=1,69cc0562e752b92ad2250f5e06a907365cadea80078012a3cf742c73d56ba52a,2026-08-02T20:25:56+00:00
max3d,00914,2025-04-21,18:00:00,evening,three_digit_tiers,,,https://www.vietlott.vn/vi/trung-thuong/ket-qua-trung-thuong/max-3D?id=00914&nocatche=1,470b639503ae51d9175447d4576ac236d32081157778f7b3c6f9022470aa76a9,2026-08-02T20:25:59+00:00
max3d,00915,2025-04-23,18:00:00,evening,three_digit_tiers,,,https://www.vietlott.vn/vi/trung-thuong/ket-qua-trung-thuong/max-3D?id=00915&nocatche=1,38d35bd3b8d64ea90222328fab3bb8af8aeb95a5b044aa77252b1078ed1d10b1,2026-08-02T20:25:59+00:00
max3d,00916,2025-04-25,18:00:00,evening,three_digit_tiers,,,https://www.vietlott.vn/vi/trung-thuong/ket-qua-trung-thuong/max-3D?id=00916&nocatche=1,166d2459d77cef10942fdd8fdf4bcce1180fafc7dd26fc18f90d72f116e252d7,2026-08-02T20:25:58+00:00
max3d,00917,2025-04-28,18:00:00,evening,three_digit_tiers,,,https://www.vietlott.vn/vi/trung-thuong/ket-qua-trung-thuong/max-3D?id=00917&nocatche=1,1c87d54d5368a104779b31b4031d6889eabba031fbe8b2e5283ac056ee475a71,2026-08-02T20:25:57+00:00
max3d,00918,2025-04-30,18:00:00,evening,three_digit_tiers,,,https://www.vietlott.vn/vi/trung-thuong/ket-qua-trung-thuong/max-3D?id=00918&nocatche=1,ec504d48d583bb4347e30d07f60494785f693fc512403997b8d4eaa87b9e3b5a,2026-08-02T20:25:58+00:00
max3d,00919,2025-05-02,18:00:00,evening,three_digit_tiers,,,https://www.vietlott.vn/vi/trung-thuong/ket-qua-trung-thuong/max-3D?id=00919&nocatche=1,b63d3027328473044ce21cb9719e4a6c95c826799616fa77f5c0dc407a53c5d8,2026-08-02T20:25:56+00:00
max3d,00920,2025-05-05,18:00:00,evening,three_digit_tiers,,,https://www.vietlott.vn/vi/trung-thuong/ket-qua-trung-thuong/max-3D?id=00920&nocatche=1,df143dd7be985011c84ed314a4e55978cb6f0672f6ef875124330e39fd6b3113,2026-08-02T20:25:55+00:00
max3d,00921,2025-05-07,18:00:00,evening,three_digit_tiers,,,https://www.vietlott.vn/vi/trung-thuong/ket-qua-trung-thuong/max-3D?id=00921&nocatche=1,5ff89286670a04c8cf8e9e364173bf9ae6ff46e0ec492fe934c1177b699cd4f4,2026-08-02T20:25:55+00:00
max3d,00922,2025-05-09,18:00:00,evening,three_digit_tiers,,,https://www.vietlott.vn/vi/trung-thuong/ket-qua-trung-thuong/max-3D?id=00922&nocatche=1,c0afa4959117aaceeeb6aa749ce7bcc82fb3cbc781f4796315958755ed5a8ddb,2026-08-02T20:25:55+00:00
max3d,00923,2025-05-12,18:00:00,evening,three_digit_tiers,,,https://www.vietlott.vn/vi/trung-thuong/ket-qua-trung-thuong/max-3D?id=00923&nocatche=1,f083b7bcf6592d5a2eec265b7d6791cbda7d87d015b449ff1eaa3eda5b23fcd0,2026-08-02T20:25:54+00:00
max3d,00924,2025-05-14,18:00:00,evening,three_digit_tiers,,,https://www.vietlott.vn/vi/trung-thuong/ket-qua-trung-thuong/max-3D?id=00924&nocatche=1,2da846f5f4f8636ab910653125f8e6880935c29f3da6c1a23f6f3818c999319f,2026-08-02T20:25:53+00:00
max3d,00925,2025-05-16,18:00:00,evening,three_digit_tiers,,,https://www.vietlott.vn/vi/trung-thuong/ket-qua-trung-thuong/max-3D?id=00925&nocatche=1,3d3c37296a2a5b91316f764e599477bc5cbd9cdd1507ffdd14137ef92df42ecc,2026-08-02T20:25:54+00:00
max3d,00926,2025-05-19,18:00:00,evening,three_digit_tiers,,,https://www.vietlott.vn/vi/trung-thuong/ket-qua-trung-thuong/max-3D?id=00926&nocatche=1,cf7d4cf741554279fe758f6dc966b25866b0c34f929cce6ca808ca2482f1fbe1,2026-08-02T20:25:52+00:00
max3d,00927,2025-05-21,18:00:00,evening,three_digit_tiers,,,https://www.vietlott.vn/vi/trung-thuong/ket-qua-trung-thuong/max-3D?id=00927&nocatche=1,29ce5dba4bf084489e5b879ae8ce170accf74da7d985da1bf16b35df83578b93,2026-08-02T20:25:52+00:00
max3d,00928,2025-05-23,18:00:00,evening,three_digit_tiers,,,https://www.vietlott.vn/vi/trung-thuong/ket-qua-trung-thuong/max-3D?id=00928&nocatche=1,7bd3c40d4e2622cdb9eabfea96ff4e14f54e017a7fbc05f3a41981d84e363aee,2026-08-02T20:25:51+00:00
max3d,00929,2025-05-26,18:00:00,evening,three_digit_tiers,,,https://www.vietlott.vn/vi/trung-thuong/ket-qua-trung-thuong/max-3D?id=00929&nocatche=1,7edcc32409bcf65914768c8bd4e93bb9e762443bff1ac441b81e58471aaca2af,2026-08-02T20:25:52+00:00
max3d,00930,2025-05-28,18:00:00,evening,three_digit_tiers,,,https://www.vietlott.vn/vi/trung-thuong/ket-qua-trung-thuong/max-3D?id=00930&nocatche=1,98bdd358d9d4d37633877bcf441e35b7caf28e73ac056b7049f2f66d0acf6a04,2026-08-02T20:25:51+00:00
max3d,00931,2025-05-30,18:00:00,evening,three_digit_tiers,,,https://www.vietlott.vn/vi/trung-thuong/ket-qua-trung-thuong/max-3D?id=00931&nocatche=1,fc6dabd015d57e9d79300591cdab6a481d20d15dbb26cb255514559dc50659d1,2026-08-02T20:25:52+00:00
max3d,00932,2025-06-02,18:00:00,evening,three_digit_tiers,,,https://www.vietlott.vn/vi/trung-thuong/ket-qua-trung-thuong/max-3D?id=00932&nocatche=1,bdd9e92df153629c8829eb18e24b1c71fbfa3e8c01f6990464a829d9d6a8c2ec,2026-08-02T20:25:50+00:00
max3d,00933,2025-06-04,18:00:00,evening,three_digit_tiers,,,https://www.vietlott.vn/vi/trung-thuong/ket-qua-trung-thuong/max-3D?id=00933&nocatche=1,002be5fba3c41d29008b6e571af2b793282ed7aef053ebba9847eaac1454c66a,2026-08-02T20:25:50+00:00
max3d,00934,2025-06-06,18:00:00,evening,three_digit_tiers,,,https://www.vietlott.vn/vi/trung-thuong/ket-qua-trung-thuong/max-3D?id=00934&nocatche=1,42082b7cf2491cde4ec8601fb5b9cc01eb0b28dbf503d09d6968dc33a300c03f,2026-08-02T20:25:50+00:00
max3d,00935,2025-06-09,18:00:00,evening,three_digit_tiers,,,https://www.vietlott.vn/vi/trung-thuong/ket-qua-trung-thuong/max-3D?id=00935&nocatche=1,645d3957342a8b4ae754d7f3279200799f7f8ebae0f809467587313fcb876870,2026-08-02T20:25:50+00:00
max3d,00936,2025-06-11,18:00:00,evening,three_digit_tiers,,,https://www.vietlott.vn/vi/trung-thuong/ket-qua-trung-thuong/max-3D?id=00936&nocatche=1,59c7ce5b0ddefdcee6eab757fc7a8dfaedd273d39ba96cdbdcb7e4392361807b,2026-08-02T20:25:49+00:00
max3d,00937,2025-06-13,18:00:00,evening,three_digit_tiers,,,https://www.vietlott.vn/vi/trung-thuong/ket-qua-trung-thuong/max-3D?id=00937&nocatche=1,fb2ad3d8d9b3be582b43338384401c1e1bf830b332d82dbca59056660b0488ab,2026-08-02T20:25:50+00:00
max3d,00938,2025-06-16,18:00:00,evening,three_digit_tiers,,,https://www.vietlott.vn/vi/trung-thuong/ket-qua-trung-thuong/max-3D?id=00938&nocatche=1,eea5eed024f70ed3c3760e61064bc34b0f607543ecdef1e34e96fd9e94a922d9,2026-08-02T20:25:49+00:00
max3d,00939,2025-06-18,18:00:00,evening,three_digit_tiers,,,https://www.vietlott.vn/vi/trung-thuong/ket-qua-trung-thuong/max-3D?id=00939&nocatche=1,3dec4b655cf6094d2e601c91c36d5b2fcb77e2c62ac5ffa928ca145e58b08810,2026-08-02T20:25:48+00:00
max3d,00940,2025-06-20,18:00:00,evening,three_digit_tiers,,,https://www.vietlott.vn/vi/trung-thuong/ket-qua-trung-thuong/max-3D?id=00940&nocatche=1,cc79607d395930ff309636e10dfc0147bb79f4c47bd0cded8aa53df0d54808bc,2026-08-02T20:25:49+00:00
max3d,00941,2025-06-23,18:00:00,evening,three_digit_tiers,,,https://www.vietlott.vn/vi/trung-thuong/ket-qua-trung-thuong/max-3D?id=00941&nocatche=1,0cfd173292b18f73af83b836b6719361f5418109a55ac2050f6ea4f334ebf9f5,2026-08-02T20:25:47+00:00
max3d,00942,2025-06-25,18:00:00,evening,three_digit_tiers,,,https://www.vietlott.vn/vi/trung-thuong/ket-qua-trung-thuong/max-3D?id=00942&nocatche=1,9b6bac12d629487b69bebdde593b3adf016d6c7b5ea9467a824193b434dfd616,2026-08-02T20:25:46+00:00
max3d,00943,2025-06-27,18:00:00,evening,three_digit_tiers,,,https://www.vietlott.vn/vi/trung-thuong/ket-qua-trung-thuong/max-3D?id=00943&nocatche=1,eaee321a3a528747dbdfc417da615a538580aa84594ff3912f6bf6faeba97e20,2026-08-02T20:25:45+00:00
max3d,00944,2025-06-30,18:00:00,evening,three_digit_tiers,,,https://www.vietlott.vn/vi/trung-thuong/ket-qua-trung-thuong/max-3D?id=00944&nocatche=1,7d2423cb4c5daa47768035c76e7d66680c3828f50bfd203c38b25d180229f766,2026-08-02T20:25:46+00:00
max3d,00945,2025-07-02,18:00:00,evening,three_digit_tiers,,,https://www.vietlott.vn/vi/trung-thuong/ket-qua-trung-thuong/max-3D?id=00945&nocatche=1,c80d141e168893a8ce039c82d9904e7afe46c3aa7edd2d87cb20fd066027a4e2,2026-08-02T20:25:46+00:00
max3d,00946,2025-07-04,18:00:00,evening,three_digit_tiers,,,https://www.vietlott.vn/vi/trung-thuong/ket-qua-trung-thuong/max-3D?id=00946&nocatche=1,c8b4b7c663271dfb1d914bf1e3511f4237deb361a33b59b20906e2ff2163edec,2026-08-02T20:25:46+00:00
max3d,00947,2025-07-07,18:00:00,evening,three_digit_tiers,,,https://www.vietlott.vn/vi/trung-thuong/ket-qua-trung-thuong/max-3D?id=00947&nocatche=1,1cc255b8673fcc63a427e3281968ff9f0888c0f38dabea118930363c25175087,2026-08-02T20:25:44+00:00
max3d,00948,2025-07-09,18:00:00,evening,three_digit_tiers,,,https://www.vietlott.vn/vi/trung-thuong/ket-qua-trung-thuong/max-3D?id=00948&nocatche=1,f538a30c67fd8eb44fc7345b7a09ab5e9df8f433bcc888dadd1cefde1ba9e173,2026-08-02T20:25:44+00:00
max3d,00949,2025-07-11,18:00:00,evening,three_digit_tiers,,,https://www.vietlott.vn/vi/trung-thuong/ket-qua-trung-thuong/max-3D?id=00949&nocatche=1,a585a87ab95bf596d7bb436e5cbb20ba8acdab0aa624ce30c537785beefb93f6,2026-08-02T20:25:44+00:00
max3d,00950,2025-07-14,18:00:00,evening,three_digit_tiers,,,https://www.vietlott.vn/vi/trung-thuong/ket-qua-trung-thuong/max-3D?id=00950&nocatche=1,ee7b8364eb7ca0e44a869a41817ed5a157137eb1a34f29ab65e98ab27db8803b,2026-08-02T20:25:43+00:00
max3d,00951,2025-07-16,18:00:00,evening,three_digit_tiers,,,https://www.vietlott.vn/vi/trung-thuong/ket-qua-trung-thuong/max-3D?id=00951&nocatche=1,5b05f42e6421915aba8ad9794e1f838f75cd7830a777c5789300c5cd5de38ebf,2026-08-02T20:25:44+00:00
max3d,00952,2025-07-18,18:00:00,evening,three_digit_tiers,,,https://www.vietlott.vn/vi/trung-thuong/ket-qua-trung-thuong/max-3D?id=00952&nocatche=1,8f9c983ada038d7550786dfbf5b10d421e75b6358ef6456f017640a7eebcf521,2026-08-02T20:25:43+00:00
max3d,00953,2025-07-21,18:00:00,evening,three_digit_tiers,,,https://www.vietlott.vn/vi/trung-thuong/ket-qua-trung-thuong/max-3D?id=00953&nocatche=1,5c9cb0920e95d6f5c9f8e262885511d18394cccd2cd70825f1b2596f3f54371f,2026-08-02T20:25:42+00:00
max3d,00954,2025-07-23,18:00:00,evening,three_digit_tiers,,,https://www.vietlott.vn/vi/trung-thuong/ket-qua-trung-thuong/max-3D?id=00954&nocatche=1,0b98bd0a15166f1d89a54fe30f9af7ad6c4b6f51d7f0d03c8cb16f89c7daa6ae,2026-08-02T20:25:43+00:00
max3d,00955,2025-07-25,18:00:00,evening,three_digit_tiers,,,https://www.vietlott.vn/vi/trung-thuong/ket-qua-trung-thuong/max-3D?id=00955&nocatche=1,0d79fb974013463d9b57333c9b982e1d584330182b04d2f9f2b3f92c155d10bb,2026-08-02T20:25:41+00:00
max3d,00956,2025-07-28,18:00:00,evening,three_digit_tiers,,,https://www.vietlott.vn/vi/trung-thuong/ket-qua-trung-thuong/max-3D?id=00956&nocatche=1,0b1b1692728c8dac18cf9a482c10ad593789c76a0d3facb5791534046ab28c7b,2026-08-02T20:25:41+00:00
max3d,00957,2025-07-30,18:00:00,evening,three_digit_tiers,,,https://www.vietlott.vn/vi/trung-thuong/ket-qua-trung-thuong/max-3D?id=00957&nocatche=1,f2021dce21e2e48b2e4d82006cf38947c3733ba5cd5fbdd567739766f1583ec2,2026-08-02T20:25:40+00:00
max3d,00958,2025-08-01,18:00:00,evening,three_digit_tiers,,,https://www.vietlott.vn/vi/trung-thuong/ket-qua-trung-thuong/max-3D?id=00958&nocatche=1,069c21b74c458fecd1b3d4baf10a4b7c4bb08d07ae624c7e6b5e4a927cf2ef91,2026-08-02T20:25:38+00:00
max3d,00959,2025-08-04,18:00:00,evening,three_digit_tiers,,,https://www.vietlott.vn/vi/trung-thuong/ket-qua-trung-thuong/max-3D?id=00959&nocatche=1,c50e4f876ad5336b2e03d20a6e6ddaea40d5b2f408ea0385359ddc03f8c63803,2026-08-02T20:25:41+00:00
max3d,00960,2025-08-06,18:00:00,evening,three_digit_tiers,,,https://www.vietlott.vn/vi/trung-thuong/ket-qua-trung-thuong/max-3D?id=00960&nocatche=1,89fc8af049f9abbcb2c80beb1bc21aa64f369b5358b1a03f781855db935b868e,2026-08-02T20:25:37+00:00
max3d,00961,2025-08-08,18:00:00,evening,three_digit_tiers,,,https://www.vietlott.vn/vi/trung-thuong/ket-qua-trung-thuong/max-3D?id=00961&nocatche=1,cc2df2cee3b306009b6f82b53466ce8367f5520e6746e797ce52a97d0b770ad8,2026-08-02T20:25:39+00:00
max3d,00962,2025-08-11,18:00:00,evening,three_digit_tiers,,,https://www.vietlott.vn/vi/trung-thuong/ket-qua-trung-thuong/max-3D?id=00962&nocatche=1,19654bd0ab4a7079457579dcfa1ff34eb135d9ccd636de2c2f51a83018c62991,2026-08-02T20:25:37+00:00
max3d,00963,2025-08-13,18:00:00,evening,three_digit_tiers,,,https://www.vietlott.vn/vi/trung-thuong/ket-qua-trung-thuong/max-3D?id=00963&nocatche=1,ede827f542dbac1fb210ada10675fad53827b8d0dd41fec4cd543910d517c572,2026-08-02T20:25:36+00:00
max3d,00964,2025-08-15,18:00:00,evening,three_digit_tiers,,,https://www.vietlott.vn/vi/trung-thuong/ket-qua-trung-thuong/max-3D?id=00964&nocatche=1,15f0a9c4b1fadcd16b2588744fab018f7bedf57f1df989f026a49f64b02f5ef8,2026-08-02T20:25:41+00:00
max3d,00965,2025-08-18,18:00:00,evening,three_digit_tiers,,,https://www.vietlott.vn/vi/trung-thuong/ket-qua-trung-thuong/max-3D?id=00965&nocatche=1,26735663db8ff10204c0c6652e3d47b586c5345c4063cb8a3b8ce26e56d7f15d,2026-08-02T20:25:36+00:00
max3d,00966,2025-08-20,18:00:00,evening,three_digit_tiers,,,https://www.vietlott.vn/vi/trung-thuong/ket-qua-trung-thuong/max-3D?id=00966&nocatche=1,9e12e09324a1407d46ad014e6d1c689aca053b31aebfc5e077fc49e89e8f7a5b,2026-08-02T20:25:36+00:00
max3d,00967,2025-08-22,18:00:00,evening,three_digit_tiers,,,https://www.vietlott.vn/vi/trung-thuong/ket-qua-trung-thuong/max-3D?id=00967&nocatche=1,258f51d0252b82333c97fccfa1db8fd8bbe2606404da0fb65fd996fabe73f043,2026-08-02T20:25:32+00:00
max3d,00968,2025-08-25,18:00:00,evening,three_digit_tiers,,,https://www.vietlott.vn/vi/trung-thuong/ket-qua-trung-thuong/max-3D?id=00968&nocatche=1,289a53bcb748fcb870adf30c53f7899baf9a5cd5c9c1bae01bc827fae9791476,2026-08-02T20:25:35+00:00
max3d,00969,2025-08-27,18:00:00,evening,three_digit_tiers,,,https://www.vietlott.vn/vi/trung-thuong/ket-qua-trung-thuong/max-3D?id=00969&nocatche=1,8432ecf0bc49e85e4ad655c7e7c96535085806226838e9d4d2f8938d37afcc6b,2026-08-02T20:25:35+00:00
max3d,00970,2025-08-29,18:00:00,evening,three_digit_tiers,,,https://www.vietlott.vn/vi/trung-thuong/ket-qua-trung-thuong/max-3D?id=00970&nocatche=1,83ef6e17ae7dc03264b15c0f80cea213819d3a01695c66f1a653bf4806caef26,2026-08-02T20:25:31+00:00
max3d,00971,2025-09-01,18:00:00,evening,three_digit_tiers,,,https://www.vietlott.vn/vi/trung-thuong/ket-qua-trung-thuong/max-3D?id=00971&nocatche=1,ece8b260fa9aa1a4a202d1861d4ef27085c41edddb6bd169117c7b9a381498d8,2026-08-02T20:25:30+00:00
max3d,00972,2025-09-03,18:00:00,evening,three_digit_tiers,,,https://www.vietlott.vn/vi/trung-thuong/ket-qua-trung-thuong/max-3D?id=00972&nocatche=1,8f4c6d9be3e90dc184ec62aaa5422dc17fe4ada7fa2a216bdbfe07e72215148b,2026-08-02T20:25:30+00:00
max3d,00973,2025-09-05,18:00:00,evening,three_digit_tiers,,,https://www.vietlott.vn/vi/trung-thuong/ket-qua-trung-thuong/max-3D?id=00973&nocatche=1,dd934c2af76db9bea6d0a5cdacd7b711b378ee005ab5fa2a6c2110979f525170,2026-08-02T20:25:30+00:00
max3d,00974,2025-09-08,18:00:00,evening,three_digit_tiers,,,https://www.vietlott.vn/vi/trung-thuong/ket-qua-trung-thuong/max-3D?id=00974&nocatche=1,7740cd9c0e9c24461c6d35d757996213ebf479c3176316aa18d54a555496ff6b,2026-08-02T20:25:31+00:00
max3d,00975,2025-09-10,18:00:00,evening,three_digit_tiers,,,https://www.vietlott.vn/vi/trung-thuong/ket-qua-trung-thuong/max-3D?id=00975&nocatche=1,0519c93d203a9fe56fc084f6ba8ea57adeea0a2e967e54874c859cb4cbea6bcb,2026-08-02T20:25:29+00:00
max3d,00976,2025-09-12,18:00:00,evening,three_digit_tiers,,,https://www.vietlott.vn/vi/trung-thuong/ket-qua-trung-thuong/max-3D?id=00976&nocatche=1,5848e5e645bea5258bff5245ac6d859f646d50984382c89480ea52ab155b7750,2026-08-02T20:25:28+00:00
max3d,00977,2025-09-15,18:00:00,evening,three_digit_tiers,,,https://www.vietlott.vn/vi/trung-thuong/ket-qua-trung-thuong/max-3D?id=00977&nocatche=1,5435a9807e7baf6eefe605776f8e48300712f837d93920ee5f4f2789b844be76,2026-08-02T20:25:29+00:00
max3d,00978,2025-09-17,18:00:00,evening,three_digit_tiers,,,https://www.vietlott.vn/vi/trung-thuong/ket-qua-trung-thuong/max-3D?id=00978&nocatche=1,ca3793faf913ca3c076bc5c4529675b4eca09386f34f34b397081d1b488ffaf3,2026-08-02T20:25:27+00:00
max3d,00979,2025-09-19,18:00:00,evening,three_digit_tiers,,,https://www.vietlott.vn/vi/trung-thuong/ket-qua-trung-thuong/max-3D?id=00979&nocatche=1,3b96a84a6f3305a5d7e3cca2f11e711076d2b4370fafd24f3916da9d230cad51,2026-08-02T20:25:28+00:00
max3d,00980,2025-09-22,18:00:00,evening,three_digit_tiers,,,https://www.vietlott.vn/vi/trung-thuong/ket-qua-trung-thuong/max-3D?id=00980&nocatche=1,5228ba142b245b2d3b82cf81354b1a864cf04699c059bde1f61fb00a9bc626cc,2026-08-02T20:25:27+00:00
max3d,00981,2025-09-24,18:00:00,evening,three_digit_tiers,,,https://www.vietlott.vn/vi/trung-thuong/ket-qua-trung-thuong/max-3D?id=00981&nocatche=1,51fdce66962bd497488caffa6907e2b8792238b2fada1063194137c8d0987c07,2026-08-02T20:25:26+00:00
max3d,00982,2025-09-26,18:00:00,evening,three_digit_tiers,,,https://www.vietlott.vn/vi/trung-thuong/ket-qua-trung-thuong/max-3D?id=00982&nocatche=1,18c32aadb857cecf1beeb78258cf824d2e125e92f3b287af5fad9bd46012b211,2026-08-02T20:25:27+00:00
max3d,00983,2025-09-29,18:00:00,evening,three_digit_tiers,,,https://www.vietlott.vn/vi/trung-thuong/ket-qua-trung-thuong/max-3D?id=00983&nocatche=1,97aad2bc27fd32d6452db41c3eec51ab55502848dd719d62197e77ac1b0e528f,2026-08-02T20:25:26+00:00
max3d,00984,2025-10-01,18:00:00,evening,three_digit_tiers,,,https://www.vietlott.vn/vi/trung-thuong/ket-qua-trung-thuong/max-3D?id=00984&nocatche=1,310a7315ac54f8179af5b5a9d91d638a481fa28743fa6481b328928a4cca07f5,2026-08-02T20:25:25+00:00
max3d,00985,2025-10-03,18:00:00,evening,three_digit_tiers,,,https://www.vietlott.vn/vi/trung-thuong/ket-qua-trung-thuong/max-3D?id=00985&nocatche=1,f7d18fc2bdccc5f54c2ab9a068ca193f59c00d9f40666fd23df0a22a866a2fcf,2026-08-02T20:25:24+00:00
max3d,00986,2025-10-06,18:00:00,evening,three_digit_tiers,,,https://www.vietlott.vn/vi/trung-thuong/ket-qua-trung-thuong/max-3D?id=00986&nocatche=1,e64931b428c51bbfbccf217175df036abb73aea097fe825015d5eb6e327ce9b7,2026-08-02T20:25:24+00:00
max3d,00987,2025-10-08,18:00:00,evening,three_digit_tiers,,,https://www.vietlott.vn/vi/trung-thuong/ket-qua-trung-thuong/max-3D?id=00987&nocatche=1,9a0d35ce08eb598786b5af5cc256a46a529330cf21a400042ebe2e37599109df,2026-08-02T20:25:26+00:00
max3d,00988,2025-10-10,18:00:00,evening,three_digit_tiers,,,https://www.vietlott.vn/vi/trung-thuong/ket-qua-trung-thuong/max-3D?id=00988&nocatche=1,f6c7dedbc85aabbb00ac8b697f9087335e121e84d1169ea0b9b7ca24b0aca094,2026-08-02T20:25:23+00:00
max3d,00989,2025-10-13,18:00:00,evening,three_digit_tiers,,,https://www.vietlott.vn/vi/trung-thuong/ket-qua-trung-thuong/max-3D?id=00989&nocatche=1,28dc93f92fdafaa56bff28e7f27feb7f5e57947f3b028075ac98d7f0dc4c6eea,2026-08-02T20:25:24+00:00
max3d,00990,2025-10-15,18:00:00,evening,three_digit_tiers,,,https://www.vietlott.vn/vi/trung-thuong/ket-qua-trung-thuong/max-3D?id=00990&nocatche=1,9c561da62cac7cc55b3abab698e88bdcb81068943ca7db8ebaac74b43fc06bf4,2026-08-02T20:25:25+00:00
max3d,00991,2025-10-17,18:00:00,evening,three_digit_tiers,,,https://www.vietlott.vn/vi/trung-thuong/ket-qua-trung-thuong/max-3D?id=00991&nocatche=1,ef1fdd5220b337d6c1351109ac6524c62a620937e4d89eb60034fa29eea81ee1,2026-08-02T20:25:22+00:00
max3d,00992,2025-10-20,18:00:00,evening,three_digit_tiers,,,https://www.vietlott.vn/vi/trung-thuong/ket-qua-trung-thuong/max-3D?id=00992&nocatche=1,b0a323c39d8995c87a0cd23d2fb37a2163c8e6f60f6c3d59f9a0756b78c7abbc,2026-08-02T20:25:22+00:00
max3d,00993,2025-10-22,18:00:00,evening,three_digit_tiers,,,https://www.vietlott.vn/vi/trung-thuong/ket-qua-trung-thuong/max-3D?id=00993&nocatche=1,2253b44c353c79004dedd370223da100573fdce3367c70befb8b24a250aaf64f,2026-08-02T20:25:20+00:00
max3d,00994,2025-10-24,18:00:00,evening,three_digit_tiers,,,https://www.vietlott.vn/vi/trung-thuong/ket-qua-trung-thuong/max-3D?id=00994&nocatche=1,c880b2997e4d7869d52e1dc3a07f83c3959355cd5bf8e73e8c99327ab67b1050,2026-08-02T20:25:22+00:00
max3d,00995,2025-10-27,18:00:00,evening,three_digit_tiers,,,https://www.vietlott.vn/vi/trung-thuong/ket-qua-trung-thuong/max-3D?id=00995&nocatche=1,3e92e77f9c3679c67a94303c7f6dce2eada92af8729a9b56f489975a1d2220bc,2026-08-02T20:25:20+00:00
max3d,00996,2025-10-29,18:00:00,evening,three_digit_tiers,,,https://www.vietlott.vn/vi/trung-thuong/ket-qua-trung-thuong/max-3D?id=00996&nocatche=1,48019a2a230757369d50bd750ae3f3da6ca9880ae8f4836fce97e86fa9221fbd,2026-08-02T20:25:21+00:00
max3d,00997,2025-10-31,18:00:00,evening,three_digit_tiers,,,https://www.vietlott.vn/vi/trung-thuong/ket-qua-trung-thuong/max-3D?id=00997&nocatche=1,1143636e8ce322c6380963706fbc577a00938b2cc601f69cca200a8810127649,2026-08-02T20:25:19+00:00
max3d,00998,2025-11-03,18:00:00,evening,three_digit_tiers,,,https://www.vietlott.vn/vi/trung-thuong/ket-qua-trung-thuong/max-3D?id=00998&nocatche=1,a08550ce5f07db4022dddff57c5ae25417f50a9513fcb9bc80655f3297b68a3d,2026-08-02T20:25:19+00:00
max3d,00999,2025-11-05,18:00:00,evening,three_digit_tiers,,,https://www.vietlott.vn/vi/trung-thuong/ket-qua-trung-thuong/max-3D?id=00999&nocatche=1,cf5c44ec76d2d5761f707e5583dc52d81cc3b08c93ad5907303bf1b5be82ed1b,2026-08-02T20:25:18+00:00
max3d,01000,2025-11-07,18:00:00,evening,three_digit_tiers,,,https://www.vietlott.vn/vi/trung-thuong/ket-qua-trung-thuong/max-3D?id=01000&nocatche=1,f83952ee7b8665825dd61a30ad0b5c11c18e0bdc78b3e3a281b5628e63c7329c,2026-08-02T20:25:19+00:00
max3d,01001,2025-11-10,18:00:00,evening,three_digit_tiers,,,https://www.vietlott.vn/vi/trung-thuong/ket-qua-trung-thuong/max-3D?id=01001&nocatche=1,85d97f96d6969378e1a6fe3056bd8ae5a4d71e0f998fd9dffe966b89c74d50c1,2026-08-02T20:25:19+00:00
max3d,01002,2025-11-12,18:00:00,evening,three_digit_tiers,,,https://www.vietlott.vn/vi/trung-thuong/ket-qua-trung-thuong/max-3D?id=01002&nocatche=1,03aa89abb1068ec00a83ba29b3b0afe8b42c5dfd09d4f08196f0479756547d08,2026-08-02T20:25:17+00:00
max3d,01003,2025-11-14,18:00:00,evening,three_digit_tiers,,,https://www.vietlott.vn/vi/trung-thuong/ket-qua-trung-thuong/max-3D?id=01003&nocatche=1,4401801b53af11966396b0b3e2646d793ac14ab7ccc98ef72c87655afd0b870e,2026-08-02T20:25:18+00:00
max3d,01004,2025-11-17,18:00:00,evening,three_digit_tiers,,,https://www.vietlott.vn/vi/trung-thuong/ket-qua-trung-thuong/max-3D?id=01004&nocatche=1,bdf3ed53d739a52eff817cb9789bea998c2d13e1dc6df8f78e00c76c15356695,2026-08-02T20:25:16+00:00
max3d,01005,2025-11-19,18:00:00,evening,three_digit_tiers,,,https://www.vietlott.vn/vi/trung-thuong/ket-qua-trung-thuong/max-3D?id=01005&nocatche=1,50207bf4b6acf613a66f6eae734e94a3e2a25b453e969a050926b584e087a551,2026-08-02T20:25:16+00:00
max3d,01006,2025-11-21,18:00:00,evening,three_digit_tiers,,,https://www.vietlott.vn/vi/trung-thuong/ket-qua-trung-thuong/max-3D?id=01006&nocatche=1,f15d125073400ca050d1dd29b0259610b8359a50389e386dcb5ba45cfd6fb0cc,2026-08-02T20:25:15+00:00
max3d,01007,2025-11-24,18:00:00,evening,three_digit_tiers,,,https://www.vietlott.vn/vi/trung-thuong/ket-qua-trung-thuong/max-3D?id=01007&nocatche=1,a6b1cbba0ac4e789832731800820358a8bc0e4ac161dbd0d506b81b60313f146,2026-08-02T20:25:17+00:00
max3d,01008,2025-11-26,18:00:00,evening,three_digit_tiers,,,https://www.vietlott.vn/vi/trung-thuong/ket-qua-trung-thuong/max-3D?id=01008&nocatche=1,b3c1217ac71e2d7c13211745f598872d79dd1e2dc31a13b296c3797eeef062bd,2026-08-02T20:25:16+00:00
max3d,01009,2025-11-28,18:00:00,evening,three_digit_tiers,,,https://www.vietlott.vn/vi/trung-thuong/ket-qua-trung-thuong/max-3D?id=01009&nocatche=1,25d0041fc2f0cad1e4d510e81bf75e7ae2cba1975c9543d54ac3bca9d58ef40f,2026-08-02T20:25:14+00:00
max3d,01010,2025-12-01,18:00:00,evening,three_digit_tiers,,,https://www.vietlott.vn/vi/trung-thuong/ket-qua-trung-thuong/max-3D?id=01010&nocatche=1,178da7d829646cab3951c324aa34869483e9c1b950513ca772fdc8f7a0e597d9,2026-08-02T20:25:14+00:00
max3d,01011,2025-12-03,18:00:00,evening,three_digit_tiers,,,https://www.vietlott.vn/vi/trung-thuong/ket-qua-trung-thuong/max-3D?id=01011&nocatche=1,0015d54481192350f930f9d40b5ca60979eecd591102f0cf08b68642296e200b,2026-08-02T20:25:15+00:00
max3d,01012,2025-12-05,18:00:00,evening,three_digit_tiers,,,https://www.vietlott.vn/vi/trung-thuong/ket-qua-trung-thuong/max-3D?id=01012&nocatche=1,8c4ec0687bacf5a6e388cff49be4d99b3d30bc4a0cc84b1d12331b4f28c6e29e,2026-08-02T20:25:13+00:00
max3d,01013,2025-12-08,18:00:00,evening,three_digit_tiers,,,https://www.vietlott.vn/vi/trung-thuong/ket-qua-trung-thuong/max-3D?id=01013&nocatche=1,e71291a10ab19000e14e3195ec4f9c7fe16b6b4179f9a24161880f246821517f,2026-08-02T20:25:13+00:00
max3d,01014,2025-12-10,18:00:00,evening,three_digit_tiers,,,https://www.vietlott.vn/vi/trung-thuong/ket-qua-trung-thuong/max-3D?id=01014&nocatche=1,81b2d8e970ca00477f72caf93faa27b0630465d1a42e8ea3e02c376fcb9a021f,2026-08-02T20:25:13+00:00
max3d,01015,2025-12-12,18:00:00,evening,three_digit_tiers,,,https://www.vietlott.vn/vi/trung-thuong/ket-qua-trung-thuong/max-3D?id=01015&nocatche=1,34f355a8e7988613b83e903eca3102c3c45a4856982abad6c071c3711ff8332d,2026-08-02T20:25:11+00:00
max3d,01016,2025-12-15,18:00:00,evening,three_digit_tiers,,,https://www.vietlott.vn/vi/trung-thuong/ket-qua-trung-thuong/max-3D?id=01016&nocatche=1,15b1365d7818d24d4749a8f1b77b81c00c34b085f1f27a91fcedb184918c6d68,2026-08-02T20:25:11+00:00
max3d,01017,2025-12-17,18:00:00,evening,three_digit_tiers,,,https://www.vietlott.vn/vi/trung-thuong/ket-qua-trung-thuong/max-3D?id=01017&nocatche=1,0f2093caf5e3437213b4283a9593a4929ec663b9573a9d06ab57011f3a7d3ac7,2026-08-02T20:25:12+00:00
max3d,01018,2025-12-19,18:00:00,evening,three_digit_tiers,,,https://www.vietlott.vn/vi/trung-thuong/ket-qua-trung-thuong/max-3D?id=01018&nocatche=1,c45f47d993d7720967b2f72b8bbe9347df5504fbb309566ad85b090052874c8a,2026-08-02T20:25:13+00:00
max3d,01019,2025-12-22,18:00:00,evening,three_digit_tiers,,,https://www.vietlott.vn/vi/trung-thuong/ket-qua-trung-thuong/max-3D?id=01019&nocatche=1,5aad355d4aa2e5f2c5b4cc6dbbda7290bc72621e5daf1c945c5c1d7addcd5137,2026-08-02T20:25:10+00:00
max3d,01020,2025-12-24,18:00:00,evening,three_digit_tiers,,,https://www.vietlott.vn/vi/trung-thuong/ket-qua-trung-thuong/max-3D?id=01020&nocatche=1,81922bd5dfbc37a2610d3cb3887bb797c3d45bf29b8f9a7f9011fd5114ddc68f,2026-08-02T20:25:10+00:00
max3d,01021,2025-12-26,18:00:00,evening,three_digit_tiers,,,https://www.vietlott.vn/vi/trung-thuong/ket-qua-trung-thuong/max-3D?id=01021&nocatche=1,50bdb843dbdbcc953ea999326c528a9c5cd6944fc0628fd707111da99e6ad7b5,2026-08-02T20:25:10+00:00
max3d,01022,2025-12-29,18:00:00,evening,three_digit_tiers,,,https://www.vietlott.vn/vi/trung-thuong/ket-qua-trung-thuong/max-3D?id=01022&nocatche=1,64cceb1df0f7ee90e274280b65bcf083ef87c3a73430fcb007285e43767a041a,2026-08-02T20:25:09+00:00
max3d,01023,2025-12-31,18:00:00,evening,three_digit_tiers,,,https://www.vietlott.vn/vi/trung-thuong/ket-qua-trung-thuong/max-3D?id=01023&nocatche=1,69872219649d7ad52418bd3ffb3c5073f634dc60531150c0788e27f34e861032,2026-08-02T20:25:09+00:00
max3d,01024,2026-01-02,18:00:00,evening,three_digit_tiers,,,https://www.vietlott.vn/vi/trung-thuong/ket-qua-trung-thuong/max-3D?id=01024&nocatche=1,e7fcdb087e3690031c4218e9b063afe695fa6bc722a9095f26cf9e7eb70c731c,2026-08-02T20:25:10+00:00
max3d,01025,2026-01-05,18:00:00,evening,three_digit_tiers,,,https://www.vietlott.vn/vi/trung-thuong/ket-qua-trung-thuong/max-3D?id=01025&nocatche=1,6f11228a67d4fc1c1e5ef382c2b2483ce6895b846aba4ae6414cafc37386306c,2026-08-02T20:25:09+00:00
max3d,01026,2026-01-07,18:00:00,evening,three_digit_tiers,,,https://www.vietlott.vn/vi/trung-thuong/ket-qua-trung-thuong/max-3D?id=01026&nocatche=1,a593144b602ef8e0f56f143f3b929e2b12cae5a5e9a184531feb40cea1d9dc4f,2026-08-02T20:25:07+00:00
max3d,01027,2026-01-09,18:00:00,evening,three_digit_tiers,,,https://www.vietlott.vn/vi/trung-thuong/ket-qua-trung-thuong/max-3D?id=01027&nocatche=1,4ba291cdc6ffc09ab3e9cbfd8cdcf8d79acae0d28dda6e0778263df14dac90aa,2026-08-02T20:25:07+00:00
max3d,01028,2026-01-12,18:00:00,evening,three_digit_tiers,,,https://www.vietlott.vn/vi/trung-thuong/ket-qua-trung-thuong/max-3D?id=01028&nocatche=1,af7d53dab3f2b3c1b546d0068a9fdd4da9d11f43b8153f3b478336952cd3d4b1,2026-08-02T20:25:08+00:00
max3d,01029,2026-01-14,18:00:00,evening,three_digit_tiers,,,https://www.vietlott.vn/vi/trung-thuong/ket-qua-trung-thuong/max-3D?id=01029&nocatche=1,4644e22d6c2a11f27d3a96ec179ce3423fd0005ece56a9a6cb8c482f140603dc,2026-08-02T20:25:07+00:00
max3d,01030,2026-01-16,18:00:00,evening,three_digit_tiers,,,https://www.vietlott.vn/vi/trung-thuong/ket-qua-trung-thuong/max-3D?id=01030&nocatche=1,256781030feb131f435a1c16bc183166ea6eba6e0704993b6f59c1f90b5a5742,2026-08-02T20:25:02+00:00
max3d,01031,2026-01-19,18:00:00,evening,three_digit_tiers,,,https://www.vietlott.vn/vi/trung-thuong/ket-qua-trung-thuong/max-3D?id=01031&nocatche=1,9fb7b2cc6f5617c335ed6cbde541268571f684f964c1ea43ad6fb3a9246f85cc,2026-08-02T20:25:02+00:00
max3d,01032,2026-01-21,18:00:00,evening,three_digit_tiers,,,https://www.vietlott.vn/vi/trung-thuong/ket-qua-trung-thuong/max-3D?id=01032&nocatche=1,4971a01190b01323f27c0f0055804ac2e55d9d86f20b6c66037008ec3089b766,2026-08-02T20:25:01+00:00
max3d,01033,2026-01-23,18:00:00,evening,three_digit_tiers,,,https://www.vietlott.vn/vi/trung-thuong/ket-qua-trung-thuong/max-3D?id=01033&nocatche=1,12363c6f40019b8f5021759847954ffa02c05d39a0a9d18ea6ab634347d88c2d,2026-08-02T20:25:02+00:00
max3d,01034,2026-01-26,18:00:00,evening,three_digit_tiers,,,https://www.vietlott.vn/vi/trung-thuong/ket-qua-trung-thuong/max-3D?id=01034&nocatche=1,42e3bb017da43697af3a9e2d0ced1109ab9eea25eef0e04457db14c684c509de,2026-08-02T20:25:02+00:00
max3d,01035,2026-01-28,18:00:00,evening,three_digit_tiers,,,https://www.vietlott.vn/vi/trung-thuong/ket-qua-trung-thuong/max-3D?id=01035&nocatche=1,f3f735e4508f4448407cccf32851e2d8f0f5833070b5d82555bae29d2c871f5f,2026-08-02T20:25:00+00:00
max3d,01036,2026-01-30,18:00:00,evening,three_digit_tiers,,,https://www.vietlott.vn/vi/trung-thuong/ket-qua-trung-thuong/max-3D?id=01036&nocatche=1,ca54da207df77b417cc4ba5677e15e42d7407677a0e8e451dbd09e26465eba13,2026-08-02T20:25:00+00:00
max3d,01037,2026-02-02,18:00:00,evening,three_digit_tiers,,,https://www.vietlott.vn/vi/trung-thuong/ket-qua-trung-thuong/max-3D?id=01037&nocatche=1,bed6147832af16acffbb52a28ae50c357f6bc9f6a0cba0e06d0dd735f717b316,2026-08-02T20:24:59+00:00
max3d,01038,2026-02-04,18:00:00,evening,three_digit_tiers,,,https://www.vietlott.vn/vi/trung-thuong/ket-qua-trung-thuong/max-3D?id=01038&nocatche=1,f098283560469f785f0a2c8ae6123e926ce3fa8908b6c46a36103d8508c9f6a8,2026-08-02T20:24:59+00:00
max3d,01039,2026-02-06,18:00:00,evening,three_digit_tiers,,,https://www.vietlott.vn/vi/trung-thuong/ket-qua-trung-thuong/max-3D?id=01039&nocatche=1,93bed9dfed1044d8199ea21440d77cf9cbcc2554faa208052e39a009c7d0710a,2026-08-02T20:24:59+00:00
max3d,01040,2026-02-09,18:00:00,evening,three_digit_tiers,,,https://www.vietlott.vn/vi/trung-thuong/ket-qua-trung-thuong/max-3D?id=01040&nocatche=1,63ea04c612f4102c6db84802d83c07cf163e281524ee08147583248fc9de8f3f,2026-08-02T20:24:59+00:00
max3d,01041,2026-02-11,18:00:00,evening,three_digit_tiers,,,https://www.vietlott.vn/vi/trung-thuong/ket-qua-trung-thuong/max-3D?id=01041&nocatche=1,fce75c54644aa4d95ab4539d0bb2e70a620a0a55610448b96243129f477adc6e,2026-08-02T20:24:58+00:00
max3d,01042,2026-02-13,18:00:00,evening,three_digit_tiers,,,https://www.vietlott.vn/vi/trung-thuong/ket-qua-trung-thuong/max-3D?id=01042&nocatche=1,78cdcbf5de9366b88b44cce293ebed9d2e49e74b0e2fdb4f3ea2b89d085b86f1,2026-08-02T20:24:58+00:00
max3d,01043,2026-02-18,18:00:00,evening,three_digit_tiers,,,https://www.vietlott.vn/vi/trung-thuong/ket-qua-trung-thuong/max-3D?id=01043&nocatche=1,d1bfd9c0b6032fef5e2b24fd70d108620d0efb277bf218aaa22a071691fdf2af,2026-08-02T20:24:58+00:00
max3d,01044,2026-02-20,18:00:00,evening,three_digit_tiers,,,https://www.vietlott.vn/vi/trung-thuong/ket-qua-trung-thuong/max-3D?id=01044&nocatche=1,0e1547cee4dd8f8c096477ebfcd58389a204737849749d20d5d6a456d8ce895f,2026-08-02T20:24:57+00:00
max3d,01045,2026-02-23,18:00:00,evening,three_digit_tiers,,,https://www.vietlott.vn/vi/trung-thuong/ket-qua-trung-thuong/max-3D?id=01045&nocatche=1,5a64c49f07e6fdfc7e00923a769dd5e5d2c0949ae2824e0c8c61061a5a989f45,2026-08-02T20:24:57+00:00
max3d,01046,2026-02-25,18:00:00,evening,three_digit_tiers,,,https://www.vietlott.vn/vi/trung-thuong/ket-qua-trung-thuong/max-3D?id=01046&nocatche=1,d5ab839d53b5c7d67776ed6ab3e9e646d005aa27dbb0f4eaa45d0d7d3e1f643a,2026-08-02T20:24:57+00:00
max3d,01047,2026-02-27,18:00:00,evening,three_digit_tiers,,,https://www.vietlott.vn/vi/trung-thuong/ket-qua-trung-thuong/max-3D?id=01047&nocatche=1,4b43ac25e8205f992e169cbc7bdf850621a96d1465c24efb4bc0c146822626d3,2026-08-02T20:24:57+00:00
max3d,01048,2026-03-02,18:00:00,evening,three_digit_tiers,,,https://www.vietlott.vn/vi/trung-thuong/ket-qua-trung-thuong/max-3D?id=01048&nocatche=1,46a6e4c5b142500211d80f4366d5de7b1405729b730a448771bcdd93a831c17c,2026-08-02T20:24:56+00:00
max3d,01049,2026-03-04,18:00:00,evening,three_digit_tiers,,,https://www.vietlott.vn/vi/trung-thuong/ket-qua-trung-thuong/max-3D?id=01049&nocatche=1,aecc3c181caf7c7a04c09613944d3bff29031879016671c44a6552a92dc0ce74,2026-08-02T20:24:56+00:00
max3d,01050,2026-03-06,18:00:00,evening,three_digit_tiers,,,https://www.vietlott.vn/vi/trung-thuong/ket-qua-trung-thuong/max-3D?id=01050&nocatche=1,8c5b39fb99dc17b8afa917f0788ca8f2d0ccd8cc4a0405eb645897930a16adfc,2026-08-02T20:24:56+00:00
max3d,01051,2026-03-09,18:00:00,evening,three_digit_tiers,,,https://www.vietlott.vn/vi/trung-thuong/ket-qua-trung-thuong/max-3D?id=01051&nocatche=1,1bede8c9984054bd0fb7e85c1fba50b541cd7c194f5883fdd74a86b1304dba10,2026-08-02T20:24:55+00:00
max3d,01052,2026-03-11,18:00:00,evening,three_digit_tiers,,,https://www.vietlott.vn/vi/trung-thuong/ket-qua-trung-thuong/max-3D?id=01052&nocatche=1,aaedd91de865395f984050be21e945e9dab2346590092074a026372c18bc5f42,2026-08-02T20:24:54+00:00
max3d,01053,2026-03-13,18:00:00,evening,three_digit_tiers,,,https://www.vietlott.vn/vi/trung-thuong/ket-qua-trung-thuong/max-3D?id=01053&nocatche=1,4b8674d265b35cfc38ee35865fa8fbee547d4bfe75b3974837b74193255b6042,2026-08-02T20:24:53+00:00
max3d,01054,2026-03-16,18:00:00,evening,three_digit_tiers,,,https://www.vietlott.vn/vi/trung-thuong/ket-qua-trung-thuong/max-3D?id=01054&nocatche=1,6f057df8bcdfa3ac8f306b56dd8110c5c9426e317b6dbf003c5e4bb2e4a587dc,2026-08-02T20:24:54+00:00
max3d,01055,2026-03-18,18:00:00,evening,three_digit_tiers,,,https://www.vietlott.vn/vi/trung-thuong/ket-qua-trung-thuong/max-3D?id=01055&nocatche=1,bd7c44a5b9f11996df8f148afa4518e1a580b6aa53d10c604def254ad27a00a7,2026-08-02T20:24:55+00:00
max3d,01056,2026-03-20,18:00:00,evening,three_digit_tiers,,,https://www.vietlott.vn/vi/trung-thuong/ket-qua-trung-thuong/max-3D?id=01056&nocatche=1,9f1286ded1d8d0e03cf0cb1324cbf6ff5bd3afbbd08e23a60cc12f4dca43194c,2026-08-02T20:24:53+00:00
max3d,01057,2026-03-23,18:00:00,evening,three_digit_tiers,,,https://www.vietlott.vn/vi/trung-thuong/ket-qua-trung-thuong/max-3D?id=01057&nocatche=1,d43bdb3accc438a4a5cc0eef5ef818ec5251ae38ccf0905525d406b455d75918,2026-08-02T20:24:52+00:00
max3d,01058,2026-03-25,18:00:00,evening,three_digit_tiers,,,https://www.vietlott.vn/vi/trung-thuong/ket-qua-trung-thuong/max-3D?id=01058&nocatche=1,153a393b3595872e9b5b8c9d3f5ad09d72850c4005ab3256c1814c47b507f363,2026-08-02T20:24:52+00:00
max3d,01059,2026-03-27,18:00:00,evening,three_digit_tiers,,,https://www.vietlott.vn/vi/trung-thuong/ket-qua-trung-thuong/max-3D?id=01059&nocatche=1,25f83443b10ef104a84721a92a6bc5dba7d947d602922778c898bcd211f800fb,2026-08-02T20:24:49+00:00
max3d,01060,2026-03-30,18:00:00,evening,three_digit_tiers,,,https://www.vietlott.vn/vi/trung-thuong/ket-qua-trung-thuong/max-3D?id=01060&nocatche=1,0be19493070e0dc7f3e7fe65e237433d6021e54065cf53736c6c943007a66259,2026-08-02T20:24:48+00:00
max3d,01061,2026-04-01,18:00:00,evening,three_digit_tiers,,,https://www.vietlott.vn/vi/trung-thuong/ket-qua-trung-thuong/max-3D?id=01061&nocatche=1,d1caed51cb088837e86c6eeb481960a2c9632d432862e6cda42d363af2f09b6b,2026-08-02T20:24:47+00:00
max3d,01062,2026-04-03,18:00:00,evening,three_digit_tiers,,,https://www.vietlott.vn/vi/trung-thuong/ket-qua-trung-thuong/max-3D?id=01062&nocatche=1,6c1d51f55d8ada48525e2a1a7d7b6dd3129d48b8675484911950dd74ba0203ae,2026-08-02T20:24:49+00:00
max3d,01063,2026-04-06,18:00:00,evening,three_digit_tiers,,,https://www.vietlott.vn/vi/trung-thuong/ket-qua-trung-thuong/max-3D?id=01063&nocatche=1,89627d5cf32d71ac2b9dea82900c2ad4b9fe37b10005cc5a5e924fde2928250d,2026-08-02T20:24:47+00:00
max3d,01064,2026-04-08,18:00:00,evening,three_digit_tiers,,,https://www.vietlott.vn/vi/trung-thuong/ket-qua-trung-thuong/max-3D?id=01064&nocatche=1,447d3a79237c0728ba744f01b00ca7128211a854a06a0649316a744e57f77825,2026-08-02T20:24:46+00:00
max3d,01065,2026-04-10,18:00:00,evening,three_digit_tiers,,,https://www.vietlott.vn/vi/trung-thuong/ket-qua-trung-thuong/max-3D?id=01065&nocatche=1,4a5ab416a5ea162c1ba04328de632b0834c95fa7a392b9fbc67c4911f2000a23,2026-08-02T20:24:47+00:00
max3d,01066,2026-04-13,18:00:00,evening,three_digit_tiers,,,https://www.vietlott.vn/vi/trung-thuong/ket-qua-trung-thuong/max-3D?id=01066&nocatche=1,fd08ffeb262e5f02bc2a60e19badd340d171a5ddc24b9bd28ca6a11587f103ed,2026-08-02T20:24:46+00:00
max3d,01067,2026-04-15,18:00:00,evening,three_digit_tiers,,,https://www.vietlott.vn/vi/trung-thuong/ket-qua-trung-thuong/max-3D?id=01067&nocatche=1,bb630c86738f07e05056ae7b4b94b0b36037e94c613bca490a6c6d38b1bf3f9f,2026-08-02T20:24:45+00:00
max3d,01068,2026-04-17,18:00:00,evening,three_digit_tiers,,,https://www.vietlott.vn/vi/trung-thuong/ket-qua-trung-thuong/max-3D?id=01068&nocatche=1,76fbb74ba234d9fbe4d6ad91bab49d3dc62c43ea6bb60ccb50d3f7c5c3ee431d,2026-08-02T20:24:46+00:00
max3d,01069,2026-04-20,18:00:00,evening,three_digit_tiers,,,https://www.vietlott.vn/vi/trung-thuong/ket-qua-trung-thuong/max-3D?id=01069&nocatche=1,edb94b95384ac12815de1cb1c8a7af6b74753126ffb41660311dc27c8984e9b0,2026-08-02T20:24:44+00:00
max3d,01070,2026-04-22,18:00:00,evening,three_digit_tiers,,,https://www.vietlott.vn/vi/trung-thuong/ket-qua-trung-thuong/max-3D?id=01070&nocatche=1,191c360678281ae257b3f3da70f7643f722834b15203b13f93ec3909b7006e9b,2026-08-02T20:24:44+00:00
max3d,01071,2026-04-24,18:00:00,evening,three_digit_tiers,,,https://www.vietlott.vn/vi/trung-thuong/ket-qua-trung-thuong/max-3D?id=01071&nocatche=1,5f18570194a374e3e20577ec9e09449d9fa5d2b016895efa215bc8646a0903b6,2026-08-02T20:24:44+00:00
max3d,01072,2026-04-27,18:00:00,evening,three_digit_tiers,,,https://www.vietlott.vn/vi/trung-thuong/ket-qua-trung-thuong/max-3D?id=01072&nocatche=1,255e44461cde5f1483c8c4cbc35d897418d7c550c8e8746cf47c18037b95104c,2026-08-02T20:24:43+00:00
max3d,01073,2026-04-29,18:00:00,evening,three_digit_tiers,,,https://www.vietlott.vn/vi/trung-thuong/ket-qua-trung-thuong/max-3D?id=01073&nocatche=1,248c433413b4fd2853a70de691b8304dcfc1f110f1c4fa6ce31d5bfec25b74d0,2026-08-02T20:24:43+00:00
max3d,01074,2026-05-01,18:00:00,evening,three_digit_tiers,,,https://www.vietlott.vn/vi/trung-thuong/ket-qua-trung-thuong/max-3D?id=01074&nocatche=1,c0b05797f4c016b60d49f3ba2eb5853d4aeec2b5a7d673a8d9ddcbce3af10d05,2026-08-02T20:24:42+00:00
max3d,01075,2026-05-04,18:00:00,evening,three_digit_tiers,,,https://www.vietlott.vn/vi/trung-thuong/ket-qua-trung-thuong/max-3D?id=01075&nocatche=1,aec52b3f5f95febe8bb169750cb2093ce91bd89aa2b975ebf6d8a12a7773cbdb,2026-08-02T20:24:42+00:00
max3d,01076,2026-05-06,18:00:00,evening,three_digit_tiers,,,https://www.vietlott.vn/vi/trung-thuong/ket-qua-trung-thuong/max-3D?id=01076&nocatche=1,99233388d88a05e9690eb5d434da87e764d3cc72372eb1b4b4be62271beb69af,2026-08-02T20:24:43+00:00
max3d,01077,2026-05-08,18:00:00,evening,three_digit_tiers,,,https://www.vietlott.vn/vi/trung-thuong/ket-qua-trung-thuong/max-3D?id=01077&nocatche=1,8264be08006afeb50a0d337fc79822dd103452a3a801de6e5634974d8275b521,2026-08-02T20:24:41+00:00
max3d,01078,2026-05-11,18:00:00,evening,three_digit_tiers,,,https://www.vietlott.vn/vi/trung-thuong/ket-qua-trung-thuong/max-3D?id=01078&nocatche=1,c81fffa374cc87f3166dcb00f8fdc1c34b2c397cfe354543009402e3efeb4159,2026-08-02T20:24:44+00:00
max3d,01079,2026-05-13,18:00:00,evening,three_digit_tiers,,,https://www.vietlott.vn/vi/trung-thuong/ket-qua-trung-thuong/max-3D?id=01079&nocatche=1,09d1bdd0b58d9f81cfdf3d9a276d781b13d2fb340f3cb96effb24bc5ded9b7f4,2026-08-02T20:24:41+00:00
max3d,01080,2026-05-15,18:00:00,evening,three_digit_tiers,,,https://www.vietlott.vn/vi/trung-thuong/ket-qua-trung-thuong/max-3D?id=01080&nocatche=1,b743e4e8ce3f2249307efe49df9f0915413dee5eeafafc872d871860dd0e342b,2026-08-02T20:24:41+00:00
max3d,01081,2026-05-18,18:00:00,evening,three_digit_tiers,,,https://www.vietlott.vn/vi/trung-thuong/ket-qua-trung-thuong/max-3D?id=01081&nocatche=1,5327e3376e02d15634192daf53575137b566ce0b06f73f4e8914baa348999d87,2026-08-02T20:24:40+00:00
max3d,01082,2026-05-20,18:00:00,evening,three_digit_tiers,,,https://www.vietlott.vn/vi/trung-thuong/ket-qua-trung-thuong/max-3D?id=01082&nocatche=1,837fb7b4c7350fd4a515113988d4727c9f065551940ab2dc6d98dea34ebd1d67,2026-08-02T20:24:39+00:00
max3d,01083,2026-05-22,18:00:00,evening,three_digit_tiers,,,https://www.vietlott.vn/vi/trung-thuong/ket-qua-trung-thuong/max-3D?id=01083&nocatche=1,893b3429c69f2d2c3a54a701883baa1eb89774abf7443615fca3611a1df5eb20,2026-08-02T20:24:39+00:00
max3d,01084,2026-05-25,18:00:00,evening,three_digit_tiers,,,https://www.vietlott.vn/vi/trung-thuong/ket-qua-trung-thuong/max-3D?id=01084&nocatche=1,9d5a32f9eec6ec6fb072cafb5376b10bee8973fed665f6c45621cbcf32e55109,2026-08-02T20:24:39+00:00
max3d,01085,2026-05-27,18:00:00,evening,three_digit_tiers,,,https://www.vietlott.vn/vi/trung-thuong/ket-qua-trung-thuong/max-3D?id=01085&nocatche=1,a0444277482a13086a60efc418c0a644db10933a4c7de2f2c4dbebe1e35391c8,2026-08-02T20:24:38+00:00
max3d,01086,2026-05-29,18:00:00,evening,three_digit_tiers,,,https://www.vietlott.vn/vi/trung-thuong/ket-qua-trung-thuong/max-3D?id=01086&nocatche=1,8bd10e0288e68c012c9e1ecd4e7b7d8c0dd15d216f0f9a0ef6d7860800620a3f,2026-08-02T20:24:38+00:00
max3d,01087,2026-06-01,18:00:00,evening,three_digit_tiers,,,https://www.vietlott.vn/vi/trung-thuong/ket-qua-trung-thuong/max-3D?id=01087&nocatche=1,19c10785591f04bd379dccecc7ba4753c51bf65da3ee762b1794e84f536dbea4,2026-08-02T20:24:40+00:00
max3d,01088,2026-06-03,18:00:00,evening,three_digit_tiers,,,https://www.vietlott.vn/vi/trung-thuong/ket-qua-trung-thuong/max-3D?id=01088&nocatche=1,0459f2223840131504ce0952e595442709ac1b114e05685b3a24cc3716ff274d,2026-08-02T20:24:38+00:00
max3d,01089,2026-06-05,18:00:00,evening,three_digit_tiers,,,https://www.vietlott.vn/vi/trung-thuong/ket-qua-trung-thuong/max-3D?id=01089&nocatche=1,acf025f1f70a76b508cc020b675617cf9a2d4e704d0fd7a66f339ce28e56327b,2026-08-02T20:24:37+00:00
max3d,01090,2026-06-08,18:00:00,evening,three_digit_tiers,,,https://www.vietlott.vn/vi/trung-thuong/ket-qua-trung-thuong/max-3D?id=01090&nocatche=1,1b68a96f3013e6d7e28f38a5cf54448e7d4df3ea73d54f72d60555b2bd336ea6,2026-08-02T20:24:37+00:00
max3d,01091,2026-06-10,18:00:00,evening,three_digit_tiers,,,https://www.vietlott.vn/vi/trung-thuong/ket-qua-trung-thuong/max-3D?id=01091&nocatche=1,f0d909d4e4a4cf5ded9819f36dc555df1c92e037a1eac7a84cecb32358653f8f,2026-08-02T20:24:37+00:00
max3d,01092,2026-06-12,18:00:00,evening,three_digit_tiers,,,https://www.vietlott.vn/vi/trung-thuong/ket-qua-trung-thuong/max-3D?id=01092&nocatche=1,e84c0853634de5b14eb5279d9a7beb37c32f6c4c5b9111d844c7f10aebe319d7,2026-08-02T20:24:34+00:00
max3d,01093,2026-06-15,18:00:00,evening,three_digit_tiers,,,https://www.vietlott.vn/vi/trung-thuong/ket-qua-trung-thuong/max-3D?id=01093&nocatche=1,5e9aa1963ca4d6bab47762087825558b5423a220145b656052b822dbd9c7de01,2026-08-02T20:24:37+00:00
max3d,01094,2026-06-17,18:00:00,evening,three_digit_tiers,,,https://www.vietlott.vn/vi/trung-thuong/ket-qua-trung-thuong/max-3D?id=01094&nocatche=1,6d27f6c252b92f61b2eb4cb3afca3bef4844c6c36846b077d0a7d0307469267f,2026-08-02T20:24:34+00:00
max3d,01095,2026-06-19,18:00:00,evening,three_digit_tiers,,,https://www.vietlott.vn/vi/trung-thuong/ket-qua-trung-thuong/max-3D?id=01095&nocatche=1,b81009d17eb5c2b1454ba5ccba7030d778cdb36f0d4e76faf0dbb73f4c67667e,2026-08-02T20:24:34+00:00
max3d,01096,2026-06-22,18:00:00,evening,three_digit_tiers,,,https://www.vietlott.vn/vi/trung-thuong/ket-qua-trung-thuong/max-3D?id=01096&nocatche=1,331d99f7ada6750fad7720d70d025b683fa34a6993dca5241939db034db65fde,2026-08-02T20:24:33+00:00
max3d,01097,2026-06-24,18:00:00,evening,three_digit_tiers,,,https://www.vietlott.vn/vi/trung-thuong/ket-qua-trung-thuong/max-3D?id=01097&nocatche=1,c63061347816793a3089001a8ebe143de7650b7782f5e04ee2b21c7dd7e51303,2026-08-02T20:24:33+00:00
max3d,01098,2026-06-26,18:00:00,evening,three_digit_tiers,,,https://www.vietlott.vn/vi/trung-thuong/ket-qua-trung-thuong/max-3D?id=01098&nocatche=1,f03ab2c3c3dc04660a79d5f48b47880778feaa245c82ca7182969c8e3e83f38a,2026-08-02T20:24:32+00:00
max3d,01099,2026-06-29,18:00:00,evening,three_digit_tiers,,,https://www.vietlott.vn/vi/trung-thuong/ket-qua-trung-thuong/max-3D?id=01099&nocatche=1,6ecd135ea147e6b314830924d45a1a03e93854fd9473f48520a920d80aeee948,2026-08-02T20:17:53+00:00
max3d,01100,2026-07-01,18:00:00,evening,three_digit_tiers,,,https://www.vietlott.vn/vi/trung-thuong/ket-qua-trung-thuong/max-3D?id=01100&nocatche=1,23cf1afb2f81fd24c53e0b9a58a9eb3b0989c8e1bb724234b6e4e93d3969bb99,2026-08-02T20:17:51+00:00
max3d,01101,2026-07-03,18:00:00,evening,three_digit_tiers,,,https://www.vietlott.vn/vi/trung-thuong/ket-qua-trung-thuong/max-3D?id=01101&nocatche=1,f5ba6ce00ab2dc1d17d9778c2df52cf702d247f7ef7fd33ce6aa806f2dda663e,2026-08-02T20:17:50+00:00
max3d,01102,2026-07-06,18:00:00,evening,three_digit_tiers,,,https://www.vietlott.vn/vi/trung-thuong/ket-qua-trung-thuong/max-3D?id=01102&nocatche=1,261b60a66853738a6c551e4b59733dd60983ca95308dd039c0febf4d5b368430,2026-08-02T20:17:49+00:00
max3d,01103,2026-07-08,18:00:00,evening,three_digit_tiers,,,https://www.vietlott.vn/vi/trung-thuong/ket-qua-trung-thuong/max-3D?id=01103&nocatche=1,e976471f8462811f0a0aec87d537bf9799365b3adfb89b537966becf6b0bb038,2026-08-02T20:17:50+00:00
max3d,01104,2026-07-10,18:00:00,evening,three_digit_tiers,,,https://www.vietlott.vn/vi/trung-thuong/ket-qua-trung-thuong/max-3D?id=01104&nocatche=1,50411b40519aa4e2d2d8b1349a433019e361f88de01a184b225a4e98a194c6c0,2026-08-02T20:17:49+00:00
max3d,01105,2026-07-13,18:00:00,evening,three_digit_tiers,,,https://www.vietlott.vn/vi/trung-thuong/ket-qua-trung-thuong/max-3D?id=01105&nocatche=1,a710e2775d2d8079153d3ffaa4221e63d3830d6881f1d281cb06e83c39f00d62,2026-08-02T20:17:47+00:00
max3d,01106,2026-07-15,18:00:00,evening,three_digit_tiers,,,https://www.vietlott.vn/vi/trung-thuong/ket-qua-trung-thuong/max-3D?id=01106&nocatche=1,ebb521b563418b7ab36e32311ff0cae85e4f1c04d042e1442502be2e7be7c67f,2026-08-02T20:17:49+00:00
max3d,01107,2026-07-17,18:00:00,evening,three_digit_tiers,,,https://www.vietlott.vn/vi/trung-thuong/ket-qua-trung-thuong/max-3D?id=01107&nocatche=1,c9d2191df69adcd966254914e969088f6d6638b00da4159c8150638c0ed5957b,2026-08-02T20:17:47+00:00
max3d,01108,2026-07-20,18:00:00,evening,three_digit_tiers,,,https://www.vietlott.vn/vi/trung-thuong/ket-qua-trung-thuong/max-3D?id=01108&nocatche=1,71a3aae3fba27e4e8f8007bdfe3a16a07774a250fb8771f3d6f609c911a84f00,2026-08-02T20:17:47+00:00
max3d,01109,2026-07-22,18:00:00,evening,three_digit_tiers,,,https://www.vietlott.vn/vi/trung-thuong/ket-qua-trung-thuong/max-3D?id=01109&nocatche=1,c00f45d9fa88e3d8b299c3378da96d1ca68e8bb9c02410a217bfea71dcedd0b6,2026-08-02T05:38:37+00:00
max3d,01110,2026-07-24,18:00:00,evening,three_digit_tiers,,,https://www.vietlott.vn/vi/trung-thuong/ket-qua-trung-thuong/max-3D?id=01110&nocatche=1,c3d4bb3ce695117d711c3d8e4a99b0ca0b4409608cdf6ca24f5e8a078bc91929,2026-08-02T05:38:36+00:00
max3d,01111,2026-07-27,18:00:00,evening,three_digit_tiers,,,https://www.vietlott.vn/vi/trung-thuong/ket-qua-trung-thuong/max-3D?id=01111&nocatche=1,eab1268c2c414714cca9fb0a083673d91985f0760351ca10a10d2dbdcd5e62e4,2026-08-02T05:38:36+00:00
max3d,01112,2026-07-29,18:00:00,evening,three_digit_tiers,,,https://www.vietlott.vn/vi/trung-thuong/ket-qua-trung-thuong/max-3D?id=01112&nocatche=1,c7355c796542d67fc113944da9ff47ff07c64f85a598575a3c3dd79baedf55b6,2026-08-02T05:38:36+00:00
max3d,01113,2026-07-31,18:00:00,evening,three_digit_tiers,,,https://www.vietlott.vn/vi/trung-thuong/ket-qua-trung-thuong/max-3D?id=01113&nocatche=1,aab0fabb5d8fc937ec4c8d8d17f34f5543b07ef01e6866e0c97511cbbe7a5068,2026-08-02T05:38:36+00:00
max3d,01114,2026-08-03,18:00:00,evening,three_digit_tiers,,,https://www.vietlott.vn/vi/trung-thuong/ket-qua-trung-thuong/max-3D?id=01114&nocatche=1,8c0298fc066b97d0baeadd7d76bcb4417a57bd5738da8e8e42ded4dcacb1015a,2026-08-03T13:01:44+00:00
max3d,01115,2026-08-05,18:00:00,evening,three_digit_tiers,,,https://www.vietlott.vn/vi/trung-thuong/ket-qua-trung-thuong/max-3D?id=01115&nocatche=1,921d232f8982a069a43f3ff8ce946e4b527f0992df582b55c31a074934c6af11,2026-08-05T13:01:23+00:00
max3d,01116,2026-08-07,18:00:00,evening,three_digit_tiers,,,https://www.vietlott.vn/vi/trung-thuong/ket-qua-trung-thuong/max-3D?id=01116&nocatche=1,e02bf3edffbe3bae9fd1b5118a5d27ec61b996bd9d680eb73a985c5c039b6c40,2026-08-07T11:53:45+00:00
max3d,01117,2026-08-10,18:00:00,evening,three_digit_tiers,,,https://www.vietlott.vn/vi/trung-thuong/ket-qua-trung-thuong/max-3D?id=01117&nocatche=1,bd23b1a9b30dd3d7bd5cc041cf256915203dca7e2de49be8d55a1d6662c7ac66,2026-08-10T11:56:02+00:00
max3d,01118,2026-08-12,18:00:00,evening,three_digit_tiers,,,https://www.vietlott.vn/vi/trung-thuong/ket-qua-trung-thuong/max-3D?id=01118&nocatche=1,1818f30566239ff6d750400905e0194852599cc03395f3fcf69a30623369eb85,2026-08-12T11:55:30+00:00
