game,draw_id,tier_code,tier_name,ordinal,number
mega645,00001,main,Main numbers,1,2
mega645,00001,main,Main numbers,2,17
mega645,00001,main,Main numbers,3,33
mega645,00001,main,Main numbers,4,37
mega645,00001,main,Main numbers,5,38
mega645,00001,main,Main numbers,6,45
mega645,00002,main,Main numbers,1,3
mega645,00002,main,Main numbers,2,4
mega645,00002,main,Main numbers,3,14
mega645,00002,main,Main numbers,4,20
mega645,00002,main,Main numbers,5,25
mega645,00002,main,Main numbers,6,35
mega645,00003,main,Main numbers,1,1
mega645,00003,main,Main numbers,2,10
mega645,00003,main,Main numbers,3,16
mega645,00003,main,Main numbers,4,18
mega645,00003,main,Main numbers,5,23
mega645,00003,main,Main numbers,6,38
mega645,00004,main,Main numbers,1,14
mega645,00004,main,Main numbers,2,17
mega645,00004,main,Main numbers,3,21
mega645,00004,main,Main numbers,4,25
mega645,00004,main,Main numbers,5,31
mega645,00004,main,Main numbers,6,37
mega645,00005,main,Main numbers,1,3
mega645,00005,main,Main numbers,2,8
mega645,00005,main,Main numbers,3,13
mega645,00005,main,Main numbers,4,20
mega645,00005,main,Main numbers,5,30
mega645,00005,main,Main numbers,6,36
mega645,00006,main,Main numbers,1,2
mega645,00006,main,Main numbers,2,6
mega645,00006,main,Main numbers,3,19
mega645,00006,main,Main numbers,4,21
mega645,00006,main,Main numbers,5,35
mega645,00006,main,Main numbers,6,39
mega645,00007,main,Main numbers,1,7
mega645,00007,main,Main numbers,2,10
mega645,00007,main,Main numbers,3,25
mega645,00007,main,Main numbers,4,27
mega645,00007,main,Main numbers,5,29
mega645,00007,main,Main numbers,6,40
mega645,00008,main,Main numbers,1,3
mega645,00008,main,Main numbers,2,9
mega645,00008,main,Main numbers,3,13
mega645,00008,main,Main numbers,4,18
mega645,00008,main,Main numbers,5,24
mega645,00008,main,Main numbers,6,31
mega645,00009,main,Main numbers,1,3
mega645,00009,main,Main numbers,2,5
mega645,00009,main,Main numbers,3,17
mega645,00009,main,Main numbers,4,22
mega645,00009,main,Main numbers,5,30
mega645,00009,main,Main numbers,6,31
mega645,00010,main,Main numbers,1,6
mega645,00010,main,Main numbers,2,15
mega645,00010,main,Main numbers,3,16
mega645,00010,main,Main numbers,4,19
mega645,00010,main,Main numbers,5,27
mega645,00010,main,Main numbers,6,30
mega645,00011,main,Main numbers,1,28
mega645,00011,main,Main numbers,2,31
mega645,00011,main,Main numbers,3,34
mega645,00011,main,Main numbers,4,37
mega645,00011,main,Main numbers,5,38
mega645,00011,main,Main numbers,6,41
mega645,00012,main,Main numbers,1,13
mega645,00012,main,Main numbers,2,16
mega645,00012,main,Main numbers,3,17
mega645,00012,main,Main numbers,4,29
mega645,00012,main,Main numbers,5,31
mega645,00012,main,Main numbers,6,37
mega645,00013,main,Main numbers,1,2
mega645,00013,main,Main numbers,2,4
mega645,00013,main,Main numbers,3,9
mega645,00013,main,Main numbers,4,19
mega645,00013,main,Main numbers,5,21
mega645,00013,main,Main numbers,6,26
mega645,00014,main,Main numbers,1,11
mega645,00014,main,Main numbers,2,12
mega645,00014,main,Main numbers,3,17
mega645,00014,main,Main numbers,4,33
mega645,00014,main,Main numbers,5,34
mega645,00014,main,Main numbers,6,36
mega645,00015,main,Main numbers,1,13
mega645,00015,main,Main numbers,2,21
mega645,00015,main,Main numbers,3,24
mega645,00015,main,Main numbers,4,25
mega645,00015,main,Main numbers,5,29
mega645,00015,main,Main numbers,6,44
mega645,00016,main,Main numbers,1,8
mega645,00016,main,Main numbers,2,17
mega645,00016,main,Main numbers,3,21
mega645,00016,main,Main numbers,4,23
mega645,00016,main,Main numbers,5,36
mega645,00016,main,Main numbers,6,40
mega645,00017,main,Main numbers,1,10
mega645,00017,main,Main numbers,2,36
mega645,00017,main,Main numbers,3,39
mega645,00017,main,Main numbers,4,43
mega645,00017,main,Main numbers,5,44
mega645,00017,main,Main numbers,6,45
mega645,00018,main,Main numbers,1,4
mega645,00018,main,Main numbers,2,6
mega645,00018,main,Main numbers,3,10
mega645,00018,main,Main numbers,4,15
mega645,00018,main,Main numbers,5,16
mega645,00018,main,Main numbers,6,44
mega645,00019,main,Main numbers,1,8
mega645,00019,main,Main numbers,2,20
mega645,00019,main,Main numbers,3,21
mega645,00019,main,Main numbers,4,31
mega645,00019,main,Main numbers,5,34
mega645,00019,main,Main numbers,6,39
mega645,00020,main,Main numbers,1,9
mega645,00020,main,Main numbers,2,13
mega645,00020,main,Main numbers,3,24
mega645,00020,main,Main numbers,4,35
mega645,00020,main,Main numbers,5,36
mega645,00020,main,Main numbers,6,41
mega645,00021,main,Main numbers,1,11
mega645,00021,main,Main numbers,2,15
mega645,00021,main,Main numbers,3,20
mega645,00021,main,Main numbers,4,24
mega645,00021,main,Main numbers,5,27
mega645,00021,main,Main numbers,6,45
mega645,00022,main,Main numbers,1,6
mega645,00022,main,Main numbers,2,8
mega645,00022,main,Main numbers,3,12
mega645,00022,main,Main numbers,4,13
mega645,00022,main,Main numbers,5,15
mega645,00022,main,Main numbers,6,19
mega645,00023,main,Main numbers,1,7
mega645,00023,main,Main numbers,2,13
mega645,00023,main,Main numbers,3,16
mega645,00023,main,Main numbers,4,18
mega645,00023,main,Main numbers,5,31
mega645,00023,main,Main numbers,6,32
mega645,00024,main,Main numbers,1,6
mega645,00024,main,Main numbers,2,9
mega645,00024,main,Main numbers,3,10
mega645,00024,main,Main numbers,4,18
mega645,00024,main,Main numbers,5,20
mega645,00024,main,Main numbers,6,31
mega645,00025,main,Main numbers,1,2
mega645,00025,main,Main numbers,2,11
mega645,00025,main,Main numbers,3,14
mega645,00025,main,Main numbers,4,23
mega645,00025,main,Main numbers,5,25
mega645,00025,main,Main numbers,6,32
mega645,00026,main,Main numbers,1,4
mega645,00026,main,Main numbers,2,5
mega645,00026,main,Main numbers,3,6
mega645,00026,main,Main numbers,4,23
mega645,00026,main,Main numbers,5,31
mega645,00026,main,Main numbers,6,34
mega645,00027,main,Main numbers,1,7
mega645,00027,main,Main numbers,2,10
mega645,00027,main,Main numbers,3,17
mega645,00027,main,Main numbers,4,20
mega645,00027,main,Main numbers,5,25
mega645,00027,main,Main numbers,6,32
mega645,00028,main,Main numbers,1,5
mega645,00028,main,Main numbers,2,12
mega645,00028,main,Main numbers,3,15
mega645,00028,main,Main numbers,4,30
mega645,00028,main,Main numbers,5,37
mega645,00028,main,Main numbers,6,41
mega645,00029,main,Main numbers,1,8
mega645,00029,main,Main numbers,2,14
mega645,00029,main,Main numbers,3,19
mega645,00029,main,Main numbers,4,29
mega645,00029,main,Main numbers,5,30
mega645,00029,main,Main numbers,6,40
mega645,00030,main,Main numbers,1,1
mega645,00030,main,Main numbers,2,20
mega645,00030,main,Main numbers,3,28
mega645,00030,main,Main numbers,4,32
mega645,00030,main,Main numbers,5,42
mega645,00030,main,Main numbers,6,44
mega645,00031,main,Main numbers,1,3
mega645,00031,main,Main numbers,2,6
mega645,00031,main,Main numbers,3,17
mega645,00031,main,Main numbers,4,21
mega645,00031,main,Main numbers,5,32
mega645,00031,main,Main numbers,6,40
mega645,00032,main,Main numbers,1,6
mega645,00032,main,Main numbers,2,20
mega645,00032,main,Main numbers,3,30
mega645,00032,main,Main numbers,4,38
mega645,00032,main,Main numbers,5,40
mega645,00032,main,Main numbers,6,45
mega645,00033,main,Main numbers,1,16
mega645,00033,main,Main numbers,2,23
mega645,00033,main,Main numbers,3,27
mega645,00033,main,Main numbers,4,34
mega645,00033,main,Main numbers,5,35
mega645,00033,main,Main numbers,6,38
mega645,00034,main,Main numbers,1,5
mega645,00034,main,Main numbers,2,6
mega645,00034,main,Main numbers,3,19
mega645,00034,main,Main numbers,4,31
mega645,00034,main,Main numbers,5,42
mega645,00034,main,Main numbers,6,44
mega645,00035,main,Main numbers,1,24
mega645,00035,main,Main numbers,2,25
mega645,00035,main,Main numbers,3,27
mega645,00035,main,Main numbers,4,34
mega645,00035,main,Main numbers,5,44
mega645,00035,main,Main numbers,6,45
mega645,00036,main,Main numbers,1,2
mega645,00036,main,Main numbers,2,15
mega645,00036,main,Main numbers,3,20
mega645,00036,main,Main numbers,4,32
mega645,00036,main,Main numbers,5,33
mega645,00036,main,Main numbers,6,44
mega645,00037,main,Main numbers,1,2
mega645,00037,main,Main numbers,2,8
mega645,00037,main,Main numbers,3,15
mega645,00037,main,Main numbers,4,16
mega645,00037,main,Main numbers,5,19
mega645,00037,main,Main numbers,6,25
mega645,00038,main,Main numbers,1,3
mega645,00038,main,Main numbers,2,7
mega645,00038,main,Main numbers,3,9
mega645,00038,main,Main numbers,4,18
mega645,00038,main,Main numbers,5,28
mega645,00038,main,Main numbers,6,39
mega645,00039,main,Main numbers,1,5
mega645,00039,main,Main numbers,2,21
mega645,00039,main,Main numbers,3,31
mega645,00039,main,Main numbers,4,33
mega645,00039,main,Main numbers,5,38
mega645,00039,main,Main numbers,6,42
mega645,00040,main,Main numbers,1,2
mega645,00040,main,Main numbers,2,13
mega645,00040,main,Main numbers,3,15
mega645,00040,main,Main numbers,4,17
mega645,00040,main,Main numbers,5,18
mega645,00040,main,Main numbers,6,41
mega645,00041,main,Main numbers,1,16
mega645,00041,main,Main numbers,2,17
mega645,00041,main,Main numbers,3,30
mega645,00041,main,Main numbers,4,32
mega645,00041,main,Main numbers,5,34
mega645,00041,main,Main numbers,6,38
mega645,00042,main,Main numbers,1,2
mega645,00042,main,Main numbers,2,5
mega645,00042,main,Main numbers,3,12
mega645,00042,main,Main numbers,4,21
mega645,00042,main,Main numbers,5,22
mega645,00042,main,Main numbers,6,40
mega645,00043,main,Main numbers,1,1
mega645,00043,main,Main numbers,2,8
mega645,00043,main,Main numbers,3,16
mega645,00043,main,Main numbers,4,18
mega645,00043,main,Main numbers,5,21
mega645,00043,main,Main numbers,6,28
mega645,00044,main,Main numbers,1,10
mega645,00044,main,Main numbers,2,11
mega645,00044,main,Main numbers,3,13
mega645,00044,main,Main numbers,4,14
mega645,00044,main,Main numbers,5,16
mega645,00044,main,Main numbers,6,38
mega645,00045,main,Main numbers,1,7
mega645,00045,main,Main numbers,2,12
mega645,00045,main,Main numbers,3,25
mega645,00045,main,Main numbers,4,28
mega645,00045,main,Main numbers,5,40
mega645,00045,main,Main numbers,6,44
mega645,00046,main,Main numbers,1,3
mega645,00046,main,Main numbers,2,5
mega645,00046,main,Main numbers,3,8
mega645,00046,main,Main numbers,4,10
mega645,00046,main,Main numbers,5,13
mega645,00046,main,Main numbers,6,22
mega645,00047,main,Main numbers,1,5
mega645,00047,main,Main numbers,2,13
mega645,00047,main,Main numbers,3,22
mega645,00047,main,Main numbers,4,24
mega645,00047,main,Main numbers,5,28
mega645,00047,main,Main numbers,6,32
mega645,00048,main,Main numbers,1,4
mega645,00048,main,Main numbers,2,15
mega645,00048,main,Main numbers,3,16
mega645,00048,main,Main numbers,4,20
mega645,00048,main,Main numbers,5,26
mega645,00048,main,Main numbers,6,41
mega645,00049,main,Main numbers,1,2
mega645,00049,main,Main numbers,2,10
mega645,00049,main,Main numbers,3,14
mega645,00049,main,Main numbers,4,24
mega645,00049,main,Main numbers,5,25
mega645,00049,main,Main numbers,6,30
mega645,00050,main,Main numbers,1,10
mega645,00050,main,Main numbers,2,17
mega645,00050,main,Main numbers,3,22
mega645,00050,main,Main numbers,4,23
mega645,00050,main,Main numbers,5,30
mega645,00050,main,Main numbers,6,36
mega645,00051,main,Main numbers,1,11
mega645,00051,main,Main numbers,2,23
mega645,00051,main,Main numbers,3,25
mega645,00051,main,Main numbers,4,34
mega645,00051,main,Main numbers,5,36
mega645,00051,main,Main numbers,6,45
mega645,00052,main,Main numbers,1,1
mega645,00052,main,Main numbers,2,9
mega645,00052,main,Main numbers,3,17
mega645,00052,main,Main numbers,4,28
mega645,00052,main,Main numbers,5,43
mega645,00052,main,Main numbers,6,44
mega645,00053,main,Main numbers,1,11
mega645,00053,main,Main numbers,2,12
mega645,00053,main,Main numbers,3,16
mega645,00053,main,Main numbers,4,24
mega645,00053,main,Main numbers,5,26
mega645,00053,main,Main numbers,6,31
mega645,00054,main,Main numbers,1,9
mega645,00054,main,Main numbers,2,23
mega645,00054,main,Main numbers,3,33
mega645,00054,main,Main numbers,4,38
mega645,00054,main,Main numbers,5,41
mega645,00054,main,Main numbers,6,42
mega645,00055,main,Main numbers,1,2
mega645,00055,main,Main numbers,2,22
mega645,00055,main,Main numbers,3,23
mega645,00055,main,Main numbers,4,24
mega645,00055,main,Main numbers,5,28
mega645,00055,main,Main numbers,6,37
mega645,00056,main,Main numbers,1,3
mega645,00056,main,Main numbers,2,4
mega645,00056,main,Main numbers,3,25
mega645,00056,main,Main numbers,4,31
mega645,00056,main,Main numbers,5,37
mega645,00056,main,Main numbers,6,40
mega645,00057,main,Main numbers,1,12
mega645,00057,main,Main numbers,2,16
mega645,00057,main,Main numbers,3,17
mega645,00057,main,Main numbers,4,18
mega645,00057,main,Main numbers,5,22
mega645,00057,main,Main numbers,6,30
mega645,00058,main,Main numbers,1,6
mega645,00058,main,Main numbers,2,15
mega645,00058,main,Main numbers,3,17
mega645,00058,main,Main numbers,4,20
mega645,00058,main,Main numbers,5,23
mega645,00058,main,Main numbers,6,41
mega645,00059,main,Main numbers,1,17
mega645,00059,main,Main numbers,2,26
mega645,00059,main,Main numbers,3,33
mega645,00059,main,Main numbers,4,34
mega645,00059,main,Main numbers,5,37
mega645,00059,main,Main numbers,6,42
mega645,00060,main,Main numbers,1,3
mega645,00060,main,Main numbers,2,5
mega645,00060,main,Main numbers,3,13
mega645,00060,main,Main numbers,4,27
mega645,00060,main,Main numbers,5,38
mega645,00060,main,Main numbers,6,44
mega645,00061,main,Main numbers,1,13
mega645,00061,main,Main numbers,2,23
mega645,00061,main,Main numbers,3,27
mega645,00061,main,Main numbers,4,28
mega645,00061,main,Main numbers,5,32
mega645,00061,main,Main numbers,6,45
mega645,00062,main,Main numbers,1,11
mega645,00062,main,Main numbers,2,12
mega645,00062,main,Main numbers,3,15
mega645,00062,main,Main numbers,4,17
mega645,00062,main,Main numbers,5,21
mega645,00062,main,Main numbers,6,26
mega645,00063,main,Main numbers,1,2
mega645,00063,main,Main numbers,2,3
mega645,00063,main,Main numbers,3,4
mega645,00063,main,Main numbers,4,5
mega645,00063,main,Main numbers,5,22
mega645,00063,main,Main numbers,6,24
mega645,00064,main,Main numbers,1,5
mega645,00064,main,Main numbers,2,6
mega645,00064,main,Main numbers,3,12
mega645,00064,main,Main numbers,4,16
mega645,00064,main,Main numbers,5,26
mega645,00064,main,Main numbers,6,30
mega645,00065,main,Main numbers,1,5
mega645,00065,main,Main numbers,2,8
mega645,00065,main,Main numbers,3,33
mega645,00065,main,Main numbers,4,34
mega645,00065,main,Main numbers,5,39
mega645,00065,main,Main numbers,6,44
mega645,00066,main,Main numbers,1,3
mega645,00066,main,Main numbers,2,7
mega645,00066,main,Main numbers,3,30
mega645,00066,main,Main numbers,4,32
mega645,00066,main,Main numbers,5,41
mega645,00066,main,Main numbers,6,43
mega645,00067,main,Main numbers,1,3
mega645,00067,main,Main numbers,2,6
mega645,00067,main,Main numbers,3,12
mega645,00067,main,Main numbers,4,14
mega645,00067,main,Main numbers,5,18
mega645,00067,main,Main numbers,6,40
mega645,00068,main,Main numbers,1,1
mega645,00068,main,Main numbers,2,17
mega645,00068,main,Main numbers,3,24
mega645,00068,main,Main numbers,4,25
mega645,00068,main,Main numbers,5,37
mega645,00068,main,Main numbers,6,43
mega645,00069,main,Main numbers,1,5
mega645,00069,main,Main numbers,2,12
mega645,00069,main,Main numbers,3,20
mega645,00069,main,Main numbers,4,29
mega645,00069,main,Main numbers,5,34
mega645,00069,main,Main numbers,6,36
mega645,00070,main,Main numbers,1,2
mega645,00070,main,Main numbers,2,22
mega645,00070,main,Main numbers,3,25
mega645,00070,main,Main numbers,4,33
mega645,00070,main,Main numbers,5,38
mega645,00070,main,Main numbers,6,43
mega645,00071,main,Main numbers,1,7
mega645,00071,main,Main numbers,2,23
mega645,00071,main,Main numbers,3,27
mega645,00071,main,Main numbers,4,29
mega645,00071,main,Main numbers,5,35
mega645,00071,main,Main numbers,6,37
mega645,00072,main,Main numbers,1,9
mega645,00072,main,Main numbers,2,18
mega645,00072,main,Main numbers,3,24
mega645,00072,main,Main numbers,4,33
mega645,00072,main,Main numbers,5,36
mega645,00072,main,Main numbers,6,39
mega645,00073,main,Main numbers,1,4
mega645,00073,main,Main numbers,2,19
mega645,00073,main,Main numbers,3,25
mega645,00073,main,Main numbers,4,27
mega645,00073,main,Main numbers,5,29
mega645,00073,main,Main numbers,6,31
mega645,00074,main,Main numbers,1,22
mega645,00074,main,Main numbers,2,30
mega645,00074,main,Main numbers,3,34
mega645,00074,main,Main numbers,4,36
mega645,00074,main,Main numbers,5,43
mega645,00074,main,Main numbers,6,45
mega645,00075,main,Main numbers,1,12
mega645,00075,main,Main numbers,2,18
mega645,00075,main,Main numbers,3,29
mega645,00075,main,Main numbers,4,32
mega645,00075,main,Main numbers,5,39
mega645,00075,main,Main numbers,6,45
mega645,00076,main,Main numbers,1,2
mega645,00076,main,Main numbers,2,8
mega645,00076,main,Main numbers,3,21
mega645,00076,main,Main numbers,4,29
mega645,00076,main,Main numbers,5,37
mega645,00076,main,Main numbers,6,45
mega645,00077,main,Main numbers,1,12
mega645,00077,main,Main numbers,2,24
mega645,00077,main,Main numbers,3,29
mega645,00077,main,Main numbers,4,32
mega645,00077,main,Main numbers,5,37
mega645,00077,main,Main numbers,6,39
mega645,00078,main,Main numbers,1,5
mega645,00078,main,Main numbers,2,25
mega645,00078,main,Main numbers,3,27
mega645,00078,main,Main numbers,4,29
mega645,00078,main,Main numbers,5,31
mega645,00078,main,Main numbers,6,43
mega645,00079,main,Main numbers,1,11
mega645,00079,main,Main numbers,2,22
mega645,00079,main,Main numbers,3,26
mega645,00079,main,Main numbers,4,28
mega645,00079,main,Main numbers,5,35
mega645,00079,main,Main numbers,6,43
mega645,00080,main,Main numbers,1,1
mega645,00080,main,Main numbers,2,11
mega645,00080,main,Main numbers,3,31
mega645,00080,main,Main numbers,4,32
mega645,00080,main,Main numbers,5,34
mega645,00080,main,Main numbers,6,37
mega645,00081,main,Main numbers,1,1
mega645,00081,main,Main numbers,2,20
mega645,00081,main,Main numbers,3,21
mega645,00081,main,Main numbers,4,22
mega645,00081,main,Main numbers,5,26
mega645,00081,main,Main numbers,6,29
mega645,00082,main,Main numbers,1,6
mega645,00082,main,Main numbers,2,9
mega645,00082,main,Main numbers,3,14
mega645,00082,main,Main numbers,4,18
mega645,00082,main,Main numbers,5,28
mega645,00082,main,Main numbers,6,30
mega645,00083,main,Main numbers,1,5
mega645,00083,main,Main numbers,2,13
mega645,00083,main,Main numbers,3,21
mega645,00083,main,Main numbers,4,27
mega645,00083,main,Main numbers,5,29
mega645,00083,main,Main numbers,6,45
mega645,00084,main,Main numbers,1,2
mega645,00084,main,Main numbers,2,10
mega645,00084,main,Main numbers,3,11
mega645,00084,main,Main numbers,4,18
mega645,00084,main,Main numbers,5,22
mega645,00084,main,Main numbers,6,33
mega645,00085,main,Main numbers,1,8
mega645,00085,main,Main numbers,2,17
mega645,00085,main,Main numbers,3,31
mega645,00085,main,Main numbers,4,32
mega645,00085,main,Main numbers,5,33
mega645,00085,main,Main numbers,6,39
mega645,00086,main,Main numbers,1,1
mega645,00086,main,Main numbers,2,11
mega645,00086,main,Main numbers,3,26
mega645,00086,main,Main numbers,4,29
mega645,00086,main,Main numbers,5,34
mega645,00086,main,Main numbers,6,40
mega645,00087,main,Main numbers,1,15
mega645,00087,main,Main numbers,2,26
mega645,00087,main,Main numbers,3,29
mega645,00087,main,Main numbers,4,32
mega645,00087,main,Main numbers,5,34
mega645,00087,main,Main numbers,6,38
mega645,00088,main,Main numbers,1,2
mega645,00088,main,Main numbers,2,6
mega645,00088,main,Main numbers,3,10
mega645,00088,main,Main numbers,4,13
mega645,00088,main,Main numbers,5,20
mega645,00088,main,Main numbers,6,28
mega645,00089,main,Main numbers,1,4
mega645,00089,main,Main numbers,2,6
mega645,00089,main,Main numbers,3,12
mega645,00089,main,Main numbers,4,21
mega645,00089,main,Main numbers,5,23
mega645,00089,main,Main numbers,6,28
mega645,00090,main,Main numbers,1,4
mega645,00090,main,Main numbers,2,16
mega645,00090,main,Main numbers,3,19
mega645,00090,main,Main numbers,4,27
mega645,00090,main,Main numbers,5,29
mega645,00090,main,Main numbers,6,30
mega645,00091,main,Main numbers,1,12
mega645,00091,main,Main numbers,2,15
mega645,00091,main,Main numbers,3,25
mega645,00091,main,Main numbers,4,27
mega645,00091,main,Main numbers,5,37
mega645,00091,main,Main numbers,6,41
mega645,00092,main,Main numbers,1,1
mega645,00092,main,Main numbers,2,17
mega645,00092,main,Main numbers,3,24
mega645,00092,main,Main numbers,4,25
mega645,00092,main,Main numbers,5,33
mega645,00092,main,Main numbers,6,35
mega645,00093,main,Main numbers,1,1
mega645,00093,main,Main numbers,2,3
mega645,00093,main,Main numbers,3,8
mega645,00093,main,Main numbers,4,18
mega645,00093,main,Main numbers,5,28
mega645,00093,main,Main numbers,6,42
mega645,00094,main,Main numbers,1,2
mega645,00094,main,Main numbers,2,4
mega645,00094,main,Main numbers,3,19
mega645,00094,main,Main numbers,4,23
mega645,00094,main,Main numbers,5,44
mega645,00094,main,Main numbers,6,45
mega645,00095,main,Main numbers,1,7
mega645,00095,main,Main numbers,2,11
mega645,00095,main,Main numbers,3,16
mega645,00095,main,Main numbers,4,19
mega645,00095,main,Main numbers,5,38
mega645,00095,main,Main numbers,6,39
mega645,00096,main,Main numbers,1,3
mega645,00096,main,Main numbers,2,4
mega645,00096,main,Main numbers,3,26
mega645,00096,main,Main numbers,4,30
mega645,00096,main,Main numbers,5,35
mega645,00096,main,Main numbers,6,44
mega645,00097,main,Main numbers,1,2
mega645,00097,main,Main numbers,2,4
mega645,00097,main,Main numbers,3,13
mega645,00097,main,Main numbers,4,22
mega645,00097,main,Main numbers,5,23
mega645,00097,main,Main numbers,6,41
mega645,00098,main,Main numbers,1,18
mega645,00098,main,Main numbers,2,21
mega645,00098,main,Main numbers,3,24
mega645,00098,main,Main numbers,4,26
mega645,00098,main,Main numbers,5,39
mega645,00098,main,Main numbers,6,45
mega645,00099,main,Main numbers,1,5
mega645,00099,main,Main numbers,2,11
mega645,00099,main,Main numbers,3,14
mega645,00099,main,Main numbers,4,20
mega645,00099,main,Main numbers,5,32
mega645,00099,main,Main numbers,6,42
mega645,00100,main,Main numbers,1,4
mega645,00100,main,Main numbers,2,9
mega645,00100,main,Main numbers,3,21
mega645,00100,main,Main numbers,4,27
mega645,00100,main,Main numbers,5,38
mega645,00100,main,Main numbers,6,44
mega645,00101,main,Main numbers,1,6
mega645,00101,main,Main numbers,2,11
mega645,00101,main,Main numbers,3,30
mega645,00101,main,Main numbers,4,32
mega645,00101,main,Main numbers,5,35
mega645,00101,main,Main numbers,6,42
mega645,00102,main,Main numbers,1,3
mega645,00102,main,Main numbers,2,9
mega645,00102,main,Main numbers,3,10
mega645,00102,main,Main numbers,4,31
mega645,00102,main,Main numbers,5,32
mega645,00102,main,Main numbers,6,40
mega645,00103,main,Main numbers,1,7
mega645,00103,main,Main numbers,2,12
mega645,00103,main,Main numbers,3,24
mega645,00103,main,Main numbers,4,43
mega645,00103,main,Main numbers,5,44
mega645,00103,main,Main numbers,6,45
mega645,00104,main,Main numbers,1,1
mega645,00104,main,Main numbers,2,2
mega645,00104,main,Main numbers,3,6
mega645,00104,main,Main numbers,4,12
mega645,00104,main,Main numbers,5,31
mega645,00104,main,Main numbers,6,36
mega645,00105,main,Main numbers,1,1
mega645,00105,main,Main numbers,2,9
mega645,00105,main,Main numbers,3,24
mega645,00105,main,Main numbers,4,28
mega645,00105,main,Main numbers,5,33
mega645,00105,main,Main numbers,6,36
mega645,00106,main,Main numbers,1,10
mega645,00106,main,Main numbers,2,14
mega645,00106,main,Main numbers,3,30
mega645,00106,main,Main numbers,4,32
mega645,00106,main,Main numbers,5,37
mega645,00106,main,Main numbers,6,42
mega645,00107,main,Main numbers,1,6
mega645,00107,main,Main numbers,2,12
mega645,00107,main,Main numbers,3,23
mega645,00107,main,Main numbers,4,25
mega645,00107,main,Main numbers,5,29
mega645,00107,main,Main numbers,6,43
mega645,00108,main,Main numbers,1,4
mega645,00108,main,Main numbers,2,5
mega645,00108,main,Main numbers,3,24
mega645,00108,main,Main numbers,4,26
mega645,00108,main,Main numbers,5,28
mega645,00108,main,Main numbers,6,37
mega645,00109,main,Main numbers,1,1
mega645,00109,main,Main numbers,2,4
mega645,00109,main,Main numbers,3,5
mega645,00109,main,Main numbers,4,11
mega645,00109,main,Main numbers,5,20
mega645,00109,main,Main numbers,6,30
mega645,00110,main,Main numbers,1,3
mega645,00110,main,Main numbers,2,5
mega645,00110,main,Main numbers,3,7
mega645,00110,main,Main numbers,4,12
mega645,00110,main,Main numbers,5,27
mega645,00110,main,Main numbers,6,33
mega645,00111,main,Main numbers,1,13
mega645,00111,main,Main numbers,2,14
mega645,00111,main,Main numbers,3,20
mega645,00111,main,Main numbers,4,21
mega645,00111,main,Main numbers,5,23
mega645,00111,main,Main numbers,6,33
mega645,00112,main,Main numbers,1,4
mega645,00112,main,Main numbers,2,5
mega645,00112,main,Main numbers,3,16
mega645,00112,main,Main numbers,4,17
mega645,00112,main,Main numbers,5,32
mega645,00112,main,Main numbers,6,40
mega645,00113,main,Main numbers,1,5
mega645,00113,main,Main numbers,2,8
mega645,00113,main,Main numbers,3,21
mega645,00113,main,Main numbers,4,25
mega645,00113,main,Main numbers,5,26
mega645,00113,main,Main numbers,6,37
mega645,00114,main,Main numbers,1,2
mega645,00114,main,Main numbers,2,3
mega645,00114,main,Main numbers,3,8
mega645,00114,main,Main numbers,4,13
mega645,00114,main,Main numbers,5,19
mega645,00114,main,Main numbers,6,41
mega645,00115,main,Main numbers,1,4
mega645,00115,main,Main numbers,2,5
mega645,00115,main,Main numbers,3,10
mega645,00115,main,Main numbers,4,33
mega645,00115,main,Main numbers,5,36
mega645,00115,main,Main numbers,6,38
mega645,00116,main,Main numbers,1,6
mega645,00116,main,Main numbers,2,7
mega645,00116,main,Main numbers,3,18
mega645,00116,main,Main numbers,4,29
mega645,00116,main,Main numbers,5,32
mega645,00116,main,Main numbers,6,44
mega645,00117,main,Main numbers,1,19
mega645,00117,main,Main numbers,2,20
mega645,00117,main,Main numbers,3,32
mega645,00117,main,Main numbers,4,33
mega645,00117,main,Main numbers,5,38
mega645,00117,main,Main numbers,6,44
mega645,00118,main,Main numbers,1,7
mega645,00118,main,Main numbers,2,8
mega645,00118,main,Main numbers,3,15
mega645,00118,main,Main numbers,4,30
mega645,00118,main,Main numbers,5,32
mega645,00118,main,Main numbers,6,39
mega645,00119,main,Main numbers,1,13
mega645,00119,main,Main numbers,2,17
mega645,00119,main,Main numbers,3,22
mega645,00119,main,Main numbers,4,30
mega645,00119,main,Main numbers,5,31
mega645,00119,main,Main numbers,6,43
mega645,00120,main,Main numbers,1,14
mega645,00120,main,Main numbers,2,16
mega645,00120,main,Main numbers,3,17
mega645,00120,main,Main numbers,4,20
mega645,00120,main,Main numbers,5,35
mega645,00120,main,Main numbers,6,39
mega645,00121,main,Main numbers,1,2
mega645,00121,main,Main numbers,2,9
mega645,00121,main,Main numbers,3,11
mega645,00121,main,Main numbers,4,12
mega645,00121,main,Main numbers,5,15
mega645,00121,main,Main numbers,6,23
mega645,00122,main,Main numbers,1,2
mega645,00122,main,Main numbers,2,6
mega645,00122,main,Main numbers,3,8
mega645,00122,main,Main numbers,4,11
mega645,00122,main,Main numbers,5,12
mega645,00122,main,Main numbers,6,25
mega645,00123,main,Main numbers,1,3
mega645,00123,main,Main numbers,2,19
mega645,00123,main,Main numbers,3,20
mega645,00123,main,Main numbers,4,21
mega645,00123,main,Main numbers,5,25
mega645,00123,main,Main numbers,6,45
mega645,00124,main,Main numbers,1,4
mega645,00124,main,Main numbers,2,9
mega645,00124,main,Main numbers,3,12
mega645,00124,main,Main numbers,4,32
mega645,00124,main,Main numbers,5,36
mega645,00124,main,Main numbers,6,43
mega645,00125,main,Main numbers,1,1
mega645,00125,main,Main numbers,2,7
mega645,00125,main,Main numbers,3,28
mega645,00125,main,Main numbers,4,32
mega645,00125,main,Main numbers,5,44
mega645,00125,main,Main numbers,6,45
mega645,00126,main,Main numbers,1,7
mega645,00126,main,Main numbers,2,17
mega645,00126,main,Main numbers,3,21
mega645,00126,main,Main numbers,4,29
mega645,00126,main,Main numbers,5,40
mega645,00126,main,Main numbers,6,44
mega645,00127,main,Main numbers,1,1
mega645,00127,main,Main numbers,2,27
mega645,00127,main,Main numbers,3,35
mega645,00127,main,Main numbers,4,42
mega645,00127,main,Main numbers,5,43
mega645,00127,main,Main numbers,6,45
mega645,00128,main,Main numbers,1,13
mega645,00128,main,Main numbers,2,15
mega645,00128,main,Main numbers,3,17
mega645,00128,main,Main numbers,4,21
mega645,00128,main,Main numbers,5,25
mega645,00128,main,Main numbers,6,40
mega645,00129,main,Main numbers,1,7
mega645,00129,main,Main numbers,2,8
mega645,00129,main,Main numbers,3,11
mega645,00129,main,Main numbers,4,18
mega645,00129,main,Main numbers,5,23
mega645,00129,main,Main numbers,6,42
mega645,00130,main,Main numbers,1,1
mega645,00130,main,Main numbers,2,8
mega645,00130,main,Main numbers,3,18
mega645,00130,main,Main numbers,4,28
mega645,00130,main,Main numbers,5,30
mega645,00130,main,Main numbers,6,33
mega645,00131,main,Main numbers,1,11
mega645,00131,main,Main numbers,2,14
mega645,00131,main,Main numbers,3,17
mega645,00131,main,Main numbers,4,22
mega645,00131,main,Main numbers,5,27
mega645,00131,main,Main numbers,6,42
mega645,00132,main,Main numbers,1,8
mega645,00132,main,Main numbers,2,20
mega645,00132,main,Main numbers,3,25
mega645,00132,main,Main numbers,4,27
mega645,00132,main,Main numbers,5,30
mega645,00132,main,Main numbers,6,33
mega645,00133,main,Main numbers,1,6
mega645,00133,main,Main numbers,2,8
mega645,00133,main,Main numbers,3,25
mega645,00133,main,Main numbers,4,39
mega645,00133,main,Main numbers,5,40
mega645,00133,main,Main numbers,6,45
mega645,00134,main,Main numbers,1,2
mega645,00134,main,Main numbers,2,7
mega645,00134,main,Main numbers,3,17
mega645,00134,main,Main numbers,4,24
mega645,00134,main,Main numbers,5,31
mega645,00134,main,Main numbers,6,44
mega645,00135,main,Main numbers,1,7
mega645,00135,main,Main numbers,2,13
mega645,00135,main,Main numbers,3,16
mega645,00135,main,Main numbers,4,30
mega645,00135,main,Main numbers,5,37
mega645,00135,main,Main numbers,6,44
mega645,00136,main,Main numbers,1,5
mega645,00136,main,Main numbers,2,13
mega645,00136,main,Main numbers,3,16
mega645,00136,main,Main numbers,4,32
mega645,00136,main,Main numbers,5,39
mega645,00136,main,Main numbers,6,41
mega645,00137,main,Main numbers,1,1
mega645,00137,main,Main numbers,2,9
mega645,00137,main,Main numbers,3,23
mega645,00137,main,Main numbers,4,32
mega645,00137,main,Main numbers,5,34
mega645,00137,main,Main numbers,6,35
mega645,00138,main,Main numbers,1,5
mega645,00138,main,Main numbers,2,6
mega645,00138,main,Main numbers,3,13
mega645,00138,main,Main numbers,4,29
mega645,00138,main,Main numbers,5,35
mega645,00138,main,Main numbers,6,44
mega645,00139,main,Main numbers,1,7
mega645,00139,main,Main numbers,2,15
mega645,00139,main,Main numbers,3,19
mega645,00139,main,Main numbers,4,24
mega645,00139,main,Main numbers,5,32
mega645,00139,main,Main numbers,6,42
mega645,00140,main,Main numbers,1,5
mega645,00140,main,Main numbers,2,6
mega645,00140,main,Main numbers,3,11
mega645,00140,main,Main numbers,4,14
mega645,00140,main,Main numbers,5,32
mega645,00140,main,Main numbers,6,33
mega645,00141,main,Main numbers,1,5
mega645,00141,main,Main numbers,2,8
mega645,00141,main,Main numbers,3,15
mega645,00141,main,Main numbers,4,25
mega645,00141,main,Main numbers,5,31
mega645,00141,main,Main numbers,6,35
mega645,00142,main,Main numbers,1,6
mega645,00142,main,Main numbers,2,10
mega645,00142,main,Main numbers,3,17
mega645,00142,main,Main numbers,4,21
mega645,00142,main,Main numbers,5,27
mega645,00142,main,Main numbers,6,38
mega645,00143,main,Main numbers,1,2
mega645,00143,main,Main numbers,2,8
mega645,00143,main,Main numbers,3,12
mega645,00143,main,Main numbers,4,14
mega645,00143,main,Main numbers,5,16
mega645,00143,main,Main numbers,6,26
mega645,00144,main,Main numbers,1,9
mega645,00144,main,Main numbers,2,26
mega645,00144,main,Main numbers,3,29
mega645,00144,main,Main numbers,4,30
mega645,00144,main,Main numbers,5,35
mega645,00144,main,Main numbers,6,37
mega645,00145,main,Main numbers,1,9
mega645,00145,main,Main numbers,2,10
mega645,00145,main,Main numbers,3,21
mega645,00145,main,Main numbers,4,37
mega645,00145,main,Main numbers,5,40
mega645,00145,main,Main numbers,6,42
mega645,00146,main,Main numbers,1,3
mega645,00146,main,Main numbers,2,14
mega645,00146,main,Main numbers,3,33
mega645,00146,main,Main numbers,4,38
mega645,00146,main,Main numbers,5,42
mega645,00146,main,Main numbers,6,44
mega645,00147,main,Main numbers,1,2
mega645,00147,main,Main numbers,2,6
mega645,00147,main,Main numbers,3,21
mega645,00147,main,Main numbers,4,28
mega645,00147,main,Main numbers,5,39
mega645,00147,main,Main numbers,6,40
mega645,00148,main,Main numbers,1,1
mega645,00148,main,Main numbers,2,7
mega645,00148,main,Main numbers,3,10
mega645,00148,main,Main numbers,4,38
mega645,00148,main,Main numbers,5,40
mega645,00148,main,Main numbers,6,42
mega645,00149,main,Main numbers,1,1
mega645,00149,main,Main numbers,2,5
mega645,00149,main,Main numbers,3,7
mega645,00149,main,Main numbers,4,16
mega645,00149,main,Main numbers,5,19
mega645,00149,main,Main numbers,6,44
mega645,00150,main,Main numbers,1,1
mega645,00150,main,Main numbers,2,4
mega645,00150,main,Main numbers,3,16
mega645,00150,main,Main numbers,4,31
mega645,00150,main,Main numbers,5,37
mega645,00150,main,Main numbers,6,40
mega645,00151,main,Main numbers,1,4
mega645,00151,main,Main numbers,2,19
mega645,00151,main,Main numbers,3,22
mega645,00151,main,Main numbers,4,30
mega645,00151,main,Main numbers,5,34
mega645,00151,main,Main numbers,6,35
mega645,00152,main,Main numbers,1,1
mega645,00152,main,Main numbers,2,9
mega645,00152,main,Main numbers,3,14
mega645,00152,main,Main numbers,4,18
mega645,00152,main,Main numbers,5,25
mega645,00152,main,Main numbers,6,28
mega645,00153,main,Main numbers,1,5
mega645,00153,main,Main numbers,2,9
mega645,00153,main,Main numbers,3,14
mega645,00153,main,Main numbers,4,15
mega645,00153,main,Main numbers,5,26
mega645,00153,main,Main numbers,6,42
mega645,00154,main,Main numbers,1,2
mega645,00154,main,Main numbers,2,13
mega645,00154,main,Main numbers,3,19
mega645,00154,main,Main numbers,4,24
mega645,00154,main,Main numbers,5,25
mega645,00154,main,Main numbers,6,33
mega645,00155,main,Main numbers,1,2
mega645,00155,main,Main numbers,2,10
mega645,00155,main,Main numbers,3,27
mega645,00155,main,Main numbers,4,29
mega645,00155,main,Main numbers,5,37
mega645,00155,main,Main numbers,6,39
mega645,00156,main,Main numbers,1,4
mega645,00156,main,Main numbers,2,7
mega645,00156,main,Main numbers,3,13
mega645,00156,main,Main numbers,4,20
mega645,00156,main,Main numbers,5,35
mega645,00156,main,Main numbers,6,44
mega645,00157,main,Main numbers,1,5
mega645,00157,main,Main numbers,2,6
mega645,00157,main,Main numbers,3,9
mega645,00157,main,Main numbers,4,15
mega645,00157,main,Main numbers,5,19
mega645,00157,main,Main numbers,6,32
mega645,00158,main,Main numbers,1,7
mega645,00158,main,Main numbers,2,9
mega645,00158,main,Main numbers,3,13
mega645,00158,main,Main numbers,4,21
mega645,00158,main,Main numbers,5,28
mega645,00158,main,Main numbers,6,39
mega645,00159,main,Main numbers,1,9
mega645,00159,main,Main numbers,2,26
mega645,00159,main,Main numbers,3,27
mega645,00159,main,Main numbers,4,30
mega645,00159,main,Main numbers,5,40
mega645,00159,main,Main numbers,6,44
mega645,00160,main,Main numbers,1,1
mega645,00160,main,Main numbers,2,4
mega645,00160,main,Main numbers,3,9
mega645,00160,main,Main numbers,4,26
mega645,00160,main,Main numbers,5,35
mega645,00160,main,Main numbers,6,39
mega645,00161,main,Main numbers,1,8
mega645,00161,main,Main numbers,2,17
mega645,00161,main,Main numbers,3,24
mega645,00161,main,Main numbers,4,35
mega645,00161,main,Main numbers,5,41
mega645,00161,main,Main numbers,6,44
mega645,00162,main,Main numbers,1,7
mega645,00162,main,Main numbers,2,10
mega645,00162,main,Main numbers,3,17
mega645,00162,main,Main numbers,4,26
mega645,00162,main,Main numbers,5,28
mega645,00162,main,Main numbers,6,43
mega645,00163,main,Main numbers,1,3
mega645,00163,main,Main numbers,2,12
mega645,00163,main,Main numbers,3,13
mega645,00163,main,Main numbers,4,23
mega645,00163,main,Main numbers,5,26
mega645,00163,main,Main numbers,6,37
mega645,00164,main,Main numbers,1,2
mega645,00164,main,Main numbers,2,9
mega645,00164,main,Main numbers,3,10
mega645,00164,main,Main numbers,4,11
mega645,00164,main,Main numbers,5,21
mega645,00164,main,Main numbers,6,43
mega645,00165,main,Main numbers,1,11
mega645,00165,main,Main numbers,2,19
mega645,00165,main,Main numbers,3,22
mega645,00165,main,Main numbers,4,24
mega645,00165,main,Main numbers,5,25
mega645,00165,main,Main numbers,6,31
mega645,00166,main,Main numbers,1,1
mega645,00166,main,Main numbers,2,12
mega645,00166,main,Main numbers,3,19
mega645,00166,main,Main numbers,4,35
mega645,00166,main,Main numbers,5,36
mega645,00166,main,Main numbers,6,41
mega645,00167,main,Main numbers,1,1
mega645,00167,main,Main numbers,2,3
mega645,00167,main,Main numbers,3,6
mega645,00167,main,Main numbers,4,7
mega645,00167,main,Main numbers,5,16
mega645,00167,main,Main numbers,6,18
mega645,00168,main,Main numbers,1,6
mega645,00168,main,Main numbers,2,11
mega645,00168,main,Main numbers,3,15
mega645,00168,main,Main numbers,4,19
mega645,00168,main,Main numbers,5,22
mega645,00168,main,Main numbers,6,41
mega645,00169,main,Main numbers,1,3
mega645,00169,main,Main numbers,2,4
mega645,00169,main,Main numbers,3,18
mega645,00169,main,Main numbers,4,22
mega645,00169,main,Main numbers,5,34
mega645,00169,main,Main numbers,6,37
mega645,00170,main,Main numbers,1,5
mega645,00170,main,Main numbers,2,15
mega645,00170,main,Main numbers,3,18
mega645,00170,main,Main numbers,4,21
mega645,00170,main,Main numbers,5,37
mega645,00170,main,Main numbers,6,45
mega645,00171,main,Main numbers,1,6
mega645,00171,main,Main numbers,2,25
mega645,00171,main,Main numbers,3,27
mega645,00171,main,Main numbers,4,34
mega645,00171,main,Main numbers,5,42
mega645,00171,main,Main numbers,6,43
mega645,00172,main,Main numbers,1,2
mega645,00172,main,Main numbers,2,7
mega645,00172,main,Main numbers,3,12
mega645,00172,main,Main numbers,4,27
mega645,00172,main,Main numbers,5,40
mega645,00172,main,Main numbers,6,44
mega645,00173,main,Main numbers,1,3
mega645,00173,main,Main numbers,2,7
mega645,00173,main,Main numbers,3,16
mega645,00173,main,Main numbers,4,32
mega645,00173,main,Main numbers,5,36
mega645,00173,main,Main numbers,6,39
mega645,00174,main,Main numbers,1,5
mega645,00174,main,Main numbers,2,8
mega645,00174,main,Main numbers,3,11
mega645,00174,main,Main numbers,4,28
mega645,00174,main,Main numbers,5,35
mega645,00174,main,Main numbers,6,41
mega645,00175,main,Main numbers,1,9
mega645,00175,main,Main numbers,2,10
mega645,00175,main,Main numbers,3,13
mega645,00175,main,Main numbers,4,19
mega645,00175,main,Main numbers,5,23
mega645,00175,main,Main numbers,6,41
mega645,00176,main,Main numbers,1,5
mega645,00176,main,Main numbers,2,6
mega645,00176,main,Main numbers,3,26
mega645,00176,main,Main numbers,4,28
mega645,00176,main,Main numbers,5,35
mega645,00176,main,Main numbers,6,43
mega645,00177,main,Main numbers,1,5
mega645,00177,main,Main numbers,2,20
mega645,00177,main,Main numbers,3,24
mega645,00177,main,Main numbers,4,32
mega645,00177,main,Main numbers,5,36
mega645,00177,main,Main numbers,6,42
mega645,00178,main,Main numbers,1,2
mega645,00178,main,Main numbers,2,15
mega645,00178,main,Main numbers,3,17
mega645,00178,main,Main numbers,4,32
mega645,00178,main,Main numbers,5,41
mega645,00178,main,Main numbers,6,44
mega645,00179,main,Main numbers,1,1
mega645,00179,main,Main numbers,2,22
mega645,00179,main,Main numbers,3,23
mega645,00179,main,Main numbers,4,35
mega645,00179,main,Main numbers,5,36
mega645,00179,main,Main numbers,6,42
mega645,00180,main,Main numbers,1,3
mega645,00180,main,Main numbers,2,8
mega645,00180,main,Main numbers,3,19
mega645,00180,main,Main numbers,4,35
mega645,00180,main,Main numbers,5,38
mega645,00180,main,Main numbers,6,40
mega645,00181,main,Main numbers,1,3
mega645,00181,main,Main numbers,2,24
mega645,00181,main,Main numbers,3,35
mega645,00181,main,Main numbers,4,37
mega645,00181,main,Main numbers,5,40
mega645,00181,main,Main numbers,6,43
mega645,00182,main,Main numbers,1,6
mega645,00182,main,Main numbers,2,11
mega645,00182,main,Main numbers,3,15
mega645,00182,main,Main numbers,4,16
mega645,00182,main,Main numbers,5,37
mega645,00182,main,Main numbers,6,40
mega645,00183,main,Main numbers,1,5
mega645,00183,main,Main numbers,2,7
mega645,00183,main,Main numbers,3,13
mega645,00183,main,Main numbers,4,17
mega645,00183,main,Main numbers,5,23
mega645,00183,main,Main numbers,6,33
mega645,00184,main,Main numbers,1,5
mega645,00184,main,Main numbers,2,16
mega645,00184,main,Main numbers,3,21
mega645,00184,main,Main numbers,4,31
mega645,00184,main,Main numbers,5,37
mega645,00184,main,Main numbers,6,41
mega645,00185,main,Main numbers,1,4
mega645,00185,main,Main numbers,2,10
mega645,00185,main,Main numbers,3,11
mega645,00185,main,Main numbers,4,31
mega645,00185,main,Main numbers,5,36
mega645,00185,main,Main numbers,6,39
mega645,00186,main,Main numbers,1,10
mega645,00186,main,Main numbers,2,19
mega645,00186,main,Main numbers,3,33
mega645,00186,main,Main numbers,4,34
mega645,00186,main,Main numbers,5,35
mega645,00186,main,Main numbers,6,45
mega645,00187,main,Main numbers,1,23
mega645,00187,main,Main numbers,2,28
mega645,00187,main,Main numbers,3,30
mega645,00187,main,Main numbers,4,35
mega645,00187,main,Main numbers,5,37
mega645,00187,main,Main numbers,6,42
mega645,00188,main,Main numbers,1,8
mega645,00188,main,Main numbers,2,23
mega645,00188,main,Main numbers,3,27
mega645,00188,main,Main numbers,4,36
mega645,00188,main,Main numbers,5,37
mega645,00188,main,Main numbers,6,43
mega645,00189,main,Main numbers,1,4
mega645,00189,main,Main numbers,2,5
mega645,00189,main,Main numbers,3,9
mega645,00189,main,Main numbers,4,19
mega645,00189,main,Main numbers,5,37
mega645,00189,main,Main numbers,6,44
mega645,00190,main,Main numbers,1,4
mega645,00190,main,Main numbers,2,6
mega645,00190,main,Main numbers,3,18
mega645,00190,main,Main numbers,4,20
mega645,00190,main,Main numbers,5,30
mega645,00190,main,Main numbers,6,45
mega645,00191,main,Main numbers,1,8
mega645,00191,main,Main numbers,2,16
mega645,00191,main,Main numbers,3,24
mega645,00191,main,Main numbers,4,27
mega645,00191,main,Main numbers,5,35
mega645,00191,main,Main numbers,6,39
mega645,00192,main,Main numbers,1,4
mega645,00192,main,Main numbers,2,11
mega645,00192,main,Main numbers,3,14
mega645,00192,main,Main numbers,4,15
mega645,00192,main,Main numbers,5,19
mega645,00192,main,Main numbers,6,26
mega645,00193,main,Main numbers,1,10
mega645,00193,main,Main numbers,2,13
mega645,00193,main,Main numbers,3,20
mega645,00193,main,Main numbers,4,21
mega645,00193,main,Main numbers,5,25
mega645,00193,main,Main numbers,6,36
mega645,00194,main,Main numbers,1,2
mega645,00194,main,Main numbers,2,9
mega645,00194,main,Main numbers,3,14
mega645,00194,main,Main numbers,4,21
mega645,00194,main,Main numbers,5,35
mega645,00194,main,Main numbers,6,40
mega645,00195,main,Main numbers,1,16
mega645,00195,main,Main numbers,2,24
mega645,00195,main,Main numbers,3,32
mega645,00195,main,Main numbers,4,36
mega645,00195,main,Main numbers,5,37
mega645,00195,main,Main numbers,6,40
mega645,00196,main,Main numbers,1,2
mega645,00196,main,Main numbers,2,18
mega645,00196,main,Main numbers,3,25
mega645,00196,main,Main numbers,4,33
mega645,00196,main,Main numbers,5,36
mega645,00196,main,Main numbers,6,42
mega645,00197,main,Main numbers,1,8
mega645,00197,main,Main numbers,2,14
mega645,00197,main,Main numbers,3,16
mega645,00197,main,Main numbers,4,17
mega645,00197,main,Main numbers,5,31
mega645,00197,main,Main numbers,6,42
mega645,00198,main,Main numbers,1,12
mega645,00198,main,Main numbers,2,17
mega645,00198,main,Main numbers,3,23
mega645,00198,main,Main numbers,4,25
mega645,00198,main,Main numbers,5,34
mega645,00198,main,Main numbers,6,38
mega645,00199,main,Main numbers,1,4
mega645,00199,main,Main numbers,2,10
mega645,00199,main,Main numbers,3,13
mega645,00199,main,Main numbers,4,21
mega645,00199,main,Main numbers,5,22
mega645,00199,main,Main numbers,6,38
mega645,00200,main,Main numbers,1,1
mega645,00200,main,Main numbers,2,5
mega645,00200,main,Main numbers,3,28
mega645,00200,main,Main numbers,4,31
mega645,00200,main,Main numbers,5,44
mega645,00200,main,Main numbers,6,45
mega645,00201,main,Main numbers,1,4
mega645,00201,main,Main numbers,2,12
mega645,00201,main,Main numbers,3,25
mega645,00201,main,Main numbers,4,39
mega645,00201,main,Main numbers,5,42
mega645,00201,main,Main numbers,6,44
mega645,00202,main,Main numbers,1,7
mega645,00202,main,Main numbers,2,17
mega645,00202,main,Main numbers,3,20
mega645,00202,main,Main numbers,4,22
mega645,00202,main,Main numbers,5,29
mega645,00202,main,Main numbers,6,44
mega645,00203,main,Main numbers,1,3
mega645,00203,main,Main numbers,2,17
mega645,00203,main,Main numbers,3,38
mega645,00203,main,Main numbers,4,39
mega645,00203,main,Main numbers,5,41
mega645,00203,main,Main numbers,6,44
mega645,00204,main,Main numbers,1,1
mega645,00204,main,Main numbers,2,18
mega645,00204,main,Main numbers,3,23
mega645,00204,main,Main numbers,4,24
mega645,00204,main,Main numbers,5,40
mega645,00204,main,Main numbers,6,41
mega645,00205,main,Main numbers,1,1
mega645,00205,main,Main numbers,2,4
mega645,00205,main,Main numbers,3,19
mega645,00205,main,Main numbers,4,21
mega645,00205,main,Main numbers,5,24
mega645,00205,main,Main numbers,6,35
mega645,00206,main,Main numbers,1,22
mega645,00206,main,Main numbers,2,26
mega645,00206,main,Main numbers,3,37
mega645,00206,main,Main numbers,4,40
mega645,00206,main,Main numbers,5,42
mega645,00206,main,Main numbers,6,44
mega645,00207,main,Main numbers,1,1
mega645,00207,main,Main numbers,2,9
mega645,00207,main,Main numbers,3,15
mega645,00207,main,Main numbers,4,27
mega645,00207,main,Main numbers,5,33
mega645,00207,main,Main numbers,6,43
mega645,00208,main,Main numbers,1,11
mega645,00208,main,Main numbers,2,13
mega645,00208,main,Main numbers,3,18
mega645,00208,main,Main numbers,4,19
mega645,00208,main,Main numbers,5,31
mega645,00208,main,Main numbers,6,45
mega645,00209,main,Main numbers,1,14
mega645,00209,main,Main numbers,2,20
mega645,00209,main,Main numbers,3,30
mega645,00209,main,Main numbers,4,33
mega645,00209,main,Main numbers,5,41
mega645,00209,main,Main numbers,6,43
mega645,00210,main,Main numbers,1,5
mega645,00210,main,Main numbers,2,6
mega645,00210,main,Main numbers,3,9
mega645,00210,main,Main numbers,4,23
mega645,00210,main,Main numbers,5,27
mega645,00210,main,Main numbers,6,35
mega645,00211,main,Main numbers,1,14
mega645,00211,main,Main numbers,2,24
mega645,00211,main,Main numbers,3,32
mega645,00211,main,Main numbers,4,34
mega645,00211,main,Main numbers,5,36
mega645,00211,main,Main numbers,6,45
mega645,00212,main,Main numbers,1,4
mega645,00212,main,Main numbers,2,12
mega645,00212,main,Main numbers,3,17
mega645,00212,main,Main numbers,4,19
mega645,00212,main,Main numbers,5,23
mega645,00212,main,Main numbers,6,34
mega645,00213,main,Main numbers,1,19
mega645,00213,main,Main numbers,2,23
mega645,00213,main,Main numbers,3,26
mega645,00213,main,Main numbers,4,37
mega645,00213,main,Main numbers,5,38
mega645,00213,main,Main numbers,6,41
mega645,00214,main,Main numbers,1,10
mega645,00214,main,Main numbers,2,19
mega645,00214,main,Main numbers,3,30
mega645,00214,main,Main numbers,4,35
mega645,00214,main,Main numbers,5,39
mega645,00214,main,Main numbers,6,45
mega645,00215,main,Main numbers,1,8
mega645,00215,main,Main numbers,2,9
mega645,00215,main,Main numbers,3,15
mega645,00215,main,Main numbers,4,18
mega645,00215,main,Main numbers,5,27
mega645,00215,main,Main numbers,6,30
mega645,00216,main,Main numbers,1,3
mega645,00216,main,Main numbers,2,7
mega645,00216,main,Main numbers,3,29
mega645,00216,main,Main numbers,4,31
mega645,00216,main,Main numbers,5,34
mega645,00216,main,Main numbers,6,43
mega645,00217,main,Main numbers,1,2
mega645,00217,main,Main numbers,2,11
mega645,00217,main,Main numbers,3,15
mega645,00217,main,Main numbers,4,32
mega645,00217,main,Main numbers,5,40
mega645,00217,main,Main numbers,6,44
mega645,00218,main,Main numbers,1,27
mega645,00218,main,Main numbers,2,36
mega645,00218,main,Main numbers,3,39
mega645,00218,main,Main numbers,4,43
mega645,00218,main,Main numbers,5,44
mega645,00218,main,Main numbers,6,45
mega645,00219,main,Main numbers,1,4
mega645,00219,main,Main numbers,2,7
mega645,00219,main,Main numbers,3,19
mega645,00219,main,Main numbers,4,24
mega645,00219,main,Main numbers,5,32
mega645,00219,main,Main numbers,6,38
mega645,00220,main,Main numbers,1,13
mega645,00220,main,Main numbers,2,14
mega645,00220,main,Main numbers,3,17
mega645,00220,main,Main numbers,4,24
mega645,00220,main,Main numbers,5,28
mega645,00220,main,Main numbers,6,43
mega645,00221,main,Main numbers,1,4
mega645,00221,main,Main numbers,2,7
mega645,00221,main,Main numbers,3,16
mega645,00221,main,Main numbers,4,27
mega645,00221,main,Main numbers,5,40
mega645,00221,main,Main numbers,6,41
mega645,00222,main,Main numbers,1,3
mega645,00222,main,Main numbers,2,8
mega645,00222,main,Main numbers,3,25
mega645,00222,main,Main numbers,4,37
mega645,00222,main,Main numbers,5,40
mega645,00222,main,Main numbers,6,42
mega645,00223,main,Main numbers,1,9
mega645,00223,main,Main numbers,2,13
mega645,00223,main,Main numbers,3,17
mega645,00223,main,Main numbers,4,22
mega645,00223,main,Main numbers,5,26
mega645,00223,main,Main numbers,6,33
mega645,00224,main,Main numbers,1,1
mega645,00224,main,Main numbers,2,5
mega645,00224,main,Main numbers,3,9
mega645,00224,main,Main numbers,4,14
mega645,00224,main,Main numbers,5,30
mega645,00224,main,Main numbers,6,31
mega645,00225,main,Main numbers,1,9
mega645,00225,main,Main numbers,2,13
mega645,00225,main,Main numbers,3,19
mega645,00225,main,Main numbers,4,21
mega645,00225,main,Main numbers,5,27
mega645,00225,main,Main numbers,6,30
mega645,00226,main,Main numbers,1,2
mega645,00226,main,Main numbers,2,8
mega645,00226,main,Main numbers,3,17
mega645,00226,main,Main numbers,4,20
mega645,00226,main,Main numbers,5,29
mega645,00226,main,Main numbers,6,39
mega645,00227,main,Main numbers,1,3
mega645,00227,main,Main numbers,2,13
mega645,00227,main,Main numbers,3,14
mega645,00227,main,Main numbers,4,26
mega645,00227,main,Main numbers,5,30
mega645,00227,main,Main numbers,6,34
mega645,00228,main,Main numbers,1,8
mega645,00228,main,Main numbers,2,14
mega645,00228,main,Main numbers,3,19
mega645,00228,main,Main numbers,4,30
mega645,00228,main,Main numbers,5,33
mega645,00228,main,Main numbers,6,35
mega645,00229,main,Main numbers,1,19
mega645,00229,main,Main numbers,2,30
mega645,00229,main,Main numbers,3,34
mega645,00229,main,Main numbers,4,38
mega645,00229,main,Main numbers,5,42
mega645,00229,main,Main numbers,6,44
mega645,00230,main,Main numbers,1,4
mega645,00230,main,Main numbers,2,6
mega645,00230,main,Main numbers,3,11
mega645,00230,main,Main numbers,4,13
mega645,00230,main,Main numbers,5,24
mega645,00230,main,Main numbers,6,31
mega645,00231,main,Main numbers,1,6
mega645,00231,main,Main numbers,2,18
mega645,00231,main,Main numbers,3,21
mega645,00231,main,Main numbers,4,22
mega645,00231,main,Main numbers,5,37
mega645,00231,main,Main numbers,6,45
mega645,00232,main,Main numbers,1,4
mega645,00232,main,Main numbers,2,8
mega645,00232,main,Main numbers,3,17
mega645,00232,main,Main numbers,4,23
mega645,00232,main,Main numbers,5,27
mega645,00232,main,Main numbers,6,34
mega645,00233,main,Main numbers,1,1
mega645,00233,main,Main numbers,2,6
mega645,00233,main,Main numbers,3,10
mega645,00233,main,Main numbers,4,29
mega645,00233,main,Main numbers,5,32
mega645,00233,main,Main numbers,6,41
mega645,00234,main,Main numbers,1,9
mega645,00234,main,Main numbers,2,10
mega645,00234,main,Main numbers,3,12
mega645,00234,main,Main numbers,4,22
mega645,00234,main,Main numbers,5,27
mega645,00234,main,Main numbers,6,41
mega645,00235,main,Main numbers,1,2
mega645,00235,main,Main numbers,2,4
mega645,00235,main,Main numbers,3,27
mega645,00235,main,Main numbers,4,28
mega645,00235,main,Main numbers,5,31
mega645,00235,main,Main numbers,6,36
mega645,00236,main,Main numbers,1,1
mega645,00236,main,Main numbers,2,10
mega645,00236,main,Main numbers,3,11
mega645,00236,main,Main numbers,4,24
mega645,00236,main,Main numbers,5,32
mega645,00236,main,Main numbers,6,37
mega645,00237,main,Main numbers,1,5
mega645,00237,main,Main numbers,2,6
mega645,00237,main,Main numbers,3,24
mega645,00237,main,Main numbers,4,33
mega645,00237,main,Main numbers,5,42
mega645,00237,main,Main numbers,6,45
mega645,00238,main,Main numbers,1,1
mega645,00238,main,Main numbers,2,9
mega645,00238,main,Main numbers,3,18
mega645,00238,main,Main numbers,4,28
mega645,00238,main,Main numbers,5,36
mega645,00238,main,Main numbers,6,44
mega645,00239,main,Main numbers,1,12
mega645,00239,main,Main numbers,2,26
mega645,00239,main,Main numbers,3,27
mega645,00239,main,Main numbers,4,33
mega645,00239,main,Main numbers,5,36
mega645,00239,main,Main numbers,6,37
mega645,00240,main,Main numbers,1,4
mega645,00240,main,Main numbers,2,7
mega645,00240,main,Main numbers,3,9
mega645,00240,main,Main numbers,4,10
mega645,00240,main,Main numbers,5,30
mega645,00240,main,Main numbers,6,40
mega645,00241,main,Main numbers,1,2
mega645,00241,main,Main numbers,2,7
mega645,00241,main,Main numbers,3,14
mega645,00241,main,Main numbers,4,28
mega645,00241,main,Main numbers,5,42
mega645,00241,main,Main numbers,6,45
mega645,00242,main,Main numbers,1,1
mega645,00242,main,Main numbers,2,5
mega645,00242,main,Main numbers,3,13
mega645,00242,main,Main numbers,4,27
mega645,00242,main,Main numbers,5,40
mega645,00242,main,Main numbers,6,45
mega645,00243,main,Main numbers,1,5
mega645,00243,main,Main numbers,2,7
mega645,00243,main,Main numbers,3,18
mega645,00243,main,Main numbers,4,26
mega645,00243,main,Main numbers,5,30
mega645,00243,main,Main numbers,6,36
mega645,00244,main,Main numbers,1,2
mega645,00244,main,Main numbers,2,10
mega645,00244,main,Main numbers,3,14
mega645,00244,main,Main numbers,4,19
mega645,00244,main,Main numbers,5,23
mega645,00244,main,Main numbers,6,37
mega645,00245,main,Main numbers,1,5
mega645,00245,main,Main numbers,2,19
mega645,00245,main,Main numbers,3,27
mega645,00245,main,Main numbers,4,32
mega645,00245,main,Main numbers,5,41
mega645,00245,main,Main numbers,6,45
mega645,00246,main,Main numbers,1,12
mega645,00246,main,Main numbers,2,31
mega645,00246,main,Main numbers,3,32
mega645,00246,main,Main numbers,4,34
mega645,00246,main,Main numbers,5,35
mega645,00246,main,Main numbers,6,43
mega645,00247,main,Main numbers,1,1
mega645,00247,main,Main numbers,2,5
mega645,00247,main,Main numbers,3,14
mega645,00247,main,Main numbers,4,16
mega645,00247,main,Main numbers,5,36
mega645,00247,main,Main numbers,6,38
mega645,00248,main,Main numbers,1,18
mega645,00248,main,Main numbers,2,23
mega645,00248,main,Main numbers,3,24
mega645,00248,main,Main numbers,4,26
mega645,00248,main,Main numbers,5,29
mega645,00248,main,Main numbers,6,33
mega645,00249,main,Main numbers,1,5
mega645,00249,main,Main numbers,2,16
mega645,00249,main,Main numbers,3,19
mega645,00249,main,Main numbers,4,23
mega645,00249,main,Main numbers,5,29
mega645,00249,main,Main numbers,6,37
mega645,00250,main,Main numbers,1,8
mega645,00250,main,Main numbers,2,10
mega645,00250,main,Main numbers,3,12
mega645,00250,main,Main numbers,4,29
mega645,00250,main,Main numbers,5,30
mega645,00250,main,Main numbers,6,42
mega645,00251,main,Main numbers,1,17
mega645,00251,main,Main numbers,2,19
mega645,00251,main,Main numbers,3,21
mega645,00251,main,Main numbers,4,23
mega645,00251,main,Main numbers,5,36
mega645,00251,main,Main numbers,6,40
mega645,00252,main,Main numbers,1,3
mega645,00252,main,Main numbers,2,7
mega645,00252,main,Main numbers,3,15
mega645,00252,main,Main numbers,4,27
mega645,00252,main,Main numbers,5,41
mega645,00252,main,Main numbers,6,45
mega645,00253,main,Main numbers,1,4
mega645,00253,main,Main numbers,2,11
mega645,00253,main,Main numbers,3,19
mega645,00253,main,Main numbers,4,25
mega645,00253,main,Main numbers,5,32
mega645,00253,main,Main numbers,6,40
mega645,00254,main,Main numbers,1,8
mega645,00254,main,Main numbers,2,19
mega645,00254,main,Main numbers,3,25
mega645,00254,main,Main numbers,4,31
mega645,00254,main,Main numbers,5,37
mega645,00254,main,Main numbers,6,40
mega645,00255,main,Main numbers,1,5
mega645,00255,main,Main numbers,2,10
mega645,00255,main,Main numbers,3,13
mega645,00255,main,Main numbers,4,19
mega645,00255,main,Main numbers,5,25
mega645,00255,main,Main numbers,6,44
mega645,00256,main,Main numbers,1,1
mega645,00256,main,Main numbers,2,14
mega645,00256,main,Main numbers,3,19
mega645,00256,main,Main numbers,4,26
mega645,00256,main,Main numbers,5,41
mega645,00256,main,Main numbers,6,42
mega645,00257,main,Main numbers,1,12
mega645,00257,main,Main numbers,2,21
mega645,00257,main,Main numbers,3,23
mega645,00257,main,Main numbers,4,27
mega645,00257,main,Main numbers,5,31
mega645,00257,main,Main numbers,6,34
mega645,00258,main,Main numbers,1,6
mega645,00258,main,Main numbers,2,8
mega645,00258,main,Main numbers,3,13
mega645,00258,main,Main numbers,4,17
mega645,00258,main,Main numbers,5,20
mega645,00258,main,Main numbers,6,34
mega645,00259,main,Main numbers,1,14
mega645,00259,main,Main numbers,2,21
mega645,00259,main,Main numbers,3,24
mega645,00259,main,Main numbers,4,28
mega645,00259,main,Main numbers,5,31
mega645,00259,main,Main numbers,6,40
mega645,00260,main,Main numbers,1,6
mega645,00260,main,Main numbers,2,19
mega645,00260,main,Main numbers,3,38
mega645,00260,main,Main numbers,4,40
mega645,00260,main,Main numbers,5,41
mega645,00260,main,Main numbers,6,44
mega645,00261,main,Main numbers,1,3
mega645,00261,main,Main numbers,2,6
mega645,00261,main,Main numbers,3,12
mega645,00261,main,Main numbers,4,22
mega645,00261,main,Main numbers,5,26
mega645,00261,main,Main numbers,6,35
mega645,00262,main,Main numbers,1,4
mega645,00262,main,Main numbers,2,10
mega645,00262,main,Main numbers,3,13
mega645,00262,main,Main numbers,4,22
mega645,00262,main,Main numbers,5,38
mega645,00262,main,Main numbers,6,42
mega645,00263,main,Main numbers,1,12
mega645,00263,main,Main numbers,2,18
mega645,00263,main,Main numbers,3,31
mega645,00263,main,Main numbers,4,34
mega645,00263,main,Main numbers,5,35
mega645,00263,main,Main numbers,6,42
mega645,00264,main,Main numbers,1,7
mega645,00264,main,Main numbers,2,11
mega645,00264,main,Main numbers,3,18
mega645,00264,main,Main numbers,4,28
mega645,00264,main,Main numbers,5,34
mega645,00264,main,Main numbers,6,43
mega645,00265,main,Main numbers,1,4
mega645,00265,main,Main numbers,2,12
mega645,00265,main,Main numbers,3,24
mega645,00265,main,Main numbers,4,33
mega645,00265,main,Main numbers,5,39
mega645,00265,main,Main numbers,6,43
mega645,00266,main,Main numbers,1,2
mega645,00266,main,Main numbers,2,3
mega645,00266,main,Main numbers,3,6
mega645,00266,main,Main numbers,4,16
mega645,00266,main,Main numbers,5,41
mega645,00266,main,Main numbers,6,44
mega645,00267,main,Main numbers,1,1
mega645,00267,main,Main numbers,2,7
mega645,00267,main,Main numbers,3,8
mega645,00267,main,Main numbers,4,9
mega645,00267,main,Main numbers,5,36
mega645,00267,main,Main numbers,6,40
mega645,00268,main,Main numbers,1,2
mega645,00268,main,Main numbers,2,5
mega645,00268,main,Main numbers,3,11
mega645,00268,main,Main numbers,4,16
mega645,00268,main,Main numbers,5,30
mega645,00268,main,Main numbers,6,34
mega645,00269,main,Main numbers,1,7
mega645,00269,main,Main numbers,2,20
mega645,00269,main,Main numbers,3,23
mega645,00269,main,Main numbers,4,25
mega645,00269,main,Main numbers,5,26
mega645,00269,main,Main numbers,6,39
mega645,00270,main,Main numbers,1,11
mega645,00270,main,Main numbers,2,22
mega645,00270,main,Main numbers,3,24
mega645,00270,main,Main numbers,4,33
mega645,00270,main,Main numbers,5,38
mega645,00270,main,Main numbers,6,43
mega645,00271,main,Main numbers,1,3
mega645,00271,main,Main numbers,2,9
mega645,00271,main,Main numbers,3,13
mega645,00271,main,Main numbers,4,20
mega645,00271,main,Main numbers,5,30
mega645,00271,main,Main numbers,6,34
mega645,00272,main,Main numbers,1,6
mega645,00272,main,Main numbers,2,16
mega645,00272,main,Main numbers,3,28
mega645,00272,main,Main numbers,4,29
mega645,00272,main,Main numbers,5,39
mega645,00272,main,Main numbers,6,44
mega645,00273,main,Main numbers,1,6
mega645,00273,main,Main numbers,2,9
mega645,00273,main,Main numbers,3,14
mega645,00273,main,Main numbers,4,30
mega645,00273,main,Main numbers,5,33
mega645,00273,main,Main numbers,6,42
mega645,00274,main,Main numbers,1,6
mega645,00274,main,Main numbers,2,7
mega645,00274,main,Main numbers,3,22
mega645,00274,main,Main numbers,4,32
mega645,00274,main,Main numbers,5,36
mega645,00274,main,Main numbers,6,39
mega645,00275,main,Main numbers,1,4
mega645,00275,main,Main numbers,2,15
mega645,00275,main,Main numbers,3,17
mega645,00275,main,Main numbers,4,23
mega645,00275,main,Main numbers,5,29
mega645,00275,main,Main numbers,6,43
mega645,00276,main,Main numbers,1,10
mega645,00276,main,Main numbers,2,20
mega645,00276,main,Main numbers,3,24
mega645,00276,main,Main numbers,4,27
mega645,00276,main,Main numbers,5,28
mega645,00276,main,Main numbers,6,29
mega645,00277,main,Main numbers,1,3
mega645,00277,main,Main numbers,2,10
mega645,00277,main,Main numbers,3,22
mega645,00277,main,Main numbers,4,23
mega645,00277,main,Main numbers,5,25
mega645,00277,main,Main numbers,6,43
mega645,00278,main,Main numbers,1,10
mega645,00278,main,Main numbers,2,11
mega645,00278,main,Main numbers,3,22
mega645,00278,main,Main numbers,4,29
mega645,00278,main,Main numbers,5,37
mega645,00278,main,Main numbers,6,40
mega645,00279,main,Main numbers,1,9
mega645,00279,main,Main numbers,2,18
mega645,00279,main,Main numbers,3,25
mega645,00279,main,Main numbers,4,26
mega645,00279,main,Main numbers,5,27
mega645,00279,main,Main numbers,6,29
mega645,00280,main,Main numbers,1,11
mega645,00280,main,Main numbers,2,26
mega645,00280,main,Main numbers,3,28
mega645,00280,main,Main numbers,4,34
mega645,00280,main,Main numbers,5,36
mega645,00280,main,Main numbers,6,37
mega645,00281,main,Main numbers,1,9
mega645,00281,main,Main numbers,2,15
mega645,00281,main,Main numbers,3,20
mega645,00281,main,Main numbers,4,30
mega645,00281,main,Main numbers,5,31
mega645,00281,main,Main numbers,6,33
mega645,00282,main,Main numbers,1,10
mega645,00282,main,Main numbers,2,11
mega645,00282,main,Main numbers,3,26
mega645,00282,main,Main numbers,4,29
mega645,00282,main,Main numbers,5,33
mega645,00282,main,Main numbers,6,38
mega645,00283,main,Main numbers,1,6
mega645,00283,main,Main numbers,2,11
mega645,00283,main,Main numbers,3,16
mega645,00283,main,Main numbers,4,18
mega645,00283,main,Main numbers,5,27
mega645,00283,main,Main numbers,6,41
mega645,00284,main,Main numbers,1,10
mega645,00284,main,Main numbers,2,21
mega645,00284,main,Main numbers,3,23
mega645,00284,main,Main numbers,4,25
mega645,00284,main,Main numbers,5,35
mega645,00284,main,Main numbers,6,38
mega645,00285,main,Main numbers,1,3
mega645,00285,main,Main numbers,2,18
mega645,00285,main,Main numbers,3,24
mega645,00285,main,Main numbers,4,29
mega645,00285,main,Main numbers,5,30
mega645,00285,main,Main numbers,6,35
mega645,00286,main,Main numbers,1,18
mega645,00286,main,Main numbers,2,19
mega645,00286,main,Main numbers,3,25
mega645,00286,main,Main numbers,4,26
mega645,00286,main,Main numbers,5,29
mega645,00286,main,Main numbers,6,39
mega645,00287,main,Main numbers,1,13
mega645,00287,main,Main numbers,2,16
mega645,00287,main,Main numbers,3,25
mega645,00287,main,Main numbers,4,34
mega645,00287,main,Main numbers,5,37
mega645,00287,main,Main numbers,6,41
mega645,00288,main,Main numbers,1,5
mega645,00288,main,Main numbers,2,14
mega645,00288,main,Main numbers,3,22
mega645,00288,main,Main numbers,4,26
mega645,00288,main,Main numbers,5,29
mega645,00288,main,Main numbers,6,39
mega645,00289,main,Main numbers,1,5
mega645,00289,main,Main numbers,2,9
mega645,00289,main,Main numbers,3,17
mega645,00289,main,Main numbers,4,18
mega645,00289,main,Main numbers,5,19
mega645,00289,main,Main numbers,6,22
mega645,00290,main,Main numbers,1,2
mega645,00290,main,Main numbers,2,17
mega645,00290,main,Main numbers,3,19
mega645,00290,main,Main numbers,4,27
mega645,00290,main,Main numbers,5,31
mega645,00290,main,Main numbers,6,36
mega645,00291,main,Main numbers,1,6
mega645,00291,main,Main numbers,2,14
mega645,00291,main,Main numbers,3,19
mega645,00291,main,Main numbers,4,38
mega645,00291,main,Main numbers,5,43
mega645,00291,main,Main numbers,6,44
mega645,00292,main,Main numbers,1,18
mega645,00292,main,Main numbers,2,20
mega645,00292,main,Main numbers,3,24
mega645,00292,main,Main numbers,4,40
mega645,00292,main,Main numbers,5,42
mega645,00292,main,Main numbers,6,45
mega645,00293,main,Main numbers,1,6
mega645,00293,main,Main numbers,2,20
mega645,00293,main,Main numbers,3,22
mega645,00293,main,Main numbers,4,26
mega645,00293,main,Main numbers,5,43
mega645,00293,main,Main numbers,6,44
mega645,00294,main,Main numbers,1,4
mega645,00294,main,Main numbers,2,13
mega645,00294,main,Main numbers,3,32
mega645,00294,main,Main numbers,4,35
mega645,00294,main,Main numbers,5,40
mega645,00294,main,Main numbers,6,42
mega645,00295,main,Main numbers,1,22
mega645,00295,main,Main numbers,2,25
mega645,00295,main,Main numbers,3,35
mega645,00295,main,Main numbers,4,36
mega645,00295,main,Main numbers,5,38
mega645,00295,main,Main numbers,6,39
mega645,00296,main,Main numbers,1,2
mega645,00296,main,Main numbers,2,4
mega645,00296,main,Main numbers,3,17
mega645,00296,main,Main numbers,4,24
mega645,00296,main,Main numbers,5,31
mega645,00296,main,Main numbers,6,40
mega645,00297,main,Main numbers,1,8
mega645,00297,main,Main numbers,2,11
mega645,00297,main,Main numbers,3,13
mega645,00297,main,Main numbers,4,23
mega645,00297,main,Main numbers,5,24
mega645,00297,main,Main numbers,6,28
mega645,00298,main,Main numbers,1,3
mega645,00298,main,Main numbers,2,5
mega645,00298,main,Main numbers,3,6
mega645,00298,main,Main numbers,4,7
mega645,00298,main,Main numbers,5,34
mega645,00298,main,Main numbers,6,40
mega645,00299,main,Main numbers,1,2
mega645,00299,main,Main numbers,2,18
mega645,00299,main,Main numbers,3,22
mega645,00299,main,Main numbers,4,30
mega645,00299,main,Main numbers,5,32
mega645,00299,main,Main numbers,6,43
mega645,00300,main,Main numbers,1,15
mega645,00300,main,Main numbers,2,19
mega645,00300,main,Main numbers,3,20
mega645,00300,main,Main numbers,4,26
mega645,00300,main,Main numbers,5,34
mega645,00300,main,Main numbers,6,39
mega645,00301,main,Main numbers,1,6
mega645,00301,main,Main numbers,2,8
mega645,00301,main,Main numbers,3,23
mega645,00301,main,Main numbers,4,32
mega645,00301,main,Main numbers,5,33
mega645,00301,main,Main numbers,6,41
mega645,00302,main,Main numbers,1,25
mega645,00302,main,Main numbers,2,27
mega645,00302,main,Main numbers,3,29
mega645,00302,main,Main numbers,4,33
mega645,00302,main,Main numbers,5,37
mega645,00302,main,Main numbers,6,38
mega645,00303,main,Main numbers,1,6
mega645,00303,main,Main numbers,2,18
mega645,00303,main,Main numbers,3,22
mega645,00303,main,Main numbers,4,24
mega645,00303,main,Main numbers,5,36
mega645,00303,main,Main numbers,6,39
mega645,00304,main,Main numbers,1,4
mega645,00304,main,Main numbers,2,7
mega645,00304,main,Main numbers,3,15
mega645,00304,main,Main numbers,4,28
mega645,00304,main,Main numbers,5,34
mega645,00304,main,Main numbers,6,37
mega645,00305,main,Main numbers,1,2
mega645,00305,main,Main numbers,2,3
mega645,00305,main,Main numbers,3,27
mega645,00305,main,Main numbers,4,28
mega645,00305,main,Main numbers,5,34
mega645,00305,main,Main numbers,6,43
mega645,00306,main,Main numbers,1,22
mega645,00306,main,Main numbers,2,26
mega645,00306,main,Main numbers,3,33
mega645,00306,main,Main numbers,4,34
mega645,00306,main,Main numbers,5,38
mega645,00306,main,Main numbers,6,42
mega645,00307,main,Main numbers,1,2
mega645,00307,main,Main numbers,2,7
mega645,00307,main,Main numbers,3,8
mega645,00307,main,Main numbers,4,10
mega645,00307,main,Main numbers,5,28
mega645,00307,main,Main numbers,6,44
mega645,00308,main,Main numbers,1,12
mega645,00308,main,Main numbers,2,26
mega645,00308,main,Main numbers,3,28
mega645,00308,main,Main numbers,4,29
mega645,00308,main,Main numbers,5,39
mega645,00308,main,Main numbers,6,43
mega645,00309,main,Main numbers,1,3
mega645,00309,main,Main numbers,2,8
mega645,00309,main,Main numbers,3,9
mega645,00309,main,Main numbers,4,25
mega645,00309,main,Main numbers,5,27
mega645,00309,main,Main numbers,6,28
mega645,00310,main,Main numbers,1,7
mega645,00310,main,Main numbers,2,15
mega645,00310,main,Main numbers,3,20
mega645,00310,main,Main numbers,4,29
mega645,00310,main,Main numbers,5,31
mega645,00310,main,Main numbers,6,38
mega645,00311,main,Main numbers,1,8
mega645,00311,main,Main numbers,2,10
mega645,00311,main,Main numbers,3,14
mega645,00311,main,Main numbers,4,19
mega645,00311,main,Main numbers,5,26
mega645,00311,main,Main numbers,6,34
mega645,00312,main,Main numbers,1,13
mega645,00312,main,Main numbers,2,14
mega645,00312,main,Main numbers,3,16
mega645,00312,main,Main numbers,4,19
mega645,00312,main,Main numbers,5,20
mega645,00312,main,Main numbers,6,23
mega645,00313,main,Main numbers,1,8
mega645,00313,main,Main numbers,2,9
mega645,00313,main,Main numbers,3,24
mega645,00313,main,Main numbers,4,27
mega645,00313,main,Main numbers,5,40
mega645,00313,main,Main numbers,6,45
mega645,00314,main,Main numbers,1,9
mega645,00314,main,Main numbers,2,16
mega645,00314,main,Main numbers,3,18
mega645,00314,main,Main numbers,4,38
mega645,00314,main,Main numbers,5,41
mega645,00314,main,Main numbers,6,45
mega645,00315,main,Main numbers,1,2
mega645,00315,main,Main numbers,2,21
mega645,00315,main,Main numbers,3,32
mega645,00315,main,Main numbers,4,37
mega645,00315,main,Main numbers,5,38
mega645,00315,main,Main numbers,6,42
mega645,00316,main,Main numbers,1,26
mega645,00316,main,Main numbers,2,31
mega645,00316,main,Main numbers,3,32
mega645,00316,main,Main numbers,4,37
mega645,00316,main,Main numbers,5,43
mega645,00316,main,Main numbers,6,45
mega645,00317,main,Main numbers,1,5
mega645,00317,main,Main numbers,2,6
mega645,00317,main,Main numbers,3,29
mega645,00317,main,Main numbers,4,30
mega645,00317,main,Main numbers,5,37
mega645,00317,main,Main numbers,6,38
mega645,00318,main,Main numbers,1,3
mega645,00318,main,Main numbers,2,8
mega645,00318,main,Main numbers,3,10
mega645,00318,main,Main numbers,4,24
mega645,00318,main,Main numbers,5,27
mega645,00318,main,Main numbers,6,28
mega645,00319,main,Main numbers,1,7
mega645,00319,main,Main numbers,2,10
mega645,00319,main,Main numbers,3,18
mega645,00319,main,Main numbers,4,31
mega645,00319,main,Main numbers,5,39
mega645,00319,main,Main numbers,6,43
mega645,00320,main,Main numbers,1,19
mega645,00320,main,Main numbers,2,34
mega645,00320,main,Main numbers,3,37
mega645,00320,main,Main numbers,4,39
mega645,00320,main,Main numbers,5,41
mega645,00320,main,Main numbers,6,44
mega645,00321,main,Main numbers,1,18
mega645,00321,main,Main numbers,2,22
mega645,00321,main,Main numbers,3,24
mega645,00321,main,Main numbers,4,29
mega645,00321,main,Main numbers,5,41
mega645,00321,main,Main numbers,6,45
mega645,00322,main,Main numbers,1,5
mega645,00322,main,Main numbers,2,16
mega645,00322,main,Main numbers,3,17
mega645,00322,main,Main numbers,4,28
mega645,00322,main,Main numbers,5,31
mega645,00322,main,Main numbers,6,38
mega645,00323,main,Main numbers,1,12
mega645,00323,main,Main numbers,2,24
mega645,00323,main,Main numbers,3,25
mega645,00323,main,Main numbers,4,33
mega645,00323,main,Main numbers,5,40
mega645,00323,main,Main numbers,6,44
mega645,00324,main,Main numbers,1,3
mega645,00324,main,Main numbers,2,8
mega645,00324,main,Main numbers,3,22
mega645,00324,main,Main numbers,4,28
mega645,00324,main,Main numbers,5,33
mega645,00324,main,Main numbers,6,42
mega645,00325,main,Main numbers,1,16
mega645,00325,main,Main numbers,2,18
mega645,00325,main,Main numbers,3,28
mega645,00325,main,Main numbers,4,36
mega645,00325,main,Main numbers,5,37
mega645,00325,main,Main numbers,6,45
mega645,00326,main,Main numbers,1,15
mega645,00326,main,Main numbers,2,17
mega645,00326,main,Main numbers,3,18
mega645,00326,main,Main numbers,4,33
mega645,00326,main,Main numbers,5,34
mega645,00326,main,Main numbers,6,44
mega645,00327,main,Main numbers,1,3
mega645,00327,main,Main numbers,2,22
mega645,00327,main,Main numbers,3,25
mega645,00327,main,Main numbers,4,29
mega645,00327,main,Main numbers,5,33
mega645,00327,main,Main numbers,6,40
mega645,00328,main,Main numbers,1,1
mega645,00328,main,Main numbers,2,3
mega645,00328,main,Main numbers,3,11
mega645,00328,main,Main numbers,4,12
mega645,00328,main,Main numbers,5,22
mega645,00328,main,Main numbers,6,36
mega645,00329,main,Main numbers,1,16
mega645,00329,main,Main numbers,2,17
mega645,00329,main,Main numbers,3,24
mega645,00329,main,Main numbers,4,28
mega645,00329,main,Main numbers,5,30
mega645,00329,main,Main numbers,6,36
mega645,00330,main,Main numbers,1,11
mega645,00330,main,Main numbers,2,19
mega645,00330,main,Main numbers,3,30
mega645,00330,main,Main numbers,4,36
mega645,00330,main,Main numbers,5,38
mega645,00330,main,Main numbers,6,40
mega645,00331,main,Main numbers,1,10
mega645,00331,main,Main numbers,2,12
mega645,00331,main,Main numbers,3,13
mega645,00331,main,Main numbers,4,22
mega645,00331,main,Main numbers,5,26
mega645,00331,main,Main numbers,6,40
mega645,00332,main,Main numbers,1,5
mega645,00332,main,Main numbers,2,6
mega645,00332,main,Main numbers,3,22
mega645,00332,main,Main numbers,4,27
mega645,00332,main,Main numbers,5,34
mega645,00332,main,Main numbers,6,37
mega645,00333,main,Main numbers,1,8
mega645,00333,main,Main numbers,2,10
mega645,00333,main,Main numbers,3,11
mega645,00333,main,Main numbers,4,28
mega645,00333,main,Main numbers,5,42
mega645,00333,main,Main numbers,6,45
mega645,00334,main,Main numbers,1,8
mega645,00334,main,Main numbers,2,14
mega645,00334,main,Main numbers,3,18
mega645,00334,main,Main numbers,4,21
mega645,00334,main,Main numbers,5,44
mega645,00334,main,Main numbers,6,45
mega645,00335,main,Main numbers,1,11
mega645,00335,main,Main numbers,2,12
mega645,00335,main,Main numbers,3,13
mega645,00335,main,Main numbers,4,16
mega645,00335,main,Main numbers,5,29
mega645,00335,main,Main numbers,6,31
mega645,00336,main,Main numbers,1,12
mega645,00336,main,Main numbers,2,16
mega645,00336,main,Main numbers,3,17
mega645,00336,main,Main numbers,4,18
mega645,00336,main,Main numbers,5,26
mega645,00336,main,Main numbers,6,34
mega645,00337,main,Main numbers,1,3
mega645,00337,main,Main numbers,2,13
mega645,00337,main,Main numbers,3,17
mega645,00337,main,Main numbers,4,18
mega645,00337,main,Main numbers,5,23
mega645,00337,main,Main numbers,6,34
mega645,00338,main,Main numbers,1,10
mega645,00338,main,Main numbers,2,20
mega645,00338,main,Main numbers,3,22
mega645,00338,main,Main numbers,4,24
mega645,00338,main,Main numbers,5,27
mega645,00338,main,Main numbers,6,42
mega645,00339,main,Main numbers,1,1
mega645,00339,main,Main numbers,2,3
mega645,00339,main,Main numbers,3,11
mega645,00339,main,Main numbers,4,14
mega645,00339,main,Main numbers,5,23
mega645,00339,main,Main numbers,6,29
mega645,00340,main,Main numbers,1,18
mega645,00340,main,Main numbers,2,27
mega645,00340,main,Main numbers,3,32
mega645,00340,main,Main numbers,4,35
mega645,00340,main,Main numbers,5,41
mega645,00340,main,Main numbers,6,44
mega645,00341,main,Main numbers,1,12
mega645,00341,main,Main numbers,2,19
mega645,00341,main,Main numbers,3,27
mega645,00341,main,Main numbers,4,39
mega645,00341,main,Main numbers,5,42
mega645,00341,main,Main numbers,6,45
mega645,00342,main,Main numbers,1,2
mega645,00342,main,Main numbers,2,6
mega645,00342,main,Main numbers,3,11
mega645,00342,main,Main numbers,4,13
mega645,00342,main,Main numbers,5,15
mega645,00342,main,Main numbers,6,38
mega645,00343,main,Main numbers,1,1
mega645,00343,main,Main numbers,2,20
mega645,00343,main,Main numbers,3,24
mega645,00343,main,Main numbers,4,36
mega645,00343,main,Main numbers,5,43
mega645,00343,main,Main numbers,6,45
mega645,00344,main,Main numbers,1,6
mega645,00344,main,Main numbers,2,12
mega645,00344,main,Main numbers,3,19
mega645,00344,main,Main numbers,4,21
mega645,00344,main,Main numbers,5,25
mega645,00344,main,Main numbers,6,45
mega645,00345,main,Main numbers,1,4
mega645,00345,main,Main numbers,2,12
mega645,00345,main,Main numbers,3,17
mega645,00345,main,Main numbers,4,29
mega645,00345,main,Main numbers,5,35
mega645,00345,main,Main numbers,6,44
mega645,00346,main,Main numbers,1,14
mega645,00346,main,Main numbers,2,18
mega645,00346,main,Main numbers,3,31
mega645,00346,main,Main numbers,4,34
mega645,00346,main,Main numbers,5,39
mega645,00346,main,Main numbers,6,44
mega645,00347,main,Main numbers,1,18
mega645,00347,main,Main numbers,2,19
mega645,00347,main,Main numbers,3,22
mega645,00347,main,Main numbers,4,28
mega645,00347,main,Main numbers,5,41
mega645,00347,main,Main numbers,6,42
mega645,00348,main,Main numbers,1,11
mega645,00348,main,Main numbers,2,12
mega645,00348,main,Main numbers,3,20
mega645,00348,main,Main numbers,4,26
mega645,00348,main,Main numbers,5,28
mega645,00348,main,Main numbers,6,42
mega645,00349,main,Main numbers,1,7
mega645,00349,main,Main numbers,2,8
mega645,00349,main,Main numbers,3,9
mega645,00349,main,Main numbers,4,34
mega645,00349,main,Main numbers,5,40
mega645,00349,main,Main numbers,6,43
mega645,00350,main,Main numbers,1,1
mega645,00350,main,Main numbers,2,12
mega645,00350,main,Main numbers,3,14
mega645,00350,main,Main numbers,4,36
mega645,00350,main,Main numbers,5,39
mega645,00350,main,Main numbers,6,43
mega645,00351,main,Main numbers,1,2
mega645,00351,main,Main numbers,2,14
mega645,00351,main,Main numbers,3,30
mega645,00351,main,Main numbers,4,38
mega645,00351,main,Main numbers,5,39
mega645,00351,main,Main numbers,6,45
mega645,00352,main,Main numbers,1,6
mega645,00352,main,Main numbers,2,22
mega645,00352,main,Main numbers,3,24
mega645,00352,main,Main numbers,4,28
mega645,00352,main,Main numbers,5,30
mega645,00352,main,Main numbers,6,37
mega645,00353,main,Main numbers,1,6
mega645,00353,main,Main numbers,2,26
mega645,00353,main,Main numbers,3,34
mega645,00353,main,Main numbers,4,35
mega645,00353,main,Main numbers,5,39
mega645,00353,main,Main numbers,6,42
mega645,00354,main,Main numbers,1,2
mega645,00354,main,Main numbers,2,18
mega645,00354,main,Main numbers,3,31
mega645,00354,main,Main numbers,4,33
mega645,00354,main,Main numbers,5,36
mega645,00354,main,Main numbers,6,41
mega645,00355,main,Main numbers,1,9
mega645,00355,main,Main numbers,2,18
mega645,00355,main,Main numbers,3,19
mega645,00355,main,Main numbers,4,20
mega645,00355,main,Main numbers,5,31
mega645,00355,main,Main numbers,6,45
mega645,00356,main,Main numbers,1,17
mega645,00356,main,Main numbers,2,22
mega645,00356,main,Main numbers,3,26
mega645,00356,main,Main numbers,4,30
mega645,00356,main,Main numbers,5,33
mega645,00356,main,Main numbers,6,35
mega645,00357,main,Main numbers,1,4
mega645,00357,main,Main numbers,2,6
mega645,00357,main,Main numbers,3,11
mega645,00357,main,Main numbers,4,18
mega645,00357,main,Main numbers,5,24
mega645,00357,main,Main numbers,6,25
mega645,00358,main,Main numbers,1,7
mega645,00358,main,Main numbers,2,12
mega645,00358,main,Main numbers,3,13
mega645,00358,main,Main numbers,4,17
mega645,00358,main,Main numbers,5,25
mega645,00358,main,Main numbers,6,30
mega645,00359,main,Main numbers,1,6
mega645,00359,main,Main numbers,2,18
mega645,00359,main,Main numbers,3,22
mega645,00359,main,Main numbers,4,25
mega645,00359,main,Main numbers,5,31
mega645,00359,main,Main numbers,6,37
mega645,00360,main,Main numbers,1,6
mega645,00360,main,Main numbers,2,18
mega645,00360,main,Main numbers,3,28
mega645,00360,main,Main numbers,4,32
mega645,00360,main,Main numbers,5,34
mega645,00360,main,Main numbers,6,35
mega645,00361,main,Main numbers,1,20
mega645,00361,main,Main numbers,2,23
mega645,00361,main,Main numbers,3,26
mega645,00361,main,Main numbers,4,27
mega645,00361,main,Main numbers,5,32
mega645,00361,main,Main numbers,6,34
mega645,00362,main,Main numbers,1,12
mega645,00362,main,Main numbers,2,14
mega645,00362,main,Main numbers,3,24
mega645,00362,main,Main numbers,4,26
mega645,00362,main,Main numbers,5,30
mega645,00362,main,Main numbers,6,40
mega645,00363,main,Main numbers,1,4
mega645,00363,main,Main numbers,2,12
mega645,00363,main,Main numbers,3,18
mega645,00363,main,Main numbers,4,21
mega645,00363,main,Main numbers,5,25
mega645,00363,main,Main numbers,6,41
mega645,00364,main,Main numbers,1,6
mega645,00364,main,Main numbers,2,27
mega645,00364,main,Main numbers,3,28
mega645,00364,main,Main numbers,4,30
mega645,00364,main,Main numbers,5,37
mega645,00364,main,Main numbers,6,44
mega645,00365,main,Main numbers,1,7
mega645,00365,main,Main numbers,2,9
mega645,00365,main,Main numbers,3,16
mega645,00365,main,Main numbers,4,19
mega645,00365,main,Main numbers,5,24
mega645,00365,main,Main numbers,6,33
mega645,00366,main,Main numbers,1,8
mega645,00366,main,Main numbers,2,10
mega645,00366,main,Main numbers,3,12
mega645,00366,main,Main numbers,4,21
mega645,00366,main,Main numbers,5,25
mega645,00366,main,Main numbers,6,40
mega645,00367,main,Main numbers,1,3
mega645,00367,main,Main numbers,2,5
mega645,00367,main,Main numbers,3,11
mega645,00367,main,Main numbers,4,18
mega645,00367,main,Main numbers,5,24
mega645,00367,main,Main numbers,6,29
mega645,00368,main,Main numbers,1,8
mega645,00368,main,Main numbers,2,13
mega645,00368,main,Main numbers,3,20
mega645,00368,main,Main numbers,4,21
mega645,00368,main,Main numbers,5,25
mega645,00368,main,Main numbers,6,28
mega645,00369,main,Main numbers,1,11
mega645,00369,main,Main numbers,2,18
mega645,00369,main,Main numbers,3,23
mega645,00369,main,Main numbers,4,25
mega645,00369,main,Main numbers,5,28
mega645,00369,main,Main numbers,6,35
mega645,00370,main,Main numbers,1,2
mega645,00370,main,Main numbers,2,4
mega645,00370,main,Main numbers,3,12
mega645,00370,main,Main numbers,4,23
mega645,00370,main,Main numbers,5,37
mega645,00370,main,Main numbers,6,45
mega645,00371,main,Main numbers,1,7
mega645,00371,main,Main numbers,2,28
mega645,00371,main,Main numbers,3,29
mega645,00371,main,Main numbers,4,39
mega645,00371,main,Main numbers,5,42
mega645,00371,main,Main numbers,6,45
mega645,00372,main,Main numbers,1,1
mega645,00372,main,Main numbers,2,6
mega645,00372,main,Main numbers,3,7
mega645,00372,main,Main numbers,4,22
mega645,00372,main,Main numbers,5,31
mega645,00372,main,Main numbers,6,39
mega645,00373,main,Main numbers,1,6
mega645,00373,main,Main numbers,2,8
mega645,00373,main,Main numbers,3,26
mega645,00373,main,Main numbers,4,34
mega645,00373,main,Main numbers,5,40
mega645,00373,main,Main numbers,6,41
mega645,00374,main,Main numbers,1,1
mega645,00374,main,Main numbers,2,3
mega645,00374,main,Main numbers,3,11
mega645,00374,main,Main numbers,4,15
mega645,00374,main,Main numbers,5,27
mega645,00374,main,Main numbers,6,30
mega645,00375,main,Main numbers,1,7
mega645,00375,main,Main numbers,2,16
mega645,00375,main,Main numbers,3,20
mega645,00375,main,Main numbers,4,26
mega645,00375,main,Main numbers,5,30
mega645,00375,main,Main numbers,6,34
mega645,00376,main,Main numbers,1,1
mega645,00376,main,Main numbers,2,14
mega645,00376,main,Main numbers,3,22
mega645,00376,main,Main numbers,4,26
mega645,00376,main,Main numbers,5,35
mega645,00376,main,Main numbers,6,42
mega645,00377,main,Main numbers,1,2
mega645,00377,main,Main numbers,2,10
mega645,00377,main,Main numbers,3,11
mega645,00377,main,Main numbers,4,32
mega645,00377,main,Main numbers,5,40
mega645,00377,main,Main numbers,6,44
mega645,00378,main,Main numbers,1,1
mega645,00378,main,Main numbers,2,7
mega645,00378,main,Main numbers,3,16
mega645,00378,main,Main numbers,4,27
mega645,00378,main,Main numbers,5,29
mega645,00378,main,Main numbers,6,34
mega645,00379,main,Main numbers,1,1
mega645,00379,main,Main numbers,2,3
mega645,00379,main,Main numbers,3,10
mega645,00379,main,Main numbers,4,11
mega645,00379,main,Main numbers,5,16
mega645,00379,main,Main numbers,6,44
mega645,00380,main,Main numbers,1,21
mega645,00380,main,Main numbers,2,28
mega645,00380,main,Main numbers,3,34
mega645,00380,main,Main numbers,4,35
mega645,00380,main,Main numbers,5,41
mega645,00380,main,Main numbers,6,44
mega645,00381,main,Main numbers,1,3
mega645,00381,main,Main numbers,2,22
mega645,00381,main,Main numbers,3,24
mega645,00381,main,Main numbers,4,25
mega645,00381,main,Main numbers,5,31
mega645,00381,main,Main numbers,6,37
mega645,00382,main,Main numbers,1,10
mega645,00382,main,Main numbers,2,19
mega645,00382,main,Main numbers,3,31
mega645,00382,main,Main numbers,4,35
mega645,00382,main,Main numbers,5,42
mega645,00382,main,Main numbers,6,44
mega645,00383,main,Main numbers,1,4
mega645,00383,main,Main numbers,2,14
mega645,00383,main,Main numbers,3,32
mega645,00383,main,Main numbers,4,35
mega645,00383,main,Main numbers,5,36
mega645,00383,main,Main numbers,6,40
mega645,00384,main,Main numbers,1,1
mega645,00384,main,Main numbers,2,8
mega645,00384,main,Main numbers,3,14
mega645,00384,main,Main numbers,4,16
mega645,00384,main,Main numbers,5,19
mega645,00384,main,Main numbers,6,22
mega645,00385,main,Main numbers,1,9
mega645,00385,main,Main numbers,2,22
mega645,00385,main,Main numbers,3,33
mega645,00385,main,Main numbers,4,34
mega645,00385,main,Main numbers,5,35
mega645,00385,main,Main numbers,6,44
mega645,00386,main,Main numbers,1,17
mega645,00386,main,Main numbers,2,27
mega645,00386,main,Main numbers,3,28
mega645,00386,main,Main numbers,4,30
mega645,00386,main,Main numbers,5,33
mega645,00386,main,Main numbers,6,41
mega645,00387,main,Main numbers,1,19
mega645,00387,main,Main numbers,2,21
mega645,00387,main,Main numbers,3,22
mega645,00387,main,Main numbers,4,23
mega645,00387,main,Main numbers,5,25
mega645,00387,main,Main numbers,6,44
mega645,00388,main,Main numbers,1,1
mega645,00388,main,Main numbers,2,20
mega645,00388,main,Main numbers,3,21
mega645,00388,main,Main numbers,4,23
mega645,00388,main,Main numbers,5,26
mega645,00388,main,Main numbers,6,33
mega645,00389,main,Main numbers,1,1
mega645,00389,main,Main numbers,2,8
mega645,00389,main,Main numbers,3,14
mega645,00389,main,Main numbers,4,24
mega645,00389,main,Main numbers,5,31
mega645,00389,main,Main numbers,6,40
mega645,00390,main,Main numbers,1,12
mega645,00390,main,Main numbers,2,15
mega645,00390,main,Main numbers,3,19
mega645,00390,main,Main numbers,4,38
mega645,00390,main,Main numbers,5,40
mega645,00390,main,Main numbers,6,45
mega645,00391,main,Main numbers,1,8
mega645,00391,main,Main numbers,2,16
mega645,00391,main,Main numbers,3,21
mega645,00391,main,Main numbers,4,31
mega645,00391,main,Main numbers,5,35
mega645,00391,main,Main numbers,6,38
mega645,00392,main,Main numbers,1,2
mega645,00392,main,Main numbers,2,9
mega645,00392,main,Main numbers,3,13
mega645,00392,main,Main numbers,4,29
mega645,00392,main,Main numbers,5,33
mega645,00392,main,Main numbers,6,40
mega645,00393,main,Main numbers,1,11
mega645,00393,main,Main numbers,2,13
mega645,00393,main,Main numbers,3,14
mega645,00393,main,Main numbers,4,22
mega645,00393,main,Main numbers,5,30
mega645,00393,main,Main numbers,6,38
mega645,00394,main,Main numbers,1,9
mega645,00394,main,Main numbers,2,11
mega645,00394,main,Main numbers,3,12
mega645,00394,main,Main numbers,4,22
mega645,00394,main,Main numbers,5,27
mega645,00394,main,Main numbers,6,29
mega645,00395,main,Main numbers,1,1
mega645,00395,main,Main numbers,2,4
mega645,00395,main,Main numbers,3,6
mega645,00395,main,Main numbers,4,13
mega645,00395,main,Main numbers,5,37
mega645,00395,main,Main numbers,6,41
mega645,00396,main,Main numbers,1,3
mega645,00396,main,Main numbers,2,4
mega645,00396,main,Main numbers,3,6
mega645,00396,main,Main numbers,4,38
mega645,00396,main,Main numbers,5,39
mega645,00396,main,Main numbers,6,43
mega645,00397,main,Main numbers,1,1
mega645,00397,main,Main numbers,2,2
mega645,00397,main,Main numbers,3,5
mega645,00397,main,Main numbers,4,9
mega645,00397,main,Main numbers,5,23
mega645,00397,main,Main numbers,6,24
mega645,00398,main,Main numbers,1,22
mega645,00398,main,Main numbers,2,24
mega645,00398,main,Main numbers,3,25
mega645,00398,main,Main numbers,4,30
mega645,00398,main,Main numbers,5,33
mega645,00398,main,Main numbers,6,38
mega645,00399,main,Main numbers,1,11
mega645,00399,main,Main numbers,2,12
mega645,00399,main,Main numbers,3,33
mega645,00399,main,Main numbers,4,36
mega645,00399,main,Main numbers,5,39
mega645,00399,main,Main numbers,6,43
mega645,00400,main,Main numbers,1,1
mega645,00400,main,Main numbers,2,11
mega645,00400,main,Main numbers,3,17
mega645,00400,main,Main numbers,4,25
mega645,00400,main,Main numbers,5,29
mega645,00400,main,Main numbers,6,35
mega645,00401,main,Main numbers,1,5
mega645,00401,main,Main numbers,2,11
mega645,00401,main,Main numbers,3,18
mega645,00401,main,Main numbers,4,33
mega645,00401,main,Main numbers,5,37
mega645,00401,main,Main numbers,6,41
mega645,00402,main,Main numbers,1,3
mega645,00402,main,Main numbers,2,22
mega645,00402,main,Main numbers,3,26
mega645,00402,main,Main numbers,4,27
mega645,00402,main,Main numbers,5,30
mega645,00402,main,Main numbers,6,44
mega645,00403,main,Main numbers,1,11
mega645,00403,main,Main numbers,2,12
mega645,00403,main,Main numbers,3,14
mega645,00403,main,Main numbers,4,25
mega645,00403,main,Main numbers,5,29
mega645,00403,main,Main numbers,6,31
mega645,00404,main,Main numbers,1,1
mega645,00404,main,Main numbers,2,10
mega645,00404,main,Main numbers,3,15
mega645,00404,main,Main numbers,4,24
mega645,00404,main,Main numbers,5,37
mega645,00404,main,Main numbers,6,45
mega645,00405,main,Main numbers,1,7
mega645,00405,main,Main numbers,2,10
mega645,00405,main,Main numbers,3,18
mega645,00405,main,Main numbers,4,25
mega645,00405,main,Main numbers,5,44
mega645,00405,main,Main numbers,6,45
mega645,00406,main,Main numbers,1,1
mega645,00406,main,Main numbers,2,7
mega645,00406,main,Main numbers,3,13
mega645,00406,main,Main numbers,4,23
mega645,00406,main,Main numbers,5,32
mega645,00406,main,Main numbers,6,42
mega645,00407,main,Main numbers,1,5
mega645,00407,main,Main numbers,2,12
mega645,00407,main,Main numbers,3,15
mega645,00407,main,Main numbers,4,16
mega645,00407,main,Main numbers,5,25
mega645,00407,main,Main numbers,6,35
mega645,00408,main,Main numbers,1,15
mega645,00408,main,Main numbers,2,23
mega645,00408,main,Main numbers,3,29
mega645,00408,main,Main numbers,4,31
mega645,00408,main,Main numbers,5,38
mega645,00408,main,Main numbers,6,43
mega645,00409,main,Main numbers,1,1
mega645,00409,main,Main numbers,2,13
mega645,00409,main,Main numbers,3,17
mega645,00409,main,Main numbers,4,20
mega645,00409,main,Main numbers,5,30
mega645,00409,main,Main numbers,6,45
mega645,00410,main,Main numbers,1,2
mega645,00410,main,Main numbers,2,7
mega645,00410,main,Main numbers,3,14
mega645,00410,main,Main numbers,4,24
mega645,00410,main,Main numbers,5,40
mega645,00410,main,Main numbers,6,41
mega645,00411,main,Main numbers,1,4
mega645,00411,main,Main numbers,2,14
mega645,00411,main,Main numbers,3,20
mega645,00411,main,Main numbers,4,27
mega645,00411,main,Main numbers,5,32
mega645,00411,main,Main numbers,6,43
mega645,00412,main,Main numbers,1,5
mega645,00412,main,Main numbers,2,24
mega645,00412,main,Main numbers,3,31
mega645,00412,main,Main numbers,4,32
mega645,00412,main,Main numbers,5,42
mega645,00412,main,Main numbers,6,45
mega645,00413,main,Main numbers,1,5
mega645,00413,main,Main numbers,2,16
mega645,00413,main,Main numbers,3,24
mega645,00413,main,Main numbers,4,26
mega645,00413,main,Main numbers,5,34
mega645,00413,main,Main numbers,6,44
mega645,00414,main,Main numbers,1,5
mega645,00414,main,Main numbers,2,10
mega645,00414,main,Main numbers,3,15
mega645,00414,main,Main numbers,4,19
mega645,00414,main,Main numbers,5,38
mega645,00414,main,Main numbers,6,42
mega645,00415,main,Main numbers,1,5
mega645,00415,main,Main numbers,2,6
mega645,00415,main,Main numbers,3,16
mega645,00415,main,Main numbers,4,18
mega645,00415,main,Main numbers,5,24
mega645,00415,main,Main numbers,6,42
mega645,00416,main,Main numbers,1,2
mega645,00416,main,Main numbers,2,7
mega645,00416,main,Main numbers,3,17
mega645,00416,main,Main numbers,4,24
mega645,00416,main,Main numbers,5,29
mega645,00416,main,Main numbers,6,37
mega645,00417,main,Main numbers,1,1
mega645,00417,main,Main numbers,2,3
mega645,00417,main,Main numbers,3,6
mega645,00417,main,Main numbers,4,13
mega645,00417,main,Main numbers,5,18
mega645,00417,main,Main numbers,6,41
mega645,00418,main,Main numbers,1,5
mega645,00418,main,Main numbers,2,17
mega645,00418,main,Main numbers,3,21
mega645,00418,main,Main numbers,4,27
mega645,00418,main,Main numbers,5,34
mega645,00418,main,Main numbers,6,40
mega645,00419,main,Main numbers,1,9
mega645,00419,main,Main numbers,2,12
mega645,00419,main,Main numbers,3,22
mega645,00419,main,Main numbers,4,24
mega645,00419,main,Main numbers,5,30
mega645,00419,main,Main numbers,6,42
mega645,00420,main,Main numbers,1,2
mega645,00420,main,Main numbers,2,19
mega645,00420,main,Main numbers,3,26
mega645,00420,main,Main numbers,4,27
mega645,00420,main,Main numbers,5,30
mega645,00420,main,Main numbers,6,37
mega645,00421,main,Main numbers,1,3
mega645,00421,main,Main numbers,2,5
mega645,00421,main,Main numbers,3,19
mega645,00421,main,Main numbers,4,28
mega645,00421,main,Main numbers,5,31
mega645,00421,main,Main numbers,6,38
mega645,00422,main,Main numbers,1,4
mega645,00422,main,Main numbers,2,11
mega645,00422,main,Main numbers,3,18
mega645,00422,main,Main numbers,4,33
mega645,00422,main,Main numbers,5,34
mega645,00422,main,Main numbers,6,45
mega645,00423,main,Main numbers,1,2
mega645,00423,main,Main numbers,2,7
mega645,00423,main,Main numbers,3,25
mega645,00423,main,Main numbers,4,36
mega645,00423,main,Main numbers,5,38
mega645,00423,main,Main numbers,6,43
mega645,00424,main,Main numbers,1,8
mega645,00424,main,Main numbers,2,10
mega645,00424,main,Main numbers,3,26
mega645,00424,main,Main numbers,4,28
mega645,00424,main,Main numbers,5,32
mega645,00424,main,Main numbers,6,34
mega645,00425,main,Main numbers,1,7
mega645,00425,main,Main numbers,2,11
mega645,00425,main,Main numbers,3,14
mega645,00425,main,Main numbers,4,30
mega645,00425,main,Main numbers,5,35
mega645,00425,main,Main numbers,6,42
mega645,00426,main,Main numbers,1,3
mega645,00426,main,Main numbers,2,12
mega645,00426,main,Main numbers,3,15
mega645,00426,main,Main numbers,4,16
mega645,00426,main,Main numbers,5,17
mega645,00426,main,Main numbers,6,44
mega645,00427,main,Main numbers,1,4
mega645,00427,main,Main numbers,2,13
mega645,00427,main,Main numbers,3,20
mega645,00427,main,Main numbers,4,34
mega645,00427,main,Main numbers,5,35
mega645,00427,main,Main numbers,6,37
mega645,00428,main,Main numbers,1,7
mega645,00428,main,Main numbers,2,11
mega645,00428,main,Main numbers,3,21
mega645,00428,main,Main numbers,4,25
mega645,00428,main,Main numbers,5,30
mega645,00428,main,Main numbers,6,44
mega645,00429,main,Main numbers,1,1
mega645,00429,main,Main numbers,2,4
mega645,00429,main,Main numbers,3,5
mega645,00429,main,Main numbers,4,12
mega645,00429,main,Main numbers,5,17
mega645,00429,main,Main numbers,6,21
mega645,00430,main,Main numbers,1,8
mega645,00430,main,Main numbers,2,11
mega645,00430,main,Main numbers,3,13
mega645,00430,main,Main numbers,4,20
mega645,00430,main,Main numbers,5,41
mega645,00430,main,Main numbers,6,43
mega645,00431,main,Main numbers,1,4
mega645,00431,main,Main numbers,2,7
mega645,00431,main,Main numbers,3,12
mega645,00431,main,Main numbers,4,13
mega645,00431,main,Main numbers,5,20
mega645,00431,main,Main numbers,6,45
mega645,00432,main,Main numbers,1,1
mega645,00432,main,Main numbers,2,2
mega645,00432,main,Main numbers,3,14
mega645,00432,main,Main numbers,4,15
mega645,00432,main,Main numbers,5,16
mega645,00432,main,Main numbers,6,30
mega645,00433,main,Main numbers,1,4
mega645,00433,main,Main numbers,2,24
mega645,00433,main,Main numbers,3,28
mega645,00433,main,Main numbers,4,30
mega645,00433,main,Main numbers,5,33
mega645,00433,main,Main numbers,6,43
mega645,00434,main,Main numbers,1,18
mega645,00434,main,Main numbers,2,23
mega645,00434,main,Main numbers,3,24
mega645,00434,main,Main numbers,4,27
mega645,00434,main,Main numbers,5,33
mega645,00434,main,Main numbers,6,41
mega645,00435,main,Main numbers,1,1
mega645,00435,main,Main numbers,2,6
mega645,00435,main,Main numbers,3,14
mega645,00435,main,Main numbers,4,31
mega645,00435,main,Main numbers,5,35
mega645,00435,main,Main numbers,6,44
mega645,00436,main,Main numbers,1,13
mega645,00436,main,Main numbers,2,27
mega645,00436,main,Main numbers,3,30
mega645,00436,main,Main numbers,4,38
mega645,00436,main,Main numbers,5,39
mega645,00436,main,Main numbers,6,41
mega645,00437,main,Main numbers,1,1
mega645,00437,main,Main numbers,2,7
mega645,00437,main,Main numbers,3,8
mega645,00437,main,Main numbers,4,31
mega645,00437,main,Main numbers,5,34
mega645,00437,main,Main numbers,6,45
mega645,00438,main,Main numbers,1,5
mega645,00438,main,Main numbers,2,23
mega645,00438,main,Main numbers,3,25
mega645,00438,main,Main numbers,4,30
mega645,00438,main,Main numbers,5,35
mega645,00438,main,Main numbers,6,38
mega645,00439,main,Main numbers,1,1
mega645,00439,main,Main numbers,2,8
mega645,00439,main,Main numbers,3,13
mega645,00439,main,Main numbers,4,17
mega645,00439,main,Main numbers,5,21
mega645,00439,main,Main numbers,6,43
mega645,00440,main,Main numbers,1,17
mega645,00440,main,Main numbers,2,28
mega645,00440,main,Main numbers,3,29
mega645,00440,main,Main numbers,4,33
mega645,00440,main,Main numbers,5,34
mega645,00440,main,Main numbers,6,35
mega645,00441,main,Main numbers,1,6
mega645,00441,main,Main numbers,2,16
mega645,00441,main,Main numbers,3,18
mega645,00441,main,Main numbers,4,29
mega645,00441,main,Main numbers,5,39
mega645,00441,main,Main numbers,6,43
mega645,00442,main,Main numbers,1,2
mega645,00442,main,Main numbers,2,11
mega645,00442,main,Main numbers,3,19
mega645,00442,main,Main numbers,4,27
mega645,00442,main,Main numbers,5,30
mega645,00442,main,Main numbers,6,42
mega645,00443,main,Main numbers,1,1
mega645,00443,main,Main numbers,2,13
mega645,00443,main,Main numbers,3,16
mega645,00443,main,Main numbers,4,22
mega645,00443,main,Main numbers,5,23
mega645,00443,main,Main numbers,6,35
mega645,00444,main,Main numbers,1,2
mega645,00444,main,Main numbers,2,3
mega645,00444,main,Main numbers,3,31
mega645,00444,main,Main numbers,4,33
mega645,00444,main,Main numbers,5,35
mega645,00444,main,Main numbers,6,40
mega645,00445,main,Main numbers,1,11
mega645,00445,main,Main numbers,2,12
mega645,00445,main,Main numbers,3,14
mega645,00445,main,Main numbers,4,23
mega645,00445,main,Main numbers,5,29
mega645,00445,main,Main numbers,6,32
mega645,00446,main,Main numbers,1,12
mega645,00446,main,Main numbers,2,18
mega645,00446,main,Main numbers,3,19
mega645,00446,main,Main numbers,4,27
mega645,00446,main,Main numbers,5,35
mega645,00446,main,Main numbers,6,42
mega645,00447,main,Main numbers,1,5
mega645,00447,main,Main numbers,2,6
mega645,00447,main,Main numbers,3,7
mega645,00447,main,Main numbers,4,12
mega645,00447,main,Main numbers,5,23
mega645,00447,main,Main numbers,6,30
mega645,00448,main,Main numbers,1,2
mega645,00448,main,Main numbers,2,5
mega645,00448,main,Main numbers,3,12
mega645,00448,main,Main numbers,4,35
mega645,00448,main,Main numbers,5,41
mega645,00448,main,Main numbers,6,43
mega645,00449,main,Main numbers,1,4
mega645,00449,main,Main numbers,2,8
mega645,00449,main,Main numbers,3,22
mega645,00449,main,Main numbers,4,25
mega645,00449,main,Main numbers,5,37
mega645,00449,main,Main numbers,6,39
mega645,00450,main,Main numbers,1,11
mega645,00450,main,Main numbers,2,13
mega645,00450,main,Main numbers,3,15
mega645,00450,main,Main numbers,4,26
mega645,00450,main,Main numbers,5,27
mega645,00450,main,Main numbers,6,41
mega645,00451,main,Main numbers,1,2
mega645,00451,main,Main numbers,2,6
mega645,00451,main,Main numbers,3,22
mega645,00451,main,Main numbers,4,25
mega645,00451,main,Main numbers,5,35
mega645,00451,main,Main numbers,6,36
mega645,00452,main,Main numbers,1,10
mega645,00452,main,Main numbers,2,11
mega645,00452,main,Main numbers,3,21
mega645,00452,main,Main numbers,4,23
mega645,00452,main,Main numbers,5,26
mega645,00452,main,Main numbers,6,37
mega645,00453,main,Main numbers,1,2
mega645,00453,main,Main numbers,2,12
mega645,00453,main,Main numbers,3,16
mega645,00453,main,Main numbers,4,36
mega645,00453,main,Main numbers,5,37
mega645,00453,main,Main numbers,6,45
mega645,00454,main,Main numbers,1,6
mega645,00454,main,Main numbers,2,7
mega645,00454,main,Main numbers,3,19
mega645,00454,main,Main numbers,4,29
mega645,00454,main,Main numbers,5,31
mega645,00454,main,Main numbers,6,36
mega645,00455,main,Main numbers,1,2
mega645,00455,main,Main numbers,2,4
mega645,00455,main,Main numbers,3,11
mega645,00455,main,Main numbers,4,15
mega645,00455,main,Main numbers,5,35
mega645,00455,main,Main numbers,6,40
mega645,00456,main,Main numbers,1,1
mega645,00456,main,Main numbers,2,4
mega645,00456,main,Main numbers,3,19
mega645,00456,main,Main numbers,4,21
mega645,00456,main,Main numbers,5,23
mega645,00456,main,Main numbers,6,39
mega645,00457,main,Main numbers,1,3
mega645,00457,main,Main numbers,2,8
mega645,00457,main,Main numbers,3,11
mega645,00457,main,Main numbers,4,27
mega645,00457,main,Main numbers,5,32
mega645,00457,main,Main numbers,6,36
mega645,00458,main,Main numbers,1,1
mega645,00458,main,Main numbers,2,5
mega645,00458,main,Main numbers,3,9
mega645,00458,main,Main numbers,4,10
mega645,00458,main,Main numbers,5,33
mega645,00458,main,Main numbers,6,41
mega645,00459,main,Main numbers,1,11
mega645,00459,main,Main numbers,2,25
mega645,00459,main,Main numbers,3,37
mega645,00459,main,Main numbers,4,40
mega645,00459,main,Main numbers,5,41
mega645,00459,main,Main numbers,6,45
mega645,00460,main,Main numbers,1,5
mega645,00460,main,Main numbers,2,20
mega645,00460,main,Main numbers,3,22
mega645,00460,main,Main numbers,4,25
mega645,00460,main,Main numbers,5,28
mega645,00460,main,Main numbers,6,32
mega645,00461,main,Main numbers,1,2
mega645,00461,main,Main numbers,2,7
mega645,00461,main,Main numbers,3,25
mega645,00461,main,Main numbers,4,29
mega645,00461,main,Main numbers,5,39
mega645,00461,main,Main numbers,6,45
mega645,00462,main,Main numbers,1,19
mega645,00462,main,Main numbers,2,21
mega645,00462,main,Main numbers,3,30
mega645,00462,main,Main numbers,4,31
mega645,00462,main,Main numbers,5,37
mega645,00462,main,Main numbers,6,43
mega645,00463,main,Main numbers,1,2
mega645,00463,main,Main numbers,2,18
mega645,00463,main,Main numbers,3,21
mega645,00463,main,Main numbers,4,23
mega645,00463,main,Main numbers,5,30
mega645,00463,main,Main numbers,6,31
mega645,00464,main,Main numbers,1,1
mega645,00464,main,Main numbers,2,2
mega645,00464,main,Main numbers,3,6
mega645,00464,main,Main numbers,4,7
mega645,00464,main,Main numbers,5,16
mega645,00464,main,Main numbers,6,27
mega645,00465,main,Main numbers,1,16
mega645,00465,main,Main numbers,2,18
mega645,00465,main,Main numbers,3,24
mega645,00465,main,Main numbers,4,26
mega645,00465,main,Main numbers,5,40
mega645,00465,main,Main numbers,6,44
mega645,00466,main,Main numbers,1,2
mega645,00466,main,Main numbers,2,3
mega645,00466,main,Main numbers,3,7
mega645,00466,main,Main numbers,4,25
mega645,00466,main,Main numbers,5,33
mega645,00466,main,Main numbers,6,34
mega645,00467,main,Main numbers,1,10
mega645,00467,main,Main numbers,2,11
mega645,00467,main,Main numbers,3,16
mega645,00467,main,Main numbers,4,22
mega645,00467,main,Main numbers,5,28
mega645,00467,main,Main numbers,6,35
mega645,00468,main,Main numbers,1,9
mega645,00468,main,Main numbers,2,12
mega645,00468,main,Main numbers,3,23
mega645,00468,main,Main numbers,4,26
mega645,00468,main,Main numbers,5,28
mega645,00468,main,Main numbers,6,43
mega645,00469,main,Main numbers,1,7
mega645,00469,main,Main numbers,2,8
mega645,00469,main,Main numbers,3,10
mega645,00469,main,Main numbers,4,24
mega645,00469,main,Main numbers,5,33
mega645,00469,main,Main numbers,6,44
mega645,00470,main,Main numbers,1,20
mega645,00470,main,Main numbers,2,22
mega645,00470,main,Main numbers,3,25
mega645,00470,main,Main numbers,4,39
mega645,00470,main,Main numbers,5,44
mega645,00470,main,Main numbers,6,45
mega645,00471,main,Main numbers,1,5
mega645,00471,main,Main numbers,2,14
mega645,00471,main,Main numbers,3,16
mega645,00471,main,Main numbers,4,22
mega645,00471,main,Main numbers,5,25
mega645,00471,main,Main numbers,6,33
mega645,00472,main,Main numbers,1,5
mega645,00472,main,Main numbers,2,14
mega645,00472,main,Main numbers,3,16
mega645,00472,main,Main numbers,4,24
mega645,00472,main,Main numbers,5,42
mega645,00472,main,Main numbers,6,43
mega645,00473,main,Main numbers,1,6
mega645,00473,main,Main numbers,2,12
mega645,00473,main,Main numbers,3,15
mega645,00473,main,Main numbers,4,19
mega645,00473,main,Main numbers,5,25
mega645,00473,main,Main numbers,6,45
mega645,00474,main,Main numbers,1,11
mega645,00474,main,Main numbers,2,18
mega645,00474,main,Main numbers,3,20
mega645,00474,main,Main numbers,4,22
mega645,00474,main,Main numbers,5,25
mega645,00474,main,Main numbers,6,26
mega645,00475,main,Main numbers,1,6
mega645,00475,main,Main numbers,2,10
mega645,00475,main,Main numbers,3,21
mega645,00475,main,Main numbers,4,30
mega645,00475,main,Main numbers,5,43
mega645,00475,main,Main numbers,6,45
mega645,00476,main,Main numbers,1,1
mega645,00476,main,Main numbers,2,5
mega645,00476,main,Main numbers,3,13
mega645,00476,main,Main numbers,4,31
mega645,00476,main,Main numbers,5,32
mega645,00476,main,Main numbers,6,43
mega645,00477,main,Main numbers,1,11
mega645,00477,main,Main numbers,2,19
mega645,00477,main,Main numbers,3,26
mega645,00477,main,Main numbers,4,28
mega645,00477,main,Main numbers,5,30
mega645,00477,main,Main numbers,6,42
mega645,00478,main,Main numbers,1,1
mega645,00478,main,Main numbers,2,4
mega645,00478,main,Main numbers,3,7
mega645,00478,main,Main numbers,4,9
mega645,00478,main,Main numbers,5,25
mega645,00478,main,Main numbers,6,31
mega645,00479,main,Main numbers,1,13
mega645,00479,main,Main numbers,2,20
mega645,00479,main,Main numbers,3,22
mega645,00479,main,Main numbers,4,24
mega645,00479,main,Main numbers,5,33
mega645,00479,main,Main numbers,6,34
mega645,00480,main,Main numbers,1,6
mega645,00480,main,Main numbers,2,14
mega645,00480,main,Main numbers,3,15
mega645,00480,main,Main numbers,4,19
mega645,00480,main,Main numbers,5,31
mega645,00480,main,Main numbers,6,39
mega645,00481,main,Main numbers,1,2
mega645,00481,main,Main numbers,2,7
mega645,00481,main,Main numbers,3,18
mega645,00481,main,Main numbers,4,21
mega645,00481,main,Main numbers,5,24
mega645,00481,main,Main numbers,6,33
mega645,00482,main,Main numbers,1,6
mega645,00482,main,Main numbers,2,8
mega645,00482,main,Main numbers,3,17
mega645,00482,main,Main numbers,4,20
mega645,00482,main,Main numbers,5,21
mega645,00482,main,Main numbers,6,31
mega645,00483,main,Main numbers,1,6
mega645,00483,main,Main numbers,2,7
mega645,00483,main,Main numbers,3,12
mega645,00483,main,Main numbers,4,17
mega645,00483,main,Main numbers,5,19
mega645,00483,main,Main numbers,6,24
mega645,00484,main,Main numbers,1,7
mega645,00484,main,Main numbers,2,8
mega645,00484,main,Main numbers,3,15
mega645,00484,main,Main numbers,4,20
mega645,00484,main,Main numbers,5,24
mega645,00484,main,Main numbers,6,31
mega645,00485,main,Main numbers,1,1
mega645,00485,main,Main numbers,2,4
mega645,00485,main,Main numbers,3,12
mega645,00485,main,Main numbers,4,14
mega645,00485,main,Main numbers,5,19
mega645,00485,main,Main numbers,6,30
mega645,00486,main,Main numbers,1,5
mega645,00486,main,Main numbers,2,6
mega645,00486,main,Main numbers,3,22
mega645,00486,main,Main numbers,4,23
mega645,00486,main,Main numbers,5,25
mega645,00486,main,Main numbers,6,44
mega645,00487,main,Main numbers,1,5
mega645,00487,main,Main numbers,2,7
mega645,00487,main,Main numbers,3,14
mega645,00487,main,Main numbers,4,16
mega645,00487,main,Main numbers,5,29
mega645,00487,main,Main numbers,6,40
mega645,00488,main,Main numbers,1,1
mega645,00488,main,Main numbers,2,9
mega645,00488,main,Main numbers,3,11
mega645,00488,main,Main numbers,4,23
mega645,00488,main,Main numbers,5,30
mega645,00488,main,Main numbers,6,37
mega645,00489,main,Main numbers,1,2
mega645,00489,main,Main numbers,2,4
mega645,00489,main,Main numbers,3,13
mega645,00489,main,Main numbers,4,15
mega645,00489,main,Main numbers,5,26
mega645,00489,main,Main numbers,6,31
mega645,00490,main,Main numbers,1,6
mega645,00490,main,Main numbers,2,9
mega645,00490,main,Main numbers,3,11
mega645,00490,main,Main numbers,4,26
mega645,00490,main,Main numbers,5,28
mega645,00490,main,Main numbers,6,36
mega645,00491,main,Main numbers,1,21
mega645,00491,main,Main numbers,2,25
mega645,00491,main,Main numbers,3,29
mega645,00491,main,Main numbers,4,32
mega645,00491,main,Main numbers,5,34
mega645,00491,main,Main numbers,6,35
mega645,00492,main,Main numbers,1,2
mega645,00492,main,Main numbers,2,15
mega645,00492,main,Main numbers,3,17
mega645,00492,main,Main numbers,4,25
mega645,00492,main,Main numbers,5,30
mega645,00492,main,Main numbers,6,38
mega645,00493,main,Main numbers,1,8
mega645,00493,main,Main numbers,2,9
mega645,00493,main,Main numbers,3,28
mega645,00493,main,Main numbers,4,33
mega645,00493,main,Main numbers,5,35
mega645,00493,main,Main numbers,6,43
mega645,00494,main,Main numbers,1,3
mega645,00494,main,Main numbers,2,9
mega645,00494,main,Main numbers,3,13
mega645,00494,main,Main numbers,4,17
mega645,00494,main,Main numbers,5,19
mega645,00494,main,Main numbers,6,20
mega645,00495,main,Main numbers,1,7
mega645,00495,main,Main numbers,2,12
mega645,00495,main,Main numbers,3,24
mega645,00495,main,Main numbers,4,29
mega645,00495,main,Main numbers,5,31
mega645,00495,main,Main numbers,6,45
mega645,00496,main,Main numbers,1,3
mega645,00496,main,Main numbers,2,6
mega645,00496,main,Main numbers,3,21
mega645,00496,main,Main numbers,4,36
mega645,00496,main,Main numbers,5,38
mega645,00496,main,Main numbers,6,39
mega645,00497,main,Main numbers,1,9
mega645,00497,main,Main numbers,2,14
mega645,00497,main,Main numbers,3,22
mega645,00497,main,Main numbers,4,26
mega645,00497,main,Main numbers,5,44
mega645,00497,main,Main numbers,6,45
mega645,00498,main,Main numbers,1,6
mega645,00498,main,Main numbers,2,9
mega645,00498,main,Main numbers,3,11
mega645,00498,main,Main numbers,4,28
mega645,00498,main,Main numbers,5,37
mega645,00498,main,Main numbers,6,44
mega645,00499,main,Main numbers,1,2
mega645,00499,main,Main numbers,2,9
mega645,00499,main,Main numbers,3,12
mega645,00499,main,Main numbers,4,18
mega645,00499,main,Main numbers,5,21
mega645,00499,main,Main numbers,6,23
mega645,00500,main,Main numbers,1,2
mega645,00500,main,Main numbers,2,6
mega645,00500,main,Main numbers,3,7
mega645,00500,main,Main numbers,4,25
mega645,00500,main,Main numbers,5,28
mega645,00500,main,Main numbers,6,41
mega645,00501,main,Main numbers,1,2
mega645,00501,main,Main numbers,2,9
mega645,00501,main,Main numbers,3,24
mega645,00501,main,Main numbers,4,25
mega645,00501,main,Main numbers,5,30
mega645,00501,main,Main numbers,6,36
mega645,00502,main,Main numbers,1,1
mega645,00502,main,Main numbers,2,6
mega645,00502,main,Main numbers,3,17
mega645,00502,main,Main numbers,4,30
mega645,00502,main,Main numbers,5,44
mega645,00502,main,Main numbers,6,45
mega645,00503,main,Main numbers,1,3
mega645,00503,main,Main numbers,2,12
mega645,00503,main,Main numbers,3,21
mega645,00503,main,Main numbers,4,24
mega645,00503,main,Main numbers,5,28
mega645,00503,main,Main numbers,6,32
mega645,00504,main,Main numbers,1,6
mega645,00504,main,Main numbers,2,12
mega645,00504,main,Main numbers,3,14
mega645,00504,main,Main numbers,4,27
mega645,00504,main,Main numbers,5,28
mega645,00504,main,Main numbers,6,36
mega645,00505,main,Main numbers,1,6
mega645,00505,main,Main numbers,2,22
mega645,00505,main,Main numbers,3,28
mega645,00505,main,Main numbers,4,31
mega645,00505,main,Main numbers,5,37
mega645,00505,main,Main numbers,6,40
mega645,00506,main,Main numbers,1,1
mega645,00506,main,Main numbers,2,4
mega645,00506,main,Main numbers,3,23
mega645,00506,main,Main numbers,4,28
mega645,00506,main,Main numbers,5,41
mega645,00506,main,Main numbers,6,42
mega645,00507,main,Main numbers,1,4
mega645,00507,main,Main numbers,2,14
mega645,00507,main,Main numbers,3,15
mega645,00507,main,Main numbers,4,22
mega645,00507,main,Main numbers,5,28
mega645,00507,main,Main numbers,6,39
mega645,00508,main,Main numbers,1,1
mega645,00508,main,Main numbers,2,3
mega645,00508,main,Main numbers,3,8
mega645,00508,main,Main numbers,4,15
mega645,00508,main,Main numbers,5,38
mega645,00508,main,Main numbers,6,40
mega645,00509,main,Main numbers,1,2
mega645,00509,main,Main numbers,2,9
mega645,00509,main,Main numbers,3,21
mega645,00509,main,Main numbers,4,23
mega645,00509,main,Main numbers,5,32
mega645,00509,main,Main numbers,6,41
mega645,00510,main,Main numbers,1,4
mega645,00510,main,Main numbers,2,7
mega645,00510,main,Main numbers,3,9
mega645,00510,main,Main numbers,4,22
mega645,00510,main,Main numbers,5,32
mega645,00510,main,Main numbers,6,37
mega645,00511,main,Main numbers,1,1
mega645,00511,main,Main numbers,2,19
mega645,00511,main,Main numbers,3,29
mega645,00511,main,Main numbers,4,30
mega645,00511,main,Main numbers,5,40
mega645,00511,main,Main numbers,6,42
mega645,00512,main,Main numbers,1,2
mega645,00512,main,Main numbers,2,5
mega645,00512,main,Main numbers,3,8
mega645,00512,main,Main numbers,4,12
mega645,00512,main,Main numbers,5,29
mega645,00512,main,Main numbers,6,38
mega645,00513,main,Main numbers,1,6
mega645,00513,main,Main numbers,2,11
mega645,00513,main,Main numbers,3,20
mega645,00513,main,Main numbers,4,30
mega645,00513,main,Main numbers,5,37
mega645,00513,main,Main numbers,6,40
mega645,00514,main,Main numbers,1,28
mega645,00514,main,Main numbers,2,30
mega645,00514,main,Main numbers,3,32
mega645,00514,main,Main numbers,4,38
mega645,00514,main,Main numbers,5,44
mega645,00514,main,Main numbers,6,45
mega645,00515,main,Main numbers,1,3
mega645,00515,main,Main numbers,2,15
mega645,00515,main,Main numbers,3,22
mega645,00515,main,Main numbers,4,23
mega645,00515,main,Main numbers,5,38
mega645,00515,main,Main numbers,6,43
mega645,00516,main,Main numbers,1,4
mega645,00516,main,Main numbers,2,16
mega645,00516,main,Main numbers,3,19
mega645,00516,main,Main numbers,4,30
mega645,00516,main,Main numbers,5,32
mega645,00516,main,Main numbers,6,44
mega645,00517,main,Main numbers,1,4
mega645,00517,main,Main numbers,2,14
mega645,00517,main,Main numbers,3,21
mega645,00517,main,Main numbers,4,28
mega645,00517,main,Main numbers,5,32
mega645,00517,main,Main numbers,6,36
mega645,00518,main,Main numbers,1,17
mega645,00518,main,Main numbers,2,19
mega645,00518,main,Main numbers,3,24
mega645,00518,main,Main numbers,4,30
mega645,00518,main,Main numbers,5,31
mega645,00518,main,Main numbers,6,40
mega645,00519,main,Main numbers,1,2
mega645,00519,main,Main numbers,2,13
mega645,00519,main,Main numbers,3,27
mega645,00519,main,Main numbers,4,33
mega645,00519,main,Main numbers,5,40
mega645,00519,main,Main numbers,6,41
mega645,00520,main,Main numbers,1,6
mega645,00520,main,Main numbers,2,7
mega645,00520,main,Main numbers,3,14
mega645,00520,main,Main numbers,4,31
mega645,00520,main,Main numbers,5,39
mega645,00520,main,Main numbers,6,44
mega645,00521,main,Main numbers,1,10
mega645,00521,main,Main numbers,2,21
mega645,00521,main,Main numbers,3,22
mega645,00521,main,Main numbers,4,24
mega645,00521,main,Main numbers,5,43
mega645,00521,main,Main numbers,6,44
mega645,00522,main,Main numbers,1,1
mega645,00522,main,Main numbers,2,9
mega645,00522,main,Main numbers,3,10
mega645,00522,main,Main numbers,4,19
mega645,00522,main,Main numbers,5,30
mega645,00522,main,Main numbers,6,38
mega645,00523,main,Main numbers,1,5
mega645,00523,main,Main numbers,2,21
mega645,00523,main,Main numbers,3,24
mega645,00523,main,Main numbers,4,28
mega645,00523,main,Main numbers,5,29
mega645,00523,main,Main numbers,6,34
mega645,00524,main,Main numbers,1,3
mega645,00524,main,Main numbers,2,5
mega645,00524,main,Main numbers,3,13
mega645,00524,main,Main numbers,4,19
mega645,00524,main,Main numbers,5,20
mega645,00524,main,Main numbers,6,33
mega645,00525,main,Main numbers,1,14
mega645,00525,main,Main numbers,2,15
mega645,00525,main,Main numbers,3,16
mega645,00525,main,Main numbers,4,17
mega645,00525,main,Main numbers,5,19
mega645,00525,main,Main numbers,6,34
mega645,00526,main,Main numbers,1,3
mega645,00526,main,Main numbers,2,14
mega645,00526,main,Main numbers,3,16
mega645,00526,main,Main numbers,4,27
mega645,00526,main,Main numbers,5,31
mega645,00526,main,Main numbers,6,35
mega645,00527,main,Main numbers,1,16
mega645,00527,main,Main numbers,2,19
mega645,00527,main,Main numbers,3,24
mega645,00527,main,Main numbers,4,30
mega645,00527,main,Main numbers,5,32
mega645,00527,main,Main numbers,6,35
mega645,00528,main,Main numbers,1,2
mega645,00528,main,Main numbers,2,20
mega645,00528,main,Main numbers,3,26
mega645,00528,main,Main numbers,4,35
mega645,00528,main,Main numbers,5,43
mega645,00528,main,Main numbers,6,45
mega645,00529,main,Main numbers,1,12
mega645,00529,main,Main numbers,2,20
mega645,00529,main,Main numbers,3,30
mega645,00529,main,Main numbers,4,31
mega645,00529,main,Main numbers,5,34
mega645,00529,main,Main numbers,6,44
mega645,00530,main,Main numbers,1,1
mega645,00530,main,Main numbers,2,2
mega645,00530,main,Main numbers,3,8
mega645,00530,main,Main numbers,4,27
mega645,00530,main,Main numbers,5,29
mega645,00530,main,Main numbers,6,39
mega645,00531,main,Main numbers,1,2
mega645,00531,main,Main numbers,2,8
mega645,00531,main,Main numbers,3,9
mega645,00531,main,Main numbers,4,25
mega645,00531,main,Main numbers,5,26
mega645,00531,main,Main numbers,6,40
mega645,00532,main,Main numbers,1,3
mega645,00532,main,Main numbers,2,13
mega645,00532,main,Main numbers,3,15
mega645,00532,main,Main numbers,4,16
mega645,00532,main,Main numbers,5,22
mega645,00532,main,Main numbers,6,36
mega645,00533,main,Main numbers,1,8
mega645,00533,main,Main numbers,2,9
mega645,00533,main,Main numbers,3,12
mega645,00533,main,Main numbers,4,19
mega645,00533,main,Main numbers,5,22
mega645,00533,main,Main numbers,6,25
mega645,00534,main,Main numbers,1,1
mega645,00534,main,Main numbers,2,9
mega645,00534,main,Main numbers,3,16
mega645,00534,main,Main numbers,4,27
mega645,00534,main,Main numbers,5,38
mega645,00534,main,Main numbers,6,45
mega645,00535,main,Main numbers,1,9
mega645,00535,main,Main numbers,2,10
mega645,00535,main,Main numbers,3,11
mega645,00535,main,Main numbers,4,18
mega645,00535,main,Main numbers,5,22
mega645,00535,main,Main numbers,6,36
mega645,00536,main,Main numbers,1,10
mega645,00536,main,Main numbers,2,18
mega645,00536,main,Main numbers,3,25
mega645,00536,main,Main numbers,4,26
mega645,00536,main,Main numbers,5,36
mega645,00536,main,Main numbers,6,43
mega645,00537,main,Main numbers,1,2
mega645,00537,main,Main numbers,2,7
mega645,00537,main,Main numbers,3,10
mega645,00537,main,Main numbers,4,12
mega645,00537,main,Main numbers,5,33
mega645,00537,main,Main numbers,6,43
mega645,00538,main,Main numbers,1,7
mega645,00538,main,Main numbers,2,12
mega645,00538,main,Main numbers,3,21
mega645,00538,main,Main numbers,4,24
mega645,00538,main,Main numbers,5,35
mega645,00538,main,Main numbers,6,43
mega645,00539,main,Main numbers,1,8
mega645,00539,main,Main numbers,2,10
mega645,00539,main,Main numbers,3,23
mega645,00539,main,Main numbers,4,26
mega645,00539,main,Main numbers,5,37
mega645,00539,main,Main numbers,6,38
mega645,00540,main,Main numbers,1,1
mega645,00540,main,Main numbers,2,15
mega645,00540,main,Main numbers,3,17
mega645,00540,main,Main numbers,4,26
mega645,00540,main,Main numbers,5,32
mega645,00540,main,Main numbers,6,44
mega645,00541,main,Main numbers,1,5
mega645,00541,main,Main numbers,2,11
mega645,00541,main,Main numbers,3,12
mega645,00541,main,Main numbers,4,26
mega645,00541,main,Main numbers,5,44
mega645,00541,main,Main numbers,6,45
mega645,00542,main,Main numbers,1,2
mega645,00542,main,Main numbers,2,4
mega645,00542,main,Main numbers,3,10
mega645,00542,main,Main numbers,4,21
mega645,00542,main,Main numbers,5,25
mega645,00542,main,Main numbers,6,43
mega645,00543,main,Main numbers,1,10
mega645,00543,main,Main numbers,2,18
mega645,00543,main,Main numbers,3,24
mega645,00543,main,Main numbers,4,35
mega645,00543,main,Main numbers,5,41
mega645,00543,main,Main numbers,6,43
mega645,00544,main,Main numbers,1,7
mega645,00544,main,Main numbers,2,12
mega645,00544,main,Main numbers,3,17
mega645,00544,main,Main numbers,4,21
mega645,00544,main,Main numbers,5,35
mega645,00544,main,Main numbers,6,45
mega645,00545,main,Main numbers,1,2
mega645,00545,main,Main numbers,2,8
mega645,00545,main,Main numbers,3,19
mega645,00545,main,Main numbers,4,31
mega645,00545,main,Main numbers,5,38
mega645,00545,main,Main numbers,6,44
mega645,00546,main,Main numbers,1,8
mega645,00546,main,Main numbers,2,26
mega645,00546,main,Main numbers,3,28
mega645,00546,main,Main numbers,4,37
mega645,00546,main,Main numbers,5,40
mega645,00546,main,Main numbers,6,42
mega645,00547,main,Main numbers,1,1
mega645,00547,main,Main numbers,2,4
mega645,00547,main,Main numbers,3,19
mega645,00547,main,Main numbers,4,25
mega645,00547,main,Main numbers,5,35
mega645,00547,main,Main numbers,6,39
mega645,00548,main,Main numbers,1,1
mega645,00548,main,Main numbers,2,15
mega645,00548,main,Main numbers,3,16
mega645,00548,main,Main numbers,4,34
mega645,00548,main,Main numbers,5,36
mega645,00548,main,Main numbers,6,42
mega645,00549,main,Main numbers,1,4
mega645,00549,main,Main numbers,2,5
mega645,00549,main,Main numbers,3,9
mega645,00549,main,Main numbers,4,25
mega645,00549,main,Main numbers,5,33
mega645,00549,main,Main numbers,6,37
mega645,00550,main,Main numbers,1,3
mega645,00550,main,Main numbers,2,10
mega645,00550,main,Main numbers,3,16
mega645,00550,main,Main numbers,4,24
mega645,00550,main,Main numbers,5,39
mega645,00550,main,Main numbers,6,44
mega645,00551,main,Main numbers,1,8
mega645,00551,main,Main numbers,2,9
mega645,00551,main,Main numbers,3,20
mega645,00551,main,Main numbers,4,25
mega645,00551,main,Main numbers,5,30
mega645,00551,main,Main numbers,6,40
mega645,00552,main,Main numbers,1,1
mega645,00552,main,Main numbers,2,4
mega645,00552,main,Main numbers,3,16
mega645,00552,main,Main numbers,4,32
mega645,00552,main,Main numbers,5,35
mega645,00552,main,Main numbers,6,38
mega645,00553,main,Main numbers,1,9
mega645,00553,main,Main numbers,2,19
mega645,00553,main,Main numbers,3,24
mega645,00553,main,Main numbers,4,37
mega645,00553,main,Main numbers,5,38
mega645,00553,main,Main numbers,6,45
mega645,00554,main,Main numbers,1,6
mega645,00554,main,Main numbers,2,11
mega645,00554,main,Main numbers,3,15
mega645,00554,main,Main numbers,4,33
mega645,00554,main,Main numbers,5,40
mega645,00554,main,Main numbers,6,44
mega645,00555,main,Main numbers,1,1
mega645,00555,main,Main numbers,2,4
mega645,00555,main,Main numbers,3,18
mega645,00555,main,Main numbers,4,22
mega645,00555,main,Main numbers,5,26
mega645,00555,main,Main numbers,6,35
mega645,00556,main,Main numbers,1,5
mega645,00556,main,Main numbers,2,13
mega645,00556,main,Main numbers,3,16
mega645,00556,main,Main numbers,4,20
mega645,00556,main,Main numbers,5,24
mega645,00556,main,Main numbers,6,35
mega645,00557,main,Main numbers,1,4
mega645,00557,main,Main numbers,2,14
mega645,00557,main,Main numbers,3,24
mega645,00557,main,Main numbers,4,32
mega645,00557,main,Main numbers,5,36
mega645,00557,main,Main numbers,6,43
mega645,00558,main,Main numbers,1,1
mega645,00558,main,Main numbers,2,4
mega645,00558,main,Main numbers,3,14
mega645,00558,main,Main numbers,4,36
mega645,00558,main,Main numbers,5,37
mega645,00558,main,Main numbers,6,41
mega645,00559,main,Main numbers,1,1
mega645,00559,main,Main numbers,2,16
mega645,00559,main,Main numbers,3,23
mega645,00559,main,Main numbers,4,25
mega645,00559,main,Main numbers,5,30
mega645,00559,main,Main numbers,6,38
mega645,00560,main,Main numbers,1,13
mega645,00560,main,Main numbers,2,15
mega645,00560,main,Main numbers,3,22
mega645,00560,main,Main numbers,4,28
mega645,00560,main,Main numbers,5,29
mega645,00560,main,Main numbers,6,41
mega645,00561,main,Main numbers,1,1
mega645,00561,main,Main numbers,2,6
mega645,00561,main,Main numbers,3,16
mega645,00561,main,Main numbers,4,23
mega645,00561,main,Main numbers,5,34
mega645,00561,main,Main numbers,6,42
mega645,00562,main,Main numbers,1,2
mega645,00562,main,Main numbers,2,10
mega645,00562,main,Main numbers,3,12
mega645,00562,main,Main numbers,4,20
mega645,00562,main,Main numbers,5,24
mega645,00562,main,Main numbers,6,39
mega645,00563,main,Main numbers,1,2
mega645,00563,main,Main numbers,2,19
mega645,00563,main,Main numbers,3,23
mega645,00563,main,Main numbers,4,27
mega645,00563,main,Main numbers,5,29
mega645,00563,main,Main numbers,6,38
mega645,00564,main,Main numbers,1,1
mega645,00564,main,Main numbers,2,6
mega645,00564,main,Main numbers,3,7
mega645,00564,main,Main numbers,4,13
mega645,00564,main,Main numbers,5,26
mega645,00564,main,Main numbers,6,39
mega645,00565,main,Main numbers,1,1
mega645,00565,main,Main numbers,2,7
mega645,00565,main,Main numbers,3,17
mega645,00565,main,Main numbers,4,24
mega645,00565,main,Main numbers,5,35
mega645,00565,main,Main numbers,6,41
mega645,00566,main,Main numbers,1,6
mega645,00566,main,Main numbers,2,9
mega645,00566,main,Main numbers,3,10
mega645,00566,main,Main numbers,4,16
mega645,00566,main,Main numbers,5,26
mega645,00566,main,Main numbers,6,42
mega645,00567,main,Main numbers,1,3
mega645,00567,main,Main numbers,2,13
mega645,00567,main,Main numbers,3,17
mega645,00567,main,Main numbers,4,19
mega645,00567,main,Main numbers,5,21
mega645,00567,main,Main numbers,6,43
mega645,00568,main,Main numbers,1,12
mega645,00568,main,Main numbers,2,16
mega645,00568,main,Main numbers,3,29
mega645,00568,main,Main numbers,4,35
mega645,00568,main,Main numbers,5,37
mega645,00568,main,Main numbers,6,44
mega645,00569,main,Main numbers,1,8
mega645,00569,main,Main numbers,2,13
mega645,00569,main,Main numbers,3,20
mega645,00569,main,Main numbers,4,28
mega645,00569,main,Main numbers,5,35
mega645,00569,main,Main numbers,6,45
mega645,00570,main,Main numbers,1,4
mega645,00570,main,Main numbers,2,7
mega645,00570,main,Main numbers,3,11
mega645,00570,main,Main numbers,4,17
mega645,00570,main,Main numbers,5,19
mega645,00570,main,Main numbers,6,31
mega645,00571,main,Main numbers,1,6
mega645,00571,main,Main numbers,2,21
mega645,00571,main,Main numbers,3,30
mega645,00571,main,Main numbers,4,37
mega645,00571,main,Main numbers,5,38
mega645,00571,main,Main numbers,6,45
mega645,00572,main,Main numbers,1,8
mega645,00572,main,Main numbers,2,23
mega645,00572,main,Main numbers,3,29
mega645,00572,main,Main numbers,4,37
mega645,00572,main,Main numbers,5,39
mega645,00572,main,Main numbers,6,44
mega645,00573,main,Main numbers,1,2
mega645,00573,main,Main numbers,2,10
mega645,00573,main,Main numbers,3,19
mega645,00573,main,Main numbers,4,22
mega645,00573,main,Main numbers,5,24
mega645,00573,main,Main numbers,6,29
mega645,00574,main,Main numbers,1,26
mega645,00574,main,Main numbers,2,31
mega645,00574,main,Main numbers,3,33
mega645,00574,main,Main numbers,4,37
mega645,00574,main,Main numbers,5,38
mega645,00574,main,Main numbers,6,45
mega645,00575,main,Main numbers,1,1
mega645,00575,main,Main numbers,2,6
mega645,00575,main,Main numbers,3,10
mega645,00575,main,Main numbers,4,35
mega645,00575,main,Main numbers,5,36
mega645,00575,main,Main numbers,6,45
mega645,00576,main,Main numbers,1,7
mega645,00576,main,Main numbers,2,10
mega645,00576,main,Main numbers,3,23
mega645,00576,main,Main numbers,4,36
mega645,00576,main,Main numbers,5,39
mega645,00576,main,Main numbers,6,44
mega645,00577,main,Main numbers,1,10
mega645,00577,main,Main numbers,2,31
mega645,00577,main,Main numbers,3,37
mega645,00577,main,Main numbers,4,39
mega645,00577,main,Main numbers,5,40
mega645,00577,main,Main numbers,6,43
mega645,00578,main,Main numbers,1,5
mega645,00578,main,Main numbers,2,25
mega645,00578,main,Main numbers,3,30
mega645,00578,main,Main numbers,4,36
mega645,00578,main,Main numbers,5,37
mega645,00578,main,Main numbers,6,41
mega645,00579,main,Main numbers,1,1
mega645,00579,main,Main numbers,2,8
mega645,00579,main,Main numbers,3,11
mega645,00579,main,Main numbers,4,13
mega645,00579,main,Main numbers,5,15
mega645,00579,main,Main numbers,6,32
mega645,00580,main,Main numbers,1,6
mega645,00580,main,Main numbers,2,7
mega645,00580,main,Main numbers,3,16
mega645,00580,main,Main numbers,4,37
mega645,00580,main,Main numbers,5,40
mega645,00580,main,Main numbers,6,44
mega645,00581,main,Main numbers,1,5
mega645,00581,main,Main numbers,2,18
mega645,00581,main,Main numbers,3,29
mega645,00581,main,Main numbers,4,32
mega645,00581,main,Main numbers,5,38
mega645,00581,main,Main numbers,6,44
mega645,00582,main,Main numbers,1,3
mega645,00582,main,Main numbers,2,18
mega645,00582,main,Main numbers,3,25
mega645,00582,main,Main numbers,4,29
mega645,00582,main,Main numbers,5,30
mega645,00582,main,Main numbers,6,44
mega645,00583,main,Main numbers,1,1
mega645,00583,main,Main numbers,2,3
mega645,00583,main,Main numbers,3,7
mega645,00583,main,Main numbers,4,12
mega645,00583,main,Main numbers,5,22
mega645,00583,main,Main numbers,6,25
mega645,00584,main,Main numbers,1,7
mega645,00584,main,Main numbers,2,9
mega645,00584,main,Main numbers,3,23
mega645,00584,main,Main numbers,4,32
mega645,00584,main,Main numbers,5,33
mega645,00584,main,Main numbers,6,37
mega645,00585,main,Main numbers,1,6
mega645,00585,main,Main numbers,2,20
mega645,00585,main,Main numbers,3,21
mega645,00585,main,Main numbers,4,35
mega645,00585,main,Main numbers,5,40
mega645,00585,main,Main numbers,6,45
mega645,00586,main,Main numbers,1,3
mega645,00586,main,Main numbers,2,12
mega645,00586,main,Main numbers,3,13
mega645,00586,main,Main numbers,4,28
mega645,00586,main,Main numbers,5,33
mega645,00586,main,Main numbers,6,36
mega645,00587,main,Main numbers,1,2
mega645,00587,main,Main numbers,2,4
mega645,00587,main,Main numbers,3,21
mega645,00587,main,Main numbers,4,30
mega645,00587,main,Main numbers,5,33
mega645,00587,main,Main numbers,6,37
mega645,00588,main,Main numbers,1,1
mega645,00588,main,Main numbers,2,8
mega645,00588,main,Main numbers,3,15
mega645,00588,main,Main numbers,4,23
mega645,00588,main,Main numbers,5,25
mega645,00588,main,Main numbers,6,39
mega645,00589,main,Main numbers,1,3
mega645,00589,main,Main numbers,2,8
mega645,00589,main,Main numbers,3,19
mega645,00589,main,Main numbers,4,28
mega645,00589,main,Main numbers,5,35
mega645,00589,main,Main numbers,6,41
mega645,00590,main,Main numbers,1,1
mega645,00590,main,Main numbers,2,29
mega645,00590,main,Main numbers,3,30
mega645,00590,main,Main numbers,4,32
mega645,00590,main,Main numbers,5,34
mega645,00590,main,Main numbers,6,35
mega645,00591,main,Main numbers,1,6
mega645,00591,main,Main numbers,2,15
mega645,00591,main,Main numbers,3,29
mega645,00591,main,Main numbers,4,30
mega645,00591,main,Main numbers,5,37
mega645,00591,main,Main numbers,6,42
mega645,00592,main,Main numbers,1,4
mega645,00592,main,Main numbers,2,10
mega645,00592,main,Main numbers,3,23
mega645,00592,main,Main numbers,4,26
mega645,00592,main,Main numbers,5,35
mega645,00592,main,Main numbers,6,37
mega645,00593,main,Main numbers,1,1
mega645,00593,main,Main numbers,2,6
mega645,00593,main,Main numbers,3,13
mega645,00593,main,Main numbers,4,27
mega645,00593,main,Main numbers,5,35
mega645,00593,main,Main numbers,6,40
mega645,00594,main,Main numbers,1,1
mega645,00594,main,Main numbers,2,15
mega645,00594,main,Main numbers,3,17
mega645,00594,main,Main numbers,4,19
mega645,00594,main,Main numbers,5,40
mega645,00594,main,Main numbers,6,43
mega645,00595,main,Main numbers,1,10
mega645,00595,main,Main numbers,2,13
mega645,00595,main,Main numbers,3,22
mega645,00595,main,Main numbers,4,28
mega645,00595,main,Main numbers,5,38
mega645,00595,main,Main numbers,6,43
mega645,00596,main,Main numbers,1,6
mega645,00596,main,Main numbers,2,7
mega645,00596,main,Main numbers,3,11
mega645,00596,main,Main numbers,4,16
mega645,00596,main,Main numbers,5,23
mega645,00596,main,Main numbers,6,44
mega645,00597,main,Main numbers,1,2
mega645,00597,main,Main numbers,2,11
mega645,00597,main,Main numbers,3,23
mega645,00597,main,Main numbers,4,25
mega645,00597,main,Main numbers,5,26
mega645,00597,main,Main numbers,6,35
mega645,00598,main,Main numbers,1,5
mega645,00598,main,Main numbers,2,16
mega645,00598,main,Main numbers,3,22
mega645,00598,main,Main numbers,4,27
mega645,00598,main,Main numbers,5,30
mega645,00598,main,Main numbers,6,31
mega645,00599,main,Main numbers,1,19
mega645,00599,main,Main numbers,2,22
mega645,00599,main,Main numbers,3,24
mega645,00599,main,Main numbers,4,41
mega645,00599,main,Main numbers,5,44
mega645,00599,main,Main numbers,6,45
mega645,00600,main,Main numbers,1,7
mega645,00600,main,Main numbers,2,16
mega645,00600,main,Main numbers,3,28
mega645,00600,main,Main numbers,4,33
mega645,00600,main,Main numbers,5,34
mega645,00600,main,Main numbers,6,45
mega645,00601,main,Main numbers,1,4
mega645,00601,main,Main numbers,2,12
mega645,00601,main,Main numbers,3,17
mega645,00601,main,Main numbers,4,19
mega645,00601,main,Main numbers,5,32
mega645,00601,main,Main numbers,6,45
mega645,00602,main,Main numbers,1,7
mega645,00602,main,Main numbers,2,9
mega645,00602,main,Main numbers,3,13
mega645,00602,main,Main numbers,4,33
mega645,00602,main,Main numbers,5,40
mega645,00602,main,Main numbers,6,44
mega645,00603,main,Main numbers,1,7
mega645,00603,main,Main numbers,2,17
mega645,00603,main,Main numbers,3,18
mega645,00603,main,Main numbers,4,32
mega645,00603,main,Main numbers,5,39
mega645,00603,main,Main numbers,6,40
mega645,00604,main,Main numbers,1,9
mega645,00604,main,Main numbers,2,23
mega645,00604,main,Main numbers,3,27
mega645,00604,main,Main numbers,4,30
mega645,00604,main,Main numbers,5,38
mega645,00604,main,Main numbers,6,41
mega645,00605,main,Main numbers,1,4
mega645,00605,main,Main numbers,2,15
mega645,00605,main,Main numbers,3,24
mega645,00605,main,Main numbers,4,36
mega645,00605,main,Main numbers,5,37
mega645,00605,main,Main numbers,6,41
mega645,00606,main,Main numbers,1,10
mega645,00606,main,Main numbers,2,13
mega645,00606,main,Main numbers,3,14
mega645,00606,main,Main numbers,4,26
mega645,00606,main,Main numbers,5,32
mega645,00606,main,Main numbers,6,33
mega645,00607,main,Main numbers,1,4
mega645,00607,main,Main numbers,2,5
mega645,00607,main,Main numbers,3,17
mega645,00607,main,Main numbers,4,18
mega645,00607,main,Main numbers,5,22
mega645,00607,main,Main numbers,6,36
mega645,00608,main,Main numbers,1,5
mega645,00608,main,Main numbers,2,8
mega645,00608,main,Main numbers,3,10
mega645,00608,main,Main numbers,4,17
mega645,00608,main,Main numbers,5,22
mega645,00608,main,Main numbers,6,31
mega645,00609,main,Main numbers,1,14
mega645,00609,main,Main numbers,2,15
mega645,00609,main,Main numbers,3,17
mega645,00609,main,Main numbers,4,21
mega645,00609,main,Main numbers,5,31
mega645,00609,main,Main numbers,6,38
mega645,00610,main,Main numbers,1,18
mega645,00610,main,Main numbers,2,20
mega645,00610,main,Main numbers,3,22
mega645,00610,main,Main numbers,4,33
mega645,00610,main,Main numbers,5,35
mega645,00610,main,Main numbers,6,39
mega645,00611,main,Main numbers,1,2
mega645,00611,main,Main numbers,2,15
mega645,00611,main,Main numbers,3,21
mega645,00611,main,Main numbers,4,27
mega645,00611,main,Main numbers,5,31
mega645,00611,main,Main numbers,6,35
mega645,00612,main,Main numbers,1,10
mega645,00612,main,Main numbers,2,11
mega645,00612,main,Main numbers,3,18
mega645,00612,main,Main numbers,4,19
mega645,00612,main,Main numbers,5,20
mega645,00612,main,Main numbers,6,45
mega645,00613,main,Main numbers,1,4
mega645,00613,main,Main numbers,2,10
mega645,00613,main,Main numbers,3,18
mega645,00613,main,Main numbers,4,20
mega645,00613,main,Main numbers,5,32
mega645,00613,main,Main numbers,6,45
mega645,00614,main,Main numbers,1,1
mega645,00614,main,Main numbers,2,13
mega645,00614,main,Main numbers,3,14
mega645,00614,main,Main numbers,4,19
mega645,00614,main,Main numbers,5,42
mega645,00614,main,Main numbers,6,45
mega645,00615,main,Main numbers,1,9
mega645,00615,main,Main numbers,2,13
mega645,00615,main,Main numbers,3,18
mega645,00615,main,Main numbers,4,24
mega645,00615,main,Main numbers,5,26
mega645,00615,main,Main numbers,6,42
mega645,00616,main,Main numbers,1,4
mega645,00616,main,Main numbers,2,25
mega645,00616,main,Main numbers,3,31
mega645,00616,main,Main numbers,4,35
mega645,00616,main,Main numbers,5,39
mega645,00616,main,Main numbers,6,41
mega645,00617,main,Main numbers,1,5
mega645,00617,main,Main numbers,2,15
mega645,00617,main,Main numbers,3,21
mega645,00617,main,Main numbers,4,39
mega645,00617,main,Main numbers,5,43
mega645,00617,main,Main numbers,6,45
mega645,00618,main,Main numbers,1,6
mega645,00618,main,Main numbers,2,14
mega645,00618,main,Main numbers,3,26
mega645,00618,main,Main numbers,4,41
mega645,00618,main,Main numbers,5,42
mega645,00618,main,Main numbers,6,43
mega645,00619,main,Main numbers,1,4
mega645,00619,main,Main numbers,2,9
mega645,00619,main,Main numbers,3,19
mega645,00619,main,Main numbers,4,29
mega645,00619,main,Main numbers,5,36
mega645,00619,main,Main numbers,6,41
mega645,00620,main,Main numbers,1,6
mega645,00620,main,Main numbers,2,9
mega645,00620,main,Main numbers,3,12
mega645,00620,main,Main numbers,4,17
mega645,00620,main,Main numbers,5,41
mega645,00620,main,Main numbers,6,42
mega645,00621,main,Main numbers,1,14
mega645,00621,main,Main numbers,2,18
mega645,00621,main,Main numbers,3,19
mega645,00621,main,Main numbers,4,32
mega645,00621,main,Main numbers,5,33
mega645,00621,main,Main numbers,6,38
mega645,00622,main,Main numbers,1,17
mega645,00622,main,Main numbers,2,26
mega645,00622,main,Main numbers,3,35
mega645,00622,main,Main numbers,4,40
mega645,00622,main,Main numbers,5,43
mega645,00622,main,Main numbers,6,44
mega645,00623,main,Main numbers,1,11
mega645,00623,main,Main numbers,2,13
mega645,00623,main,Main numbers,3,14
mega645,00623,main,Main numbers,4,43
mega645,00623,main,Main numbers,5,44
mega645,00623,main,Main numbers,6,45
mega645,00624,main,Main numbers,1,7
mega645,00624,main,Main numbers,2,21
mega645,00624,main,Main numbers,3,34
mega645,00624,main,Main numbers,4,38
mega645,00624,main,Main numbers,5,43
mega645,00624,main,Main numbers,6,44
mega645,00625,main,Main numbers,1,9
mega645,00625,main,Main numbers,2,18
mega645,00625,main,Main numbers,3,21
mega645,00625,main,Main numbers,4,24
mega645,00625,main,Main numbers,5,34
mega645,00625,main,Main numbers,6,41
mega645,00626,main,Main numbers,1,2
mega645,00626,main,Main numbers,2,5
mega645,00626,main,Main numbers,3,6
mega645,00626,main,Main numbers,4,20
mega645,00626,main,Main numbers,5,33
mega645,00626,main,Main numbers,6,39
mega645,00627,main,Main numbers,1,7
mega645,00627,main,Main numbers,2,20
mega645,00627,main,Main numbers,3,36
mega645,00627,main,Main numbers,4,37
mega645,00627,main,Main numbers,5,43
mega645,00627,main,Main numbers,6,45
mega645,00628,main,Main numbers,1,7
mega645,00628,main,Main numbers,2,8
mega645,00628,main,Main numbers,3,26
mega645,00628,main,Main numbers,4,30
mega645,00628,main,Main numbers,5,37
mega645,00628,main,Main numbers,6,43
mega645,00629,main,Main numbers,1,10
mega645,00629,main,Main numbers,2,14
mega645,00629,main,Main numbers,3,19
mega645,00629,main,Main numbers,4,25
mega645,00629,main,Main numbers,5,36
mega645,00629,main,Main numbers,6,39
mega645,00630,main,Main numbers,1,2
mega645,00630,main,Main numbers,2,18
mega645,00630,main,Main numbers,3,24
mega645,00630,main,Main numbers,4,28
mega645,00630,main,Main numbers,5,35
mega645,00630,main,Main numbers,6,42
mega645,00631,main,Main numbers,1,10
mega645,00631,main,Main numbers,2,11
mega645,00631,main,Main numbers,3,14
mega645,00631,main,Main numbers,4,23
mega645,00631,main,Main numbers,5,27
mega645,00631,main,Main numbers,6,37
mega645,00632,main,Main numbers,1,6
mega645,00632,main,Main numbers,2,8
mega645,00632,main,Main numbers,3,18
mega645,00632,main,Main numbers,4,19
mega645,00632,main,Main numbers,5,29
mega645,00632,main,Main numbers,6,33
mega645,00633,main,Main numbers,1,8
mega645,00633,main,Main numbers,2,10
mega645,00633,main,Main numbers,3,14
mega645,00633,main,Main numbers,4,16
mega645,00633,main,Main numbers,5,18
mega645,00633,main,Main numbers,6,24
mega645,00634,main,Main numbers,1,7
mega645,00634,main,Main numbers,2,16
mega645,00634,main,Main numbers,3,20
mega645,00634,main,Main numbers,4,30
mega645,00634,main,Main numbers,5,40
mega645,00634,main,Main numbers,6,41
mega645,00635,main,Main numbers,1,1
mega645,00635,main,Main numbers,2,6
mega645,00635,main,Main numbers,3,19
mega645,00635,main,Main numbers,4,29
mega645,00635,main,Main numbers,5,31
mega645,00635,main,Main numbers,6,44
mega645,00636,main,Main numbers,1,19
mega645,00636,main,Main numbers,2,21
mega645,00636,main,Main numbers,3,34
mega645,00636,main,Main numbers,4,35
mega645,00636,main,Main numbers,5,36
mega645,00636,main,Main numbers,6,39
mega645,00637,main,Main numbers,1,4
mega645,00637,main,Main numbers,2,11
mega645,00637,main,Main numbers,3,13
mega645,00637,main,Main numbers,4,16
mega645,00637,main,Main numbers,5,17
mega645,00637,main,Main numbers,6,33
mega645,00638,main,Main numbers,1,20
mega645,00638,main,Main numbers,2,23
mega645,00638,main,Main numbers,3,28
mega645,00638,main,Main numbers,4,37
mega645,00638,main,Main numbers,5,40
mega645,00638,main,Main numbers,6,44
mega645,00639,main,Main numbers,1,5
mega645,00639,main,Main numbers,2,20
mega645,00639,main,Main numbers,3,29
mega645,00639,main,Main numbers,4,30
mega645,00639,main,Main numbers,5,38
mega645,00639,main,Main numbers,6,40
mega645,00640,main,Main numbers,1,10
mega645,00640,main,Main numbers,2,19
mega645,00640,main,Main numbers,3,21
mega645,00640,main,Main numbers,4,23
mega645,00640,main,Main numbers,5,27
mega645,00640,main,Main numbers,6,33
mega645,00641,main,Main numbers,1,5
mega645,00641,main,Main numbers,2,7
mega645,00641,main,Main numbers,3,9
mega645,00641,main,Main numbers,4,13
mega645,00641,main,Main numbers,5,15
mega645,00641,main,Main numbers,6,16
mega645,00642,main,Main numbers,1,2
mega645,00642,main,Main numbers,2,8
mega645,00642,main,Main numbers,3,17
mega645,00642,main,Main numbers,4,23
mega645,00642,main,Main numbers,5,30
mega645,00642,main,Main numbers,6,41
mega645,00643,main,Main numbers,1,14
mega645,00643,main,Main numbers,2,20
mega645,00643,main,Main numbers,3,22
mega645,00643,main,Main numbers,4,35
mega645,00643,main,Main numbers,5,44
mega645,00643,main,Main numbers,6,45
mega645,00644,main,Main numbers,1,1
mega645,00644,main,Main numbers,2,12
mega645,00644,main,Main numbers,3,26
mega645,00644,main,Main numbers,4,31
mega645,00644,main,Main numbers,5,37
mega645,00644,main,Main numbers,6,38
mega645,00645,main,Main numbers,1,2
mega645,00645,main,Main numbers,2,5
mega645,00645,main,Main numbers,3,31
mega645,00645,main,Main numbers,4,32
mega645,00645,main,Main numbers,5,42
mega645,00645,main,Main numbers,6,44
mega645,00646,main,Main numbers,1,9
mega645,00646,main,Main numbers,2,11
mega645,00646,main,Main numbers,3,21
mega645,00646,main,Main numbers,4,31
mega645,00646,main,Main numbers,5,32
mega645,00646,main,Main numbers,6,37
mega645,00647,main,Main numbers,1,9
mega645,00647,main,Main numbers,2,16
mega645,00647,main,Main numbers,3,19
mega645,00647,main,Main numbers,4,25
mega645,00647,main,Main numbers,5,26
mega645,00647,main,Main numbers,6,39
mega645,00648,main,Main numbers,1,13
mega645,00648,main,Main numbers,2,15
mega645,00648,main,Main numbers,3,25
mega645,00648,main,Main numbers,4,26
mega645,00648,main,Main numbers,5,28
mega645,00648,main,Main numbers,6,34
mega645,00649,main,Main numbers,1,15
mega645,00649,main,Main numbers,2,19
mega645,00649,main,Main numbers,3,23
mega645,00649,main,Main numbers,4,30
mega645,00649,main,Main numbers,5,33
mega645,00649,main,Main numbers,6,39
mega645,00650,main,Main numbers,1,12
mega645,00650,main,Main numbers,2,18
mega645,00650,main,Main numbers,3,28
mega645,00650,main,Main numbers,4,31
mega645,00650,main,Main numbers,5,40
mega645,00650,main,Main numbers,6,45
mega645,00651,main,Main numbers,1,4
mega645,00651,main,Main numbers,2,7
mega645,00651,main,Main numbers,3,23
mega645,00651,main,Main numbers,4,32
mega645,00651,main,Main numbers,5,43
mega645,00651,main,Main numbers,6,44
mega645,00652,main,Main numbers,1,4
mega645,00652,main,Main numbers,2,14
mega645,00652,main,Main numbers,3,16
mega645,00652,main,Main numbers,4,23
mega645,00652,main,Main numbers,5,24
mega645,00652,main,Main numbers,6,27
mega645,00653,main,Main numbers,1,1
mega645,00653,main,Main numbers,2,14
mega645,00653,main,Main numbers,3,25
mega645,00653,main,Main numbers,4,26
mega645,00653,main,Main numbers,5,30
mega645,00653,main,Main numbers,6,40
mega645,00654,main,Main numbers,1,4
mega645,00654,main,Main numbers,2,11
mega645,00654,main,Main numbers,3,26
mega645,00654,main,Main numbers,4,36
mega645,00654,main,Main numbers,5,38
mega645,00654,main,Main numbers,6,41
mega645,00655,main,Main numbers,1,5
mega645,00655,main,Main numbers,2,10
mega645,00655,main,Main numbers,3,16
mega645,00655,main,Main numbers,4,23
mega645,00655,main,Main numbers,5,34
mega645,00655,main,Main numbers,6,45
mega645,00656,main,Main numbers,1,11
mega645,00656,main,Main numbers,2,19
mega645,00656,main,Main numbers,3,30
mega645,00656,main,Main numbers,4,38
mega645,00656,main,Main numbers,5,41
mega645,00656,main,Main numbers,6,45
mega645,00657,main,Main numbers,1,1
mega645,00657,main,Main numbers,2,4
mega645,00657,main,Main numbers,3,7
mega645,00657,main,Main numbers,4,15
mega645,00657,main,Main numbers,5,35
mega645,00657,main,Main numbers,6,45
mega645,00658,main,Main numbers,1,4
mega645,00658,main,Main numbers,2,5
mega645,00658,main,Main numbers,3,14
mega645,00658,main,Main numbers,4,18
mega645,00658,main,Main numbers,5,23
mega645,00658,main,Main numbers,6,43
mega645,00659,main,Main numbers,1,6
mega645,00659,main,Main numbers,2,21
mega645,00659,main,Main numbers,3,27
mega645,00659,main,Main numbers,4,30
mega645,00659,main,Main numbers,5,32
mega645,00659,main,Main numbers,6,44
mega645,00660,main,Main numbers,1,3
mega645,00660,main,Main numbers,2,8
mega645,00660,main,Main numbers,3,11
mega645,00660,main,Main numbers,4,13
mega645,00660,main,Main numbers,5,26
mega645,00660,main,Main numbers,6,38
mega645,00661,main,Main numbers,1,19
mega645,00661,main,Main numbers,2,24
mega645,00661,main,Main numbers,3,30
mega645,00661,main,Main numbers,4,32
mega645,00661,main,Main numbers,5,36
mega645,00661,main,Main numbers,6,37
mega645,00662,main,Main numbers,1,3
mega645,00662,main,Main numbers,2,12
mega645,00662,main,Main numbers,3,14
mega645,00662,main,Main numbers,4,16
mega645,00662,main,Main numbers,5,23
mega645,00662,main,Main numbers,6,33
mega645,00663,main,Main numbers,1,4
mega645,00663,main,Main numbers,2,10
mega645,00663,main,Main numbers,3,12
mega645,00663,main,Main numbers,4,17
mega645,00663,main,Main numbers,5,20
mega645,00663,main,Main numbers,6,35
mega645,00664,main,Main numbers,1,8
mega645,00664,main,Main numbers,2,22
mega645,00664,main,Main numbers,3,23
mega645,00664,main,Main numbers,4,33
mega645,00664,main,Main numbers,5,34
mega645,00664,main,Main numbers,6,36
mega645,00665,main,Main numbers,1,14
mega645,00665,main,Main numbers,2,16
mega645,00665,main,Main numbers,3,21
mega645,00665,main,Main numbers,4,29
mega645,00665,main,Main numbers,5,40
mega645,00665,main,Main numbers,6,41
mega645,00666,main,Main numbers,1,18
mega645,00666,main,Main numbers,2,19
mega645,00666,main,Main numbers,3,21
mega645,00666,main,Main numbers,4,31
mega645,00666,main,Main numbers,5,39
mega645,00666,main,Main numbers,6,44
mega645,00667,main,Main numbers,1,2
mega645,00667,main,Main numbers,2,17
mega645,00667,main,Main numbers,3,24
mega645,00667,main,Main numbers,4,29
mega645,00667,main,Main numbers,5,31
mega645,00667,main,Main numbers,6,37
mega645,00668,main,Main numbers,1,9
mega645,00668,main,Main numbers,2,16
mega645,00668,main,Main numbers,3,17
mega645,00668,main,Main numbers,4,24
mega645,00668,main,Main numbers,5,32
mega645,00668,main,Main numbers,6,40
mega645,00669,main,Main numbers,1,1
mega645,00669,main,Main numbers,2,5
mega645,00669,main,Main numbers,3,7
mega645,00669,main,Main numbers,4,8
mega645,00669,main,Main numbers,5,25
mega645,00669,main,Main numbers,6,40
mega645,00670,main,Main numbers,1,1
mega645,00670,main,Main numbers,2,9
mega645,00670,main,Main numbers,3,12
mega645,00670,main,Main numbers,4,13
mega645,00670,main,Main numbers,5,37
mega645,00670,main,Main numbers,6,43
mega645,00671,main,Main numbers,1,6
mega645,00671,main,Main numbers,2,7
mega645,00671,main,Main numbers,3,14
mega645,00671,main,Main numbers,4,18
mega645,00671,main,Main numbers,5,37
mega645,00671,main,Main numbers,6,43
mega645,00672,main,Main numbers,1,4
mega645,00672,main,Main numbers,2,5
mega645,00672,main,Main numbers,3,7
mega645,00672,main,Main numbers,4,10
mega645,00672,main,Main numbers,5,25
mega645,00672,main,Main numbers,6,39
mega645,00673,main,Main numbers,1,3
mega645,00673,main,Main numbers,2,5
mega645,00673,main,Main numbers,3,33
mega645,00673,main,Main numbers,4,37
mega645,00673,main,Main numbers,5,41
mega645,00673,main,Main numbers,6,43
mega645,00674,main,Main numbers,1,11
mega645,00674,main,Main numbers,2,21
mega645,00674,main,Main numbers,3,24
mega645,00674,main,Main numbers,4,27
mega645,00674,main,Main numbers,5,29
mega645,00674,main,Main numbers,6,37
mega645,00675,main,Main numbers,1,16
mega645,00675,main,Main numbers,2,24
mega645,00675,main,Main numbers,3,27
mega645,00675,main,Main numbers,4,31
mega645,00675,main,Main numbers,5,36
mega645,00675,main,Main numbers,6,43
mega645,00676,main,Main numbers,1,23
mega645,00676,main,Main numbers,2,24
mega645,00676,main,Main numbers,3,25
mega645,00676,main,Main numbers,4,35
mega645,00676,main,Main numbers,5,37
mega645,00676,main,Main numbers,6,39
mega645,00677,main,Main numbers,1,10
mega645,00677,main,Main numbers,2,12
mega645,00677,main,Main numbers,3,20
mega645,00677,main,Main numbers,4,36
mega645,00677,main,Main numbers,5,41
mega645,00677,main,Main numbers,6,44
mega645,00678,main,Main numbers,1,10
mega645,00678,main,Main numbers,2,11
mega645,00678,main,Main numbers,3,22
mega645,00678,main,Main numbers,4,27
mega645,00678,main,Main numbers,5,36
mega645,00678,main,Main numbers,6,41
mega645,00679,main,Main numbers,1,4
mega645,00679,main,Main numbers,2,9
mega645,00679,main,Main numbers,3,14
mega645,00679,main,Main numbers,4,23
mega645,00679,main,Main numbers,5,32
mega645,00679,main,Main numbers,6,38
mega645,00680,main,Main numbers,1,15
mega645,00680,main,Main numbers,2,18
mega645,00680,main,Main numbers,3,28
mega645,00680,main,Main numbers,4,30
mega645,00680,main,Main numbers,5,34
mega645,00680,main,Main numbers,6,44
mega645,00681,main,Main numbers,1,7
mega645,00681,main,Main numbers,2,11
mega645,00681,main,Main numbers,3,17
mega645,00681,main,Main numbers,4,31
mega645,00681,main,Main numbers,5,35
mega645,00681,main,Main numbers,6,40
mega645,00682,main,Main numbers,1,6
mega645,00682,main,Main numbers,2,12
mega645,00682,main,Main numbers,3,15
mega645,00682,main,Main numbers,4,22
mega645,00682,main,Main numbers,5,33
mega645,00682,main,Main numbers,6,39
mega645,00683,main,Main numbers,1,3
mega645,00683,main,Main numbers,2,11
mega645,00683,main,Main numbers,3,17
mega645,00683,main,Main numbers,4,19
mega645,00683,main,Main numbers,5,34
mega645,00683,main,Main numbers,6,39
mega645,00684,main,Main numbers,1,1
mega645,00684,main,Main numbers,2,13
mega645,00684,main,Main numbers,3,20
mega645,00684,main,Main numbers,4,26
mega645,00684,main,Main numbers,5,35
mega645,00684,main,Main numbers,6,37
mega645,00685,main,Main numbers,1,10
mega645,00685,main,Main numbers,2,16
mega645,00685,main,Main numbers,3,24
mega645,00685,main,Main numbers,4,26
mega645,00685,main,Main numbers,5,30
mega645,00685,main,Main numbers,6,32
mega645,00686,main,Main numbers,1,4
mega645,00686,main,Main numbers,2,31
mega645,00686,main,Main numbers,3,34
mega645,00686,main,Main numbers,4,36
mega645,00686,main,Main numbers,5,40
mega645,00686,main,Main numbers,6,43
mega645,00687,main,Main numbers,1,22
mega645,00687,main,Main numbers,2,27
mega645,00687,main,Main numbers,3,30
mega645,00687,main,Main numbers,4,35
mega645,00687,main,Main numbers,5,40
mega645,00687,main,Main numbers,6,45
mega645,00688,main,Main numbers,1,8
mega645,00688,main,Main numbers,2,19
mega645,00688,main,Main numbers,3,22
mega645,00688,main,Main numbers,4,25
mega645,00688,main,Main numbers,5,32
mega645,00688,main,Main numbers,6,35
mega645,00689,main,Main numbers,1,10
mega645,00689,main,Main numbers,2,11
mega645,00689,main,Main numbers,3,22
mega645,00689,main,Main numbers,4,32
mega645,00689,main,Main numbers,5,38
mega645,00689,main,Main numbers,6,43
mega645,00690,main,Main numbers,1,19
mega645,00690,main,Main numbers,2,20
mega645,00690,main,Main numbers,3,21
mega645,00690,main,Main numbers,4,28
mega645,00690,main,Main numbers,5,33
mega645,00690,main,Main numbers,6,41
mega645,00691,main,Main numbers,1,4
mega645,00691,main,Main numbers,2,6
mega645,00691,main,Main numbers,3,10
mega645,00691,main,Main numbers,4,13
mega645,00691,main,Main numbers,5,26
mega645,00691,main,Main numbers,6,43
mega645,00692,main,Main numbers,1,4
mega645,00692,main,Main numbers,2,5
mega645,00692,main,Main numbers,3,32
mega645,00692,main,Main numbers,4,39
mega645,00692,main,Main numbers,5,40
mega645,00692,main,Main numbers,6,42
mega645,00693,main,Main numbers,1,7
mega645,00693,main,Main numbers,2,20
mega645,00693,main,Main numbers,3,29
mega645,00693,main,Main numbers,4,30
mega645,00693,main,Main numbers,5,40
mega645,00693,main,Main numbers,6,45
mega645,00694,main,Main numbers,1,1
mega645,00694,main,Main numbers,2,6
mega645,00694,main,Main numbers,3,7
mega645,00694,main,Main numbers,4,20
mega645,00694,main,Main numbers,5,28
mega645,00694,main,Main numbers,6,43
mega645,00695,main,Main numbers,1,8
mega645,00695,main,Main numbers,2,9
mega645,00695,main,Main numbers,3,23
mega645,00695,main,Main numbers,4,25
mega645,00695,main,Main numbers,5,31
mega645,00695,main,Main numbers,6,32
mega645,00696,main,Main numbers,1,1
mega645,00696,main,Main numbers,2,7
mega645,00696,main,Main numbers,3,11
mega645,00696,main,Main numbers,4,28
mega645,00696,main,Main numbers,5,41
mega645,00696,main,Main numbers,6,44
mega645,00697,main,Main numbers,1,6
mega645,00697,main,Main numbers,2,7
mega645,00697,main,Main numbers,3,8
mega645,00697,main,Main numbers,4,29
mega645,00697,main,Main numbers,5,35
mega645,00697,main,Main numbers,6,39
mega645,00698,main,Main numbers,1,4
mega645,00698,main,Main numbers,2,6
mega645,00698,main,Main numbers,3,7
mega645,00698,main,Main numbers,4,11
mega645,00698,main,Main numbers,5,34
mega645,00698,main,Main numbers,6,41
mega645,00699,main,Main numbers,1,7
mega645,00699,main,Main numbers,2,9
mega645,00699,main,Main numbers,3,14
mega645,00699,main,Main numbers,4,23
mega645,00699,main,Main numbers,5,35
mega645,00699,main,Main numbers,6,41
mega645,00700,main,Main numbers,1,2
mega645,00700,main,Main numbers,2,8
mega645,00700,main,Main numbers,3,31
mega645,00700,main,Main numbers,4,32
mega645,00700,main,Main numbers,5,42
mega645,00700,main,Main numbers,6,44
mega645,00701,main,Main numbers,1,1
mega645,00701,main,Main numbers,2,4
mega645,00701,main,Main numbers,3,7
mega645,00701,main,Main numbers,4,15
mega645,00701,main,Main numbers,5,41
mega645,00701,main,Main numbers,6,42
mega645,00702,main,Main numbers,1,8
mega645,00702,main,Main numbers,2,13
mega645,00702,main,Main numbers,3,18
mega645,00702,main,Main numbers,4,19
mega645,00702,main,Main numbers,5,21
mega645,00702,main,Main numbers,6,24
mega645,00703,main,Main numbers,1,3
mega645,00703,main,Main numbers,2,13
mega645,00703,main,Main numbers,3,18
mega645,00703,main,Main numbers,4,21
mega645,00703,main,Main numbers,5,39
mega645,00703,main,Main numbers,6,44
mega645,00704,main,Main numbers,1,3
mega645,00704,main,Main numbers,2,18
mega645,00704,main,Main numbers,3,21
mega645,00704,main,Main numbers,4,22
mega645,00704,main,Main numbers,5,36
mega645,00704,main,Main numbers,6,44
mega645,00705,main,Main numbers,1,12
mega645,00705,main,Main numbers,2,19
mega645,00705,main,Main numbers,3,22
mega645,00705,main,Main numbers,4,23
mega645,00705,main,Main numbers,5,34
mega645,00705,main,Main numbers,6,44
mega645,00706,main,Main numbers,1,6
mega645,00706,main,Main numbers,2,7
mega645,00706,main,Main numbers,3,22
mega645,00706,main,Main numbers,4,24
mega645,00706,main,Main numbers,5,27
mega645,00706,main,Main numbers,6,37
mega645,00707,main,Main numbers,1,2
mega645,00707,main,Main numbers,2,13
mega645,00707,main,Main numbers,3,19
mega645,00707,main,Main numbers,4,33
mega645,00707,main,Main numbers,5,40
mega645,00707,main,Main numbers,6,43
mega645,00708,main,Main numbers,1,11
mega645,00708,main,Main numbers,2,13
mega645,00708,main,Main numbers,3,19
mega645,00708,main,Main numbers,4,27
mega645,00708,main,Main numbers,5,37
mega645,00708,main,Main numbers,6,41
mega645,00709,main,Main numbers,1,4
mega645,00709,main,Main numbers,2,5
mega645,00709,main,Main numbers,3,25
mega645,00709,main,Main numbers,4,28
mega645,00709,main,Main numbers,5,29
mega645,00709,main,Main numbers,6,42
mega645,00710,main,Main numbers,1,1
mega645,00710,main,Main numbers,2,20
mega645,00710,main,Main numbers,3,28
mega645,00710,main,Main numbers,4,37
mega645,00710,main,Main numbers,5,40
mega645,00710,main,Main numbers,6,44
mega645,00711,main,Main numbers,1,9
mega645,00711,main,Main numbers,2,11
mega645,00711,main,Main numbers,3,13
mega645,00711,main,Main numbers,4,21
mega645,00711,main,Main numbers,5,27
mega645,00711,main,Main numbers,6,41
mega645,00712,main,Main numbers,1,4
mega645,00712,main,Main numbers,2,12
mega645,00712,main,Main numbers,3,25
mega645,00712,main,Main numbers,4,28
mega645,00712,main,Main numbers,5,33
mega645,00712,main,Main numbers,6,45
mega645,00713,main,Main numbers,1,5
mega645,00713,main,Main numbers,2,14
mega645,00713,main,Main numbers,3,15
mega645,00713,main,Main numbers,4,19
mega645,00713,main,Main numbers,5,25
mega645,00713,main,Main numbers,6,33
mega645,00714,main,Main numbers,1,5
mega645,00714,main,Main numbers,2,11
mega645,00714,main,Main numbers,3,17
mega645,00714,main,Main numbers,4,34
mega645,00714,main,Main numbers,5,38
mega645,00714,main,Main numbers,6,42
mega645,00715,main,Main numbers,1,1
mega645,00715,main,Main numbers,2,9
mega645,00715,main,Main numbers,3,11
mega645,00715,main,Main numbers,4,32
mega645,00715,main,Main numbers,5,34
mega645,00715,main,Main numbers,6,42
mega645,00716,main,Main numbers,1,6
mega645,00716,main,Main numbers,2,11
mega645,00716,main,Main numbers,3,26
mega645,00716,main,Main numbers,4,28
mega645,00716,main,Main numbers,5,36
mega645,00716,main,Main numbers,6,41
mega645,00717,main,Main numbers,1,5
mega645,00717,main,Main numbers,2,6
mega645,00717,main,Main numbers,3,24
mega645,00717,main,Main numbers,4,34
mega645,00717,main,Main numbers,5,36
mega645,00717,main,Main numbers,6,37
mega645,00718,main,Main numbers,1,8
mega645,00718,main,Main numbers,2,9
mega645,00718,main,Main numbers,3,11
mega645,00718,main,Main numbers,4,31
mega645,00718,main,Main numbers,5,36
mega645,00718,main,Main numbers,6,39
mega645,00719,main,Main numbers,1,7
mega645,00719,main,Main numbers,2,14
mega645,00719,main,Main numbers,3,23
mega645,00719,main,Main numbers,4,26
mega645,00719,main,Main numbers,5,37
mega645,00719,main,Main numbers,6,39
mega645,00720,main,Main numbers,1,2
mega645,00720,main,Main numbers,2,11
mega645,00720,main,Main numbers,3,15
mega645,00720,main,Main numbers,4,18
mega645,00720,main,Main numbers,5,23
mega645,00720,main,Main numbers,6,42
mega645,00721,main,Main numbers,1,23
mega645,00721,main,Main numbers,2,26
mega645,00721,main,Main numbers,3,40
mega645,00721,main,Main numbers,4,41
mega645,00721,main,Main numbers,5,43
mega645,00721,main,Main numbers,6,44
mega645,00722,main,Main numbers,1,2
mega645,00722,main,Main numbers,2,4
mega645,00722,main,Main numbers,3,6
mega645,00722,main,Main numbers,4,36
mega645,00722,main,Main numbers,5,41
mega645,00722,main,Main numbers,6,42
mega645,00723,main,Main numbers,1,1
mega645,00723,main,Main numbers,2,5
mega645,00723,main,Main numbers,3,9
mega645,00723,main,Main numbers,4,16
mega645,00723,main,Main numbers,5,42
mega645,00723,main,Main numbers,6,44
mega645,00724,main,Main numbers,1,5
mega645,00724,main,Main numbers,2,20
mega645,00724,main,Main numbers,3,27
mega645,00724,main,Main numbers,4,30
mega645,00724,main,Main numbers,5,38
mega645,00724,main,Main numbers,6,43
mega645,00725,main,Main numbers,1,13
mega645,00725,main,Main numbers,2,15
mega645,00725,main,Main numbers,3,19
mega645,00725,main,Main numbers,4,25
mega645,00725,main,Main numbers,5,33
mega645,00725,main,Main numbers,6,34
mega645,00726,main,Main numbers,1,3
mega645,00726,main,Main numbers,2,4
mega645,00726,main,Main numbers,3,8
mega645,00726,main,Main numbers,4,17
mega645,00726,main,Main numbers,5,19
mega645,00726,main,Main numbers,6,37
mega645,00727,main,Main numbers,1,3
mega645,00727,main,Main numbers,2,23
mega645,00727,main,Main numbers,3,27
mega645,00727,main,Main numbers,4,32
mega645,00727,main,Main numbers,5,34
mega645,00727,main,Main numbers,6,39
mega645,00728,main,Main numbers,1,11
mega645,00728,main,Main numbers,2,12
mega645,00728,main,Main numbers,3,16
mega645,00728,main,Main numbers,4,18
mega645,00728,main,Main numbers,5,33
mega645,00728,main,Main numbers,6,35
mega645,00729,main,Main numbers,1,8
mega645,00729,main,Main numbers,2,9
mega645,00729,main,Main numbers,3,11
mega645,00729,main,Main numbers,4,28
mega645,00729,main,Main numbers,5,30
mega645,00729,main,Main numbers,6,39
mega645,00730,main,Main numbers,1,7
mega645,00730,main,Main numbers,2,9
mega645,00730,main,Main numbers,3,15
mega645,00730,main,Main numbers,4,23
mega645,00730,main,Main numbers,5,26
mega645,00730,main,Main numbers,6,27
mega645,00731,main,Main numbers,1,3
mega645,00731,main,Main numbers,2,12
mega645,00731,main,Main numbers,3,19
mega645,00731,main,Main numbers,4,27
mega645,00731,main,Main numbers,5,32
mega645,00731,main,Main numbers,6,35
mega645,00732,main,Main numbers,1,13
mega645,00732,main,Main numbers,2,16
mega645,00732,main,Main numbers,3,18
mega645,00732,main,Main numbers,4,22
mega645,00732,main,Main numbers,5,34
mega645,00732,main,Main numbers,6,39
mega645,00733,main,Main numbers,1,8
mega645,00733,main,Main numbers,2,19
mega645,00733,main,Main numbers,3,21
mega645,00733,main,Main numbers,4,28
mega645,00733,main,Main numbers,5,32
mega645,00733,main,Main numbers,6,44
mega645,00734,main,Main numbers,1,21
mega645,00734,main,Main numbers,2,39
mega645,00734,main,Main numbers,3,40
mega645,00734,main,Main numbers,4,41
mega645,00734,main,Main numbers,5,43
mega645,00734,main,Main numbers,6,45
mega645,00735,main,Main numbers,1,3
mega645,00735,main,Main numbers,2,4
mega645,00735,main,Main numbers,3,20
mega645,00735,main,Main numbers,4,21
mega645,00735,main,Main numbers,5,36
mega645,00735,main,Main numbers,6,41
mega645,00736,main,Main numbers,1,7
mega645,00736,main,Main numbers,2,8
mega645,00736,main,Main numbers,3,30
mega645,00736,main,Main numbers,4,35
mega645,00736,main,Main numbers,5,40
mega645,00736,main,Main numbers,6,44
mega645,00737,main,Main numbers,1,3
mega645,00737,main,Main numbers,2,14
mega645,00737,main,Main numbers,3,20
mega645,00737,main,Main numbers,4,22
mega645,00737,main,Main numbers,5,37
mega645,00737,main,Main numbers,6,44
mega645,00738,main,Main numbers,1,10
mega645,00738,main,Main numbers,2,20
mega645,00738,main,Main numbers,3,21
mega645,00738,main,Main numbers,4,27
mega645,00738,main,Main numbers,5,33
mega645,00738,main,Main numbers,6,34
mega645,00739,main,Main numbers,1,1
mega645,00739,main,Main numbers,2,7
mega645,00739,main,Main numbers,3,16
mega645,00739,main,Main numbers,4,24
mega645,00739,main,Main numbers,5,27
mega645,00739,main,Main numbers,6,37
mega645,00740,main,Main numbers,1,9
mega645,00740,main,Main numbers,2,15
mega645,00740,main,Main numbers,3,22
mega645,00740,main,Main numbers,4,27
mega645,00740,main,Main numbers,5,34
mega645,00740,main,Main numbers,6,42
mega645,00741,main,Main numbers,1,3
mega645,00741,main,Main numbers,2,11
mega645,00741,main,Main numbers,3,16
mega645,00741,main,Main numbers,4,20
mega645,00741,main,Main numbers,5,24
mega645,00741,main,Main numbers,6,30
mega645,00742,main,Main numbers,1,13
mega645,00742,main,Main numbers,2,23
mega645,00742,main,Main numbers,3,33
mega645,00742,main,Main numbers,4,37
mega645,00742,main,Main numbers,5,40
mega645,00742,main,Main numbers,6,43
mega645,00743,main,Main numbers,1,3
mega645,00743,main,Main numbers,2,12
mega645,00743,main,Main numbers,3,23
mega645,00743,main,Main numbers,4,29
mega645,00743,main,Main numbers,5,33
mega645,00743,main,Main numbers,6,34
mega645,00744,main,Main numbers,1,4
mega645,00744,main,Main numbers,2,28
mega645,00744,main,Main numbers,3,37
mega645,00744,main,Main numbers,4,38
mega645,00744,main,Main numbers,5,40
mega645,00744,main,Main numbers,6,42
mega645,00745,main,Main numbers,1,11
mega645,00745,main,Main numbers,2,14
mega645,00745,main,Main numbers,3,22
mega645,00745,main,Main numbers,4,26
mega645,00745,main,Main numbers,5,29
mega645,00745,main,Main numbers,6,44
mega645,00746,main,Main numbers,1,1
mega645,00746,main,Main numbers,2,10
mega645,00746,main,Main numbers,3,22
mega645,00746,main,Main numbers,4,36
mega645,00746,main,Main numbers,5,38
mega645,00746,main,Main numbers,6,45
mega645,00747,main,Main numbers,1,2
mega645,00747,main,Main numbers,2,15
mega645,00747,main,Main numbers,3,33
mega645,00747,main,Main numbers,4,41
mega645,00747,main,Main numbers,5,44
mega645,00747,main,Main numbers,6,45
mega645,00748,main,Main numbers,1,7
mega645,00748,main,Main numbers,2,10
mega645,00748,main,Main numbers,3,19
mega645,00748,main,Main numbers,4,30
mega645,00748,main,Main numbers,5,40
mega645,00748,main,Main numbers,6,45
mega645,00749,main,Main numbers,1,10
mega645,00749,main,Main numbers,2,20
mega645,00749,main,Main numbers,3,22
mega645,00749,main,Main numbers,4,26
mega645,00749,main,Main numbers,5,31
mega645,00749,main,Main numbers,6,42
mega645,00750,main,Main numbers,1,19
mega645,00750,main,Main numbers,2,24
mega645,00750,main,Main numbers,3,31
mega645,00750,main,Main numbers,4,32
mega645,00750,main,Main numbers,5,35
mega645,00750,main,Main numbers,6,36
mega645,00751,main,Main numbers,1,5
mega645,00751,main,Main numbers,2,7
mega645,00751,main,Main numbers,3,10
mega645,00751,main,Main numbers,4,13
mega645,00751,main,Main numbers,5,14
mega645,00751,main,Main numbers,6,42
mega645,00752,main,Main numbers,1,2
mega645,00752,main,Main numbers,2,7
mega645,00752,main,Main numbers,3,18
mega645,00752,main,Main numbers,4,20
mega645,00752,main,Main numbers,5,24
mega645,00752,main,Main numbers,6,36
mega645,00753,main,Main numbers,1,8
mega645,00753,main,Main numbers,2,12
mega645,00753,main,Main numbers,3,13
mega645,00753,main,Main numbers,4,14
mega645,00753,main,Main numbers,5,32
mega645,00753,main,Main numbers,6,40
mega645,00754,main,Main numbers,1,3
mega645,00754,main,Main numbers,2,10
mega645,00754,main,Main numbers,3,12
mega645,00754,main,Main numbers,4,13
mega645,00754,main,Main numbers,5,36
mega645,00754,main,Main numbers,6,44
mega645,00755,main,Main numbers,1,11
mega645,00755,main,Main numbers,2,19
mega645,00755,main,Main numbers,3,24
mega645,00755,main,Main numbers,4,28
mega645,00755,main,Main numbers,5,31
mega645,00755,main,Main numbers,6,39
mega645,00756,main,Main numbers,1,10
mega645,00756,main,Main numbers,2,11
mega645,00756,main,Main numbers,3,28
mega645,00756,main,Main numbers,4,29
mega645,00756,main,Main numbers,5,40
mega645,00756,main,Main numbers,6,42
mega645,00757,main,Main numbers,1,10
mega645,00757,main,Main numbers,2,24
mega645,00757,main,Main numbers,3,27
mega645,00757,main,Main numbers,4,42
mega645,00757,main,Main numbers,5,43
mega645,00757,main,Main numbers,6,45
mega645,00758,main,Main numbers,1,4
mega645,00758,main,Main numbers,2,7
mega645,00758,main,Main numbers,3,20
mega645,00758,main,Main numbers,4,28
mega645,00758,main,Main numbers,5,33
mega645,00758,main,Main numbers,6,41
mega645,00759,main,Main numbers,1,3
mega645,00759,main,Main numbers,2,5
mega645,00759,main,Main numbers,3,6
mega645,00759,main,Main numbers,4,23
mega645,00759,main,Main numbers,5,24
mega645,00759,main,Main numbers,6,39
mega645,00760,main,Main numbers,1,5
mega645,00760,main,Main numbers,2,10
mega645,00760,main,Main numbers,3,29
mega645,00760,main,Main numbers,4,37
mega645,00760,main,Main numbers,5,42
mega645,00760,main,Main numbers,6,44
mega645,00761,main,Main numbers,1,2
mega645,00761,main,Main numbers,2,5
mega645,00761,main,Main numbers,3,6
mega645,00761,main,Main numbers,4,8
mega645,00761,main,Main numbers,5,10
mega645,00761,main,Main numbers,6,32
mega645,00762,main,Main numbers,1,1
mega645,00762,main,Main numbers,2,14
mega645,00762,main,Main numbers,3,15
mega645,00762,main,Main numbers,4,18
mega645,00762,main,Main numbers,5,32
mega645,00762,main,Main numbers,6,45
mega645,00763,main,Main numbers,1,3
mega645,00763,main,Main numbers,2,14
mega645,00763,main,Main numbers,3,15
mega645,00763,main,Main numbers,4,21
mega645,00763,main,Main numbers,5,26
mega645,00763,main,Main numbers,6,37
mega645,00764,main,Main numbers,1,1
mega645,00764,main,Main numbers,2,6
mega645,00764,main,Main numbers,3,13
mega645,00764,main,Main numbers,4,30
mega645,00764,main,Main numbers,5,34
mega645,00764,main,Main numbers,6,43
mega645,00765,main,Main numbers,1,4
mega645,00765,main,Main numbers,2,9
mega645,00765,main,Main numbers,3,17
mega645,00765,main,Main numbers,4,18
mega645,00765,main,Main numbers,5,28
mega645,00765,main,Main numbers,6,32
mega645,00766,main,Main numbers,1,2
mega645,00766,main,Main numbers,2,8
mega645,00766,main,Main numbers,3,15
mega645,00766,main,Main numbers,4,17
mega645,00766,main,Main numbers,5,19
mega645,00766,main,Main numbers,6,30
mega645,00767,main,Main numbers,1,4
mega645,00767,main,Main numbers,2,11
mega645,00767,main,Main numbers,3,22
mega645,00767,main,Main numbers,4,29
mega645,00767,main,Main numbers,5,37
mega645,00767,main,Main numbers,6,43
mega645,00768,main,Main numbers,1,1
mega645,00768,main,Main numbers,2,9
mega645,00768,main,Main numbers,3,18
mega645,00768,main,Main numbers,4,26
mega645,00768,main,Main numbers,5,41
mega645,00768,main,Main numbers,6,45
mega645,00769,main,Main numbers,1,3
mega645,00769,main,Main numbers,2,8
mega645,00769,main,Main numbers,3,19
mega645,00769,main,Main numbers,4,21
mega645,00769,main,Main numbers,5,25
mega645,00769,main,Main numbers,6,36
mega645,00770,main,Main numbers,1,8
mega645,00770,main,Main numbers,2,10
mega645,00770,main,Main numbers,3,12
mega645,00770,main,Main numbers,4,29
mega645,00770,main,Main numbers,5,34
mega645,00770,main,Main numbers,6,37
mega645,00771,main,Main numbers,1,19
mega645,00771,main,Main numbers,2,26
mega645,00771,main,Main numbers,3,31
mega645,00771,main,Main numbers,4,33
mega645,00771,main,Main numbers,5,41
mega645,00771,main,Main numbers,6,42
mega645,00772,main,Main numbers,1,10
mega645,00772,main,Main numbers,2,16
mega645,00772,main,Main numbers,3,19
mega645,00772,main,Main numbers,4,27
mega645,00772,main,Main numbers,5,28
mega645,00772,main,Main numbers,6,36
mega645,00773,main,Main numbers,1,4
mega645,00773,main,Main numbers,2,8
mega645,00773,main,Main numbers,3,17
mega645,00773,main,Main numbers,4,27
mega645,00773,main,Main numbers,5,32
mega645,00773,main,Main numbers,6,36
mega645,00774,main,Main numbers,1,6
mega645,00774,main,Main numbers,2,7
mega645,00774,main,Main numbers,3,18
mega645,00774,main,Main numbers,4,25
mega645,00774,main,Main numbers,5,40
mega645,00774,main,Main numbers,6,43
mega645,00775,main,Main numbers,1,1
mega645,00775,main,Main numbers,2,3
mega645,00775,main,Main numbers,3,5
mega645,00775,main,Main numbers,4,17
mega645,00775,main,Main numbers,5,22
mega645,00775,main,Main numbers,6,33
mega645,00776,main,Main numbers,1,4
mega645,00776,main,Main numbers,2,10
mega645,00776,main,Main numbers,3,11
mega645,00776,main,Main numbers,4,15
mega645,00776,main,Main numbers,5,24
mega645,00776,main,Main numbers,6,37
mega645,00777,main,Main numbers,1,1
mega645,00777,main,Main numbers,2,18
mega645,00777,main,Main numbers,3,21
mega645,00777,main,Main numbers,4,25
mega645,00777,main,Main numbers,5,27
mega645,00777,main,Main numbers,6,35
mega645,00778,main,Main numbers,1,6
mega645,00778,main,Main numbers,2,13
mega645,00778,main,Main numbers,3,33
mega645,00778,main,Main numbers,4,34
mega645,00778,main,Main numbers,5,40
mega645,00778,main,Main numbers,6,45
mega645,00779,main,Main numbers,1,6
mega645,00779,main,Main numbers,2,11
mega645,00779,main,Main numbers,3,18
mega645,00779,main,Main numbers,4,23
mega645,00779,main,Main numbers,5,32
mega645,00779,main,Main numbers,6,44
mega645,00780,main,Main numbers,1,15
mega645,00780,main,Main numbers,2,18
mega645,00780,main,Main numbers,3,25
mega645,00780,main,Main numbers,4,27
mega645,00780,main,Main numbers,5,29
mega645,00780,main,Main numbers,6,34
mega645,00781,main,Main numbers,1,4
mega645,00781,main,Main numbers,2,18
mega645,00781,main,Main numbers,3,28
mega645,00781,main,Main numbers,4,32
mega645,00781,main,Main numbers,5,36
mega645,00781,main,Main numbers,6,40
mega645,00782,main,Main numbers,1,10
mega645,00782,main,Main numbers,2,16
mega645,00782,main,Main numbers,3,22
mega645,00782,main,Main numbers,4,36
mega645,00782,main,Main numbers,5,43
mega645,00782,main,Main numbers,6,44
mega645,00783,main,Main numbers,1,4
mega645,00783,main,Main numbers,2,8
mega645,00783,main,Main numbers,3,21
mega645,00783,main,Main numbers,4,29
mega645,00783,main,Main numbers,5,33
mega645,00783,main,Main numbers,6,45
mega645,00784,main,Main numbers,1,11
mega645,00784,main,Main numbers,2,14
mega645,00784,main,Main numbers,3,17
mega645,00784,main,Main numbers,4,24
mega645,00784,main,Main numbers,5,29
mega645,00784,main,Main numbers,6,35
mega645,00785,main,Main numbers,1,6
mega645,00785,main,Main numbers,2,10
mega645,00785,main,Main numbers,3,15
mega645,00785,main,Main numbers,4,37
mega645,00785,main,Main numbers,5,39
mega645,00785,main,Main numbers,6,44
mega645,00786,main,Main numbers,1,6
mega645,00786,main,Main numbers,2,24
mega645,00786,main,Main numbers,3,28
mega645,00786,main,Main numbers,4,31
mega645,00786,main,Main numbers,5,36
mega645,00786,main,Main numbers,6,43
mega645,00787,main,Main numbers,1,5
mega645,00787,main,Main numbers,2,10
mega645,00787,main,Main numbers,3,19
mega645,00787,main,Main numbers,4,22
mega645,00787,main,Main numbers,5,36
mega645,00787,main,Main numbers,6,45
mega645,00788,main,Main numbers,1,1
mega645,00788,main,Main numbers,2,4
mega645,00788,main,Main numbers,3,7
mega645,00788,main,Main numbers,4,14
mega645,00788,main,Main numbers,5,16
mega645,00788,main,Main numbers,6,41
mega645,00789,main,Main numbers,1,13
mega645,00789,main,Main numbers,2,27
mega645,00789,main,Main numbers,3,34
mega645,00789,main,Main numbers,4,35
mega645,00789,main,Main numbers,5,36
mega645,00789,main,Main numbers,6,41
mega645,00790,main,Main numbers,1,6
mega645,00790,main,Main numbers,2,15
mega645,00790,main,Main numbers,3,16
mega645,00790,main,Main numbers,4,27
mega645,00790,main,Main numbers,5,36
mega645,00790,main,Main numbers,6,42
mega645,00791,main,Main numbers,1,11
mega645,00791,main,Main numbers,2,15
mega645,00791,main,Main numbers,3,17
mega645,00791,main,Main numbers,4,27
mega645,00791,main,Main numbers,5,28
mega645,00791,main,Main numbers,6,45
mega645,00792,main,Main numbers,1,6
mega645,00792,main,Main numbers,2,12
mega645,00792,main,Main numbers,3,28
mega645,00792,main,Main numbers,4,30
mega645,00792,main,Main numbers,5,39
mega645,00792,main,Main numbers,6,42
mega645,00793,main,Main numbers,1,9
mega645,00793,main,Main numbers,2,11
mega645,00793,main,Main numbers,3,15
mega645,00793,main,Main numbers,4,20
mega645,00793,main,Main numbers,5,32
mega645,00793,main,Main numbers,6,36
mega645,00794,main,Main numbers,1,4
mega645,00794,main,Main numbers,2,13
mega645,00794,main,Main numbers,3,18
mega645,00794,main,Main numbers,4,23
mega645,00794,main,Main numbers,5,33
mega645,00794,main,Main numbers,6,43
mega645,00795,main,Main numbers,1,3
mega645,00795,main,Main numbers,2,25
mega645,00795,main,Main numbers,3,26
mega645,00795,main,Main numbers,4,29
mega645,00795,main,Main numbers,5,40
mega645,00795,main,Main numbers,6,42
mega645,00796,main,Main numbers,1,20
mega645,00796,main,Main numbers,2,34
mega645,00796,main,Main numbers,3,37
mega645,00796,main,Main numbers,4,39
mega645,00796,main,Main numbers,5,41
mega645,00796,main,Main numbers,6,42
mega645,00797,main,Main numbers,1,5
mega645,00797,main,Main numbers,2,13
mega645,00797,main,Main numbers,3,17
mega645,00797,main,Main numbers,4,20
mega645,00797,main,Main numbers,5,29
mega645,00797,main,Main numbers,6,45
mega645,00798,main,Main numbers,1,4
mega645,00798,main,Main numbers,2,12
mega645,00798,main,Main numbers,3,21
mega645,00798,main,Main numbers,4,22
mega645,00798,main,Main numbers,5,27
mega645,00798,main,Main numbers,6,40
mega645,00799,main,Main numbers,1,5
mega645,00799,main,Main numbers,2,9
mega645,00799,main,Main numbers,3,33
mega645,00799,main,Main numbers,4,40
mega645,00799,main,Main numbers,5,41
mega645,00799,main,Main numbers,6,45
mega645,00800,main,Main numbers,1,3
mega645,00800,main,Main numbers,2,5
mega645,00800,main,Main numbers,3,6
mega645,00800,main,Main numbers,4,9
mega645,00800,main,Main numbers,5,28
mega645,00800,main,Main numbers,6,43
mega645,00801,main,Main numbers,1,6
mega645,00801,main,Main numbers,2,29
mega645,00801,main,Main numbers,3,31
mega645,00801,main,Main numbers,4,32
mega645,00801,main,Main numbers,5,39
mega645,00801,main,Main numbers,6,44
mega645,00802,main,Main numbers,1,13
mega645,00802,main,Main numbers,2,17
mega645,00802,main,Main numbers,3,26
mega645,00802,main,Main numbers,4,29
mega645,00802,main,Main numbers,5,33
mega645,00802,main,Main numbers,6,39
mega645,00803,main,Main numbers,1,17
mega645,00803,main,Main numbers,2,19
mega645,00803,main,Main numbers,3,22
mega645,00803,main,Main numbers,4,31
mega645,00803,main,Main numbers,5,32
mega645,00803,main,Main numbers,6,34
mega645,00804,main,Main numbers,1,9
mega645,00804,main,Main numbers,2,14
mega645,00804,main,Main numbers,3,17
mega645,00804,main,Main numbers,4,18
mega645,00804,main,Main numbers,5,36
mega645,00804,main,Main numbers,6,41
mega645,00805,main,Main numbers,1,3
mega645,00805,main,Main numbers,2,13
mega645,00805,main,Main numbers,3,15
mega645,00805,main,Main numbers,4,23
mega645,00805,main,Main numbers,5,24
mega645,00805,main,Main numbers,6,44
mega645,00806,main,Main numbers,1,10
mega645,00806,main,Main numbers,2,16
mega645,00806,main,Main numbers,3,36
mega645,00806,main,Main numbers,4,40
mega645,00806,main,Main numbers,5,41
mega645,00806,main,Main numbers,6,42
mega645,00807,main,Main numbers,1,5
mega645,00807,main,Main numbers,2,20
mega645,00807,main,Main numbers,3,24
mega645,00807,main,Main numbers,4,25
mega645,00807,main,Main numbers,5,35
mega645,00807,main,Main numbers,6,36
mega645,00808,main,Main numbers,1,17
mega645,00808,main,Main numbers,2,18
mega645,00808,main,Main numbers,3,19
mega645,00808,main,Main numbers,4,20
mega645,00808,main,Main numbers,5,27
mega645,00808,main,Main numbers,6,44
mega645,00809,main,Main numbers,1,11
mega645,00809,main,Main numbers,2,14
mega645,00809,main,Main numbers,3,18
mega645,00809,main,Main numbers,4,24
mega645,00809,main,Main numbers,5,35
mega645,00809,main,Main numbers,6,37
mega645,00810,main,Main numbers,1,3
mega645,00810,main,Main numbers,2,5
mega645,00810,main,Main numbers,3,18
mega645,00810,main,Main numbers,4,28
mega645,00810,main,Main numbers,5,42
mega645,00810,main,Main numbers,6,43
mega645,00811,main,Main numbers,1,4
mega645,00811,main,Main numbers,2,15
mega645,00811,main,Main numbers,3,25
mega645,00811,main,Main numbers,4,26
mega645,00811,main,Main numbers,5,32
mega645,00811,main,Main numbers,6,35
mega645,00812,main,Main numbers,1,9
mega645,00812,main,Main numbers,2,10
mega645,00812,main,Main numbers,3,26
mega645,00812,main,Main numbers,4,28
mega645,00812,main,Main numbers,5,39
mega645,00812,main,Main numbers,6,43
mega645,00813,main,Main numbers,1,1
mega645,00813,main,Main numbers,2,12
mega645,00813,main,Main numbers,3,29
mega645,00813,main,Main numbers,4,40
mega645,00813,main,Main numbers,5,44
mega645,00813,main,Main numbers,6,45
mega645,00814,main,Main numbers,1,2
mega645,00814,main,Main numbers,2,10
mega645,00814,main,Main numbers,3,18
mega645,00814,main,Main numbers,4,23
mega645,00814,main,Main numbers,5,34
mega645,00814,main,Main numbers,6,36
mega645,00815,main,Main numbers,1,4
mega645,00815,main,Main numbers,2,18
mega645,00815,main,Main numbers,3,25
mega645,00815,main,Main numbers,4,29
mega645,00815,main,Main numbers,5,32
mega645,00815,main,Main numbers,6,34
mega645,00816,main,Main numbers,1,13
mega645,00816,main,Main numbers,2,17
mega645,00816,main,Main numbers,3,26
mega645,00816,main,Main numbers,4,27
mega645,00816,main,Main numbers,5,31
mega645,00816,main,Main numbers,6,37
mega645,00817,main,Main numbers,1,8
mega645,00817,main,Main numbers,2,9
mega645,00817,main,Main numbers,3,30
mega645,00817,main,Main numbers,4,31
mega645,00817,main,Main numbers,5,38
mega645,00817,main,Main numbers,6,45
mega645,00818,main,Main numbers,1,10
mega645,00818,main,Main numbers,2,14
mega645,00818,main,Main numbers,3,29
mega645,00818,main,Main numbers,4,37
mega645,00818,main,Main numbers,5,38
mega645,00818,main,Main numbers,6,40
mega645,00819,main,Main numbers,1,3
mega645,00819,main,Main numbers,2,5
mega645,00819,main,Main numbers,3,6
mega645,00819,main,Main numbers,4,31
mega645,00819,main,Main numbers,5,34
mega645,00819,main,Main numbers,6,35
mega645,00820,main,Main numbers,1,2
mega645,00820,main,Main numbers,2,3
mega645,00820,main,Main numbers,3,16
mega645,00820,main,Main numbers,4,19
mega645,00820,main,Main numbers,5,22
mega645,00820,main,Main numbers,6,34
mega645,00821,main,Main numbers,1,1
mega645,00821,main,Main numbers,2,4
mega645,00821,main,Main numbers,3,17
mega645,00821,main,Main numbers,4,19
mega645,00821,main,Main numbers,5,24
mega645,00821,main,Main numbers,6,42
mega645,00822,main,Main numbers,1,16
mega645,00822,main,Main numbers,2,21
mega645,00822,main,Main numbers,3,29
mega645,00822,main,Main numbers,4,40
mega645,00822,main,Main numbers,5,41
mega645,00822,main,Main numbers,6,43
mega645,00823,main,Main numbers,1,3
mega645,00823,main,Main numbers,2,18
mega645,00823,main,Main numbers,3,29
mega645,00823,main,Main numbers,4,30
mega645,00823,main,Main numbers,5,39
mega645,00823,main,Main numbers,6,41
mega645,00824,main,Main numbers,1,8
mega645,00824,main,Main numbers,2,15
mega645,00824,main,Main numbers,3,16
mega645,00824,main,Main numbers,4,21
mega645,00824,main,Main numbers,5,25
mega645,00824,main,Main numbers,6,33
mega645,00825,main,Main numbers,1,12
mega645,00825,main,Main numbers,2,15
mega645,00825,main,Main numbers,3,24
mega645,00825,main,Main numbers,4,30
mega645,00825,main,Main numbers,5,36
mega645,00825,main,Main numbers,6,45
mega645,00826,main,Main numbers,1,8
mega645,00826,main,Main numbers,2,16
mega645,00826,main,Main numbers,3,17
mega645,00826,main,Main numbers,4,23
mega645,00826,main,Main numbers,5,28
mega645,00826,main,Main numbers,6,38
mega645,00827,main,Main numbers,1,3
mega645,00827,main,Main numbers,2,17
mega645,00827,main,Main numbers,3,25
mega645,00827,main,Main numbers,4,26
mega645,00827,main,Main numbers,5,36
mega645,00827,main,Main numbers,6,38
mega645,00828,main,Main numbers,1,4
mega645,00828,main,Main numbers,2,11
mega645,00828,main,Main numbers,3,16
mega645,00828,main,Main numbers,4,24
mega645,00828,main,Main numbers,5,35
mega645,00828,main,Main numbers,6,44
mega645,00829,main,Main numbers,1,5
mega645,00829,main,Main numbers,2,27
mega645,00829,main,Main numbers,3,33
mega645,00829,main,Main numbers,4,34
mega645,00829,main,Main numbers,5,38
mega645,00829,main,Main numbers,6,40
mega645,00830,main,Main numbers,1,2
mega645,00830,main,Main numbers,2,5
mega645,00830,main,Main numbers,3,12
mega645,00830,main,Main numbers,4,33
mega645,00830,main,Main numbers,5,41
mega645,00830,main,Main numbers,6,45
mega645,00831,main,Main numbers,1,11
mega645,00831,main,Main numbers,2,17
mega645,00831,main,Main numbers,3,30
mega645,00831,main,Main numbers,4,36
mega645,00831,main,Main numbers,5,41
mega645,00831,main,Main numbers,6,45
mega645,00832,main,Main numbers,1,1
mega645,00832,main,Main numbers,2,3
mega645,00832,main,Main numbers,3,8
mega645,00832,main,Main numbers,4,9
mega645,00832,main,Main numbers,5,35
mega645,00832,main,Main numbers,6,40
mega645,00833,main,Main numbers,1,10
mega645,00833,main,Main numbers,2,13
mega645,00833,main,Main numbers,3,24
mega645,00833,main,Main numbers,4,28
mega645,00833,main,Main numbers,5,38
mega645,00833,main,Main numbers,6,44
mega645,00834,main,Main numbers,1,6
mega645,00834,main,Main numbers,2,7
mega645,00834,main,Main numbers,3,11
mega645,00834,main,Main numbers,4,22
mega645,00834,main,Main numbers,5,35
mega645,00834,main,Main numbers,6,41
mega645,00835,main,Main numbers,1,3
mega645,00835,main,Main numbers,2,6
mega645,00835,main,Main numbers,3,13
mega645,00835,main,Main numbers,4,15
mega645,00835,main,Main numbers,5,36
mega645,00835,main,Main numbers,6,44
mega645,00836,main,Main numbers,1,5
mega645,00836,main,Main numbers,2,14
mega645,00836,main,Main numbers,3,27
mega645,00836,main,Main numbers,4,30
mega645,00836,main,Main numbers,5,38
mega645,00836,main,Main numbers,6,45
mega645,00837,main,Main numbers,1,1
mega645,00837,main,Main numbers,2,3
mega645,00837,main,Main numbers,3,4
mega645,00837,main,Main numbers,4,5
mega645,00837,main,Main numbers,5,32
mega645,00837,main,Main numbers,6,33
mega645,00838,main,Main numbers,1,14
mega645,00838,main,Main numbers,2,21
mega645,00838,main,Main numbers,3,25
mega645,00838,main,Main numbers,4,34
mega645,00838,main,Main numbers,5,37
mega645,00838,main,Main numbers,6,39
mega645,00839,main,Main numbers,1,1
mega645,00839,main,Main numbers,2,13
mega645,00839,main,Main numbers,3,17
mega645,00839,main,Main numbers,4,24
mega645,00839,main,Main numbers,5,27
mega645,00839,main,Main numbers,6,42
mega645,00840,main,Main numbers,1,13
mega645,00840,main,Main numbers,2,20
mega645,00840,main,Main numbers,3,24
mega645,00840,main,Main numbers,4,32
mega645,00840,main,Main numbers,5,34
mega645,00840,main,Main numbers,6,40
mega645,00841,main,Main numbers,1,5
mega645,00841,main,Main numbers,2,11
mega645,00841,main,Main numbers,3,15
mega645,00841,main,Main numbers,4,18
mega645,00841,main,Main numbers,5,27
mega645,00841,main,Main numbers,6,43
mega645,00842,main,Main numbers,1,4
mega645,00842,main,Main numbers,2,6
mega645,00842,main,Main numbers,3,12
mega645,00842,main,Main numbers,4,26
mega645,00842,main,Main numbers,5,27
mega645,00842,main,Main numbers,6,39
mega645,00843,main,Main numbers,1,1
mega645,00843,main,Main numbers,2,7
mega645,00843,main,Main numbers,3,22
mega645,00843,main,Main numbers,4,26
mega645,00843,main,Main numbers,5,28
mega645,00843,main,Main numbers,6,41
mega645,00844,main,Main numbers,1,5
mega645,00844,main,Main numbers,2,6
mega645,00844,main,Main numbers,3,14
mega645,00844,main,Main numbers,4,20
mega645,00844,main,Main numbers,5,31
mega645,00844,main,Main numbers,6,38
mega645,00845,main,Main numbers,1,11
mega645,00845,main,Main numbers,2,16
mega645,00845,main,Main numbers,3,18
mega645,00845,main,Main numbers,4,38
mega645,00845,main,Main numbers,5,40
mega645,00845,main,Main numbers,6,43
mega645,00846,main,Main numbers,1,5
mega645,00846,main,Main numbers,2,9
mega645,00846,main,Main numbers,3,21
mega645,00846,main,Main numbers,4,24
mega645,00846,main,Main numbers,5,34
mega645,00846,main,Main numbers,6,39
mega645,00847,main,Main numbers,1,3
mega645,00847,main,Main numbers,2,20
mega645,00847,main,Main numbers,3,27
mega645,00847,main,Main numbers,4,37
mega645,00847,main,Main numbers,5,44
mega645,00847,main,Main numbers,6,45
mega645,00848,main,Main numbers,1,10
mega645,00848,main,Main numbers,2,11
mega645,00848,main,Main numbers,3,19
mega645,00848,main,Main numbers,4,38
mega645,00848,main,Main numbers,5,41
mega645,00848,main,Main numbers,6,44
mega645,00849,main,Main numbers,1,14
mega645,00849,main,Main numbers,2,21
mega645,00849,main,Main numbers,3,22
mega645,00849,main,Main numbers,4,24
mega645,00849,main,Main numbers,5,28
mega645,00849,main,Main numbers,6,45
mega645,00850,main,Main numbers,1,2
mega645,00850,main,Main numbers,2,5
mega645,00850,main,Main numbers,3,8
mega645,00850,main,Main numbers,4,16
mega645,00850,main,Main numbers,5,22
mega645,00850,main,Main numbers,6,42
mega645,00851,main,Main numbers,1,3
mega645,00851,main,Main numbers,2,14
mega645,00851,main,Main numbers,3,20
mega645,00851,main,Main numbers,4,26
mega645,00851,main,Main numbers,5,28
mega645,00851,main,Main numbers,6,36
mega645,00852,main,Main numbers,1,4
mega645,00852,main,Main numbers,2,6
mega645,00852,main,Main numbers,3,16
mega645,00852,main,Main numbers,4,30
mega645,00852,main,Main numbers,5,43
mega645,00852,main,Main numbers,6,44
mega645,00853,main,Main numbers,1,2
mega645,00853,main,Main numbers,2,16
mega645,00853,main,Main numbers,3,18
mega645,00853,main,Main numbers,4,19
mega645,00853,main,Main numbers,5,24
mega645,00853,main,Main numbers,6,29
mega645,00854,main,Main numbers,1,10
mega645,00854,main,Main numbers,2,13
mega645,00854,main,Main numbers,3,30
mega645,00854,main,Main numbers,4,33
mega645,00854,main,Main numbers,5,39
mega645,00854,main,Main numbers,6,41
mega645,00855,main,Main numbers,1,10
mega645,00855,main,Main numbers,2,20
mega645,00855,main,Main numbers,3,25
mega645,00855,main,Main numbers,4,27
mega645,00855,main,Main numbers,5,38
mega645,00855,main,Main numbers,6,45
mega645,00856,main,Main numbers,1,7
mega645,00856,main,Main numbers,2,10
mega645,00856,main,Main numbers,3,13
mega645,00856,main,Main numbers,4,20
mega645,00856,main,Main numbers,5,21
mega645,00856,main,Main numbers,6,34
mega645,00857,main,Main numbers,1,3
mega645,00857,main,Main numbers,2,19
mega645,00857,main,Main numbers,3,21
mega645,00857,main,Main numbers,4,24
mega645,00857,main,Main numbers,5,27
mega645,00857,main,Main numbers,6,38
mega645,00858,main,Main numbers,1,11
mega645,00858,main,Main numbers,2,16
mega645,00858,main,Main numbers,3,21
mega645,00858,main,Main numbers,4,33
mega645,00858,main,Main numbers,5,34
mega645,00858,main,Main numbers,6,42
mega645,00859,main,Main numbers,1,3
mega645,00859,main,Main numbers,2,15
mega645,00859,main,Main numbers,3,35
mega645,00859,main,Main numbers,4,39
mega645,00859,main,Main numbers,5,40
mega645,00859,main,Main numbers,6,43
mega645,00860,main,Main numbers,1,6
mega645,00860,main,Main numbers,2,20
mega645,00860,main,Main numbers,3,23
mega645,00860,main,Main numbers,4,29
mega645,00860,main,Main numbers,5,34
mega645,00860,main,Main numbers,6,45
mega645,00861,main,Main numbers,1,1
mega645,00861,main,Main numbers,2,5
mega645,00861,main,Main numbers,3,19
mega645,00861,main,Main numbers,4,20
mega645,00861,main,Main numbers,5,23
mega645,00861,main,Main numbers,6,38
mega645,00862,main,Main numbers,1,10
mega645,00862,main,Main numbers,2,11
mega645,00862,main,Main numbers,3,14
mega645,00862,main,Main numbers,4,24
mega645,00862,main,Main numbers,5,31
mega645,00862,main,Main numbers,6,45
mega645,00863,main,Main numbers,1,6
mega645,00863,main,Main numbers,2,10
mega645,00863,main,Main numbers,3,15
mega645,00863,main,Main numbers,4,29
mega645,00863,main,Main numbers,5,41
mega645,00863,main,Main numbers,6,42
mega645,00864,main,Main numbers,1,1
mega645,00864,main,Main numbers,2,9
mega645,00864,main,Main numbers,3,10
mega645,00864,main,Main numbers,4,12
mega645,00864,main,Main numbers,5,22
mega645,00864,main,Main numbers,6,44
mega645,00865,main,Main numbers,1,2
mega645,00865,main,Main numbers,2,9
mega645,00865,main,Main numbers,3,37
mega645,00865,main,Main numbers,4,38
mega645,00865,main,Main numbers,5,40
mega645,00865,main,Main numbers,6,43
mega645,00866,main,Main numbers,1,1
mega645,00866,main,Main numbers,2,12
mega645,00866,main,Main numbers,3,13
mega645,00866,main,Main numbers,4,27
mega645,00866,main,Main numbers,5,29
mega645,00866,main,Main numbers,6,35
mega645,00867,main,Main numbers,1,8
mega645,00867,main,Main numbers,2,17
mega645,00867,main,Main numbers,3,21
mega645,00867,main,Main numbers,4,39
mega645,00867,main,Main numbers,5,44
mega645,00867,main,Main numbers,6,45
mega645,00868,main,Main numbers,1,1
mega645,00868,main,Main numbers,2,12
mega645,00868,main,Main numbers,3,26
mega645,00868,main,Main numbers,4,28
mega645,00868,main,Main numbers,5,39
mega645,00868,main,Main numbers,6,45
mega645,00869,main,Main numbers,1,2
mega645,00869,main,Main numbers,2,19
mega645,00869,main,Main numbers,3,25
mega645,00869,main,Main numbers,4,32
mega645,00869,main,Main numbers,5,41
mega645,00869,main,Main numbers,6,44
mega645,00870,main,Main numbers,1,5
mega645,00870,main,Main numbers,2,11
mega645,00870,main,Main numbers,3,20
mega645,00870,main,Main numbers,4,26
mega645,00870,main,Main numbers,5,40
mega645,00870,main,Main numbers,6,43
mega645,00871,main,Main numbers,1,13
mega645,00871,main,Main numbers,2,17
mega645,00871,main,Main numbers,3,19
mega645,00871,main,Main numbers,4,25
mega645,00871,main,Main numbers,5,32
mega645,00871,main,Main numbers,6,45
mega645,00872,main,Main numbers,1,2
mega645,00872,main,Main numbers,2,13
mega645,00872,main,Main numbers,3,16
mega645,00872,main,Main numbers,4,19
mega645,00872,main,Main numbers,5,20
mega645,00872,main,Main numbers,6,36
mega645,00873,main,Main numbers,1,4
mega645,00873,main,Main numbers,2,17
mega645,00873,main,Main numbers,3,28
mega645,00873,main,Main numbers,4,30
mega645,00873,main,Main numbers,5,38
mega645,00873,main,Main numbers,6,42
mega645,00874,main,Main numbers,1,1
mega645,00874,main,Main numbers,2,7
mega645,00874,main,Main numbers,3,20
mega645,00874,main,Main numbers,4,25
mega645,00874,main,Main numbers,5,40
mega645,00874,main,Main numbers,6,41
mega645,00875,main,Main numbers,1,9
mega645,00875,main,Main numbers,2,18
mega645,00875,main,Main numbers,3,21
mega645,00875,main,Main numbers,4,25
mega645,00875,main,Main numbers,5,35
mega645,00875,main,Main numbers,6,44
mega645,00876,main,Main numbers,1,5
mega645,00876,main,Main numbers,2,13
mega645,00876,main,Main numbers,3,15
mega645,00876,main,Main numbers,4,28
mega645,00876,main,Main numbers,5,38
mega645,00876,main,Main numbers,6,40
mega645,00877,main,Main numbers,1,1
mega645,00877,main,Main numbers,2,8
mega645,00877,main,Main numbers,3,17
mega645,00877,main,Main numbers,4,21
mega645,00877,main,Main numbers,5,27
mega645,00877,main,Main numbers,6,37
mega645,00878,main,Main numbers,1,11
mega645,00878,main,Main numbers,2,13
mega645,00878,main,Main numbers,3,15
mega645,00878,main,Main numbers,4,18
mega645,00878,main,Main numbers,5,24
mega645,00878,main,Main numbers,6,36
mega645,00879,main,Main numbers,1,9
mega645,00879,main,Main numbers,2,12
mega645,00879,main,Main numbers,3,23
mega645,00879,main,Main numbers,4,30
mega645,00879,main,Main numbers,5,32
mega645,00879,main,Main numbers,6,40
mega645,00880,main,Main numbers,1,3
mega645,00880,main,Main numbers,2,9
mega645,00880,main,Main numbers,3,14
mega645,00880,main,Main numbers,4,17
mega645,00880,main,Main numbers,5,27
mega645,00880,main,Main numbers,6,32
mega645,00881,main,Main numbers,1,5
mega645,00881,main,Main numbers,2,12
mega645,00881,main,Main numbers,3,16
mega645,00881,main,Main numbers,4,25
mega645,00881,main,Main numbers,5,26
mega645,00881,main,Main numbers,6,32
mega645,00882,main,Main numbers,1,8
mega645,00882,main,Main numbers,2,21
mega645,00882,main,Main numbers,3,26
mega645,00882,main,Main numbers,4,35
mega645,00882,main,Main numbers,5,37
mega645,00882,main,Main numbers,6,42
mega645,00883,main,Main numbers,1,1
mega645,00883,main,Main numbers,2,4
mega645,00883,main,Main numbers,3,23
mega645,00883,main,Main numbers,4,28
mega645,00883,main,Main numbers,5,33
mega645,00883,main,Main numbers,6,38
mega645,00884,main,Main numbers,1,1
mega645,00884,main,Main numbers,2,3
mega645,00884,main,Main numbers,3,15
mega645,00884,main,Main numbers,4,16
mega645,00884,main,Main numbers,5,34
mega645,00884,main,Main numbers,6,43
mega645,00885,main,Main numbers,1,4
mega645,00885,main,Main numbers,2,12
mega645,00885,main,Main numbers,3,20
mega645,00885,main,Main numbers,4,25
mega645,00885,main,Main numbers,5,35
mega645,00885,main,Main numbers,6,37
mega645,00886,main,Main numbers,1,2
mega645,00886,main,Main numbers,2,6
mega645,00886,main,Main numbers,3,7
mega645,00886,main,Main numbers,4,18
mega645,00886,main,Main numbers,5,34
mega645,00886,main,Main numbers,6,41
mega645,00887,main,Main numbers,1,7
mega645,00887,main,Main numbers,2,8
mega645,00887,main,Main numbers,3,18
mega645,00887,main,Main numbers,4,29
mega645,00887,main,Main numbers,5,41
mega645,00887,main,Main numbers,6,44
mega645,00888,main,Main numbers,1,5
mega645,00888,main,Main numbers,2,20
mega645,00888,main,Main numbers,3,21
mega645,00888,main,Main numbers,4,31
mega645,00888,main,Main numbers,5,34
mega645,00888,main,Main numbers,6,37
mega645,00889,main,Main numbers,1,3
mega645,00889,main,Main numbers,2,17
mega645,00889,main,Main numbers,3,23
mega645,00889,main,Main numbers,4,37
mega645,00889,main,Main numbers,5,40
mega645,00889,main,Main numbers,6,42
mega645,00890,main,Main numbers,1,12
mega645,00890,main,Main numbers,2,17
mega645,00890,main,Main numbers,3,34
mega645,00890,main,Main numbers,4,39
mega645,00890,main,Main numbers,5,44
mega645,00890,main,Main numbers,6,45
mega645,00891,main,Main numbers,1,1
mega645,00891,main,Main numbers,2,7
mega645,00891,main,Main numbers,3,10
mega645,00891,main,Main numbers,4,24
mega645,00891,main,Main numbers,5,33
mega645,00891,main,Main numbers,6,40
mega645,00892,main,Main numbers,1,19
mega645,00892,main,Main numbers,2,26
mega645,00892,main,Main numbers,3,27
mega645,00892,main,Main numbers,4,39
mega645,00892,main,Main numbers,5,44
mega645,00892,main,Main numbers,6,45
mega645,00893,main,Main numbers,1,16
mega645,00893,main,Main numbers,2,21
mega645,00893,main,Main numbers,3,23
mega645,00893,main,Main numbers,4,27
mega645,00893,main,Main numbers,5,35
mega645,00893,main,Main numbers,6,41
mega645,00894,main,Main numbers,1,2
mega645,00894,main,Main numbers,2,6
mega645,00894,main,Main numbers,3,19
mega645,00894,main,Main numbers,4,24
mega645,00894,main,Main numbers,5,30
mega645,00894,main,Main numbers,6,42
mega645,00895,main,Main numbers,1,6
mega645,00895,main,Main numbers,2,10
mega645,00895,main,Main numbers,3,21
mega645,00895,main,Main numbers,4,23
mega645,00895,main,Main numbers,5,28
mega645,00895,main,Main numbers,6,39
mega645,00896,main,Main numbers,1,5
mega645,00896,main,Main numbers,2,8
mega645,00896,main,Main numbers,3,34
mega645,00896,main,Main numbers,4,38
mega645,00896,main,Main numbers,5,39
mega645,00896,main,Main numbers,6,41
mega645,00897,main,Main numbers,1,6
mega645,00897,main,Main numbers,2,8
mega645,00897,main,Main numbers,3,21
mega645,00897,main,Main numbers,4,28
mega645,00897,main,Main numbers,5,30
mega645,00897,main,Main numbers,6,35
mega645,00898,main,Main numbers,1,2
mega645,00898,main,Main numbers,2,10
mega645,00898,main,Main numbers,3,13
mega645,00898,main,Main numbers,4,15
mega645,00898,main,Main numbers,5,22
mega645,00898,main,Main numbers,6,36
mega645,00899,main,Main numbers,1,10
mega645,00899,main,Main numbers,2,23
mega645,00899,main,Main numbers,3,25
mega645,00899,main,Main numbers,4,26
mega645,00899,main,Main numbers,5,30
mega645,00899,main,Main numbers,6,41
mega645,00900,main,Main numbers,1,6
mega645,00900,main,Main numbers,2,14
mega645,00900,main,Main numbers,3,19
mega645,00900,main,Main numbers,4,22
mega645,00900,main,Main numbers,5,40
mega645,00900,main,Main numbers,6,42
mega645,00901,main,Main numbers,1,1
mega645,00901,main,Main numbers,2,6
mega645,00901,main,Main numbers,3,12
mega645,00901,main,Main numbers,4,20
mega645,00901,main,Main numbers,5,36
mega645,00901,main,Main numbers,6,39
mega645,00902,main,Main numbers,1,5
mega645,00902,main,Main numbers,2,8
mega645,00902,main,Main numbers,3,26
mega645,00902,main,Main numbers,4,29
mega645,00902,main,Main numbers,5,35
mega645,00902,main,Main numbers,6,44
mega645,00903,main,Main numbers,1,1
mega645,00903,main,Main numbers,2,24
mega645,00903,main,Main numbers,3,25
mega645,00903,main,Main numbers,4,31
mega645,00903,main,Main numbers,5,39
mega645,00903,main,Main numbers,6,40
mega645,00904,main,Main numbers,1,3
mega645,00904,main,Main numbers,2,20
mega645,00904,main,Main numbers,3,23
mega645,00904,main,Main numbers,4,30
mega645,00904,main,Main numbers,5,33
mega645,00904,main,Main numbers,6,35
mega645,00905,main,Main numbers,1,7
mega645,00905,main,Main numbers,2,16
mega645,00905,main,Main numbers,3,18
mega645,00905,main,Main numbers,4,32
mega645,00905,main,Main numbers,5,34
mega645,00905,main,Main numbers,6,44
mega645,00906,main,Main numbers,1,3
mega645,00906,main,Main numbers,2,7
mega645,00906,main,Main numbers,3,8
mega645,00906,main,Main numbers,4,18
mega645,00906,main,Main numbers,5,27
mega645,00906,main,Main numbers,6,36
mega645,00907,main,Main numbers,1,1
mega645,00907,main,Main numbers,2,19
mega645,00907,main,Main numbers,3,20
mega645,00907,main,Main numbers,4,27
mega645,00907,main,Main numbers,5,30
mega645,00907,main,Main numbers,6,32
mega645,00908,main,Main numbers,1,17
mega645,00908,main,Main numbers,2,26
mega645,00908,main,Main numbers,3,30
mega645,00908,main,Main numbers,4,31
mega645,00908,main,Main numbers,5,33
mega645,00908,main,Main numbers,6,39
mega645,00909,main,Main numbers,1,8
mega645,00909,main,Main numbers,2,14
mega645,00909,main,Main numbers,3,17
mega645,00909,main,Main numbers,4,20
mega645,00909,main,Main numbers,5,21
mega645,00909,main,Main numbers,6,40
mega645,00910,main,Main numbers,1,4
mega645,00910,main,Main numbers,2,12
mega645,00910,main,Main numbers,3,14
mega645,00910,main,Main numbers,4,15
mega645,00910,main,Main numbers,5,41
mega645,00910,main,Main numbers,6,42
mega645,00911,main,Main numbers,1,6
mega645,00911,main,Main numbers,2,7
mega645,00911,main,Main numbers,3,12
mega645,00911,main,Main numbers,4,18
mega645,00911,main,Main numbers,5,21
mega645,00911,main,Main numbers,6,43
mega645,00912,main,Main numbers,1,12
mega645,00912,main,Main numbers,2,23
mega645,00912,main,Main numbers,3,29
mega645,00912,main,Main numbers,4,36
mega645,00912,main,Main numbers,5,37
mega645,00912,main,Main numbers,6,41
mega645,00913,main,Main numbers,1,4
mega645,00913,main,Main numbers,2,9
mega645,00913,main,Main numbers,3,21
mega645,00913,main,Main numbers,4,28
mega645,00913,main,Main numbers,5,35
mega645,00913,main,Main numbers,6,37
mega645,00914,main,Main numbers,1,4
mega645,00914,main,Main numbers,2,30
mega645,00914,main,Main numbers,3,35
mega645,00914,main,Main numbers,4,39
mega645,00914,main,Main numbers,5,42
mega645,00914,main,Main numbers,6,43
mega645,00915,main,Main numbers,1,7
mega645,00915,main,Main numbers,2,13
mega645,00915,main,Main numbers,3,20
mega645,00915,main,Main numbers,4,23
mega645,00915,main,Main numbers,5,27
mega645,00915,main,Main numbers,6,29
mega645,00916,main,Main numbers,1,5
mega645,00916,main,Main numbers,2,6
mega645,00916,main,Main numbers,3,20
mega645,00916,main,Main numbers,4,22
mega645,00916,main,Main numbers,5,26
mega645,00916,main,Main numbers,6,39
mega645,00917,main,Main numbers,1,4
mega645,00917,main,Main numbers,2,10
mega645,00917,main,Main numbers,3,18
mega645,00917,main,Main numbers,4,22
mega645,00917,main,Main numbers,5,31
mega645,00917,main,Main numbers,6,37
mega645,00918,main,Main numbers,1,4
mega645,00918,main,Main numbers,2,11
mega645,00918,main,Main numbers,3,17
mega645,00918,main,Main numbers,4,29
mega645,00918,main,Main numbers,5,30
mega645,00918,main,Main numbers,6,44
mega645,00919,main,Main numbers,1,9
mega645,00919,main,Main numbers,2,15
mega645,00919,main,Main numbers,3,18
mega645,00919,main,Main numbers,4,22
mega645,00919,main,Main numbers,5,32
mega645,00919,main,Main numbers,6,41
mega645,00920,main,Main numbers,1,5
mega645,00920,main,Main numbers,2,7
mega645,00920,main,Main numbers,3,11
mega645,00920,main,Main numbers,4,20
mega645,00920,main,Main numbers,5,31
mega645,00920,main,Main numbers,6,37
mega645,00921,main,Main numbers,1,3
mega645,00921,main,Main numbers,2,8
mega645,00921,main,Main numbers,3,15
mega645,00921,main,Main numbers,4,16
mega645,00921,main,Main numbers,5,40
mega645,00921,main,Main numbers,6,42
mega645,00922,main,Main numbers,1,5
mega645,00922,main,Main numbers,2,14
mega645,00922,main,Main numbers,3,30
mega645,00922,main,Main numbers,4,36
mega645,00922,main,Main numbers,5,38
mega645,00922,main,Main numbers,6,42
mega645,00923,main,Main numbers,1,10
mega645,00923,main,Main numbers,2,13
mega645,00923,main,Main numbers,3,14
mega645,00923,main,Main numbers,4,32
mega645,00923,main,Main numbers,5,37
mega645,00923,main,Main numbers,6,42
mega645,00924,main,Main numbers,1,6
mega645,00924,main,Main numbers,2,9
mega645,00924,main,Main numbers,3,10
mega645,00924,main,Main numbers,4,13
mega645,00924,main,Main numbers,5,24
mega645,00924,main,Main numbers,6,27
mega645,00925,main,Main numbers,1,4
mega645,00925,main,Main numbers,2,8
mega645,00925,main,Main numbers,3,10
mega645,00925,main,Main numbers,4,15
mega645,00925,main,Main numbers,5,26
mega645,00925,main,Main numbers,6,31
mega645,00926,main,Main numbers,1,5
mega645,00926,main,Main numbers,2,7
mega645,00926,main,Main numbers,3,16
mega645,00926,main,Main numbers,4,20
mega645,00926,main,Main numbers,5,36
mega645,00926,main,Main numbers,6,41
mega645,00927,main,Main numbers,1,9
mega645,00927,main,Main numbers,2,13
mega645,00927,main,Main numbers,3,21
mega645,00927,main,Main numbers,4,24
mega645,00927,main,Main numbers,5,34
mega645,00927,main,Main numbers,6,35
mega645,00928,main,Main numbers,1,23
mega645,00928,main,Main numbers,2,29
mega645,00928,main,Main numbers,3,35
mega645,00928,main,Main numbers,4,37
mega645,00928,main,Main numbers,5,39
mega645,00928,main,Main numbers,6,45
mega645,00929,main,Main numbers,1,25
mega645,00929,main,Main numbers,2,26
mega645,00929,main,Main numbers,3,33
mega645,00929,main,Main numbers,4,39
mega645,00929,main,Main numbers,5,41
mega645,00929,main,Main numbers,6,43
mega645,00930,main,Main numbers,1,5
mega645,00930,main,Main numbers,2,19
mega645,00930,main,Main numbers,3,21
mega645,00930,main,Main numbers,4,23
mega645,00930,main,Main numbers,5,28
mega645,00930,main,Main numbers,6,36
mega645,00931,main,Main numbers,1,12
mega645,00931,main,Main numbers,2,20
mega645,00931,main,Main numbers,3,21
mega645,00931,main,Main numbers,4,23
mega645,00931,main,Main numbers,5,27
mega645,00931,main,Main numbers,6,34
mega645,00932,main,Main numbers,1,3
mega645,00932,main,Main numbers,2,30
mega645,00932,main,Main numbers,3,31
mega645,00932,main,Main numbers,4,32
mega645,00932,main,Main numbers,5,36
mega645,00932,main,Main numbers,6,45
mega645,00933,main,Main numbers,1,8
mega645,00933,main,Main numbers,2,16
mega645,00933,main,Main numbers,3,31
mega645,00933,main,Main numbers,4,37
mega645,00933,main,Main numbers,5,39
mega645,00933,main,Main numbers,6,41
mega645,00934,main,Main numbers,1,4
mega645,00934,main,Main numbers,2,10
mega645,00934,main,Main numbers,3,28
mega645,00934,main,Main numbers,4,29
mega645,00934,main,Main numbers,5,31
mega645,00934,main,Main numbers,6,34
mega645,00935,main,Main numbers,1,2
mega645,00935,main,Main numbers,2,3
mega645,00935,main,Main numbers,3,14
mega645,00935,main,Main numbers,4,21
mega645,00935,main,Main numbers,5,31
mega645,00935,main,Main numbers,6,33
mega645,00936,main,Main numbers,1,5
mega645,00936,main,Main numbers,2,17
mega645,00936,main,Main numbers,3,19
mega645,00936,main,Main numbers,4,27
mega645,00936,main,Main numbers,5,35
mega645,00936,main,Main numbers,6,39
mega645,00937,main,Main numbers,1,8
mega645,00937,main,Main numbers,2,9
mega645,00937,main,Main numbers,3,10
mega645,00937,main,Main numbers,4,20
mega645,00937,main,Main numbers,5,35
mega645,00937,main,Main numbers,6,38
mega645,00938,main,Main numbers,1,4
mega645,00938,main,Main numbers,2,6
mega645,00938,main,Main numbers,3,13
mega645,00938,main,Main numbers,4,14
mega645,00938,main,Main numbers,5,28
mega645,00938,main,Main numbers,6,39
mega645,00939,main,Main numbers,1,4
mega645,00939,main,Main numbers,2,15
mega645,00939,main,Main numbers,3,20
mega645,00939,main,Main numbers,4,31
mega645,00939,main,Main numbers,5,43
mega645,00939,main,Main numbers,6,44
mega645,00940,main,Main numbers,1,3
mega645,00940,main,Main numbers,2,12
mega645,00940,main,Main numbers,3,15
mega645,00940,main,Main numbers,4,20
mega645,00940,main,Main numbers,5,24
mega645,00940,main,Main numbers,6,45
mega645,00941,main,Main numbers,1,2
mega645,00941,main,Main numbers,2,26
mega645,00941,main,Main numbers,3,35
mega645,00941,main,Main numbers,4,41
mega645,00941,main,Main numbers,5,42
mega645,00941,main,Main numbers,6,43
mega645,00942,main,Main numbers,1,3
mega645,00942,main,Main numbers,2,5
mega645,00942,main,Main numbers,3,10
mega645,00942,main,Main numbers,4,17
mega645,00942,main,Main numbers,5,25
mega645,00942,main,Main numbers,6,29
mega645,00943,main,Main numbers,1,5
mega645,00943,main,Main numbers,2,10
mega645,00943,main,Main numbers,3,14
mega645,00943,main,Main numbers,4,25
mega645,00943,main,Main numbers,5,42
mega645,00943,main,Main numbers,6,45
mega645,00944,main,Main numbers,1,1
mega645,00944,main,Main numbers,2,12
mega645,00944,main,Main numbers,3,21
mega645,00944,main,Main numbers,4,28
mega645,00944,main,Main numbers,5,30
mega645,00944,main,Main numbers,6,44
mega645,00945,main,Main numbers,1,3
mega645,00945,main,Main numbers,2,5
mega645,00945,main,Main numbers,3,8
mega645,00945,main,Main numbers,4,31
mega645,00945,main,Main numbers,5,33
mega645,00945,main,Main numbers,6,34
mega645,00946,main,Main numbers,1,4
mega645,00946,main,Main numbers,2,5
mega645,00946,main,Main numbers,3,7
mega645,00946,main,Main numbers,4,24
mega645,00946,main,Main numbers,5,27
mega645,00946,main,Main numbers,6,30
mega645,00947,main,Main numbers,1,4
mega645,00947,main,Main numbers,2,11
mega645,00947,main,Main numbers,3,19
mega645,00947,main,Main numbers,4,20
mega645,00947,main,Main numbers,5,35
mega645,00947,main,Main numbers,6,41
mega645,00948,main,Main numbers,1,3
mega645,00948,main,Main numbers,2,17
mega645,00948,main,Main numbers,3,28
mega645,00948,main,Main numbers,4,30
mega645,00948,main,Main numbers,5,31
mega645,00948,main,Main numbers,6,32
mega645,00949,main,Main numbers,1,9
mega645,00949,main,Main numbers,2,18
mega645,00949,main,Main numbers,3,23
mega645,00949,main,Main numbers,4,24
mega645,00949,main,Main numbers,5,29
mega645,00949,main,Main numbers,6,34
mega645,00950,main,Main numbers,1,18
mega645,00950,main,Main numbers,2,20
mega645,00950,main,Main numbers,3,29
mega645,00950,main,Main numbers,4,34
mega645,00950,main,Main numbers,5,36
mega645,00950,main,Main numbers,6,38
mega645,00951,main,Main numbers,1,13
mega645,00951,main,Main numbers,2,15
mega645,00951,main,Main numbers,3,20
mega645,00951,main,Main numbers,4,25
mega645,00951,main,Main numbers,5,35
mega645,00951,main,Main numbers,6,43
mega645,00952,main,Main numbers,1,1
mega645,00952,main,Main numbers,2,7
mega645,00952,main,Main numbers,3,13
mega645,00952,main,Main numbers,4,16
mega645,00952,main,Main numbers,5,27
mega645,00952,main,Main numbers,6,35
mega645,00953,main,Main numbers,1,1
mega645,00953,main,Main numbers,2,6
mega645,00953,main,Main numbers,3,22
mega645,00953,main,Main numbers,4,25
mega645,00953,main,Main numbers,5,30
mega645,00953,main,Main numbers,6,34
mega645,00954,main,Main numbers,1,2
mega645,00954,main,Main numbers,2,5
mega645,00954,main,Main numbers,3,19
mega645,00954,main,Main numbers,4,26
mega645,00954,main,Main numbers,5,38
mega645,00954,main,Main numbers,6,40
mega645,00955,main,Main numbers,1,1
mega645,00955,main,Main numbers,2,3
mega645,00955,main,Main numbers,3,7
mega645,00955,main,Main numbers,4,10
mega645,00955,main,Main numbers,5,21
mega645,00955,main,Main numbers,6,29
mega645,00956,main,Main numbers,1,10
mega645,00956,main,Main numbers,2,16
mega645,00956,main,Main numbers,3,17
mega645,00956,main,Main numbers,4,18
mega645,00956,main,Main numbers,5,34
mega645,00956,main,Main numbers,6,42
mega645,00957,main,Main numbers,1,2
mega645,00957,main,Main numbers,2,11
mega645,00957,main,Main numbers,3,18
mega645,00957,main,Main numbers,4,33
mega645,00957,main,Main numbers,5,36
mega645,00957,main,Main numbers,6,45
mega645,00958,main,Main numbers,1,2
mega645,00958,main,Main numbers,2,3
mega645,00958,main,Main numbers,3,10
mega645,00958,main,Main numbers,4,15
mega645,00958,main,Main numbers,5,31
mega645,00958,main,Main numbers,6,36
mega645,00959,main,Main numbers,1,16
mega645,00959,main,Main numbers,2,21
mega645,00959,main,Main numbers,3,22
mega645,00959,main,Main numbers,4,33
mega645,00959,main,Main numbers,5,42
mega645,00959,main,Main numbers,6,45
mega645,00960,main,Main numbers,1,15
mega645,00960,main,Main numbers,2,27
mega645,00960,main,Main numbers,3,31
mega645,00960,main,Main numbers,4,36
mega645,00960,main,Main numbers,5,38
mega645,00960,main,Main numbers,6,41
mega645,00961,main,Main numbers,1,2
mega645,00961,main,Main numbers,2,17
mega645,00961,main,Main numbers,3,23
mega645,00961,main,Main numbers,4,27
mega645,00961,main,Main numbers,5,37
mega645,00961,main,Main numbers,6,42
mega645,00962,main,Main numbers,1,9
mega645,00962,main,Main numbers,2,13
mega645,00962,main,Main numbers,3,16
mega645,00962,main,Main numbers,4,24
mega645,00962,main,Main numbers,5,33
mega645,00962,main,Main numbers,6,45
mega645,00963,main,Main numbers,1,8
mega645,00963,main,Main numbers,2,10
mega645,00963,main,Main numbers,3,12
mega645,00963,main,Main numbers,4,14
mega645,00963,main,Main numbers,5,17
mega645,00963,main,Main numbers,6,31
mega645,00964,main,Main numbers,1,7
mega645,00964,main,Main numbers,2,9
mega645,00964,main,Main numbers,3,16
mega645,00964,main,Main numbers,4,20
mega645,00964,main,Main numbers,5,30
mega645,00964,main,Main numbers,6,32
mega645,00965,main,Main numbers,1,2
mega645,00965,main,Main numbers,2,3
mega645,00965,main,Main numbers,3,9
mega645,00965,main,Main numbers,4,15
mega645,00965,main,Main numbers,5,17
mega645,00965,main,Main numbers,6,43
mega645,00966,main,Main numbers,1,3
mega645,00966,main,Main numbers,2,4
mega645,00966,main,Main numbers,3,27
mega645,00966,main,Main numbers,4,32
mega645,00966,main,Main numbers,5,40
mega645,00966,main,Main numbers,6,43
mega645,00967,main,Main numbers,1,2
mega645,00967,main,Main numbers,2,3
mega645,00967,main,Main numbers,3,12
mega645,00967,main,Main numbers,4,32
mega645,00967,main,Main numbers,5,35
mega645,00967,main,Main numbers,6,44
mega645,00968,main,Main numbers,1,15
mega645,00968,main,Main numbers,2,16
mega645,00968,main,Main numbers,3,22
mega645,00968,main,Main numbers,4,25
mega645,00968,main,Main numbers,5,29
mega645,00968,main,Main numbers,6,33
mega645,00969,main,Main numbers,1,1
mega645,00969,main,Main numbers,2,4
mega645,00969,main,Main numbers,3,14
mega645,00969,main,Main numbers,4,22
mega645,00969,main,Main numbers,5,24
mega645,00969,main,Main numbers,6,40
mega645,00970,main,Main numbers,1,4
mega645,00970,main,Main numbers,2,13
mega645,00970,main,Main numbers,3,15
mega645,00970,main,Main numbers,4,20
mega645,00970,main,Main numbers,5,37
mega645,00970,main,Main numbers,6,38
mega645,00971,main,Main numbers,1,14
mega645,00971,main,Main numbers,2,20
mega645,00971,main,Main numbers,3,24
mega645,00971,main,Main numbers,4,30
mega645,00971,main,Main numbers,5,35
mega645,00971,main,Main numbers,6,41
mega645,00972,main,Main numbers,1,1
mega645,00972,main,Main numbers,2,26
mega645,00972,main,Main numbers,3,27
mega645,00972,main,Main numbers,4,35
mega645,00972,main,Main numbers,5,36
mega645,00972,main,Main numbers,6,43
mega645,00973,main,Main numbers,1,7
mega645,00973,main,Main numbers,2,15
mega645,00973,main,Main numbers,3,20
mega645,00973,main,Main numbers,4,25
mega645,00973,main,Main numbers,5,32
mega645,00973,main,Main numbers,6,37
mega645,00974,main,Main numbers,1,2
mega645,00974,main,Main numbers,2,18
mega645,00974,main,Main numbers,3,21
mega645,00974,main,Main numbers,4,24
mega645,00974,main,Main numbers,5,38
mega645,00974,main,Main numbers,6,44
mega645,00975,main,Main numbers,1,4
mega645,00975,main,Main numbers,2,5
mega645,00975,main,Main numbers,3,7
mega645,00975,main,Main numbers,4,9
mega645,00975,main,Main numbers,5,27
mega645,00975,main,Main numbers,6,39
mega645,00976,main,Main numbers,1,8
mega645,00976,main,Main numbers,2,11
mega645,00976,main,Main numbers,3,19
mega645,00976,main,Main numbers,4,24
mega645,00976,main,Main numbers,5,26
mega645,00976,main,Main numbers,6,42
mega645,00977,main,Main numbers,1,4
mega645,00977,main,Main numbers,2,23
mega645,00977,main,Main numbers,3,25
mega645,00977,main,Main numbers,4,30
mega645,00977,main,Main numbers,5,40
mega645,00977,main,Main numbers,6,41
mega645,00978,main,Main numbers,1,9
mega645,00978,main,Main numbers,2,11
mega645,00978,main,Main numbers,3,16
mega645,00978,main,Main numbers,4,17
mega645,00978,main,Main numbers,5,22
mega645,00978,main,Main numbers,6,33
mega645,00979,main,Main numbers,1,13
mega645,00979,main,Main numbers,2,29
mega645,00979,main,Main numbers,3,35
mega645,00979,main,Main numbers,4,37
mega645,00979,main,Main numbers,5,38
mega645,00979,main,Main numbers,6,41
mega645,00980,main,Main numbers,1,6
mega645,00980,main,Main numbers,2,19
mega645,00980,main,Main numbers,3,22
mega645,00980,main,Main numbers,4,26
mega645,00980,main,Main numbers,5,38
mega645,00980,main,Main numbers,6,39
mega645,00981,main,Main numbers,1,2
mega645,00981,main,Main numbers,2,12
mega645,00981,main,Main numbers,3,13
mega645,00981,main,Main numbers,4,33
mega645,00981,main,Main numbers,5,36
mega645,00981,main,Main numbers,6,42
mega645,00982,main,Main numbers,1,8
mega645,00982,main,Main numbers,2,12
mega645,00982,main,Main numbers,3,20
mega645,00982,main,Main numbers,4,26
mega645,00982,main,Main numbers,5,35
mega645,00982,main,Main numbers,6,37
mega645,00983,main,Main numbers,1,2
mega645,00983,main,Main numbers,2,14
mega645,00983,main,Main numbers,3,21
mega645,00983,main,Main numbers,4,22
mega645,00983,main,Main numbers,5,35
mega645,00983,main,Main numbers,6,43
mega645,00984,main,Main numbers,1,15
mega645,00984,main,Main numbers,2,17
mega645,00984,main,Main numbers,3,21
mega645,00984,main,Main numbers,4,28
mega645,00984,main,Main numbers,5,37
mega645,00984,main,Main numbers,6,43
mega645,00985,main,Main numbers,1,4
mega645,00985,main,Main numbers,2,5
mega645,00985,main,Main numbers,3,10
mega645,00985,main,Main numbers,4,21
mega645,00985,main,Main numbers,5,33
mega645,00985,main,Main numbers,6,37
mega645,00986,main,Main numbers,1,3
mega645,00986,main,Main numbers,2,24
mega645,00986,main,Main numbers,3,31
mega645,00986,main,Main numbers,4,35
mega645,00986,main,Main numbers,5,39
mega645,00986,main,Main numbers,6,42
mega645,00987,main,Main numbers,1,16
mega645,00987,main,Main numbers,2,20
mega645,00987,main,Main numbers,3,26
mega645,00987,main,Main numbers,4,30
mega645,00987,main,Main numbers,5,32
mega645,00987,main,Main numbers,6,40
mega645,00988,main,Main numbers,1,3
mega645,00988,main,Main numbers,2,5
mega645,00988,main,Main numbers,3,7
mega645,00988,main,Main numbers,4,37
mega645,00988,main,Main numbers,5,39
mega645,00988,main,Main numbers,6,42
mega645,00989,main,Main numbers,1,2
mega645,00989,main,Main numbers,2,7
mega645,00989,main,Main numbers,3,16
mega645,00989,main,Main numbers,4,25
mega645,00989,main,Main numbers,5,35
mega645,00989,main,Main numbers,6,38
mega645,00990,main,Main numbers,1,11
mega645,00990,main,Main numbers,2,29
mega645,00990,main,Main numbers,3,32
mega645,00990,main,Main numbers,4,39
mega645,00990,main,Main numbers,5,40
mega645,00990,main,Main numbers,6,43
mega645,00991,main,Main numbers,1,1
mega645,00991,main,Main numbers,2,18
mega645,00991,main,Main numbers,3,22
mega645,00991,main,Main numbers,4,33
mega645,00991,main,Main numbers,5,34
mega645,00991,main,Main numbers,6,43
mega645,00992,main,Main numbers,1,3
mega645,00992,main,Main numbers,2,11
mega645,00992,main,Main numbers,3,14
mega645,00992,main,Main numbers,4,20
mega645,00992,main,Main numbers,5,26
mega645,00992,main,Main numbers,6,42
mega645,00993,main,Main numbers,1,8
mega645,00993,main,Main numbers,2,9
mega645,00993,main,Main numbers,3,15
mega645,00993,main,Main numbers,4,21
mega645,00993,main,Main numbers,5,26
mega645,00993,main,Main numbers,6,45
mega645,00994,main,Main numbers,1,3
mega645,00994,main,Main numbers,2,7
mega645,00994,main,Main numbers,3,13
mega645,00994,main,Main numbers,4,29
mega645,00994,main,Main numbers,5,32
mega645,00994,main,Main numbers,6,44
mega645,00995,main,Main numbers,1,12
mega645,00995,main,Main numbers,2,14
mega645,00995,main,Main numbers,3,18
mega645,00995,main,Main numbers,4,22
mega645,00995,main,Main numbers,5,28
mega645,00995,main,Main numbers,6,31
mega645,00996,main,Main numbers,1,10
mega645,00996,main,Main numbers,2,13
mega645,00996,main,Main numbers,3,21
mega645,00996,main,Main numbers,4,29
mega645,00996,main,Main numbers,5,41
mega645,00996,main,Main numbers,6,43
mega645,00997,main,Main numbers,1,5
mega645,00997,main,Main numbers,2,21
mega645,00997,main,Main numbers,3,26
mega645,00997,main,Main numbers,4,27
mega645,00997,main,Main numbers,5,32
mega645,00997,main,Main numbers,6,33
mega645,00998,main,Main numbers,1,16
mega645,00998,main,Main numbers,2,21
mega645,00998,main,Main numbers,3,27
mega645,00998,main,Main numbers,4,29
mega645,00998,main,Main numbers,5,34
mega645,00998,main,Main numbers,6,44
mega645,00999,main,Main numbers,1,4
mega645,00999,main,Main numbers,2,11
mega645,00999,main,Main numbers,3,16
mega645,00999,main,Main numbers,4,30
mega645,00999,main,Main numbers,5,33
mega645,00999,main,Main numbers,6,43
mega645,01000,main,Main numbers,1,13
mega645,01000,main,Main numbers,2,15
mega645,01000,main,Main numbers,3,23
mega645,01000,main,Main numbers,4,29
mega645,01000,main,Main numbers,5,31
mega645,01000,main,Main numbers,6,34
mega645,01001,main,Main numbers,1,6
mega645,01001,main,Main numbers,2,18
mega645,01001,main,Main numbers,3,20
mega645,01001,main,Main numbers,4,22
mega645,01001,main,Main numbers,5,26
mega645,01001,main,Main numbers,6,34
mega645,01002,main,Main numbers,1,1
mega645,01002,main,Main numbers,2,11
mega645,01002,main,Main numbers,3,23
mega645,01002,main,Main numbers,4,27
mega645,01002,main,Main numbers,5,33
mega645,01002,main,Main numbers,6,39
mega645,01003,main,Main numbers,1,3
mega645,01003,main,Main numbers,2,5
mega645,01003,main,Main numbers,3,11
mega645,01003,main,Main numbers,4,23
mega645,01003,main,Main numbers,5,24
mega645,01003,main,Main numbers,6,42
mega645,01004,main,Main numbers,1,1
mega645,01004,main,Main numbers,2,2
mega645,01004,main,Main numbers,3,8
mega645,01004,main,Main numbers,4,20
mega645,01004,main,Main numbers,5,24
mega645,01004,main,Main numbers,6,31
mega645,01005,main,Main numbers,1,1
mega645,01005,main,Main numbers,2,5
mega645,01005,main,Main numbers,3,10
mega645,01005,main,Main numbers,4,13
mega645,01005,main,Main numbers,5,23
mega645,01005,main,Main numbers,6,25
mega645,01006,main,Main numbers,1,2
mega645,01006,main,Main numbers,2,20
mega645,01006,main,Main numbers,3,22
mega645,01006,main,Main numbers,4,28
mega645,01006,main,Main numbers,5,29
mega645,01006,main,Main numbers,6,38
mega645,01007,main,Main numbers,1,8
mega645,01007,main,Main numbers,2,16
mega645,01007,main,Main numbers,3,22
mega645,01007,main,Main numbers,4,23
mega645,01007,main,Main numbers,5,28
mega645,01007,main,Main numbers,6,38
mega645,01008,main,Main numbers,1,1
mega645,01008,main,Main numbers,2,10
mega645,01008,main,Main numbers,3,16
mega645,01008,main,Main numbers,4,22
mega645,01008,main,Main numbers,5,35
mega645,01008,main,Main numbers,6,44
mega645,01009,main,Main numbers,1,4
mega645,01009,main,Main numbers,2,9
mega645,01009,main,Main numbers,3,16
mega645,01009,main,Main numbers,4,26
mega645,01009,main,Main numbers,5,28
mega645,01009,main,Main numbers,6,42
mega645,01010,main,Main numbers,1,13
mega645,01010,main,Main numbers,2,14
mega645,01010,main,Main numbers,3,29
mega645,01010,main,Main numbers,4,33
mega645,01010,main,Main numbers,5,38
mega645,01010,main,Main numbers,6,43
mega645,01011,main,Main numbers,1,10
mega645,01011,main,Main numbers,2,22
mega645,01011,main,Main numbers,3,26
mega645,01011,main,Main numbers,4,27
mega645,01011,main,Main numbers,5,33
mega645,01011,main,Main numbers,6,43
mega645,01012,main,Main numbers,1,9
mega645,01012,main,Main numbers,2,11
mega645,01012,main,Main numbers,3,24
mega645,01012,main,Main numbers,4,31
mega645,01012,main,Main numbers,5,36
mega645,01012,main,Main numbers,6,44
mega645,01013,main,Main numbers,1,10
mega645,01013,main,Main numbers,2,13
mega645,01013,main,Main numbers,3,22
mega645,01013,main,Main numbers,4,25
mega645,01013,main,Main numbers,5,28
mega645,01013,main,Main numbers,6,36
mega645,01014,main,Main numbers,1,3
mega645,01014,main,Main numbers,2,5
mega645,01014,main,Main numbers,3,13
mega645,01014,main,Main numbers,4,22
mega645,01014,main,Main numbers,5,36
mega645,01014,main,Main numbers,6,44
mega645,01015,main,Main numbers,1,10
mega645,01015,main,Main numbers,2,28
mega645,01015,main,Main numbers,3,29
mega645,01015,main,Main numbers,4,31
mega645,01015,main,Main numbers,5,33
mega645,01015,main,Main numbers,6,37
mega645,01016,main,Main numbers,1,11
mega645,01016,main,Main numbers,2,19
mega645,01016,main,Main numbers,3,23
mega645,01016,main,Main numbers,4,28
mega645,01016,main,Main numbers,5,34
mega645,01016,main,Main numbers,6,35
mega645,01017,main,Main numbers,1,5
mega645,01017,main,Main numbers,2,7
mega645,01017,main,Main numbers,3,12
mega645,01017,main,Main numbers,4,22
mega645,01017,main,Main numbers,5,26
mega645,01017,main,Main numbers,6,33
mega645,01018,main,Main numbers,1,2
mega645,01018,main,Main numbers,2,7
mega645,01018,main,Main numbers,3,10
mega645,01018,main,Main numbers,4,21
mega645,01018,main,Main numbers,5,28
mega645,01018,main,Main numbers,6,35
mega645,01019,main,Main numbers,1,5
mega645,01019,main,Main numbers,2,8
mega645,01019,main,Main numbers,3,10
mega645,01019,main,Main numbers,4,15
mega645,01019,main,Main numbers,5,17
mega645,01019,main,Main numbers,6,41
mega645,01020,main,Main numbers,1,6
mega645,01020,main,Main numbers,2,14
mega645,01020,main,Main numbers,3,15
mega645,01020,main,Main numbers,4,18
mega645,01020,main,Main numbers,5,24
mega645,01020,main,Main numbers,6,41
mega645,01021,main,Main numbers,1,6
mega645,01021,main,Main numbers,2,16
mega645,01021,main,Main numbers,3,18
mega645,01021,main,Main numbers,4,25
mega645,01021,main,Main numbers,5,34
mega645,01021,main,Main numbers,6,45
mega645,01022,main,Main numbers,1,3
mega645,01022,main,Main numbers,2,6
mega645,01022,main,Main numbers,3,12
mega645,01022,main,Main numbers,4,28
mega645,01022,main,Main numbers,5,29
mega645,01022,main,Main numbers,6,43
mega645,01023,main,Main numbers,1,1
mega645,01023,main,Main numbers,2,9
mega645,01023,main,Main numbers,3,10
mega645,01023,main,Main numbers,4,15
mega645,01023,main,Main numbers,5,30
mega645,01023,main,Main numbers,6,42
mega645,01024,main,Main numbers,1,2
mega645,01024,main,Main numbers,2,24
mega645,01024,main,Main numbers,3,36
mega645,01024,main,Main numbers,4,38
mega645,01024,main,Main numbers,5,42
mega645,01024,main,Main numbers,6,43
mega645,01025,main,Main numbers,1,4
mega645,01025,main,Main numbers,2,8
mega645,01025,main,Main numbers,3,12
mega645,01025,main,Main numbers,4,15
mega645,01025,main,Main numbers,5,19
mega645,01025,main,Main numbers,6,43
mega645,01026,main,Main numbers,1,9
mega645,01026,main,Main numbers,2,14
mega645,01026,main,Main numbers,3,22
mega645,01026,main,Main numbers,4,29
mega645,01026,main,Main numbers,5,39
mega645,01026,main,Main numbers,6,41
mega645,01027,main,Main numbers,1,12
mega645,01027,main,Main numbers,2,15
mega645,01027,main,Main numbers,3,25
mega645,01027,main,Main numbers,4,30
mega645,01027,main,Main numbers,5,34
mega645,01027,main,Main numbers,6,39
mega645,01028,main,Main numbers,1,4
mega645,01028,main,Main numbers,2,7
mega645,01028,main,Main numbers,3,27
mega645,01028,main,Main numbers,4,28
mega645,01028,main,Main numbers,5,32
mega645,01028,main,Main numbers,6,43
mega645,01029,main,Main numbers,1,8
mega645,01029,main,Main numbers,2,16
mega645,01029,main,Main numbers,3,23
mega645,01029,main,Main numbers,4,27
mega645,01029,main,Main numbers,5,32
mega645,01029,main,Main numbers,6,41
mega645,01030,main,Main numbers,1,8
mega645,01030,main,Main numbers,2,17
mega645,01030,main,Main numbers,3,20
mega645,01030,main,Main numbers,4,25
mega645,01030,main,Main numbers,5,33
mega645,01030,main,Main numbers,6,36
mega645,01031,main,Main numbers,1,10
mega645,01031,main,Main numbers,2,27
mega645,01031,main,Main numbers,3,37
mega645,01031,main,Main numbers,4,40
mega645,01031,main,Main numbers,5,42
mega645,01031,main,Main numbers,6,43
mega645,01032,main,Main numbers,1,2
mega645,01032,main,Main numbers,2,4
mega645,01032,main,Main numbers,3,7
mega645,01032,main,Main numbers,4,10
mega645,01032,main,Main numbers,5,20
mega645,01032,main,Main numbers,6,44
mega645,01033,main,Main numbers,1,1
mega645,01033,main,Main numbers,2,2
mega645,01033,main,Main numbers,3,22
mega645,01033,main,Main numbers,4,30
mega645,01033,main,Main numbers,5,37
mega645,01033,main,Main numbers,6,42
mega645,01034,main,Main numbers,1,1
mega645,01034,main,Main numbers,2,4
mega645,01034,main,Main numbers,3,7
mega645,01034,main,Main numbers,4,9
mega645,01034,main,Main numbers,5,34
mega645,01034,main,Main numbers,6,37
mega645,01035,main,Main numbers,1,5
mega645,01035,main,Main numbers,2,11
mega645,01035,main,Main numbers,3,25
mega645,01035,main,Main numbers,4,33
mega645,01035,main,Main numbers,5,42
mega645,01035,main,Main numbers,6,44
mega645,01036,main,Main numbers,1,7
mega645,01036,main,Main numbers,2,9
mega645,01036,main,Main numbers,3,23
mega645,01036,main,Main numbers,4,24
mega645,01036,main,Main numbers,5,33
mega645,01036,main,Main numbers,6,36
mega645,01037,main,Main numbers,1,18
mega645,01037,main,Main numbers,2,23
mega645,01037,main,Main numbers,3,28
mega645,01037,main,Main numbers,4,29
mega645,01037,main,Main numbers,5,39
mega645,01037,main,Main numbers,6,44
mega645,01038,main,Main numbers,1,22
mega645,01038,main,Main numbers,2,28
mega645,01038,main,Main numbers,3,31
mega645,01038,main,Main numbers,4,35
mega645,01038,main,Main numbers,5,36
mega645,01038,main,Main numbers,6,38
mega645,01039,main,Main numbers,1,4
mega645,01039,main,Main numbers,2,30
mega645,01039,main,Main numbers,3,31
mega645,01039,main,Main numbers,4,33
mega645,01039,main,Main numbers,5,35
mega645,01039,main,Main numbers,6,45
mega645,01040,main,Main numbers,1,7
mega645,01040,main,Main numbers,2,8
mega645,01040,main,Main numbers,3,9
mega645,01040,main,Main numbers,4,13
mega645,01040,main,Main numbers,5,15
mega645,01040,main,Main numbers,6,27
mega645,01041,main,Main numbers,1,2
mega645,01041,main,Main numbers,2,6
mega645,01041,main,Main numbers,3,8
mega645,01041,main,Main numbers,4,9
mega645,01041,main,Main numbers,5,15
mega645,01041,main,Main numbers,6,27
mega645,01042,main,Main numbers,1,7
mega645,01042,main,Main numbers,2,8
mega645,01042,main,Main numbers,3,13
mega645,01042,main,Main numbers,4,37
mega645,01042,main,Main numbers,5,42
mega645,01042,main,Main numbers,6,44
mega645,01043,main,Main numbers,1,2
mega645,01043,main,Main numbers,2,6
mega645,01043,main,Main numbers,3,13
mega645,01043,main,Main numbers,4,20
mega645,01043,main,Main numbers,5,28
mega645,01043,main,Main numbers,6,44
mega645,01044,main,Main numbers,1,3
mega645,01044,main,Main numbers,2,9
mega645,01044,main,Main numbers,3,10
mega645,01044,main,Main numbers,4,27
mega645,01044,main,Main numbers,5,35
mega645,01044,main,Main numbers,6,38
mega645,01045,main,Main numbers,1,8
mega645,01045,main,Main numbers,2,10
mega645,01045,main,Main numbers,3,17
mega645,01045,main,Main numbers,4,19
mega645,01045,main,Main numbers,5,24
mega645,01045,main,Main numbers,6,41
mega645,01046,main,Main numbers,1,9
mega645,01046,main,Main numbers,2,11
mega645,01046,main,Main numbers,3,15
mega645,01046,main,Main numbers,4,28
mega645,01046,main,Main numbers,5,33
mega645,01046,main,Main numbers,6,44
mega645,01047,main,Main numbers,1,8
mega645,01047,main,Main numbers,2,10
mega645,01047,main,Main numbers,3,19
mega645,01047,main,Main numbers,4,25
mega645,01047,main,Main numbers,5,35
mega645,01047,main,Main numbers,6,44
mega645,01048,main,Main numbers,1,6
mega645,01048,main,Main numbers,2,13
mega645,01048,main,Main numbers,3,19
mega645,01048,main,Main numbers,4,20
mega645,01048,main,Main numbers,5,37
mega645,01048,main,Main numbers,6,44
mega645,01049,main,Main numbers,1,4
mega645,01049,main,Main numbers,2,9
mega645,01049,main,Main numbers,3,10
mega645,01049,main,Main numbers,4,22
mega645,01049,main,Main numbers,5,41
mega645,01049,main,Main numbers,6,44
mega645,01050,main,Main numbers,1,3
mega645,01050,main,Main numbers,2,11
mega645,01050,main,Main numbers,3,14
mega645,01050,main,Main numbers,4,19
mega645,01050,main,Main numbers,5,21
mega645,01050,main,Main numbers,6,43
mega645,01051,main,Main numbers,1,3
mega645,01051,main,Main numbers,2,15
mega645,01051,main,Main numbers,3,19
mega645,01051,main,Main numbers,4,35
mega645,01051,main,Main numbers,5,36
mega645,01051,main,Main numbers,6,43
mega645,01052,main,Main numbers,1,1
mega645,01052,main,Main numbers,2,7
mega645,01052,main,Main numbers,3,14
mega645,01052,main,Main numbers,4,16
mega645,01052,main,Main numbers,5,34
mega645,01052,main,Main numbers,6,44
mega645,01053,main,Main numbers,1,15
mega645,01053,main,Main numbers,2,16
mega645,01053,main,Main numbers,3,23
mega645,01053,main,Main numbers,4,25
mega645,01053,main,Main numbers,5,40
mega645,01053,main,Main numbers,6,41
mega645,01054,main,Main numbers,1,5
mega645,01054,main,Main numbers,2,18
mega645,01054,main,Main numbers,3,22
mega645,01054,main,Main numbers,4,40
mega645,01054,main,Main numbers,5,41
mega645,01054,main,Main numbers,6,44
mega645,01055,main,Main numbers,1,2
mega645,01055,main,Main numbers,2,28
mega645,01055,main,Main numbers,3,31
mega645,01055,main,Main numbers,4,37
mega645,01055,main,Main numbers,5,41
mega645,01055,main,Main numbers,6,44
mega645,01056,main,Main numbers,1,24
mega645,01056,main,Main numbers,2,26
mega645,01056,main,Main numbers,3,32
mega645,01056,main,Main numbers,4,37
mega645,01056,main,Main numbers,5,38
mega645,01056,main,Main numbers,6,41
mega645,01057,main,Main numbers,1,3
mega645,01057,main,Main numbers,2,4
mega645,01057,main,Main numbers,3,8
mega645,01057,main,Main numbers,4,18
mega645,01057,main,Main numbers,5,21
mega645,01057,main,Main numbers,6,33
mega645,01058,main,Main numbers,1,7
mega645,01058,main,Main numbers,2,13
mega645,01058,main,Main numbers,3,19
mega645,01058,main,Main numbers,4,35
mega645,01058,main,Main numbers,5,37
mega645,01058,main,Main numbers,6,38
mega645,01059,main,Main numbers,1,10
mega645,01059,main,Main numbers,2,14
mega645,01059,main,Main numbers,3,15
mega645,01059,main,Main numbers,4,20
mega645,01059,main,Main numbers,5,24
mega645,01059,main,Main numbers,6,45
mega645,01060,main,Main numbers,1,4
mega645,01060,main,Main numbers,2,6
mega645,01060,main,Main numbers,3,7
mega645,01060,main,Main numbers,4,25
mega645,01060,main,Main numbers,5,26
mega645,01060,main,Main numbers,6,30
mega645,01061,main,Main numbers,1,4
mega645,01061,main,Main numbers,2,8
mega645,01061,main,Main numbers,3,24
mega645,01061,main,Main numbers,4,31
mega645,01061,main,Main numbers,5,42
mega645,01061,main,Main numbers,6,45
mega645,01062,main,Main numbers,1,2
mega645,01062,main,Main numbers,2,5
mega645,01062,main,Main numbers,3,20
mega645,01062,main,Main numbers,4,23
mega645,01062,main,Main numbers,5,31
mega645,01062,main,Main numbers,6,38
mega645,01063,main,Main numbers,1,3
mega645,01063,main,Main numbers,2,5
mega645,01063,main,Main numbers,3,8
mega645,01063,main,Main numbers,4,17
mega645,01063,main,Main numbers,5,37
mega645,01063,main,Main numbers,6,41
mega645,01064,main,Main numbers,1,1
mega645,01064,main,Main numbers,2,12
mega645,01064,main,Main numbers,3,24
mega645,01064,main,Main numbers,4,27
mega645,01064,main,Main numbers,5,36
mega645,01064,main,Main numbers,6,44
mega645,01065,main,Main numbers,1,5
mega645,01065,main,Main numbers,2,9
mega645,01065,main,Main numbers,3,12
mega645,01065,main,Main numbers,4,20
mega645,01065,main,Main numbers,5,37
mega645,01065,main,Main numbers,6,42
mega645,01066,main,Main numbers,1,14
mega645,01066,main,Main numbers,2,16
mega645,01066,main,Main numbers,3,27
mega645,01066,main,Main numbers,4,28
mega645,01066,main,Main numbers,5,33
mega645,01066,main,Main numbers,6,41
mega645,01067,main,Main numbers,1,19
mega645,01067,main,Main numbers,2,24
mega645,01067,main,Main numbers,3,27
mega645,01067,main,Main numbers,4,31
mega645,01067,main,Main numbers,5,33
mega645,01067,main,Main numbers,6,43
mega645,01068,main,Main numbers,1,4
mega645,01068,main,Main numbers,2,5
mega645,01068,main,Main numbers,3,13
mega645,01068,main,Main numbers,4,19
mega645,01068,main,Main numbers,5,27
mega645,01068,main,Main numbers,6,37
mega645,01069,main,Main numbers,1,1
mega645,01069,main,Main numbers,2,7
mega645,01069,main,Main numbers,3,16
mega645,01069,main,Main numbers,4,18
mega645,01069,main,Main numbers,5,21
mega645,01069,main,Main numbers,6,29
mega645,01070,main,Main numbers,1,6
mega645,01070,main,Main numbers,2,10
mega645,01070,main,Main numbers,3,19
mega645,01070,main,Main numbers,4,37
mega645,01070,main,Main numbers,5,43
mega645,01070,main,Main numbers,6,45
mega645,01071,main,Main numbers,1,9
mega645,01071,main,Main numbers,2,20
mega645,01071,main,Main numbers,3,31
mega645,01071,main,Main numbers,4,33
mega645,01071,main,Main numbers,5,36
mega645,01071,main,Main numbers,6,45
mega645,01072,main,Main numbers,1,14
mega645,01072,main,Main numbers,2,17
mega645,01072,main,Main numbers,3,23
mega645,01072,main,Main numbers,4,32
mega645,01072,main,Main numbers,5,33
mega645,01072,main,Main numbers,6,43
mega645,01073,main,Main numbers,1,4
mega645,01073,main,Main numbers,2,13
mega645,01073,main,Main numbers,3,18
mega645,01073,main,Main numbers,4,21
mega645,01073,main,Main numbers,5,29
mega645,01073,main,Main numbers,6,37
mega645,01074,main,Main numbers,1,7
mega645,01074,main,Main numbers,2,27
mega645,01074,main,Main numbers,3,28
mega645,01074,main,Main numbers,4,30
mega645,01074,main,Main numbers,5,31
mega645,01074,main,Main numbers,6,35
mega645,01075,main,Main numbers,1,3
mega645,01075,main,Main numbers,2,17
mega645,01075,main,Main numbers,3,23
mega645,01075,main,Main numbers,4,33
mega645,01075,main,Main numbers,5,42
mega645,01075,main,Main numbers,6,45
mega645,01076,main,Main numbers,1,4
mega645,01076,main,Main numbers,2,21
mega645,01076,main,Main numbers,3,27
mega645,01076,main,Main numbers,4,38
mega645,01076,main,Main numbers,5,39
mega645,01076,main,Main numbers,6,44
mega645,01077,main,Main numbers,1,2
mega645,01077,main,Main numbers,2,12
mega645,01077,main,Main numbers,3,22
mega645,01077,main,Main numbers,4,38
mega645,01077,main,Main numbers,5,41
mega645,01077,main,Main numbers,6,44
mega645,01078,main,Main numbers,1,4
mega645,01078,main,Main numbers,2,15
mega645,01078,main,Main numbers,3,19
mega645,01078,main,Main numbers,4,25
mega645,01078,main,Main numbers,5,30
mega645,01078,main,Main numbers,6,38
mega645,01079,main,Main numbers,1,18
mega645,01079,main,Main numbers,2,22
mega645,01079,main,Main numbers,3,30
mega645,01079,main,Main numbers,4,31
mega645,01079,main,Main numbers,5,39
mega645,01079,main,Main numbers,6,41
mega645,01080,main,Main numbers,1,16
mega645,01080,main,Main numbers,2,21
mega645,01080,main,Main numbers,3,26
mega645,01080,main,Main numbers,4,29
mega645,01080,main,Main numbers,5,30
mega645,01080,main,Main numbers,6,45
mega645,01081,main,Main numbers,1,9
mega645,01081,main,Main numbers,2,15
mega645,01081,main,Main numbers,3,23
mega645,01081,main,Main numbers,4,33
mega645,01081,main,Main numbers,5,35
mega645,01081,main,Main numbers,6,40
mega645,01082,main,Main numbers,1,5
mega645,01082,main,Main numbers,2,7
mega645,01082,main,Main numbers,3,25
mega645,01082,main,Main numbers,4,31
mega645,01082,main,Main numbers,5,39
mega645,01082,main,Main numbers,6,41
mega645,01083,main,Main numbers,1,12
mega645,01083,main,Main numbers,2,19
mega645,01083,main,Main numbers,3,21
mega645,01083,main,Main numbers,4,22
mega645,01083,main,Main numbers,5,34
mega645,01083,main,Main numbers,6,38
mega645,01084,main,Main numbers,1,7
mega645,01084,main,Main numbers,2,8
mega645,01084,main,Main numbers,3,22
mega645,01084,main,Main numbers,4,23
mega645,01084,main,Main numbers,5,30
mega645,01084,main,Main numbers,6,42
mega645,01085,main,Main numbers,1,5
mega645,01085,main,Main numbers,2,14
mega645,01085,main,Main numbers,3,18
mega645,01085,main,Main numbers,4,19
mega645,01085,main,Main numbers,5,29
mega645,01085,main,Main numbers,6,31
mega645,01086,main,Main numbers,1,8
mega645,01086,main,Main numbers,2,18
mega645,01086,main,Main numbers,3,30
mega645,01086,main,Main numbers,4,32
mega645,01086,main,Main numbers,5,38
mega645,01086,main,Main numbers,6,45
mega645,01087,main,Main numbers,1,24
mega645,01087,main,Main numbers,2,27
mega645,01087,main,Main numbers,3,30
mega645,01087,main,Main numbers,4,37
mega645,01087,main,Main numbers,5,44
mega645,01087,main,Main numbers,6,45
mega645,01088,main,Main numbers,1,13
mega645,01088,main,Main numbers,2,17
mega645,01088,main,Main numbers,3,20
mega645,01088,main,Main numbers,4,28
mega645,01088,main,Main numbers,5,30
mega645,01088,main,Main numbers,6,33
mega645,01089,main,Main numbers,1,9
mega645,01089,main,Main numbers,2,14
mega645,01089,main,Main numbers,3,16
mega645,01089,main,Main numbers,4,19
mega645,01089,main,Main numbers,5,28
mega645,01089,main,Main numbers,6,41
mega645,01090,main,Main numbers,1,1
mega645,01090,main,Main numbers,2,33
mega645,01090,main,Main numbers,3,38
mega645,01090,main,Main numbers,4,39
mega645,01090,main,Main numbers,5,44
mega645,01090,main,Main numbers,6,45
mega645,01091,main,Main numbers,1,3
mega645,01091,main,Main numbers,2,4
mega645,01091,main,Main numbers,3,12
mega645,01091,main,Main numbers,4,18
mega645,01091,main,Main numbers,5,19
mega645,01091,main,Main numbers,6,29
mega645,01092,main,Main numbers,1,6
mega645,01092,main,Main numbers,2,8
mega645,01092,main,Main numbers,3,14
mega645,01092,main,Main numbers,4,29
mega645,01092,main,Main numbers,5,39
mega645,01092,main,Main numbers,6,42
mega645,01093,main,Main numbers,1,4
mega645,01093,main,Main numbers,2,5
mega645,01093,main,Main numbers,3,10
mega645,01093,main,Main numbers,4,18
mega645,01093,main,Main numbers,5,27
mega645,01093,main,Main numbers,6,40
mega645,01094,main,Main numbers,1,2
mega645,01094,main,Main numbers,2,4
mega645,01094,main,Main numbers,3,7
mega645,01094,main,Main numbers,4,9
mega645,01094,main,Main numbers,5,12
mega645,01094,main,Main numbers,6,13
mega645,01095,main,Main numbers,1,2
mega645,01095,main,Main numbers,2,3
mega645,01095,main,Main numbers,3,5
mega645,01095,main,Main numbers,4,7
mega645,01095,main,Main numbers,5,10
mega645,01095,main,Main numbers,6,38
mega645,01096,main,Main numbers,1,6
mega645,01096,main,Main numbers,2,10
mega645,01096,main,Main numbers,3,15
mega645,01096,main,Main numbers,4,36
mega645,01096,main,Main numbers,5,39
mega645,01096,main,Main numbers,6,43
mega645,01097,main,Main numbers,1,3
mega645,01097,main,Main numbers,2,6
mega645,01097,main,Main numbers,3,20
mega645,01097,main,Main numbers,4,39
mega645,01097,main,Main numbers,5,40
mega645,01097,main,Main numbers,6,41
mega645,01098,main,Main numbers,1,2
mega645,01098,main,Main numbers,2,16
mega645,01098,main,Main numbers,3,17
mega645,01098,main,Main numbers,4,18
mega645,01098,main,Main numbers,5,20
mega645,01098,main,Main numbers,6,23
mega645,01099,main,Main numbers,1,4
mega645,01099,main,Main numbers,2,8
mega645,01099,main,Main numbers,3,23
mega645,01099,main,Main numbers,4,27
mega645,01099,main,Main numbers,5,30
mega645,01099,main,Main numbers,6,36
mega645,01100,main,Main numbers,1,3
mega645,01100,main,Main numbers,2,12
mega645,01100,main,Main numbers,3,22
mega645,01100,main,Main numbers,4,30
mega645,01100,main,Main numbers,5,37
mega645,01100,main,Main numbers,6,39
mega645,01101,main,Main numbers,1,2
mega645,01101,main,Main numbers,2,8
mega645,01101,main,Main numbers,3,24
mega645,01101,main,Main numbers,4,27
mega645,01101,main,Main numbers,5,30
mega645,01101,main,Main numbers,6,43
mega645,01102,main,Main numbers,1,2
mega645,01102,main,Main numbers,2,11
mega645,01102,main,Main numbers,3,13
mega645,01102,main,Main numbers,4,16
mega645,01102,main,Main numbers,5,41
mega645,01102,main,Main numbers,6,43
mega645,01103,main,Main numbers,1,7
mega645,01103,main,Main numbers,2,17
mega645,01103,main,Main numbers,3,21
mega645,01103,main,Main numbers,4,32
mega645,01103,main,Main numbers,5,40
mega645,01103,main,Main numbers,6,45
mega645,01104,main,Main numbers,1,18
mega645,01104,main,Main numbers,2,19
mega645,01104,main,Main numbers,3,24
mega645,01104,main,Main numbers,4,28
mega645,01104,main,Main numbers,5,33
mega645,01104,main,Main numbers,6,40
mega645,01105,main,Main numbers,1,4
mega645,01105,main,Main numbers,2,16
mega645,01105,main,Main numbers,3,22
mega645,01105,main,Main numbers,4,28
mega645,01105,main,Main numbers,5,33
mega645,01105,main,Main numbers,6,39
mega645,01106,main,Main numbers,1,5
mega645,01106,main,Main numbers,2,10
mega645,01106,main,Main numbers,3,30
mega645,01106,main,Main numbers,4,40
mega645,01106,main,Main numbers,5,44
mega645,01106,main,Main numbers,6,45
mega645,01107,main,Main numbers,1,1
mega645,01107,main,Main numbers,2,11
mega645,01107,main,Main numbers,3,16
mega645,01107,main,Main numbers,4,39
mega645,01107,main,Main numbers,5,40
mega645,01107,main,Main numbers,6,45
mega645,01108,main,Main numbers,1,4
mega645,01108,main,Main numbers,2,5
mega645,01108,main,Main numbers,3,9
mega645,01108,main,Main numbers,4,27
mega645,01108,main,Main numbers,5,34
mega645,01108,main,Main numbers,6,39
mega645,01109,main,Main numbers,1,2
mega645,01109,main,Main numbers,2,7
mega645,01109,main,Main numbers,3,18
mega645,01109,main,Main numbers,4,20
mega645,01109,main,Main numbers,5,24
mega645,01109,main,Main numbers,6,29
mega645,01110,main,Main numbers,1,4
mega645,01110,main,Main numbers,2,16
mega645,01110,main,Main numbers,3,21
mega645,01110,main,Main numbers,4,24
mega645,01110,main,Main numbers,5,26
mega645,01110,main,Main numbers,6,37
mega645,01111,main,Main numbers,1,10
mega645,01111,main,Main numbers,2,13
mega645,01111,main,Main numbers,3,14
mega645,01111,main,Main numbers,4,19
mega645,01111,main,Main numbers,5,35
mega645,01111,main,Main numbers,6,40
mega645,01112,main,Main numbers,1,4
mega645,01112,main,Main numbers,2,6
mega645,01112,main,Main numbers,3,13
mega645,01112,main,Main numbers,4,25
mega645,01112,main,Main numbers,5,31
mega645,01112,main,Main numbers,6,41
mega645,01113,main,Main numbers,1,7
mega645,01113,main,Main numbers,2,10
mega645,01113,main,Main numbers,3,14
mega645,01113,main,Main numbers,4,21
mega645,01113,main,Main numbers,5,26
mega645,01113,main,Main numbers,6,37
mega645,01114,main,Main numbers,1,5
mega645,01114,main,Main numbers,2,7
mega645,01114,main,Main numbers,3,15
mega645,01114,main,Main numbers,4,21
mega645,01114,main,Main numbers,5,32
mega645,01114,main,Main numbers,6,45
mega645,01115,main,Main numbers,1,1
mega645,01115,main,Main numbers,2,3
mega645,01115,main,Main numbers,3,15
mega645,01115,main,Main numbers,4,16
mega645,01115,main,Main numbers,5,23
mega645,01115,main,Main numbers,6,28
mega645,01116,main,Main numbers,1,2
mega645,01116,main,Main numbers,2,7
mega645,01116,main,Main numbers,3,9
mega645,01116,main,Main numbers,4,13
mega645,01116,main,Main numbers,5,22
mega645,01116,main,Main numbers,6,38
mega645,01117,main,Main numbers,1,1
mega645,01117,main,Main numbers,2,13
mega645,01117,main,Main numbers,3,16
mega645,01117,main,Main numbers,4,18
mega645,01117,main,Main numbers,5,23
mega645,01117,main,Main numbers,6,25
mega645,01118,main,Main numbers,1,7
mega645,01118,main,Main numbers,2,20
mega645,01118,main,Main numbers,3,23
mega645,01118,main,Main numbers,4,27
mega645,01118,main,Main numbers,5,31
mega645,01118,main,Main numbers,6,33
mega645,01119,main,Main numbers,1,1
mega645,01119,main,Main numbers,2,4
mega645,01119,main,Main numbers,3,10
mega645,01119,main,Main numbers,4,13
mega645,01119,main,Main numbers,5,14
mega645,01119,main,Main numbers,6,44
mega645,01120,main,Main numbers,1,2
mega645,01120,main,Main numbers,2,4
mega645,01120,main,Main numbers,3,10
mega645,01120,main,Main numbers,4,15
mega645,01120,main,Main numbers,5,27
mega645,01120,main,Main numbers,6,31
mega645,01121,main,Main numbers,1,2
mega645,01121,main,Main numbers,2,3
mega645,01121,main,Main numbers,3,12
mega645,01121,main,Main numbers,4,16
mega645,01121,main,Main numbers,5,30
mega645,01121,main,Main numbers,6,37
mega645,01122,main,Main numbers,1,16
mega645,01122,main,Main numbers,2,20
mega645,01122,main,Main numbers,3,25
mega645,01122,main,Main numbers,4,26
mega645,01122,main,Main numbers,5,36
mega645,01122,main,Main numbers,6,41
mega645,01123,main,Main numbers,1,1
mega645,01123,main,Main numbers,2,3
mega645,01123,main,Main numbers,3,19
mega645,01123,main,Main numbers,4,20
mega645,01123,main,Main numbers,5,26
mega645,01123,main,Main numbers,6,34
mega645,01124,main,Main numbers,1,15
mega645,01124,main,Main numbers,2,18
mega645,01124,main,Main numbers,3,20
mega645,01124,main,Main numbers,4,23
mega645,01124,main,Main numbers,5,37
mega645,01124,main,Main numbers,6,39
mega645,01125,main,Main numbers,1,5
mega645,01125,main,Main numbers,2,18
mega645,01125,main,Main numbers,3,22
mega645,01125,main,Main numbers,4,34
mega645,01125,main,Main numbers,5,41
mega645,01125,main,Main numbers,6,45
mega645,01126,main,Main numbers,1,4
mega645,01126,main,Main numbers,2,6
mega645,01126,main,Main numbers,3,15
mega645,01126,main,Main numbers,4,23
mega645,01126,main,Main numbers,5,25
mega645,01126,main,Main numbers,6,36
mega645,01127,main,Main numbers,1,9
mega645,01127,main,Main numbers,2,22
mega645,01127,main,Main numbers,3,24
mega645,01127,main,Main numbers,4,32
mega645,01127,main,Main numbers,5,38
mega645,01127,main,Main numbers,6,39
mega645,01128,main,Main numbers,1,5
mega645,01128,main,Main numbers,2,10
mega645,01128,main,Main numbers,3,14
mega645,01128,main,Main numbers,4,21
mega645,01128,main,Main numbers,5,27
mega645,01128,main,Main numbers,6,32
mega645,01129,main,Main numbers,1,12
mega645,01129,main,Main numbers,2,14
mega645,01129,main,Main numbers,3,16
mega645,01129,main,Main numbers,4,21
mega645,01129,main,Main numbers,5,29
mega645,01129,main,Main numbers,6,32
mega645,01130,main,Main numbers,1,18
mega645,01130,main,Main numbers,2,19
mega645,01130,main,Main numbers,3,20
mega645,01130,main,Main numbers,4,29
mega645,01130,main,Main numbers,5,41
mega645,01130,main,Main numbers,6,42
mega645,01131,main,Main numbers,1,11
mega645,01131,main,Main numbers,2,15
mega645,01131,main,Main numbers,3,16
mega645,01131,main,Main numbers,4,17
mega645,01131,main,Main numbers,5,42
mega645,01131,main,Main numbers,6,43
mega645,01132,main,Main numbers,1,9
mega645,01132,main,Main numbers,2,10
mega645,01132,main,Main numbers,3,11
mega645,01132,main,Main numbers,4,17
mega645,01132,main,Main numbers,5,41
mega645,01132,main,Main numbers,6,44
mega645,01133,main,Main numbers,1,3
mega645,01133,main,Main numbers,2,7
mega645,01133,main,Main numbers,3,11
mega645,01133,main,Main numbers,4,20
mega645,01133,main,Main numbers,5,28
mega645,01133,main,Main numbers,6,44
mega645,01134,main,Main numbers,1,1
mega645,01134,main,Main numbers,2,5
mega645,01134,main,Main numbers,3,10
mega645,01134,main,Main numbers,4,11
mega645,01134,main,Main numbers,5,20
mega645,01134,main,Main numbers,6,40
mega645,01135,main,Main numbers,1,3
mega645,01135,main,Main numbers,2,7
mega645,01135,main,Main numbers,3,18
mega645,01135,main,Main numbers,4,20
mega645,01135,main,Main numbers,5,31
mega645,01135,main,Main numbers,6,33
mega645,01136,main,Main numbers,1,5
mega645,01136,main,Main numbers,2,15
mega645,01136,main,Main numbers,3,16
mega645,01136,main,Main numbers,4,21
mega645,01136,main,Main numbers,5,22
mega645,01136,main,Main numbers,6,32
mega645,01137,main,Main numbers,1,2
mega645,01137,main,Main numbers,2,12
mega645,01137,main,Main numbers,3,14
mega645,01137,main,Main numbers,4,16
mega645,01137,main,Main numbers,5,34
mega645,01137,main,Main numbers,6,38
mega645,01138,main,Main numbers,1,1
mega645,01138,main,Main numbers,2,2
mega645,01138,main,Main numbers,3,5
mega645,01138,main,Main numbers,4,24
mega645,01138,main,Main numbers,5,40
mega645,01138,main,Main numbers,6,43
mega645,01139,main,Main numbers,1,8
mega645,01139,main,Main numbers,2,16
mega645,01139,main,Main numbers,3,23
mega645,01139,main,Main numbers,4,34
mega645,01139,main,Main numbers,5,36
mega645,01139,main,Main numbers,6,39
mega645,01140,main,Main numbers,1,16
mega645,01140,main,Main numbers,2,20
mega645,01140,main,Main numbers,3,22
mega645,01140,main,Main numbers,4,35
mega645,01140,main,Main numbers,5,37
mega645,01140,main,Main numbers,6,39
mega645,01141,main,Main numbers,1,13
mega645,01141,main,Main numbers,2,14
mega645,01141,main,Main numbers,3,23
mega645,01141,main,Main numbers,4,25
mega645,01141,main,Main numbers,5,34
mega645,01141,main,Main numbers,6,44
mega645,01142,main,Main numbers,1,9
mega645,01142,main,Main numbers,2,14
mega645,01142,main,Main numbers,3,19
mega645,01142,main,Main numbers,4,20
mega645,01142,main,Main numbers,5,29
mega645,01142,main,Main numbers,6,40
mega645,01143,main,Main numbers,1,9
mega645,01143,main,Main numbers,2,16
mega645,01143,main,Main numbers,3,29
mega645,01143,main,Main numbers,4,31
mega645,01143,main,Main numbers,5,33
mega645,01143,main,Main numbers,6,42
mega645,01144,main,Main numbers,1,3
mega645,01144,main,Main numbers,2,4
mega645,01144,main,Main numbers,3,15
mega645,01144,main,Main numbers,4,18
mega645,01144,main,Main numbers,5,36
mega645,01144,main,Main numbers,6,45
mega645,01145,main,Main numbers,1,10
mega645,01145,main,Main numbers,2,12
mega645,01145,main,Main numbers,3,18
mega645,01145,main,Main numbers,4,19
mega645,01145,main,Main numbers,5,29
mega645,01145,main,Main numbers,6,43
mega645,01146,main,Main numbers,1,10
mega645,01146,main,Main numbers,2,11
mega645,01146,main,Main numbers,3,20
mega645,01146,main,Main numbers,4,27
mega645,01146,main,Main numbers,5,39
mega645,01146,main,Main numbers,6,43
mega645,01147,main,Main numbers,1,2
mega645,01147,main,Main numbers,2,8
mega645,01147,main,Main numbers,3,19
mega645,01147,main,Main numbers,4,20
mega645,01147,main,Main numbers,5,24
mega645,01147,main,Main numbers,6,42
mega645,01148,main,Main numbers,1,14
mega645,01148,main,Main numbers,2,19
mega645,01148,main,Main numbers,3,21
mega645,01148,main,Main numbers,4,36
mega645,01148,main,Main numbers,5,43
mega645,01148,main,Main numbers,6,44
mega645,01149,main,Main numbers,1,8
mega645,01149,main,Main numbers,2,15
mega645,01149,main,Main numbers,3,20
mega645,01149,main,Main numbers,4,24
mega645,01149,main,Main numbers,5,43
mega645,01149,main,Main numbers,6,44
mega645,01150,main,Main numbers,1,11
mega645,01150,main,Main numbers,2,20
mega645,01150,main,Main numbers,3,22
mega645,01150,main,Main numbers,4,23
mega645,01150,main,Main numbers,5,26
mega645,01150,main,Main numbers,6,31
mega645,01151,main,Main numbers,1,7
mega645,01151,main,Main numbers,2,27
mega645,01151,main,Main numbers,3,30
mega645,01151,main,Main numbers,4,36
mega645,01151,main,Main numbers,5,39
mega645,01151,main,Main numbers,6,45
mega645,01152,main,Main numbers,1,8
mega645,01152,main,Main numbers,2,19
mega645,01152,main,Main numbers,3,22
mega645,01152,main,Main numbers,4,27
mega645,01152,main,Main numbers,5,31
mega645,01152,main,Main numbers,6,35
mega645,01153,main,Main numbers,1,3
mega645,01153,main,Main numbers,2,23
mega645,01153,main,Main numbers,3,25
mega645,01153,main,Main numbers,4,29
mega645,01153,main,Main numbers,5,36
mega645,01153,main,Main numbers,6,41
mega645,01154,main,Main numbers,1,9
mega645,01154,main,Main numbers,2,11
mega645,01154,main,Main numbers,3,15
mega645,01154,main,Main numbers,4,35
mega645,01154,main,Main numbers,5,38
mega645,01154,main,Main numbers,6,41
mega645,01155,main,Main numbers,1,1
mega645,01155,main,Main numbers,2,15
mega645,01155,main,Main numbers,3,29
mega645,01155,main,Main numbers,4,31
mega645,01155,main,Main numbers,5,32
mega645,01155,main,Main numbers,6,34
mega645,01156,main,Main numbers,1,9
mega645,01156,main,Main numbers,2,15
mega645,01156,main,Main numbers,3,21
mega645,01156,main,Main numbers,4,29
mega645,01156,main,Main numbers,5,33
mega645,01156,main,Main numbers,6,39
mega645,01157,main,Main numbers,1,17
mega645,01157,main,Main numbers,2,21
mega645,01157,main,Main numbers,3,24
mega645,01157,main,Main numbers,4,25
mega645,01157,main,Main numbers,5,39
mega645,01157,main,Main numbers,6,42
mega645,01158,main,Main numbers,1,7
mega645,01158,main,Main numbers,2,18
mega645,01158,main,Main numbers,3,31
mega645,01158,main,Main numbers,4,33
mega645,01158,main,Main numbers,5,35
mega645,01158,main,Main numbers,6,41
mega645,01159,main,Main numbers,1,8
mega645,01159,main,Main numbers,2,9
mega645,01159,main,Main numbers,3,11
mega645,01159,main,Main numbers,4,12
mega645,01159,main,Main numbers,5,40
mega645,01159,main,Main numbers,6,44
mega645,01160,main,Main numbers,1,6
mega645,01160,main,Main numbers,2,10
mega645,01160,main,Main numbers,3,16
mega645,01160,main,Main numbers,4,20
mega645,01160,main,Main numbers,5,40
mega645,01160,main,Main numbers,6,42
mega645,01161,main,Main numbers,1,5
mega645,01161,main,Main numbers,2,19
mega645,01161,main,Main numbers,3,20
mega645,01161,main,Main numbers,4,21
mega645,01161,main,Main numbers,5,24
mega645,01161,main,Main numbers,6,40
mega645,01162,main,Main numbers,1,2
mega645,01162,main,Main numbers,2,8
mega645,01162,main,Main numbers,3,14
mega645,01162,main,Main numbers,4,19
mega645,01162,main,Main numbers,5,24
mega645,01162,main,Main numbers,6,42
mega645,01163,main,Main numbers,1,4
mega645,01163,main,Main numbers,2,17
mega645,01163,main,Main numbers,3,19
mega645,01163,main,Main numbers,4,27
mega645,01163,main,Main numbers,5,28
mega645,01163,main,Main numbers,6,36
mega645,01164,main,Main numbers,1,5
mega645,01164,main,Main numbers,2,7
mega645,01164,main,Main numbers,3,10
mega645,01164,main,Main numbers,4,12
mega645,01164,main,Main numbers,5,15
mega645,01164,main,Main numbers,6,26
mega645,01165,main,Main numbers,1,1
mega645,01165,main,Main numbers,2,10
mega645,01165,main,Main numbers,3,21
mega645,01165,main,Main numbers,4,25
mega645,01165,main,Main numbers,5,32
mega645,01165,main,Main numbers,6,39
mega645,01166,main,Main numbers,1,20
mega645,01166,main,Main numbers,2,22
mega645,01166,main,Main numbers,3,24
mega645,01166,main,Main numbers,4,26
mega645,01166,main,Main numbers,5,28
mega645,01166,main,Main numbers,6,37
mega645,01167,main,Main numbers,1,3
mega645,01167,main,Main numbers,2,10
mega645,01167,main,Main numbers,3,17
mega645,01167,main,Main numbers,4,20
mega645,01167,main,Main numbers,5,22
mega645,01167,main,Main numbers,6,27
mega645,01168,main,Main numbers,1,11
mega645,01168,main,Main numbers,2,15
mega645,01168,main,Main numbers,3,34
mega645,01168,main,Main numbers,4,39
mega645,01168,main,Main numbers,5,41
mega645,01168,main,Main numbers,6,43
mega645,01169,main,Main numbers,1,2
mega645,01169,main,Main numbers,2,26
mega645,01169,main,Main numbers,3,28
mega645,01169,main,Main numbers,4,40
mega645,01169,main,Main numbers,5,41
mega645,01169,main,Main numbers,6,45
mega645,01170,main,Main numbers,1,4
mega645,01170,main,Main numbers,2,12
mega645,01170,main,Main numbers,3,19
mega645,01170,main,Main numbers,4,23
mega645,01170,main,Main numbers,5,36
mega645,01170,main,Main numbers,6,41
mega645,01171,main,Main numbers,1,1
mega645,01171,main,Main numbers,2,13
mega645,01171,main,Main numbers,3,25
mega645,01171,main,Main numbers,4,30
mega645,01171,main,Main numbers,5,34
mega645,01171,main,Main numbers,6,40
mega645,01172,main,Main numbers,1,9
mega645,01172,main,Main numbers,2,11
mega645,01172,main,Main numbers,3,16
mega645,01172,main,Main numbers,4,29
mega645,01172,main,Main numbers,5,31
mega645,01172,main,Main numbers,6,33
mega645,01173,main,Main numbers,1,1
mega645,01173,main,Main numbers,2,3
mega645,01173,main,Main numbers,3,5
mega645,01173,main,Main numbers,4,26
mega645,01173,main,Main numbers,5,30
mega645,01173,main,Main numbers,6,42
mega645,01174,main,Main numbers,1,8
mega645,01174,main,Main numbers,2,14
mega645,01174,main,Main numbers,3,26
mega645,01174,main,Main numbers,4,28
mega645,01174,main,Main numbers,5,43
mega645,01174,main,Main numbers,6,45
mega645,01175,main,Main numbers,1,5
mega645,01175,main,Main numbers,2,6
mega645,01175,main,Main numbers,3,11
mega645,01175,main,Main numbers,4,20
mega645,01175,main,Main numbers,5,24
mega645,01175,main,Main numbers,6,45
mega645,01176,main,Main numbers,1,1
mega645,01176,main,Main numbers,2,14
mega645,01176,main,Main numbers,3,22
mega645,01176,main,Main numbers,4,28
mega645,01176,main,Main numbers,5,32
mega645,01176,main,Main numbers,6,42
mega645,01177,main,Main numbers,1,6
mega645,01177,main,Main numbers,2,29
mega645,01177,main,Main numbers,3,31
mega645,01177,main,Main numbers,4,35
mega645,01177,main,Main numbers,5,42
mega645,01177,main,Main numbers,6,44
mega645,01178,main,Main numbers,1,4
mega645,01178,main,Main numbers,2,7
mega645,01178,main,Main numbers,3,25
mega645,01178,main,Main numbers,4,34
mega645,01178,main,Main numbers,5,35
mega645,01178,main,Main numbers,6,38
mega645,01179,main,Main numbers,1,5
mega645,01179,main,Main numbers,2,12
mega645,01179,main,Main numbers,3,13
mega645,01179,main,Main numbers,4,17
mega645,01179,main,Main numbers,5,40
mega645,01179,main,Main numbers,6,41
mega645,01180,main,Main numbers,1,7
mega645,01180,main,Main numbers,2,11
mega645,01180,main,Main numbers,3,14
mega645,01180,main,Main numbers,4,22
mega645,01180,main,Main numbers,5,29
mega645,01180,main,Main numbers,6,34
mega645,01181,main,Main numbers,1,14
mega645,01181,main,Main numbers,2,18
mega645,01181,main,Main numbers,3,22
mega645,01181,main,Main numbers,4,29
mega645,01181,main,Main numbers,5,36
mega645,01181,main,Main numbers,6,37
mega645,01182,main,Main numbers,1,3
mega645,01182,main,Main numbers,2,11
mega645,01182,main,Main numbers,3,15
mega645,01182,main,Main numbers,4,17
mega645,01182,main,Main numbers,5,24
mega645,01182,main,Main numbers,6,35
mega645,01183,main,Main numbers,1,2
mega645,01183,main,Main numbers,2,10
mega645,01183,main,Main numbers,3,30
mega645,01183,main,Main numbers,4,33
mega645,01183,main,Main numbers,5,34
mega645,01183,main,Main numbers,6,40
mega645,01184,main,Main numbers,1,6
mega645,01184,main,Main numbers,2,17
mega645,01184,main,Main numbers,3,18
mega645,01184,main,Main numbers,4,26
mega645,01184,main,Main numbers,5,43
mega645,01184,main,Main numbers,6,45
mega645,01185,main,Main numbers,1,7
mega645,01185,main,Main numbers,2,12
mega645,01185,main,Main numbers,3,16
mega645,01185,main,Main numbers,4,29
mega645,01185,main,Main numbers,5,42
mega645,01185,main,Main numbers,6,45
mega645,01186,main,Main numbers,1,9
mega645,01186,main,Main numbers,2,16
mega645,01186,main,Main numbers,3,26
mega645,01186,main,Main numbers,4,27
mega645,01186,main,Main numbers,5,32
mega645,01186,main,Main numbers,6,41
mega645,01187,main,Main numbers,1,2
mega645,01187,main,Main numbers,2,3
mega645,01187,main,Main numbers,3,20
mega645,01187,main,Main numbers,4,21
mega645,01187,main,Main numbers,5,32
mega645,01187,main,Main numbers,6,33
mega645,01188,main,Main numbers,1,7
mega645,01188,main,Main numbers,2,21
mega645,01188,main,Main numbers,3,36
mega645,01188,main,Main numbers,4,38
mega645,01188,main,Main numbers,5,40
mega645,01188,main,Main numbers,6,45
mega645,01189,main,Main numbers,1,7
mega645,01189,main,Main numbers,2,21
mega645,01189,main,Main numbers,3,30
mega645,01189,main,Main numbers,4,33
mega645,01189,main,Main numbers,5,38
mega645,01189,main,Main numbers,6,39
mega645,01190,main,Main numbers,1,2
mega645,01190,main,Main numbers,2,3
mega645,01190,main,Main numbers,3,25
mega645,01190,main,Main numbers,4,34
mega645,01190,main,Main numbers,5,35
mega645,01190,main,Main numbers,6,38
mega645,01191,main,Main numbers,1,1
mega645,01191,main,Main numbers,2,13
mega645,01191,main,Main numbers,3,14
mega645,01191,main,Main numbers,4,22
mega645,01191,main,Main numbers,5,23
mega645,01191,main,Main numbers,6,37
mega645,01192,main,Main numbers,1,7
mega645,01192,main,Main numbers,2,9
mega645,01192,main,Main numbers,3,17
mega645,01192,main,Main numbers,4,20
mega645,01192,main,Main numbers,5,25
mega645,01192,main,Main numbers,6,29
mega645,01193,main,Main numbers,1,1
mega645,01193,main,Main numbers,2,13
mega645,01193,main,Main numbers,3,14
mega645,01193,main,Main numbers,4,21
mega645,01193,main,Main numbers,5,27
mega645,01193,main,Main numbers,6,43
mega645,01194,main,Main numbers,1,10
mega645,01194,main,Main numbers,2,12
mega645,01194,main,Main numbers,3,14
mega645,01194,main,Main numbers,4,16
mega645,01194,main,Main numbers,5,21
mega645,01194,main,Main numbers,6,39
mega645,01195,main,Main numbers,1,2
mega645,01195,main,Main numbers,2,10
mega645,01195,main,Main numbers,3,13
mega645,01195,main,Main numbers,4,22
mega645,01195,main,Main numbers,5,30
mega645,01195,main,Main numbers,6,34
mega645,01196,main,Main numbers,1,12
mega645,01196,main,Main numbers,2,13
mega645,01196,main,Main numbers,3,31
mega645,01196,main,Main numbers,4,38
mega645,01196,main,Main numbers,5,42
mega645,01196,main,Main numbers,6,43
mega645,01197,main,Main numbers,1,3
mega645,01197,main,Main numbers,2,5
mega645,01197,main,Main numbers,3,6
mega645,01197,main,Main numbers,4,9
mega645,01197,main,Main numbers,5,32
mega645,01197,main,Main numbers,6,45
mega645,01198,main,Main numbers,1,3
mega645,01198,main,Main numbers,2,11
mega645,01198,main,Main numbers,3,13
mega645,01198,main,Main numbers,4,21
mega645,01198,main,Main numbers,5,24
mega645,01198,main,Main numbers,6,34
mega645,01199,main,Main numbers,1,8
mega645,01199,main,Main numbers,2,22
mega645,01199,main,Main numbers,3,27
mega645,01199,main,Main numbers,4,29
mega645,01199,main,Main numbers,5,39
mega645,01199,main,Main numbers,6,43
mega645,01200,main,Main numbers,1,5
mega645,01200,main,Main numbers,2,19
mega645,01200,main,Main numbers,3,25
mega645,01200,main,Main numbers,4,35
mega645,01200,main,Main numbers,5,37
mega645,01200,main,Main numbers,6,39
mega645,01201,main,Main numbers,1,2
mega645,01201,main,Main numbers,2,3
mega645,01201,main,Main numbers,3,10
mega645,01201,main,Main numbers,4,22
mega645,01201,main,Main numbers,5,41
mega645,01201,main,Main numbers,6,43
mega645,01202,main,Main numbers,1,2
mega645,01202,main,Main numbers,2,14
mega645,01202,main,Main numbers,3,15
mega645,01202,main,Main numbers,4,17
mega645,01202,main,Main numbers,5,23
mega645,01202,main,Main numbers,6,40
mega645,01203,main,Main numbers,1,4
mega645,01203,main,Main numbers,2,9
mega645,01203,main,Main numbers,3,11
mega645,01203,main,Main numbers,4,14
mega645,01203,main,Main numbers,5,19
mega645,01203,main,Main numbers,6,27
mega645,01204,main,Main numbers,1,4
mega645,01204,main,Main numbers,2,21
mega645,01204,main,Main numbers,3,25
mega645,01204,main,Main numbers,4,27
mega645,01204,main,Main numbers,5,35
mega645,01204,main,Main numbers,6,39
mega645,01205,main,Main numbers,1,4
mega645,01205,main,Main numbers,2,8
mega645,01205,main,Main numbers,3,15
mega645,01205,main,Main numbers,4,23
mega645,01205,main,Main numbers,5,31
mega645,01205,main,Main numbers,6,40
mega645,01206,main,Main numbers,1,2
mega645,01206,main,Main numbers,2,7
mega645,01206,main,Main numbers,3,13
mega645,01206,main,Main numbers,4,23
mega645,01206,main,Main numbers,5,25
mega645,01206,main,Main numbers,6,45
mega645,01207,main,Main numbers,1,11
mega645,01207,main,Main numbers,2,25
mega645,01207,main,Main numbers,3,28
mega645,01207,main,Main numbers,4,33
mega645,01207,main,Main numbers,5,34
mega645,01207,main,Main numbers,6,45
mega645,01208,main,Main numbers,1,15
mega645,01208,main,Main numbers,2,19
mega645,01208,main,Main numbers,3,24
mega645,01208,main,Main numbers,4,25
mega645,01208,main,Main numbers,5,27
mega645,01208,main,Main numbers,6,39
mega645,01209,main,Main numbers,1,4
mega645,01209,main,Main numbers,2,5
mega645,01209,main,Main numbers,3,28
mega645,01209,main,Main numbers,4,32
mega645,01209,main,Main numbers,5,37
mega645,01209,main,Main numbers,6,42
mega645,01210,main,Main numbers,1,1
mega645,01210,main,Main numbers,2,2
mega645,01210,main,Main numbers,3,8
mega645,01210,main,Main numbers,4,13
mega645,01210,main,Main numbers,5,26
mega645,01210,main,Main numbers,6,34
mega645,01211,main,Main numbers,1,10
mega645,01211,main,Main numbers,2,24
mega645,01211,main,Main numbers,3,25
mega645,01211,main,Main numbers,4,26
mega645,01211,main,Main numbers,5,30
mega645,01211,main,Main numbers,6,41
mega645,01212,main,Main numbers,1,3
mega645,01212,main,Main numbers,2,16
mega645,01212,main,Main numbers,3,17
mega645,01212,main,Main numbers,4,18
mega645,01212,main,Main numbers,5,25
mega645,01212,main,Main numbers,6,37
mega645,01213,main,Main numbers,1,8
mega645,01213,main,Main numbers,2,12
mega645,01213,main,Main numbers,3,17
mega645,01213,main,Main numbers,4,23
mega645,01213,main,Main numbers,5,26
mega645,01213,main,Main numbers,6,27
mega645,01214,main,Main numbers,1,3
mega645,01214,main,Main numbers,2,7
mega645,01214,main,Main numbers,3,11
mega645,01214,main,Main numbers,4,16
mega645,01214,main,Main numbers,5,19
mega645,01214,main,Main numbers,6,35
mega645,01215,main,Main numbers,1,9
mega645,01215,main,Main numbers,2,11
mega645,01215,main,Main numbers,3,19
mega645,01215,main,Main numbers,4,29
mega645,01215,main,Main numbers,5,31
mega645,01215,main,Main numbers,6,44
mega645,01216,main,Main numbers,1,8
mega645,01216,main,Main numbers,2,10
mega645,01216,main,Main numbers,3,29
mega645,01216,main,Main numbers,4,30
mega645,01216,main,Main numbers,5,33
mega645,01216,main,Main numbers,6,40
mega645,01217,main,Main numbers,1,4
mega645,01217,main,Main numbers,2,6
mega645,01217,main,Main numbers,3,16
mega645,01217,main,Main numbers,4,32
mega645,01217,main,Main numbers,5,41
mega645,01217,main,Main numbers,6,44
mega645,01218,main,Main numbers,1,5
mega645,01218,main,Main numbers,2,23
mega645,01218,main,Main numbers,3,25
mega645,01218,main,Main numbers,4,28
mega645,01218,main,Main numbers,5,30
mega645,01218,main,Main numbers,6,43
mega645,01219,main,Main numbers,1,11
mega645,01219,main,Main numbers,2,18
mega645,01219,main,Main numbers,3,24
mega645,01219,main,Main numbers,4,34
mega645,01219,main,Main numbers,5,38
mega645,01219,main,Main numbers,6,43
mega645,01220,main,Main numbers,1,4
mega645,01220,main,Main numbers,2,23
mega645,01220,main,Main numbers,3,33
mega645,01220,main,Main numbers,4,38
mega645,01220,main,Main numbers,5,40
mega645,01220,main,Main numbers,6,44
mega645,01221,main,Main numbers,1,4
mega645,01221,main,Main numbers,2,8
mega645,01221,main,Main numbers,3,22
mega645,01221,main,Main numbers,4,23
mega645,01221,main,Main numbers,5,26
mega645,01221,main,Main numbers,6,45
mega645,01222,main,Main numbers,1,23
mega645,01222,main,Main numbers,2,24
mega645,01222,main,Main numbers,3,36
mega645,01222,main,Main numbers,4,37
mega645,01222,main,Main numbers,5,40
mega645,01222,main,Main numbers,6,45
mega645,01223,main,Main numbers,1,11
mega645,01223,main,Main numbers,2,17
mega645,01223,main,Main numbers,3,25
mega645,01223,main,Main numbers,4,26
mega645,01223,main,Main numbers,5,28
mega645,01223,main,Main numbers,6,29
mega645,01224,main,Main numbers,1,9
mega645,01224,main,Main numbers,2,18
mega645,01224,main,Main numbers,3,33
mega645,01224,main,Main numbers,4,37
mega645,01224,main,Main numbers,5,38
mega645,01224,main,Main numbers,6,43
mega645,01225,main,Main numbers,1,9
mega645,01225,main,Main numbers,2,10
mega645,01225,main,Main numbers,3,11
mega645,01225,main,Main numbers,4,16
mega645,01225,main,Main numbers,5,21
mega645,01225,main,Main numbers,6,30
mega645,01226,main,Main numbers,1,1
mega645,01226,main,Main numbers,2,10
mega645,01226,main,Main numbers,3,20
mega645,01226,main,Main numbers,4,25
mega645,01226,main,Main numbers,5,34
mega645,01226,main,Main numbers,6,35
mega645,01227,main,Main numbers,1,9
mega645,01227,main,Main numbers,2,10
mega645,01227,main,Main numbers,3,23
mega645,01227,main,Main numbers,4,25
mega645,01227,main,Main numbers,5,28
mega645,01227,main,Main numbers,6,38
mega645,01228,main,Main numbers,1,7
mega645,01228,main,Main numbers,2,8
mega645,01228,main,Main numbers,3,20
mega645,01228,main,Main numbers,4,27
mega645,01228,main,Main numbers,5,32
mega645,01228,main,Main numbers,6,34
mega645,01229,main,Main numbers,1,18
mega645,01229,main,Main numbers,2,20
mega645,01229,main,Main numbers,3,28
mega645,01229,main,Main numbers,4,31
mega645,01229,main,Main numbers,5,39
mega645,01229,main,Main numbers,6,45
mega645,01230,main,Main numbers,1,1
mega645,01230,main,Main numbers,2,13
mega645,01230,main,Main numbers,3,21
mega645,01230,main,Main numbers,4,25
mega645,01230,main,Main numbers,5,31
mega645,01230,main,Main numbers,6,39
mega645,01231,main,Main numbers,1,2
mega645,01231,main,Main numbers,2,4
mega645,01231,main,Main numbers,3,12
mega645,01231,main,Main numbers,4,16
mega645,01231,main,Main numbers,5,18
mega645,01231,main,Main numbers,6,42
mega645,01232,main,Main numbers,1,9
mega645,01232,main,Main numbers,2,14
mega645,01232,main,Main numbers,3,19
mega645,01232,main,Main numbers,4,34
mega645,01232,main,Main numbers,5,37
mega645,01232,main,Main numbers,6,41
mega645,01233,main,Main numbers,1,1
mega645,01233,main,Main numbers,2,4
mega645,01233,main,Main numbers,3,16
mega645,01233,main,Main numbers,4,18
mega645,01233,main,Main numbers,5,20
mega645,01233,main,Main numbers,6,32
mega645,01234,main,Main numbers,1,11
mega645,01234,main,Main numbers,2,19
mega645,01234,main,Main numbers,3,22
mega645,01234,main,Main numbers,4,29
mega645,01234,main,Main numbers,5,40
mega645,01234,main,Main numbers,6,44
mega645,01235,main,Main numbers,1,6
mega645,01235,main,Main numbers,2,14
mega645,01235,main,Main numbers,3,15
mega645,01235,main,Main numbers,4,24
mega645,01235,main,Main numbers,5,26
mega645,01235,main,Main numbers,6,39
mega645,01236,main,Main numbers,1,17
mega645,01236,main,Main numbers,2,18
mega645,01236,main,Main numbers,3,19
mega645,01236,main,Main numbers,4,33
mega645,01236,main,Main numbers,5,35
mega645,01236,main,Main numbers,6,37
mega645,01237,main,Main numbers,1,1
mega645,01237,main,Main numbers,2,6
mega645,01237,main,Main numbers,3,9
mega645,01237,main,Main numbers,4,21
mega645,01237,main,Main numbers,5,43
mega645,01237,main,Main numbers,6,44
mega645,01238,main,Main numbers,1,16
mega645,01238,main,Main numbers,2,22
mega645,01238,main,Main numbers,3,23
mega645,01238,main,Main numbers,4,30
mega645,01238,main,Main numbers,5,34
mega645,01238,main,Main numbers,6,41
mega645,01239,main,Main numbers,1,4
mega645,01239,main,Main numbers,2,13
mega645,01239,main,Main numbers,3,28
mega645,01239,main,Main numbers,4,33
mega645,01239,main,Main numbers,5,35
mega645,01239,main,Main numbers,6,38
mega645,01240,main,Main numbers,1,7
mega645,01240,main,Main numbers,2,8
mega645,01240,main,Main numbers,3,9
mega645,01240,main,Main numbers,4,15
mega645,01240,main,Main numbers,5,22
mega645,01240,main,Main numbers,6,30
mega645,01241,main,Main numbers,1,7
mega645,01241,main,Main numbers,2,13
mega645,01241,main,Main numbers,3,26
mega645,01241,main,Main numbers,4,28
mega645,01241,main,Main numbers,5,35
mega645,01241,main,Main numbers,6,41
mega645,01242,main,Main numbers,1,6
mega645,01242,main,Main numbers,2,10
mega645,01242,main,Main numbers,3,15
mega645,01242,main,Main numbers,4,17
mega645,01242,main,Main numbers,5,40
mega645,01242,main,Main numbers,6,42
mega645,01243,main,Main numbers,1,4
mega645,01243,main,Main numbers,2,5
mega645,01243,main,Main numbers,3,17
mega645,01243,main,Main numbers,4,25
mega645,01243,main,Main numbers,5,39
mega645,01243,main,Main numbers,6,41
mega645,01244,main,Main numbers,1,2
mega645,01244,main,Main numbers,2,15
mega645,01244,main,Main numbers,3,19
mega645,01244,main,Main numbers,4,26
mega645,01244,main,Main numbers,5,34
mega645,01244,main,Main numbers,6,36
mega645,01245,main,Main numbers,1,30
mega645,01245,main,Main numbers,2,31
mega645,01245,main,Main numbers,3,33
mega645,01245,main,Main numbers,4,38
mega645,01245,main,Main numbers,5,42
mega645,01245,main,Main numbers,6,43
mega645,01246,main,Main numbers,1,2
mega645,01246,main,Main numbers,2,7
mega645,01246,main,Main numbers,3,15
mega645,01246,main,Main numbers,4,18
mega645,01246,main,Main numbers,5,24
mega645,01246,main,Main numbers,6,33
mega645,01247,main,Main numbers,1,5
mega645,01247,main,Main numbers,2,25
mega645,01247,main,Main numbers,3,28
mega645,01247,main,Main numbers,4,32
mega645,01247,main,Main numbers,5,36
mega645,01247,main,Main numbers,6,41
mega645,01248,main,Main numbers,1,3
mega645,01248,main,Main numbers,2,8
mega645,01248,main,Main numbers,3,10
mega645,01248,main,Main numbers,4,26
mega645,01248,main,Main numbers,5,34
mega645,01248,main,Main numbers,6,37
mega645,01249,main,Main numbers,1,6
mega645,01249,main,Main numbers,2,11
mega645,01249,main,Main numbers,3,19
mega645,01249,main,Main numbers,4,23
mega645,01249,main,Main numbers,5,34
mega645,01249,main,Main numbers,6,37
mega645,01250,main,Main numbers,1,6
mega645,01250,main,Main numbers,2,12
mega645,01250,main,Main numbers,3,27
mega645,01250,main,Main numbers,4,34
mega645,01250,main,Main numbers,5,41
mega645,01250,main,Main numbers,6,42
mega645,01251,main,Main numbers,1,3
mega645,01251,main,Main numbers,2,11
mega645,01251,main,Main numbers,3,28
mega645,01251,main,Main numbers,4,32
mega645,01251,main,Main numbers,5,33
mega645,01251,main,Main numbers,6,35
mega645,01252,main,Main numbers,1,4
mega645,01252,main,Main numbers,2,8
mega645,01252,main,Main numbers,3,27
mega645,01252,main,Main numbers,4,28
mega645,01252,main,Main numbers,5,35
mega645,01252,main,Main numbers,6,36
mega645,01253,main,Main numbers,1,13
mega645,01253,main,Main numbers,2,14
mega645,01253,main,Main numbers,3,19
mega645,01253,main,Main numbers,4,20
mega645,01253,main,Main numbers,5,30
mega645,01253,main,Main numbers,6,33
mega645,01254,main,Main numbers,1,20
mega645,01254,main,Main numbers,2,23
mega645,01254,main,Main numbers,3,28
mega645,01254,main,Main numbers,4,36
mega645,01254,main,Main numbers,5,40
mega645,01254,main,Main numbers,6,42
mega645,01255,main,Main numbers,1,10
mega645,01255,main,Main numbers,2,23
mega645,01255,main,Main numbers,3,25
mega645,01255,main,Main numbers,4,27
mega645,01255,main,Main numbers,5,31
mega645,01255,main,Main numbers,6,37
mega645,01256,main,Main numbers,1,1
mega645,01256,main,Main numbers,2,6
mega645,01256,main,Main numbers,3,18
mega645,01256,main,Main numbers,4,25
mega645,01256,main,Main numbers,5,39
mega645,01256,main,Main numbers,6,44
mega645,01257,main,Main numbers,1,3
mega645,01257,main,Main numbers,2,7
mega645,01257,main,Main numbers,3,16
mega645,01257,main,Main numbers,4,17
mega645,01257,main,Main numbers,5,41
mega645,01257,main,Main numbers,6,42
mega645,01258,main,Main numbers,1,5
mega645,01258,main,Main numbers,2,6
mega645,01258,main,Main numbers,3,11
mega645,01258,main,Main numbers,4,23
mega645,01258,main,Main numbers,5,31
mega645,01258,main,Main numbers,6,36
mega645,01259,main,Main numbers,1,8
mega645,01259,main,Main numbers,2,10
mega645,01259,main,Main numbers,3,21
mega645,01259,main,Main numbers,4,32
mega645,01259,main,Main numbers,5,39
mega645,01259,main,Main numbers,6,44
mega645,01260,main,Main numbers,1,7
mega645,01260,main,Main numbers,2,14
mega645,01260,main,Main numbers,3,33
mega645,01260,main,Main numbers,4,36
mega645,01260,main,Main numbers,5,42
mega645,01260,main,Main numbers,6,43
mega645,01261,main,Main numbers,1,14
mega645,01261,main,Main numbers,2,18
mega645,01261,main,Main numbers,3,20
mega645,01261,main,Main numbers,4,22
mega645,01261,main,Main numbers,5,34
mega645,01261,main,Main numbers,6,45
mega645,01262,main,Main numbers,1,11
mega645,01262,main,Main numbers,2,19
mega645,01262,main,Main numbers,3,26
mega645,01262,main,Main numbers,4,28
mega645,01262,main,Main numbers,5,29
mega645,01262,main,Main numbers,6,43
mega645,01263,main,Main numbers,1,7
mega645,01263,main,Main numbers,2,10
mega645,01263,main,Main numbers,3,13
mega645,01263,main,Main numbers,4,17
mega645,01263,main,Main numbers,5,21
mega645,01263,main,Main numbers,6,45
mega645,01264,main,Main numbers,1,4
mega645,01264,main,Main numbers,2,14
mega645,01264,main,Main numbers,3,19
mega645,01264,main,Main numbers,4,23
mega645,01264,main,Main numbers,5,24
mega645,01264,main,Main numbers,6,37
mega645,01265,main,Main numbers,1,13
mega645,01265,main,Main numbers,2,19
mega645,01265,main,Main numbers,3,20
mega645,01265,main,Main numbers,4,22
mega645,01265,main,Main numbers,5,24
mega645,01265,main,Main numbers,6,37
mega645,01266,main,Main numbers,1,6
mega645,01266,main,Main numbers,2,23
mega645,01266,main,Main numbers,3,24
mega645,01266,main,Main numbers,4,25
mega645,01266,main,Main numbers,5,26
mega645,01266,main,Main numbers,6,34
mega645,01267,main,Main numbers,1,22
mega645,01267,main,Main numbers,2,27
mega645,01267,main,Main numbers,3,28
mega645,01267,main,Main numbers,4,31
mega645,01267,main,Main numbers,5,37
mega645,01267,main,Main numbers,6,44
mega645,01268,main,Main numbers,1,3
mega645,01268,main,Main numbers,2,10
mega645,01268,main,Main numbers,3,31
mega645,01268,main,Main numbers,4,32
mega645,01268,main,Main numbers,5,34
mega645,01268,main,Main numbers,6,40
mega645,01269,main,Main numbers,1,18
mega645,01269,main,Main numbers,2,21
mega645,01269,main,Main numbers,3,28
mega645,01269,main,Main numbers,4,29
mega645,01269,main,Main numbers,5,33
mega645,01269,main,Main numbers,6,45
mega645,01270,main,Main numbers,1,4
mega645,01270,main,Main numbers,2,13
mega645,01270,main,Main numbers,3,20
mega645,01270,main,Main numbers,4,29
mega645,01270,main,Main numbers,5,32
mega645,01270,main,Main numbers,6,37
mega645,01271,main,Main numbers,1,20
mega645,01271,main,Main numbers,2,22
mega645,01271,main,Main numbers,3,23
mega645,01271,main,Main numbers,4,32
mega645,01271,main,Main numbers,5,35
mega645,01271,main,Main numbers,6,40
mega645,01272,main,Main numbers,1,1
mega645,01272,main,Main numbers,2,4
mega645,01272,main,Main numbers,3,5
mega645,01272,main,Main numbers,4,16
mega645,01272,main,Main numbers,5,20
mega645,01272,main,Main numbers,6,22
mega645,01273,main,Main numbers,1,1
mega645,01273,main,Main numbers,2,2
mega645,01273,main,Main numbers,3,3
mega645,01273,main,Main numbers,4,11
mega645,01273,main,Main numbers,5,25
mega645,01273,main,Main numbers,6,37
mega645,01274,main,Main numbers,1,11
mega645,01274,main,Main numbers,2,15
mega645,01274,main,Main numbers,3,18
mega645,01274,main,Main numbers,4,27
mega645,01274,main,Main numbers,5,34
mega645,01274,main,Main numbers,6,37
mega645,01275,main,Main numbers,1,3
mega645,01275,main,Main numbers,2,7
mega645,01275,main,Main numbers,3,11
mega645,01275,main,Main numbers,4,12
mega645,01275,main,Main numbers,5,13
mega645,01275,main,Main numbers,6,40
mega645,01276,main,Main numbers,1,3
mega645,01276,main,Main numbers,2,23
mega645,01276,main,Main numbers,3,28
mega645,01276,main,Main numbers,4,35
mega645,01276,main,Main numbers,5,39
mega645,01276,main,Main numbers,6,42
mega645,01277,main,Main numbers,1,8
mega645,01277,main,Main numbers,2,13
mega645,01277,main,Main numbers,3,31
mega645,01277,main,Main numbers,4,36
mega645,01277,main,Main numbers,5,37
mega645,01277,main,Main numbers,6,40
mega645,01278,main,Main numbers,1,11
mega645,01278,main,Main numbers,2,17
mega645,01278,main,Main numbers,3,29
mega645,01278,main,Main numbers,4,31
mega645,01278,main,Main numbers,5,38
mega645,01278,main,Main numbers,6,42
mega645,01279,main,Main numbers,1,4
mega645,01279,main,Main numbers,2,16
mega645,01279,main,Main numbers,3,24
mega645,01279,main,Main numbers,4,29
mega645,01279,main,Main numbers,5,31
mega645,01279,main,Main numbers,6,37
mega645,01280,main,Main numbers,1,1
mega645,01280,main,Main numbers,2,14
mega645,01280,main,Main numbers,3,15
mega645,01280,main,Main numbers,4,19
mega645,01280,main,Main numbers,5,38
mega645,01280,main,Main numbers,6,40
mega645,01281,main,Main numbers,1,5
mega645,01281,main,Main numbers,2,14
mega645,01281,main,Main numbers,3,15
mega645,01281,main,Main numbers,4,21
mega645,01281,main,Main numbers,5,33
mega645,01281,main,Main numbers,6,36
mega645,01282,main,Main numbers,1,6
mega645,01282,main,Main numbers,2,21
mega645,01282,main,Main numbers,3,24
mega645,01282,main,Main numbers,4,31
mega645,01282,main,Main numbers,5,42
mega645,01282,main,Main numbers,6,44
mega645,01283,main,Main numbers,1,12
mega645,01283,main,Main numbers,2,15
mega645,01283,main,Main numbers,3,33
mega645,01283,main,Main numbers,4,35
mega645,01283,main,Main numbers,5,37
mega645,01283,main,Main numbers,6,45
mega645,01284,main,Main numbers,1,15
mega645,01284,main,Main numbers,2,17
mega645,01284,main,Main numbers,3,25
mega645,01284,main,Main numbers,4,29
mega645,01284,main,Main numbers,5,33
mega645,01284,main,Main numbers,6,35
mega645,01285,main,Main numbers,1,7
mega645,01285,main,Main numbers,2,14
mega645,01285,main,Main numbers,3,19
mega645,01285,main,Main numbers,4,24
mega645,01285,main,Main numbers,5,34
mega645,01285,main,Main numbers,6,36
mega645,01286,main,Main numbers,1,8
mega645,01286,main,Main numbers,2,14
mega645,01286,main,Main numbers,3,18
mega645,01286,main,Main numbers,4,26
mega645,01286,main,Main numbers,5,34
mega645,01286,main,Main numbers,6,42
mega645,01287,main,Main numbers,1,1
mega645,01287,main,Main numbers,2,13
mega645,01287,main,Main numbers,3,24
mega645,01287,main,Main numbers,4,26
mega645,01287,main,Main numbers,5,27
mega645,01287,main,Main numbers,6,37
mega645,01288,main,Main numbers,1,2
mega645,01288,main,Main numbers,2,10
mega645,01288,main,Main numbers,3,17
mega645,01288,main,Main numbers,4,23
mega645,01288,main,Main numbers,5,29
mega645,01288,main,Main numbers,6,33
mega645,01289,main,Main numbers,1,3
mega645,01289,main,Main numbers,2,7
mega645,01289,main,Main numbers,3,29
mega645,01289,main,Main numbers,4,36
mega645,01289,main,Main numbers,5,37
mega645,01289,main,Main numbers,6,44
mega645,01290,main,Main numbers,1,1
mega645,01290,main,Main numbers,2,10
mega645,01290,main,Main numbers,3,20
mega645,01290,main,Main numbers,4,22
mega645,01290,main,Main numbers,5,23
mega645,01290,main,Main numbers,6,36
mega645,01291,main,Main numbers,1,3
mega645,01291,main,Main numbers,2,7
mega645,01291,main,Main numbers,3,12
mega645,01291,main,Main numbers,4,16
mega645,01291,main,Main numbers,5,26
mega645,01291,main,Main numbers,6,34
mega645,01292,main,Main numbers,1,6
mega645,01292,main,Main numbers,2,9
mega645,01292,main,Main numbers,3,12
mega645,01292,main,Main numbers,4,21
mega645,01292,main,Main numbers,5,28
mega645,01292,main,Main numbers,6,33
mega645,01293,main,Main numbers,1,15
mega645,01293,main,Main numbers,2,16
mega645,01293,main,Main numbers,3,24
mega645,01293,main,Main numbers,4,27
mega645,01293,main,Main numbers,5,31
mega645,01293,main,Main numbers,6,44
mega645,01294,main,Main numbers,1,8
mega645,01294,main,Main numbers,2,13
mega645,01294,main,Main numbers,3,20
mega645,01294,main,Main numbers,4,25
mega645,01294,main,Main numbers,5,28
mega645,01294,main,Main numbers,6,39
mega645,01295,main,Main numbers,1,1
mega645,01295,main,Main numbers,2,10
mega645,01295,main,Main numbers,3,13
mega645,01295,main,Main numbers,4,24
mega645,01295,main,Main numbers,5,25
mega645,01295,main,Main numbers,6,33
mega645,01296,main,Main numbers,1,5
mega645,01296,main,Main numbers,2,8
mega645,01296,main,Main numbers,3,19
mega645,01296,main,Main numbers,4,31
mega645,01296,main,Main numbers,5,34
mega645,01296,main,Main numbers,6,43
mega645,01297,main,Main numbers,1,14
mega645,01297,main,Main numbers,2,20
mega645,01297,main,Main numbers,3,25
mega645,01297,main,Main numbers,4,28
mega645,01297,main,Main numbers,5,36
mega645,01297,main,Main numbers,6,40
mega645,01298,main,Main numbers,1,6
mega645,01298,main,Main numbers,2,12
mega645,01298,main,Main numbers,3,21
mega645,01298,main,Main numbers,4,27
mega645,01298,main,Main numbers,5,34
mega645,01298,main,Main numbers,6,41
mega645,01299,main,Main numbers,1,2
mega645,01299,main,Main numbers,2,7
mega645,01299,main,Main numbers,3,15
mega645,01299,main,Main numbers,4,37
mega645,01299,main,Main numbers,5,41
mega645,01299,main,Main numbers,6,42
mega645,01300,main,Main numbers,1,2
mega645,01300,main,Main numbers,2,3
mega645,01300,main,Main numbers,3,17
mega645,01300,main,Main numbers,4,33
mega645,01300,main,Main numbers,5,37
mega645,01300,main,Main numbers,6,38
mega645,01301,main,Main numbers,1,2
mega645,01301,main,Main numbers,2,4
mega645,01301,main,Main numbers,3,8
mega645,01301,main,Main numbers,4,28
mega645,01301,main,Main numbers,5,42
mega645,01301,main,Main numbers,6,44
mega645,01302,main,Main numbers,1,2
mega645,01302,main,Main numbers,2,9
mega645,01302,main,Main numbers,3,12
mega645,01302,main,Main numbers,4,14
mega645,01302,main,Main numbers,5,41
mega645,01302,main,Main numbers,6,44
mega645,01303,main,Main numbers,1,2
mega645,01303,main,Main numbers,2,6
mega645,01303,main,Main numbers,3,8
mega645,01303,main,Main numbers,4,10
mega645,01303,main,Main numbers,5,23
mega645,01303,main,Main numbers,6,33
mega645,01304,main,Main numbers,1,2
mega645,01304,main,Main numbers,2,12
mega645,01304,main,Main numbers,3,22
mega645,01304,main,Main numbers,4,31
mega645,01304,main,Main numbers,5,34
mega645,01304,main,Main numbers,6,35
mega645,01305,main,Main numbers,1,5
mega645,01305,main,Main numbers,2,6
mega645,01305,main,Main numbers,3,10
mega645,01305,main,Main numbers,4,19
mega645,01305,main,Main numbers,5,32
mega645,01305,main,Main numbers,6,38
mega645,01306,main,Main numbers,1,3
mega645,01306,main,Main numbers,2,21
mega645,01306,main,Main numbers,3,26
mega645,01306,main,Main numbers,4,29
mega645,01306,main,Main numbers,5,32
mega645,01306,main,Main numbers,6,33
mega645,01307,main,Main numbers,1,1
mega645,01307,main,Main numbers,2,7
mega645,01307,main,Main numbers,3,11
mega645,01307,main,Main numbers,4,22
mega645,01307,main,Main numbers,5,31
mega645,01307,main,Main numbers,6,34
mega645,01308,main,Main numbers,1,5
mega645,01308,main,Main numbers,2,8
mega645,01308,main,Main numbers,3,9
mega645,01308,main,Main numbers,4,11
mega645,01308,main,Main numbers,5,20
mega645,01308,main,Main numbers,6,29
mega645,01309,main,Main numbers,1,2
mega645,01309,main,Main numbers,2,15
mega645,01309,main,Main numbers,3,16
mega645,01309,main,Main numbers,4,32
mega645,01309,main,Main numbers,5,42
mega645,01309,main,Main numbers,6,45
mega645,01310,main,Main numbers,1,15
mega645,01310,main,Main numbers,2,20
mega645,01310,main,Main numbers,3,22
mega645,01310,main,Main numbers,4,29
mega645,01310,main,Main numbers,5,32
mega645,01310,main,Main numbers,6,36
mega645,01311,main,Main numbers,1,4
mega645,01311,main,Main numbers,2,6
mega645,01311,main,Main numbers,3,9
mega645,01311,main,Main numbers,4,14
mega645,01311,main,Main numbers,5,25
mega645,01311,main,Main numbers,6,41
mega645,01312,main,Main numbers,1,4
mega645,01312,main,Main numbers,2,5
mega645,01312,main,Main numbers,3,25
mega645,01312,main,Main numbers,4,27
mega645,01312,main,Main numbers,5,35
mega645,01312,main,Main numbers,6,39
mega645,01313,main,Main numbers,1,8
mega645,01313,main,Main numbers,2,16
mega645,01313,main,Main numbers,3,22
mega645,01313,main,Main numbers,4,27
mega645,01313,main,Main numbers,5,31
mega645,01313,main,Main numbers,6,34
mega645,01314,main,Main numbers,1,7
mega645,01314,main,Main numbers,2,19
mega645,01314,main,Main numbers,3,31
mega645,01314,main,Main numbers,4,39
mega645,01314,main,Main numbers,5,42
mega645,01314,main,Main numbers,6,43
mega645,01315,main,Main numbers,1,6
mega645,01315,main,Main numbers,2,8
mega645,01315,main,Main numbers,3,10
mega645,01315,main,Main numbers,4,27
mega645,01315,main,Main numbers,5,28
mega645,01315,main,Main numbers,6,32
mega645,01316,main,Main numbers,1,11
mega645,01316,main,Main numbers,2,19
mega645,01316,main,Main numbers,3,26
mega645,01316,main,Main numbers,4,28
mega645,01316,main,Main numbers,5,35
mega645,01316,main,Main numbers,6,40
mega645,01317,main,Main numbers,1,1
mega645,01317,main,Main numbers,2,6
mega645,01317,main,Main numbers,3,10
mega645,01317,main,Main numbers,4,11
mega645,01317,main,Main numbers,5,25
mega645,01317,main,Main numbers,6,29
mega645,01318,main,Main numbers,1,4
mega645,01318,main,Main numbers,2,9
mega645,01318,main,Main numbers,3,19
mega645,01318,main,Main numbers,4,20
mega645,01318,main,Main numbers,5,30
mega645,01318,main,Main numbers,6,42
mega645,01319,main,Main numbers,1,10
mega645,01319,main,Main numbers,2,12
mega645,01319,main,Main numbers,3,15
mega645,01319,main,Main numbers,4,17
mega645,01319,main,Main numbers,5,24
mega645,01319,main,Main numbers,6,33
mega645,01320,main,Main numbers,1,2
mega645,01320,main,Main numbers,2,13
mega645,01320,main,Main numbers,3,15
mega645,01320,main,Main numbers,4,16
mega645,01320,main,Main numbers,5,18
mega645,01320,main,Main numbers,6,20
mega645,01321,main,Main numbers,1,10
mega645,01321,main,Main numbers,2,11
mega645,01321,main,Main numbers,3,14
mega645,01321,main,Main numbers,4,16
mega645,01321,main,Main numbers,5,21
mega645,01321,main,Main numbers,6,29
mega645,01322,main,Main numbers,1,8
mega645,01322,main,Main numbers,2,24
mega645,01322,main,Main numbers,3,30
mega645,01322,main,Main numbers,4,33
mega645,01322,main,Main numbers,5,42
mega645,01322,main,Main numbers,6,45
mega645,01323,main,Main numbers,1,10
mega645,01323,main,Main numbers,2,22
mega645,01323,main,Main numbers,3,32
mega645,01323,main,Main numbers,4,37
mega645,01323,main,Main numbers,5,41
mega645,01323,main,Main numbers,6,43
mega645,01324,main,Main numbers,1,8
mega645,01324,main,Main numbers,2,11
mega645,01324,main,Main numbers,3,12
mega645,01324,main,Main numbers,4,20
mega645,01324,main,Main numbers,5,25
mega645,01324,main,Main numbers,6,32
mega645,01325,main,Main numbers,1,10
mega645,01325,main,Main numbers,2,11
mega645,01325,main,Main numbers,3,30
mega645,01325,main,Main numbers,4,33
mega645,01325,main,Main numbers,5,44
mega645,01325,main,Main numbers,6,45
mega645,01326,main,Main numbers,1,19
mega645,01326,main,Main numbers,2,26
mega645,01326,main,Main numbers,3,30
mega645,01326,main,Main numbers,4,32
mega645,01326,main,Main numbers,5,36
mega645,01326,main,Main numbers,6,42
mega645,01327,main,Main numbers,1,7
mega645,01327,main,Main numbers,2,11
mega645,01327,main,Main numbers,3,13
mega645,01327,main,Main numbers,4,16
mega645,01327,main,Main numbers,5,28
mega645,01327,main,Main numbers,6,30
mega645,01328,main,Main numbers,1,2
mega645,01328,main,Main numbers,2,12
mega645,01328,main,Main numbers,3,14
mega645,01328,main,Main numbers,4,16
mega645,01328,main,Main numbers,5,38
mega645,01328,main,Main numbers,6,45
mega645,01329,main,Main numbers,1,12
mega645,01329,main,Main numbers,2,23
mega645,01329,main,Main numbers,3,27
mega645,01329,main,Main numbers,4,28
mega645,01329,main,Main numbers,5,29
mega645,01329,main,Main numbers,6,43
mega645,01330,main,Main numbers,1,31
mega645,01330,main,Main numbers,2,32
mega645,01330,main,Main numbers,3,34
mega645,01330,main,Main numbers,4,41
mega645,01330,main,Main numbers,5,42
mega645,01330,main,Main numbers,6,45
mega645,01331,main,Main numbers,1,5
mega645,01331,main,Main numbers,2,6
mega645,01331,main,Main numbers,3,8
mega645,01331,main,Main numbers,4,9
mega645,01331,main,Main numbers,5,36
mega645,01331,main,Main numbers,6,45
mega645,01332,main,Main numbers,1,17
mega645,01332,main,Main numbers,2,24
mega645,01332,main,Main numbers,3,25
mega645,01332,main,Main numbers,4,30
mega645,01332,main,Main numbers,5,35
mega645,01332,main,Main numbers,6,39
mega645,01333,main,Main numbers,1,5
mega645,01333,main,Main numbers,2,7
mega645,01333,main,Main numbers,3,22
mega645,01333,main,Main numbers,4,28
mega645,01333,main,Main numbers,5,29
mega645,01333,main,Main numbers,6,34
mega645,01334,main,Main numbers,1,14
mega645,01334,main,Main numbers,2,15
mega645,01334,main,Main numbers,3,33
mega645,01334,main,Main numbers,4,38
mega645,01334,main,Main numbers,5,42
mega645,01334,main,Main numbers,6,45
mega645,01335,main,Main numbers,1,8
mega645,01335,main,Main numbers,2,14
mega645,01335,main,Main numbers,3,15
mega645,01335,main,Main numbers,4,22
mega645,01335,main,Main numbers,5,31
mega645,01335,main,Main numbers,6,34
mega645,01336,main,Main numbers,1,2
mega645,01336,main,Main numbers,2,13
mega645,01336,main,Main numbers,3,24
mega645,01336,main,Main numbers,4,25
mega645,01336,main,Main numbers,5,28
mega645,01336,main,Main numbers,6,38
mega645,01337,main,Main numbers,1,3
mega645,01337,main,Main numbers,2,5
mega645,01337,main,Main numbers,3,6
mega645,01337,main,Main numbers,4,13
mega645,01337,main,Main numbers,5,18
mega645,01337,main,Main numbers,6,22
mega645,01338,main,Main numbers,1,5
mega645,01338,main,Main numbers,2,8
mega645,01338,main,Main numbers,3,11
mega645,01338,main,Main numbers,4,22
mega645,01338,main,Main numbers,5,41
mega645,01338,main,Main numbers,6,44
mega645,01339,main,Main numbers,1,1
mega645,01339,main,Main numbers,2,13
mega645,01339,main,Main numbers,3,14
mega645,01339,main,Main numbers,4,26
mega645,01339,main,Main numbers,5,37
mega645,01339,main,Main numbers,6,43
mega645,01340,main,Main numbers,1,13
mega645,01340,main,Main numbers,2,14
mega645,01340,main,Main numbers,3,18
mega645,01340,main,Main numbers,4,25
mega645,01340,main,Main numbers,5,30
mega645,01340,main,Main numbers,6,32
mega645,01341,main,Main numbers,1,5
mega645,01341,main,Main numbers,2,8
mega645,01341,main,Main numbers,3,12
mega645,01341,main,Main numbers,4,16
mega645,01341,main,Main numbers,5,28
mega645,01341,main,Main numbers,6,32
mega645,01342,main,Main numbers,1,5
mega645,01342,main,Main numbers,2,20
mega645,01342,main,Main numbers,3,21
mega645,01342,main,Main numbers,4,22
mega645,01342,main,Main numbers,5,29
mega645,01342,main,Main numbers,6,44
mega645,01343,main,Main numbers,1,5
mega645,01343,main,Main numbers,2,7
mega645,01343,main,Main numbers,3,14
mega645,01343,main,Main numbers,4,26
mega645,01343,main,Main numbers,5,29
mega645,01343,main,Main numbers,6,44
mega645,01344,main,Main numbers,1,7
mega645,01344,main,Main numbers,2,12
mega645,01344,main,Main numbers,3,23
mega645,01344,main,Main numbers,4,34
mega645,01344,main,Main numbers,5,42
mega645,01344,main,Main numbers,6,43
mega645,01345,main,Main numbers,1,4
mega645,01345,main,Main numbers,2,8
mega645,01345,main,Main numbers,3,9
mega645,01345,main,Main numbers,4,10
mega645,01345,main,Main numbers,5,20
mega645,01345,main,Main numbers,6,34
mega645,01346,main,Main numbers,1,8
mega645,01346,main,Main numbers,2,11
mega645,01346,main,Main numbers,3,31
mega645,01346,main,Main numbers,4,35
mega645,01346,main,Main numbers,5,36
mega645,01346,main,Main numbers,6,45
mega645,01347,main,Main numbers,1,1
mega645,01347,main,Main numbers,2,17
mega645,01347,main,Main numbers,3,26
mega645,01347,main,Main numbers,4,33
mega645,01347,main,Main numbers,5,36
mega645,01347,main,Main numbers,6,44
mega645,01348,main,Main numbers,1,3
mega645,01348,main,Main numbers,2,7
mega645,01348,main,Main numbers,3,32
mega645,01348,main,Main numbers,4,37
mega645,01348,main,Main numbers,5,42
mega645,01348,main,Main numbers,6,45
mega645,01349,main,Main numbers,1,6
mega645,01349,main,Main numbers,2,7
mega645,01349,main,Main numbers,3,8
mega645,01349,main,Main numbers,4,9
mega645,01349,main,Main numbers,5,12
mega645,01349,main,Main numbers,6,29
mega645,01350,main,Main numbers,1,8
mega645,01350,main,Main numbers,2,27
mega645,01350,main,Main numbers,3,28
mega645,01350,main,Main numbers,4,31
mega645,01350,main,Main numbers,5,34
mega645,01350,main,Main numbers,6,40
mega645,01351,main,Main numbers,1,1
mega645,01351,main,Main numbers,2,7
mega645,01351,main,Main numbers,3,9
mega645,01351,main,Main numbers,4,34
mega645,01351,main,Main numbers,5,40
mega645,01351,main,Main numbers,6,42
mega645,01352,main,Main numbers,1,13
mega645,01352,main,Main numbers,2,15
mega645,01352,main,Main numbers,3,17
mega645,01352,main,Main numbers,4,22
mega645,01352,main,Main numbers,5,28
mega645,01352,main,Main numbers,6,43
mega645,01353,main,Main numbers,1,19
mega645,01353,main,Main numbers,2,24
mega645,01353,main,Main numbers,3,27
mega645,01353,main,Main numbers,4,37
mega645,01353,main,Main numbers,5,44
mega645,01353,main,Main numbers,6,45
mega645,01354,main,Main numbers,1,5
mega645,01354,main,Main numbers,2,9
mega645,01354,main,Main numbers,3,14
mega645,01354,main,Main numbers,4,22
mega645,01354,main,Main numbers,5,32
mega645,01354,main,Main numbers,6,44
mega645,01355,main,Main numbers,1,6
mega645,01355,main,Main numbers,2,7
mega645,01355,main,Main numbers,3,17
mega645,01355,main,Main numbers,4,27
mega645,01355,main,Main numbers,5,30
mega645,01355,main,Main numbers,6,42
mega645,01356,main,Main numbers,1,2
mega645,01356,main,Main numbers,2,13
mega645,01356,main,Main numbers,3,14
mega645,01356,main,Main numbers,4,21
mega645,01356,main,Main numbers,5,24
mega645,01356,main,Main numbers,6,30
mega645,01357,main,Main numbers,1,2
mega645,01357,main,Main numbers,2,4
mega645,01357,main,Main numbers,3,15
mega645,01357,main,Main numbers,4,16
mega645,01357,main,Main numbers,5,29
mega645,01357,main,Main numbers,6,43
mega645,01358,main,Main numbers,1,5
mega645,01358,main,Main numbers,2,14
mega645,01358,main,Main numbers,3,23
mega645,01358,main,Main numbers,4,24
mega645,01358,main,Main numbers,5,28
mega645,01358,main,Main numbers,6,44
mega645,01359,main,Main numbers,1,17
mega645,01359,main,Main numbers,2,22
mega645,01359,main,Main numbers,3,23
mega645,01359,main,Main numbers,4,28
mega645,01359,main,Main numbers,5,31
mega645,01359,main,Main numbers,6,41
mega645,01360,main,Main numbers,1,4
mega645,01360,main,Main numbers,2,7
mega645,01360,main,Main numbers,3,12
mega645,01360,main,Main numbers,4,35
mega645,01360,main,Main numbers,5,37
mega645,01360,main,Main numbers,6,41
mega645,01361,main,Main numbers,1,9
mega645,01361,main,Main numbers,2,24
mega645,01361,main,Main numbers,3,29
mega645,01361,main,Main numbers,4,37
mega645,01361,main,Main numbers,5,42
mega645,01361,main,Main numbers,6,44
mega645,01362,main,Main numbers,1,11
mega645,01362,main,Main numbers,2,23
mega645,01362,main,Main numbers,3,26
mega645,01362,main,Main numbers,4,27
mega645,01362,main,Main numbers,5,29
mega645,01362,main,Main numbers,6,32
mega645,01363,main,Main numbers,1,24
mega645,01363,main,Main numbers,2,26
mega645,01363,main,Main numbers,3,35
mega645,01363,main,Main numbers,4,39
mega645,01363,main,Main numbers,5,41
mega645,01363,main,Main numbers,6,45
mega645,01364,main,Main numbers,1,6
mega645,01364,main,Main numbers,2,17
mega645,01364,main,Main numbers,3,18
mega645,01364,main,Main numbers,4,19
mega645,01364,main,Main numbers,5,31
mega645,01364,main,Main numbers,6,37
mega645,01365,main,Main numbers,1,10
mega645,01365,main,Main numbers,2,13
mega645,01365,main,Main numbers,3,22
mega645,01365,main,Main numbers,4,27
mega645,01365,main,Main numbers,5,41
mega645,01365,main,Main numbers,6,45
mega645,01366,main,Main numbers,1,1
mega645,01366,main,Main numbers,2,13
mega645,01366,main,Main numbers,3,19
mega645,01366,main,Main numbers,4,28
mega645,01366,main,Main numbers,5,30
mega645,01366,main,Main numbers,6,36
mega645,01367,main,Main numbers,1,15
mega645,01367,main,Main numbers,2,16
mega645,01367,main,Main numbers,3,22
mega645,01367,main,Main numbers,4,23
mega645,01367,main,Main numbers,5,29
mega645,01367,main,Main numbers,6,32
mega645,01368,main,Main numbers,1,19
mega645,01368,main,Main numbers,2,23
mega645,01368,main,Main numbers,3,24
mega645,01368,main,Main numbers,4,26
mega645,01368,main,Main numbers,5,36
mega645,01368,main,Main numbers,6,41
mega645,01369,main,Main numbers,1,2
mega645,01369,main,Main numbers,2,8
mega645,01369,main,Main numbers,3,18
mega645,01369,main,Main numbers,4,22
mega645,01369,main,Main numbers,5,26
mega645,01369,main,Main numbers,6,29
mega645,01370,main,Main numbers,1,1
mega645,01370,main,Main numbers,2,9
mega645,01370,main,Main numbers,3,14
mega645,01370,main,Main numbers,4,20
mega645,01370,main,Main numbers,5,34
mega645,01370,main,Main numbers,6,41
mega645,01371,main,Main numbers,1,8
mega645,01371,main,Main numbers,2,10
mega645,01371,main,Main numbers,3,26
mega645,01371,main,Main numbers,4,29
mega645,01371,main,Main numbers,5,35
mega645,01371,main,Main numbers,6,39
mega645,01372,main,Main numbers,1,9
mega645,01372,main,Main numbers,2,14
mega645,01372,main,Main numbers,3,26
mega645,01372,main,Main numbers,4,30
mega645,01372,main,Main numbers,5,44
mega645,01372,main,Main numbers,6,45
mega645,01373,main,Main numbers,1,10
mega645,01373,main,Main numbers,2,23
mega645,01373,main,Main numbers,3,25
mega645,01373,main,Main numbers,4,26
mega645,01373,main,Main numbers,5,27
mega645,01373,main,Main numbers,6,28
mega645,01374,main,Main numbers,1,12
mega645,01374,main,Main numbers,2,16
mega645,01374,main,Main numbers,3,21
mega645,01374,main,Main numbers,4,28
mega645,01374,main,Main numbers,5,34
mega645,01374,main,Main numbers,6,41
mega645,01375,main,Main numbers,1,7
mega645,01375,main,Main numbers,2,9
mega645,01375,main,Main numbers,3,21
mega645,01375,main,Main numbers,4,29
mega645,01375,main,Main numbers,5,41
mega645,01375,main,Main numbers,6,45
mega645,01376,main,Main numbers,1,5
mega645,01376,main,Main numbers,2,8
mega645,01376,main,Main numbers,3,13
mega645,01376,main,Main numbers,4,23
mega645,01376,main,Main numbers,5,36
mega645,01376,main,Main numbers,6,45
mega645,01377,main,Main numbers,1,7
mega645,01377,main,Main numbers,2,8
mega645,01377,main,Main numbers,3,30
mega645,01377,main,Main numbers,4,32
mega645,01377,main,Main numbers,5,33
mega645,01377,main,Main numbers,6,44
mega645,01378,main,Main numbers,1,11
mega645,01378,main,Main numbers,2,20
mega645,01378,main,Main numbers,3,22
mega645,01378,main,Main numbers,4,24
mega645,01378,main,Main numbers,5,43
mega645,01378,main,Main numbers,6,45
mega645,01379,main,Main numbers,1,9
mega645,01379,main,Main numbers,2,17
mega645,01379,main,Main numbers,3,22
mega645,01379,main,Main numbers,4,27
mega645,01379,main,Main numbers,5,35
mega645,01379,main,Main numbers,6,36
mega645,01380,main,Main numbers,1,6
mega645,01380,main,Main numbers,2,11
mega645,01380,main,Main numbers,3,14
mega645,01380,main,Main numbers,4,19
mega645,01380,main,Main numbers,5,21
mega645,01380,main,Main numbers,6,42
mega645,01381,main,Main numbers,1,7
mega645,01381,main,Main numbers,2,22
mega645,01381,main,Main numbers,3,24
mega645,01381,main,Main numbers,4,28
mega645,01381,main,Main numbers,5,42
mega645,01381,main,Main numbers,6,45
mega645,01382,main,Main numbers,1,11
mega645,01382,main,Main numbers,2,13
mega645,01382,main,Main numbers,3,14
mega645,01382,main,Main numbers,4,20
mega645,01382,main,Main numbers,5,37
mega645,01382,main,Main numbers,6,42
mega645,01383,main,Main numbers,1,24
mega645,01383,main,Main numbers,2,26
mega645,01383,main,Main numbers,3,29
mega645,01383,main,Main numbers,4,32
mega645,01383,main,Main numbers,5,37
mega645,01383,main,Main numbers,6,44
mega645,01384,main,Main numbers,1,20
mega645,01384,main,Main numbers,2,30
mega645,01384,main,Main numbers,3,34
mega645,01384,main,Main numbers,4,35
mega645,01384,main,Main numbers,5,38
mega645,01384,main,Main numbers,6,39
mega645,01385,main,Main numbers,1,1
mega645,01385,main,Main numbers,2,9
mega645,01385,main,Main numbers,3,12
mega645,01385,main,Main numbers,4,27
mega645,01385,main,Main numbers,5,39
mega645,01385,main,Main numbers,6,45
mega645,01386,main,Main numbers,1,2
mega645,01386,main,Main numbers,2,3
mega645,01386,main,Main numbers,3,6
mega645,01386,main,Main numbers,4,16
mega645,01386,main,Main numbers,5,26
mega645,01386,main,Main numbers,6,34
mega645,01387,main,Main numbers,1,5
mega645,01387,main,Main numbers,2,29
mega645,01387,main,Main numbers,3,30
mega645,01387,main,Main numbers,4,31
mega645,01387,main,Main numbers,5,36
mega645,01387,main,Main numbers,6,38
mega645,01388,main,Main numbers,1,5
mega645,01388,main,Main numbers,2,14
mega645,01388,main,Main numbers,3,24
mega645,01388,main,Main numbers,4,26
mega645,01388,main,Main numbers,5,37
mega645,01388,main,Main numbers,6,43
mega645,01389,main,Main numbers,1,3
mega645,01389,main,Main numbers,2,12
mega645,01389,main,Main numbers,3,14
mega645,01389,main,Main numbers,4,18
mega645,01389,main,Main numbers,5,29
mega645,01389,main,Main numbers,6,34
mega645,01390,main,Main numbers,1,11
mega645,01390,main,Main numbers,2,17
mega645,01390,main,Main numbers,3,20
mega645,01390,main,Main numbers,4,26
mega645,01390,main,Main numbers,5,27
mega645,01390,main,Main numbers,6,38
mega645,01391,main,Main numbers,1,13
mega645,01391,main,Main numbers,2,21
mega645,01391,main,Main numbers,3,26
mega645,01391,main,Main numbers,4,28
mega645,01391,main,Main numbers,5,31
mega645,01391,main,Main numbers,6,35
mega645,01392,main,Main numbers,1,10
mega645,01392,main,Main numbers,2,15
mega645,01392,main,Main numbers,3,28
mega645,01392,main,Main numbers,4,30
mega645,01392,main,Main numbers,5,35
mega645,01392,main,Main numbers,6,45
mega645,01393,main,Main numbers,1,5
mega645,01393,main,Main numbers,2,22
mega645,01393,main,Main numbers,3,27
mega645,01393,main,Main numbers,4,36
mega645,01393,main,Main numbers,5,43
mega645,01393,main,Main numbers,6,45
mega645,01394,main,Main numbers,1,15
mega645,01394,main,Main numbers,2,24
mega645,01394,main,Main numbers,3,26
mega645,01394,main,Main numbers,4,29
mega645,01394,main,Main numbers,5,31
mega645,01394,main,Main numbers,6,42
mega645,01395,main,Main numbers,1,4
mega645,01395,main,Main numbers,2,9
mega645,01395,main,Main numbers,3,27
mega645,01395,main,Main numbers,4,32
mega645,01395,main,Main numbers,5,38
mega645,01395,main,Main numbers,6,42
mega645,01396,main,Main numbers,1,1
mega645,01396,main,Main numbers,2,9
mega645,01396,main,Main numbers,3,10
mega645,01396,main,Main numbers,4,13
mega645,01396,main,Main numbers,5,37
mega645,01396,main,Main numbers,6,39
mega645,01397,main,Main numbers,1,2
mega645,01397,main,Main numbers,2,9
mega645,01397,main,Main numbers,3,20
mega645,01397,main,Main numbers,4,28
mega645,01397,main,Main numbers,5,32
mega645,01397,main,Main numbers,6,43
mega645,01398,main,Main numbers,1,3
mega645,01398,main,Main numbers,2,11
mega645,01398,main,Main numbers,3,18
mega645,01398,main,Main numbers,4,39
mega645,01398,main,Main numbers,5,40
mega645,01398,main,Main numbers,6,42
mega645,01399,main,Main numbers,1,2
mega645,01399,main,Main numbers,2,4
mega645,01399,main,Main numbers,3,10
mega645,01399,main,Main numbers,4,24
mega645,01399,main,Main numbers,5,35
mega645,01399,main,Main numbers,6,36
mega645,01400,main,Main numbers,1,3
mega645,01400,main,Main numbers,2,4
mega645,01400,main,Main numbers,3,14
mega645,01400,main,Main numbers,4,30
mega645,01400,main,Main numbers,5,32
mega645,01400,main,Main numbers,6,38
mega645,01401,main,Main numbers,1,14
mega645,01401,main,Main numbers,2,21
mega645,01401,main,Main numbers,3,23
mega645,01401,main,Main numbers,4,28
mega645,01401,main,Main numbers,5,44
mega645,01401,main,Main numbers,6,45
mega645,01402,main,Main numbers,1,1
mega645,01402,main,Main numbers,2,10
mega645,01402,main,Main numbers,3,20
mega645,01402,main,Main numbers,4,22
mega645,01402,main,Main numbers,5,41
mega645,01402,main,Main numbers,6,43
mega645,01403,main,Main numbers,1,6
mega645,01403,main,Main numbers,2,29
mega645,01403,main,Main numbers,3,30
mega645,01403,main,Main numbers,4,39
mega645,01403,main,Main numbers,5,42
mega645,01403,main,Main numbers,6,44
mega645,01404,main,Main numbers,1,7
mega645,01404,main,Main numbers,2,10
mega645,01404,main,Main numbers,3,18
mega645,01404,main,Main numbers,4,20
mega645,01404,main,Main numbers,5,24
mega645,01404,main,Main numbers,6,36
mega645,01405,main,Main numbers,1,17
mega645,01405,main,Main numbers,2,22
mega645,01405,main,Main numbers,3,24
mega645,01405,main,Main numbers,4,37
mega645,01405,main,Main numbers,5,42
mega645,01405,main,Main numbers,6,43
mega645,01406,main,Main numbers,1,3
mega645,01406,main,Main numbers,2,6
mega645,01406,main,Main numbers,3,9
mega645,01406,main,Main numbers,4,10
mega645,01406,main,Main numbers,5,30
mega645,01406,main,Main numbers,6,37
mega645,01407,main,Main numbers,1,11
mega645,01407,main,Main numbers,2,23
mega645,01407,main,Main numbers,3,25
mega645,01407,main,Main numbers,4,35
mega645,01407,main,Main numbers,5,38
mega645,01407,main,Main numbers,6,45
mega645,01408,main,Main numbers,1,4
mega645,01408,main,Main numbers,2,6
mega645,01408,main,Main numbers,3,17
mega645,01408,main,Main numbers,4,18
mega645,01408,main,Main numbers,5,28
mega645,01408,main,Main numbers,6,41
mega645,01409,main,Main numbers,1,2
mega645,01409,main,Main numbers,2,3
mega645,01409,main,Main numbers,3,6
mega645,01409,main,Main numbers,4,21
mega645,01409,main,Main numbers,5,28
mega645,01409,main,Main numbers,6,38
mega645,01410,main,Main numbers,1,3
mega645,01410,main,Main numbers,2,5
mega645,01410,main,Main numbers,3,17
mega645,01410,main,Main numbers,4,31
mega645,01410,main,Main numbers,5,32
mega645,01410,main,Main numbers,6,40
mega645,01411,main,Main numbers,1,12
mega645,01411,main,Main numbers,2,17
mega645,01411,main,Main numbers,3,19
mega645,01411,main,Main numbers,4,27
mega645,01411,main,Main numbers,5,28
mega645,01411,main,Main numbers,6,36
mega645,01412,main,Main numbers,1,8
mega645,01412,main,Main numbers,2,13
mega645,01412,main,Main numbers,3,18
mega645,01412,main,Main numbers,4,26
mega645,01412,main,Main numbers,5,36
mega645,01412,main,Main numbers,6,39
mega645,01413,main,Main numbers,1,3
mega645,01413,main,Main numbers,2,6
mega645,01413,main,Main numbers,3,7
mega645,01413,main,Main numbers,4,19
mega645,01413,main,Main numbers,5,30
mega645,01413,main,Main numbers,6,35
mega645,01414,main,Main numbers,1,29
mega645,01414,main,Main numbers,2,31
mega645,01414,main,Main numbers,3,32
mega645,01414,main,Main numbers,4,33
mega645,01414,main,Main numbers,5,34
mega645,01414,main,Main numbers,6,35
mega645,01415,main,Main numbers,1,5
mega645,01415,main,Main numbers,2,14
mega645,01415,main,Main numbers,3,22
mega645,01415,main,Main numbers,4,28
mega645,01415,main,Main numbers,5,32
mega645,01415,main,Main numbers,6,39
mega645,01416,main,Main numbers,1,8
mega645,01416,main,Main numbers,2,10
mega645,01416,main,Main numbers,3,11
mega645,01416,main,Main numbers,4,18
mega645,01416,main,Main numbers,5,23
mega645,01416,main,Main numbers,6,32
mega645,01417,main,Main numbers,1,4
mega645,01417,main,Main numbers,2,5
mega645,01417,main,Main numbers,3,25
mega645,01417,main,Main numbers,4,34
mega645,01417,main,Main numbers,5,39
mega645,01417,main,Main numbers,6,43
mega645,01418,main,Main numbers,1,4
mega645,01418,main,Main numbers,2,10
mega645,01418,main,Main numbers,3,16
mega645,01418,main,Main numbers,4,20
mega645,01418,main,Main numbers,5,28
mega645,01418,main,Main numbers,6,34
mega645,01419,main,Main numbers,1,1
mega645,01419,main,Main numbers,2,6
mega645,01419,main,Main numbers,3,18
mega645,01419,main,Main numbers,4,20
mega645,01419,main,Main numbers,5,29
mega645,01419,main,Main numbers,6,40
mega645,01420,main,Main numbers,1,15
mega645,01420,main,Main numbers,2,17
mega645,01420,main,Main numbers,3,18
mega645,01420,main,Main numbers,4,26
mega645,01420,main,Main numbers,5,31
mega645,01420,main,Main numbers,6,42
mega645,01421,main,Main numbers,1,16
mega645,01421,main,Main numbers,2,17
mega645,01421,main,Main numbers,3,25
mega645,01421,main,Main numbers,4,26
mega645,01421,main,Main numbers,5,28
mega645,01421,main,Main numbers,6,37
mega645,01422,main,Main numbers,1,5
mega645,01422,main,Main numbers,2,11
mega645,01422,main,Main numbers,3,12
mega645,01422,main,Main numbers,4,24
mega645,01422,main,Main numbers,5,28
mega645,01422,main,Main numbers,6,44
mega645,01423,main,Main numbers,1,2
mega645,01423,main,Main numbers,2,11
mega645,01423,main,Main numbers,3,24
mega645,01423,main,Main numbers,4,31
mega645,01423,main,Main numbers,5,32
mega645,01423,main,Main numbers,6,38
mega645,01424,main,Main numbers,1,18
mega645,01424,main,Main numbers,2,30
mega645,01424,main,Main numbers,3,34
mega645,01424,main,Main numbers,4,42
mega645,01424,main,Main numbers,5,43
mega645,01424,main,Main numbers,6,45
mega645,01425,main,Main numbers,1,7
mega645,01425,main,Main numbers,2,26
mega645,01425,main,Main numbers,3,35
mega645,01425,main,Main numbers,4,39
mega645,01425,main,Main numbers,5,41
mega645,01425,main,Main numbers,6,42
mega645,01426,main,Main numbers,1,3
mega645,01426,main,Main numbers,2,10
mega645,01426,main,Main numbers,3,31
mega645,01426,main,Main numbers,4,34
mega645,01426,main,Main numbers,5,36
mega645,01426,main,Main numbers,6,43
mega645,01427,main,Main numbers,1,3
mega645,01427,main,Main numbers,2,7
mega645,01427,main,Main numbers,3,12
mega645,01427,main,Main numbers,4,20
mega645,01427,main,Main numbers,5,30
mega645,01427,main,Main numbers,6,44
mega645,01428,main,Main numbers,1,2
mega645,01428,main,Main numbers,2,9
mega645,01428,main,Main numbers,3,18
mega645,01428,main,Main numbers,4,25
mega645,01428,main,Main numbers,5,30
mega645,01428,main,Main numbers,6,31
mega645,01429,main,Main numbers,1,3
mega645,01429,main,Main numbers,2,4
mega645,01429,main,Main numbers,3,20
mega645,01429,main,Main numbers,4,28
mega645,01429,main,Main numbers,5,39
mega645,01429,main,Main numbers,6,42
mega645,01430,main,Main numbers,1,13
mega645,01430,main,Main numbers,2,23
mega645,01430,main,Main numbers,3,27
mega645,01430,main,Main numbers,4,30
mega645,01430,main,Main numbers,5,37
mega645,01430,main,Main numbers,6,43
mega645,01431,main,Main numbers,1,16
mega645,01431,main,Main numbers,2,24
mega645,01431,main,Main numbers,3,29
mega645,01431,main,Main numbers,4,37
mega645,01431,main,Main numbers,5,40
mega645,01431,main,Main numbers,6,44
mega645,01432,main,Main numbers,1,3
mega645,01432,main,Main numbers,2,10
mega645,01432,main,Main numbers,3,15
mega645,01432,main,Main numbers,4,27
mega645,01432,main,Main numbers,5,41
mega645,01432,main,Main numbers,6,42
mega645,01433,main,Main numbers,1,15
mega645,01433,main,Main numbers,2,20
mega645,01433,main,Main numbers,3,31
mega645,01433,main,Main numbers,4,33
mega645,01433,main,Main numbers,5,34
mega645,01433,main,Main numbers,6,45
mega645,01434,main,Main numbers,1,9
mega645,01434,main,Main numbers,2,12
mega645,01434,main,Main numbers,3,19
mega645,01434,main,Main numbers,4,30
mega645,01434,main,Main numbers,5,40
mega645,01434,main,Main numbers,6,43
mega645,01435,main,Main numbers,1,8
mega645,01435,main,Main numbers,2,11
mega645,01435,main,Main numbers,3,18
mega645,01435,main,Main numbers,4,25
mega645,01435,main,Main numbers,5,28
mega645,01435,main,Main numbers,6,35
mega645,01436,main,Main numbers,1,4
mega645,01436,main,Main numbers,2,12
mega645,01436,main,Main numbers,3,19
mega645,01436,main,Main numbers,4,42
mega645,01436,main,Main numbers,5,43
mega645,01436,main,Main numbers,6,44
mega645,01437,main,Main numbers,1,2
mega645,01437,main,Main numbers,2,8
mega645,01437,main,Main numbers,3,15
mega645,01437,main,Main numbers,4,19
mega645,01437,main,Main numbers,5,30
mega645,01437,main,Main numbers,6,38
mega645,01438,main,Main numbers,1,2
mega645,01438,main,Main numbers,2,9
mega645,01438,main,Main numbers,3,17
mega645,01438,main,Main numbers,4,23
mega645,01438,main,Main numbers,5,39
mega645,01438,main,Main numbers,6,41
mega645,01439,main,Main numbers,1,7
mega645,01439,main,Main numbers,2,13
mega645,01439,main,Main numbers,3,26
mega645,01439,main,Main numbers,4,30
mega645,01439,main,Main numbers,5,34
mega645,01439,main,Main numbers,6,42
mega645,01440,main,Main numbers,1,8
mega645,01440,main,Main numbers,2,15
mega645,01440,main,Main numbers,3,20
mega645,01440,main,Main numbers,4,23
mega645,01440,main,Main numbers,5,31
mega645,01440,main,Main numbers,6,34
mega645,01441,main,Main numbers,1,2
mega645,01441,main,Main numbers,2,19
mega645,01441,main,Main numbers,3,23
mega645,01441,main,Main numbers,4,37
mega645,01441,main,Main numbers,5,42
mega645,01441,main,Main numbers,6,43
mega645,01442,main,Main numbers,1,1
mega645,01442,main,Main numbers,2,5
mega645,01442,main,Main numbers,3,23
mega645,01442,main,Main numbers,4,28
mega645,01442,main,Main numbers,5,29
mega645,01442,main,Main numbers,6,43
mega645,01443,main,Main numbers,1,7
mega645,01443,main,Main numbers,2,18
mega645,01443,main,Main numbers,3,22
mega645,01443,main,Main numbers,4,29
mega645,01443,main,Main numbers,5,30
mega645,01443,main,Main numbers,6,36
mega645,01444,main,Main numbers,1,3
mega645,01444,main,Main numbers,2,7
mega645,01444,main,Main numbers,3,13
mega645,01444,main,Main numbers,4,17
mega645,01444,main,Main numbers,5,38
mega645,01444,main,Main numbers,6,44
mega645,01445,main,Main numbers,1,8
mega645,01445,main,Main numbers,2,11
mega645,01445,main,Main numbers,3,13
mega645,01445,main,Main numbers,4,16
mega645,01445,main,Main numbers,5,28
mega645,01445,main,Main numbers,6,32
mega645,01446,main,Main numbers,1,5
mega645,01446,main,Main numbers,2,14
mega645,01446,main,Main numbers,3,24
mega645,01446,main,Main numbers,4,38
mega645,01446,main,Main numbers,5,41
mega645,01446,main,Main numbers,6,43
mega645,01447,main,Main numbers,1,1
mega645,01447,main,Main numbers,2,21
mega645,01447,main,Main numbers,3,36
mega645,01447,main,Main numbers,4,42
mega645,01447,main,Main numbers,5,43
mega645,01447,main,Main numbers,6,44
mega645,01448,main,Main numbers,1,6
mega645,01448,main,Main numbers,2,9
mega645,01448,main,Main numbers,3,12
mega645,01448,main,Main numbers,4,18
mega645,01448,main,Main numbers,5,29
mega645,01448,main,Main numbers,6,43
mega645,01449,main,Main numbers,1,15
mega645,01449,main,Main numbers,2,19
mega645,01449,main,Main numbers,3,31
mega645,01449,main,Main numbers,4,35
mega645,01449,main,Main numbers,5,43
mega645,01449,main,Main numbers,6,45
mega645,01450,main,Main numbers,1,4
mega645,01450,main,Main numbers,2,6
mega645,01450,main,Main numbers,3,16
mega645,01450,main,Main numbers,4,25
mega645,01450,main,Main numbers,5,27
mega645,01450,main,Main numbers,6,40
mega645,01451,main,Main numbers,1,1
mega645,01451,main,Main numbers,2,2
mega645,01451,main,Main numbers,3,7
mega645,01451,main,Main numbers,4,16
mega645,01451,main,Main numbers,5,31
mega645,01451,main,Main numbers,6,37
mega645,01452,main,Main numbers,1,1
mega645,01452,main,Main numbers,2,25
mega645,01452,main,Main numbers,3,35
mega645,01452,main,Main numbers,4,36
mega645,01452,main,Main numbers,5,37
mega645,01452,main,Main numbers,6,45
mega645,01453,main,Main numbers,1,7
mega645,01453,main,Main numbers,2,18
mega645,01453,main,Main numbers,3,22
mega645,01453,main,Main numbers,4,32
mega645,01453,main,Main numbers,5,37
mega645,01453,main,Main numbers,6,38
mega645,01454,main,Main numbers,1,2
mega645,01454,main,Main numbers,2,12
mega645,01454,main,Main numbers,3,21
mega645,01454,main,Main numbers,4,29
mega645,01454,main,Main numbers,5,35
mega645,01454,main,Main numbers,6,44
mega645,01455,main,Main numbers,1,1
mega645,01455,main,Main numbers,2,5
mega645,01455,main,Main numbers,3,7
mega645,01455,main,Main numbers,4,28
mega645,01455,main,Main numbers,5,31
mega645,01455,main,Main numbers,6,43
mega645,01456,main,Main numbers,1,8
mega645,01456,main,Main numbers,2,9
mega645,01456,main,Main numbers,3,17
mega645,01456,main,Main numbers,4,21
mega645,01456,main,Main numbers,5,36
mega645,01456,main,Main numbers,6,45
mega645,01457,main,Main numbers,1,8
mega645,01457,main,Main numbers,2,10
mega645,01457,main,Main numbers,3,21
mega645,01457,main,Main numbers,4,25
mega645,01457,main,Main numbers,5,31
mega645,01457,main,Main numbers,6,38
mega645,01458,main,Main numbers,1,1
mega645,01458,main,Main numbers,2,22
mega645,01458,main,Main numbers,3,23
mega645,01458,main,Main numbers,4,28
mega645,01458,main,Main numbers,5,39
mega645,01458,main,Main numbers,6,45
mega645,01459,main,Main numbers,1,2
mega645,01459,main,Main numbers,2,10
mega645,01459,main,Main numbers,3,21
mega645,01459,main,Main numbers,4,31
mega645,01459,main,Main numbers,5,34
mega645,01459,main,Main numbers,6,40
mega645,01460,main,Main numbers,1,2
mega645,01460,main,Main numbers,2,5
mega645,01460,main,Main numbers,3,15
mega645,01460,main,Main numbers,4,26
mega645,01460,main,Main numbers,5,39
mega645,01460,main,Main numbers,6,42
mega645,01461,main,Main numbers,1,1
mega645,01461,main,Main numbers,2,18
mega645,01461,main,Main numbers,3,23
mega645,01461,main,Main numbers,4,24
mega645,01461,main,Main numbers,5,29
mega645,01461,main,Main numbers,6,37
mega645,01462,main,Main numbers,1,9
mega645,01462,main,Main numbers,2,15
mega645,01462,main,Main numbers,3,16
mega645,01462,main,Main numbers,4,20
mega645,01462,main,Main numbers,5,22
mega645,01462,main,Main numbers,6,31
mega645,01463,main,Main numbers,1,2
mega645,01463,main,Main numbers,2,19
mega645,01463,main,Main numbers,3,20
mega645,01463,main,Main numbers,4,24
mega645,01463,main,Main numbers,5,33
mega645,01463,main,Main numbers,6,34
mega645,01464,main,Main numbers,1,4
mega645,01464,main,Main numbers,2,10
mega645,01464,main,Main numbers,3,16
mega645,01464,main,Main numbers,4,19
mega645,01464,main,Main numbers,5,27
mega645,01464,main,Main numbers,6,40
mega645,01465,main,Main numbers,1,16
mega645,01465,main,Main numbers,2,17
mega645,01465,main,Main numbers,3,30
mega645,01465,main,Main numbers,4,41
mega645,01465,main,Main numbers,5,42
mega645,01465,main,Main numbers,6,45
mega645,01466,main,Main numbers,1,1
mega645,01466,main,Main numbers,2,18
mega645,01466,main,Main numbers,3,21
mega645,01466,main,Main numbers,4,23
mega645,01466,main,Main numbers,5,30
mega645,01466,main,Main numbers,6,36
mega645,01467,main,Main numbers,1,2
mega645,01467,main,Main numbers,2,12
mega645,01467,main,Main numbers,3,14
mega645,01467,main,Main numbers,4,17
mega645,01467,main,Main numbers,5,39
mega645,01467,main,Main numbers,6,43
mega645,01468,main,Main numbers,1,2
mega645,01468,main,Main numbers,2,7
mega645,01468,main,Main numbers,3,13
mega645,01468,main,Main numbers,4,17
mega645,01468,main,Main numbers,5,42
mega645,01468,main,Main numbers,6,45
mega645,01469,main,Main numbers,1,6
mega645,01469,main,Main numbers,2,13
mega645,01469,main,Main numbers,3,16
mega645,01469,main,Main numbers,4,20
mega645,01469,main,Main numbers,5,23
mega645,01469,main,Main numbers,6,38
mega645,01470,main,Main numbers,1,15
mega645,01470,main,Main numbers,2,20
mega645,01470,main,Main numbers,3,35
mega645,01470,main,Main numbers,4,40
mega645,01470,main,Main numbers,5,44
mega645,01470,main,Main numbers,6,45
mega645,01471,main,Main numbers,1,8
mega645,01471,main,Main numbers,2,12
mega645,01471,main,Main numbers,3,31
mega645,01471,main,Main numbers,4,36
mega645,01471,main,Main numbers,5,42
mega645,01471,main,Main numbers,6,43
mega645,01472,main,Main numbers,1,4
mega645,01472,main,Main numbers,2,6
mega645,01472,main,Main numbers,3,7
mega645,01472,main,Main numbers,4,20
mega645,01472,main,Main numbers,5,28
mega645,01472,main,Main numbers,6,43
mega645,01473,main,Main numbers,1,1
mega645,01473,main,Main numbers,2,7
mega645,01473,main,Main numbers,3,19
mega645,01473,main,Main numbers,4,23
mega645,01473,main,Main numbers,5,26
mega645,01473,main,Main numbers,6,44
mega645,01474,main,Main numbers,1,4
mega645,01474,main,Main numbers,2,25
mega645,01474,main,Main numbers,3,28
mega645,01474,main,Main numbers,4,33
mega645,01474,main,Main numbers,5,34
mega645,01474,main,Main numbers,6,45
mega645,01475,main,Main numbers,1,7
mega645,01475,main,Main numbers,2,23
mega645,01475,main,Main numbers,3,24
mega645,01475,main,Main numbers,4,36
mega645,01475,main,Main numbers,5,38
mega645,01475,main,Main numbers,6,40
mega645,01476,main,Main numbers,1,4
mega645,01476,main,Main numbers,2,13
mega645,01476,main,Main numbers,3,20
mega645,01476,main,Main numbers,4,22
mega645,01476,main,Main numbers,5,23
mega645,01476,main,Main numbers,6,29
mega645,01477,main,Main numbers,1,2
mega645,01477,main,Main numbers,2,4
mega645,01477,main,Main numbers,3,8
mega645,01477,main,Main numbers,4,15
mega645,01477,main,Main numbers,5,17
mega645,01477,main,Main numbers,6,28
mega645,01478,main,Main numbers,1,16
mega645,01478,main,Main numbers,2,22
mega645,01478,main,Main numbers,3,23
mega645,01478,main,Main numbers,4,35
mega645,01478,main,Main numbers,5,44
mega645,01478,main,Main numbers,6,45
mega645,01479,main,Main numbers,1,1
mega645,01479,main,Main numbers,2,4
mega645,01479,main,Main numbers,3,6
mega645,01479,main,Main numbers,4,9
mega645,01479,main,Main numbers,5,13
mega645,01479,main,Main numbers,6,44
mega645,01480,main,Main numbers,1,2
mega645,01480,main,Main numbers,2,10
mega645,01480,main,Main numbers,3,12
mega645,01480,main,Main numbers,4,21
mega645,01480,main,Main numbers,5,32
mega645,01480,main,Main numbers,6,37
mega645,01481,main,Main numbers,1,6
mega645,01481,main,Main numbers,2,12
mega645,01481,main,Main numbers,3,13
mega645,01481,main,Main numbers,4,25
mega645,01481,main,Main numbers,5,31
mega645,01481,main,Main numbers,6,32
mega645,01482,main,Main numbers,1,16
mega645,01482,main,Main numbers,2,18
mega645,01482,main,Main numbers,3,19
mega645,01482,main,Main numbers,4,28
mega645,01482,main,Main numbers,5,31
mega645,01482,main,Main numbers,6,44
mega645,01483,main,Main numbers,1,11
mega645,01483,main,Main numbers,2,12
mega645,01483,main,Main numbers,3,20
mega645,01483,main,Main numbers,4,22
mega645,01483,main,Main numbers,5,31
mega645,01483,main,Main numbers,6,33
mega645,01484,main,Main numbers,1,4
mega645,01484,main,Main numbers,2,7
mega645,01484,main,Main numbers,3,11
mega645,01484,main,Main numbers,4,26
mega645,01484,main,Main numbers,5,42
mega645,01484,main,Main numbers,6,44
mega645,01485,main,Main numbers,1,14
mega645,01485,main,Main numbers,2,20
mega645,01485,main,Main numbers,3,33
mega645,01485,main,Main numbers,4,35
mega645,01485,main,Main numbers,5,36
mega645,01485,main,Main numbers,6,44
mega645,01486,main,Main numbers,1,8
mega645,01486,main,Main numbers,2,11
mega645,01486,main,Main numbers,3,22
mega645,01486,main,Main numbers,4,23
mega645,01486,main,Main numbers,5,38
mega645,01486,main,Main numbers,6,43
mega645,01487,main,Main numbers,1,5
mega645,01487,main,Main numbers,2,10
mega645,01487,main,Main numbers,3,22
mega645,01487,main,Main numbers,4,26
mega645,01487,main,Main numbers,5,31
mega645,01487,main,Main numbers,6,36
mega645,01488,main,Main numbers,1,16
mega645,01488,main,Main numbers,2,22
mega645,01488,main,Main numbers,3,24
mega645,01488,main,Main numbers,4,29
mega645,01488,main,Main numbers,5,35
mega645,01488,main,Main numbers,6,36
mega645,01489,main,Main numbers,1,5
mega645,01489,main,Main numbers,2,7
mega645,01489,main,Main numbers,3,13
mega645,01489,main,Main numbers,4,19
mega645,01489,main,Main numbers,5,38
mega645,01489,main,Main numbers,6,45
mega645,01490,main,Main numbers,1,5
mega645,01490,main,Main numbers,2,8
mega645,01490,main,Main numbers,3,18
mega645,01490,main,Main numbers,4,30
mega645,01490,main,Main numbers,5,37
mega645,01490,main,Main numbers,6,45
mega645,01491,main,Main numbers,1,6
mega645,01491,main,Main numbers,2,30
mega645,01491,main,Main numbers,3,34
mega645,01491,main,Main numbers,4,36
mega645,01491,main,Main numbers,5,37
mega645,01491,main,Main numbers,6,44
mega645,01492,main,Main numbers,1,2
mega645,01492,main,Main numbers,2,4
mega645,01492,main,Main numbers,3,23
mega645,01492,main,Main numbers,4,24
mega645,01492,main,Main numbers,5,35
mega645,01492,main,Main numbers,6,41
mega645,01493,main,Main numbers,1,2
mega645,01493,main,Main numbers,2,9
mega645,01493,main,Main numbers,3,23
mega645,01493,main,Main numbers,4,30
mega645,01493,main,Main numbers,5,32
mega645,01493,main,Main numbers,6,42
mega645,01494,main,Main numbers,1,5
mega645,01494,main,Main numbers,2,8
mega645,01494,main,Main numbers,3,23
mega645,01494,main,Main numbers,4,26
mega645,01494,main,Main numbers,5,38
mega645,01494,main,Main numbers,6,41
mega645,01495,main,Main numbers,1,7
mega645,01495,main,Main numbers,2,8
mega645,01495,main,Main numbers,3,10
mega645,01495,main,Main numbers,4,16
mega645,01495,main,Main numbers,5,28
mega645,01495,main,Main numbers,6,35
mega645,01496,main,Main numbers,1,1
mega645,01496,main,Main numbers,2,10
mega645,01496,main,Main numbers,3,11
mega645,01496,main,Main numbers,4,32
mega645,01496,main,Main numbers,5,39
mega645,01496,main,Main numbers,6,42
mega645,01497,main,Main numbers,1,21
mega645,01497,main,Main numbers,2,22
mega645,01497,main,Main numbers,3,33
mega645,01497,main,Main numbers,4,35
mega645,01497,main,Main numbers,5,36
mega645,01497,main,Main numbers,6,43
mega645,01498,main,Main numbers,1,1
mega645,01498,main,Main numbers,2,10
mega645,01498,main,Main numbers,3,19
mega645,01498,main,Main numbers,4,31
mega645,01498,main,Main numbers,5,36
mega645,01498,main,Main numbers,6,38
mega645,01499,main,Main numbers,1,7
mega645,01499,main,Main numbers,2,10
mega645,01499,main,Main numbers,3,15
mega645,01499,main,Main numbers,4,27
mega645,01499,main,Main numbers,5,33
mega645,01499,main,Main numbers,6,35
mega645,01500,main,Main numbers,1,2
mega645,01500,main,Main numbers,2,6
mega645,01500,main,Main numbers,3,15
mega645,01500,main,Main numbers,4,16
mega645,01500,main,Main numbers,5,17
mega645,01500,main,Main numbers,6,37
mega645,01501,main,Main numbers,1,20
mega645,01501,main,Main numbers,2,29
mega645,01501,main,Main numbers,3,33
mega645,01501,main,Main numbers,4,36
mega645,01501,main,Main numbers,5,41
mega645,01501,main,Main numbers,6,42
mega645,01502,main,Main numbers,1,12
mega645,01502,main,Main numbers,2,18
mega645,01502,main,Main numbers,3,22
mega645,01502,main,Main numbers,4,25
mega645,01502,main,Main numbers,5,31
mega645,01502,main,Main numbers,6,41
mega645,01503,main,Main numbers,1,4
mega645,01503,main,Main numbers,2,14
mega645,01503,main,Main numbers,3,15
mega645,01503,main,Main numbers,4,16
mega645,01503,main,Main numbers,5,17
mega645,01503,main,Main numbers,6,25
mega645,01504,main,Main numbers,1,4
mega645,01504,main,Main numbers,2,21
mega645,01504,main,Main numbers,3,25
mega645,01504,main,Main numbers,4,31
mega645,01504,main,Main numbers,5,41
mega645,01504,main,Main numbers,6,43
mega645,01505,main,Main numbers,1,7
mega645,01505,main,Main numbers,2,9
mega645,01505,main,Main numbers,3,14
mega645,01505,main,Main numbers,4,24
mega645,01505,main,Main numbers,5,38
mega645,01505,main,Main numbers,6,39
mega645,01506,main,Main numbers,1,9
mega645,01506,main,Main numbers,2,12
mega645,01506,main,Main numbers,3,28
mega645,01506,main,Main numbers,4,36
mega645,01506,main,Main numbers,5,37
mega645,01506,main,Main numbers,6,40
mega645,01507,main,Main numbers,1,4
mega645,01507,main,Main numbers,2,16
mega645,01507,main,Main numbers,3,17
mega645,01507,main,Main numbers,4,26
mega645,01507,main,Main numbers,5,34
mega645,01507,main,Main numbers,6,42
mega645,01508,main,Main numbers,1,3
mega645,01508,main,Main numbers,2,4
mega645,01508,main,Main numbers,3,10
mega645,01508,main,Main numbers,4,11
mega645,01508,main,Main numbers,5,27
mega645,01508,main,Main numbers,6,42
mega645,01509,main,Main numbers,1,8
mega645,01509,main,Main numbers,2,10
mega645,01509,main,Main numbers,3,15
mega645,01509,main,Main numbers,4,32
mega645,01509,main,Main numbers,5,35
mega645,01509,main,Main numbers,6,43
mega645,01510,main,Main numbers,1,6
mega645,01510,main,Main numbers,2,14
mega645,01510,main,Main numbers,3,20
mega645,01510,main,Main numbers,4,22
mega645,01510,main,Main numbers,5,23
mega645,01510,main,Main numbers,6,44
mega645,01511,main,Main numbers,1,4
mega645,01511,main,Main numbers,2,8
mega645,01511,main,Main numbers,3,13
mega645,01511,main,Main numbers,4,15
mega645,01511,main,Main numbers,5,27
mega645,01511,main,Main numbers,6,31
mega645,01512,main,Main numbers,1,16
mega645,01512,main,Main numbers,2,28
mega645,01512,main,Main numbers,3,29
mega645,01512,main,Main numbers,4,37
mega645,01512,main,Main numbers,5,40
mega645,01512,main,Main numbers,6,45
mega645,01513,main,Main numbers,1,2
mega645,01513,main,Main numbers,2,3
mega645,01513,main,Main numbers,3,14
mega645,01513,main,Main numbers,4,28
mega645,01513,main,Main numbers,5,41
mega645,01513,main,Main numbers,6,44
mega645,01514,main,Main numbers,1,4
mega645,01514,main,Main numbers,2,8
mega645,01514,main,Main numbers,3,9
mega645,01514,main,Main numbers,4,14
mega645,01514,main,Main numbers,5,25
mega645,01514,main,Main numbers,6,42
mega645,01515,main,Main numbers,1,2
mega645,01515,main,Main numbers,2,13
mega645,01515,main,Main numbers,3,17
mega645,01515,main,Main numbers,4,18
mega645,01515,main,Main numbers,5,31
mega645,01515,main,Main numbers,6,37
mega645,01516,main,Main numbers,1,13
mega645,01516,main,Main numbers,2,14
mega645,01516,main,Main numbers,3,24
mega645,01516,main,Main numbers,4,28
mega645,01516,main,Main numbers,5,30
mega645,01516,main,Main numbers,6,42
mega645,01517,main,Main numbers,1,1
mega645,01517,main,Main numbers,2,12
mega645,01517,main,Main numbers,3,16
mega645,01517,main,Main numbers,4,21
mega645,01517,main,Main numbers,5,24
mega645,01517,main,Main numbers,6,41
mega645,01518,main,Main numbers,1,3
mega645,01518,main,Main numbers,2,11
mega645,01518,main,Main numbers,3,26
mega645,01518,main,Main numbers,4,33
mega645,01518,main,Main numbers,5,36
mega645,01518,main,Main numbers,6,38
mega645,01519,main,Main numbers,1,13
mega645,01519,main,Main numbers,2,16
mega645,01519,main,Main numbers,3,19
mega645,01519,main,Main numbers,4,32
mega645,01519,main,Main numbers,5,36
mega645,01519,main,Main numbers,6,39
mega645,01520,main,Main numbers,1,14
mega645,01520,main,Main numbers,2,21
mega645,01520,main,Main numbers,3,26
mega645,01520,main,Main numbers,4,30
mega645,01520,main,Main numbers,5,34
mega645,01520,main,Main numbers,6,35
mega645,01521,main,Main numbers,1,3
mega645,01521,main,Main numbers,2,9
mega645,01521,main,Main numbers,3,17
mega645,01521,main,Main numbers,4,22
mega645,01521,main,Main numbers,5,27
mega645,01521,main,Main numbers,6,32
mega645,01522,main,Main numbers,1,5
mega645,01522,main,Main numbers,2,15
mega645,01522,main,Main numbers,3,30
mega645,01522,main,Main numbers,4,34
mega645,01522,main,Main numbers,5,37
mega645,01522,main,Main numbers,6,38
mega645,01523,main,Main numbers,1,7
mega645,01523,main,Main numbers,2,16
mega645,01523,main,Main numbers,3,20
mega645,01523,main,Main numbers,4,22
mega645,01523,main,Main numbers,5,24
mega645,01523,main,Main numbers,6,38
mega645,01524,main,Main numbers,1,5
mega645,01524,main,Main numbers,2,6
mega645,01524,main,Main numbers,3,16
mega645,01524,main,Main numbers,4,28
mega645,01524,main,Main numbers,5,35
mega645,01524,main,Main numbers,6,39
mega645,01525,main,Main numbers,1,6
mega645,01525,main,Main numbers,2,9
mega645,01525,main,Main numbers,3,19
mega645,01525,main,Main numbers,4,29
mega645,01525,main,Main numbers,5,30
mega645,01525,main,Main numbers,6,36
mega645,01526,main,Main numbers,1,3
mega645,01526,main,Main numbers,2,8
mega645,01526,main,Main numbers,3,19
mega645,01526,main,Main numbers,4,27
mega645,01526,main,Main numbers,5,41
mega645,01526,main,Main numbers,6,45
mega645,01527,main,Main numbers,1,3
mega645,01527,main,Main numbers,2,11
mega645,01527,main,Main numbers,3,17
mega645,01527,main,Main numbers,4,19
mega645,01527,main,Main numbers,5,30
mega645,01527,main,Main numbers,6,32
mega645,01528,main,Main numbers,1,9
mega645,01528,main,Main numbers,2,14
mega645,01528,main,Main numbers,3,31
mega645,01528,main,Main numbers,4,36
mega645,01528,main,Main numbers,5,41
mega645,01528,main,Main numbers,6,45
mega645,01529,main,Main numbers,1,2
mega645,01529,main,Main numbers,2,11
mega645,01529,main,Main numbers,3,18
mega645,01529,main,Main numbers,4,33
mega645,01529,main,Main numbers,5,42
mega645,01529,main,Main numbers,6,45
mega645,01530,main,Main numbers,1,20
mega645,01530,main,Main numbers,2,24
mega645,01530,main,Main numbers,3,25
mega645,01530,main,Main numbers,4,29
mega645,01530,main,Main numbers,5,40
mega645,01530,main,Main numbers,6,44
mega645,01531,main,Main numbers,1,6
mega645,01531,main,Main numbers,2,20
mega645,01531,main,Main numbers,3,21
mega645,01531,main,Main numbers,4,28
mega645,01531,main,Main numbers,5,30
mega645,01531,main,Main numbers,6,39
mega645,01532,main,Main numbers,1,1
mega645,01532,main,Main numbers,2,5
mega645,01532,main,Main numbers,3,13
mega645,01532,main,Main numbers,4,29
mega645,01532,main,Main numbers,5,32
mega645,01532,main,Main numbers,6,35
mega645,01533,main,Main numbers,1,13
mega645,01533,main,Main numbers,2,14
mega645,01533,main,Main numbers,3,22
mega645,01533,main,Main numbers,4,26
mega645,01533,main,Main numbers,5,37
mega645,01533,main,Main numbers,6,44
mega645,01534,main,Main numbers,1,9
mega645,01534,main,Main numbers,2,17
mega645,01534,main,Main numbers,3,23
mega645,01534,main,Main numbers,4,26
mega645,01534,main,Main numbers,5,42
mega645,01534,main,Main numbers,6,44
mega645,01535,main,Main numbers,1,6
mega645,01535,main,Main numbers,2,9
mega645,01535,main,Main numbers,3,11
mega645,01535,main,Main numbers,4,17
mega645,01535,main,Main numbers,5,35
mega645,01535,main,Main numbers,6,44
mega645,01536,main,Main numbers,1,7
mega645,01536,main,Main numbers,2,11
mega645,01536,main,Main numbers,3,29
mega645,01536,main,Main numbers,4,37
mega645,01536,main,Main numbers,5,43
mega645,01536,main,Main numbers,6,45
mega645,01537,main,Main numbers,1,9
mega645,01537,main,Main numbers,2,18
mega645,01537,main,Main numbers,3,30
mega645,01537,main,Main numbers,4,31
mega645,01537,main,Main numbers,5,39
mega645,01537,main,Main numbers,6,45
mega645,01538,main,Main numbers,1,12
mega645,01538,main,Main numbers,2,22
mega645,01538,main,Main numbers,3,24
mega645,01538,main,Main numbers,4,26
mega645,01538,main,Main numbers,5,31
mega645,01538,main,Main numbers,6,37
mega645,01539,main,Main numbers,1,3
mega645,01539,main,Main numbers,2,32
mega645,01539,main,Main numbers,3,33
mega645,01539,main,Main numbers,4,34
mega645,01539,main,Main numbers,5,39
mega645,01539,main,Main numbers,6,43
mega645,01540,main,Main numbers,1,12
mega645,01540,main,Main numbers,2,16
mega645,01540,main,Main numbers,3,36
mega645,01540,main,Main numbers,4,38
mega645,01540,main,Main numbers,5,41
mega645,01540,main,Main numbers,6,45
mega645,01541,main,Main numbers,1,13
mega645,01541,main,Main numbers,2,16
mega645,01541,main,Main numbers,3,27
mega645,01541,main,Main numbers,4,33
mega645,01541,main,Main numbers,5,41
mega645,01541,main,Main numbers,6,44
mega645,01542,main,Main numbers,1,2
mega645,01542,main,Main numbers,2,6
mega645,01542,main,Main numbers,3,21
mega645,01542,main,Main numbers,4,31
mega645,01542,main,Main numbers,5,36
mega645,01542,main,Main numbers,6,45
mega645,01543,main,Main numbers,1,6
mega645,01543,main,Main numbers,2,16
mega645,01543,main,Main numbers,3,24
mega645,01543,main,Main numbers,4,25
mega645,01543,main,Main numbers,5,38
mega645,01543,main,Main numbers,6,43
mega645,01544,main,Main numbers,1,3
mega645,01544,main,Main numbers,2,12
mega645,01544,main,Main numbers,3,20
mega645,01544,main,Main numbers,4,25
mega645,01544,main,Main numbers,5,27
mega645,01544,main,Main numbers,6,37
mega645,01545,main,Main numbers,1,2
mega645,01545,main,Main numbers,2,6
mega645,01545,main,Main numbers,3,11
mega645,01545,main,Main numbers,4,16
mega645,01545,main,Main numbers,5,28
mega645,01545,main,Main numbers,6,39
mega645,01546,main,Main numbers,1,2
mega645,01546,main,Main numbers,2,8
mega645,01546,main,Main numbers,3,19
mega645,01546,main,Main numbers,4,30
mega645,01546,main,Main numbers,5,36
mega645,01546,main,Main numbers,6,43
mega645,01547,main,Main numbers,1,3
mega645,01547,main,Main numbers,2,17
mega645,01547,main,Main numbers,3,20
mega645,01547,main,Main numbers,4,27
mega645,01547,main,Main numbers,5,31
mega645,01547,main,Main numbers,6,35
mega645,01548,main,Main numbers,1,15
mega645,01548,main,Main numbers,2,17
mega645,01548,main,Main numbers,3,22
mega645,01548,main,Main numbers,4,29
mega645,01548,main,Main numbers,5,33
mega645,01548,main,Main numbers,6,40
mega645,01549,main,Main numbers,1,7
mega645,01549,main,Main numbers,2,9
mega645,01549,main,Main numbers,3,13
mega645,01549,main,Main numbers,4,31
mega645,01549,main,Main numbers,5,35
mega645,01549,main,Main numbers,6,44
mega645,01550,main,Main numbers,1,6
mega645,01550,main,Main numbers,2,7
mega645,01550,main,Main numbers,3,15
mega645,01550,main,Main numbers,4,19
mega645,01550,main,Main numbers,5,36
mega645,01550,main,Main numbers,6,41
mega645,01551,main,Main numbers,1,6
mega645,01551,main,Main numbers,2,15
mega645,01551,main,Main numbers,3,18
mega645,01551,main,Main numbers,4,33
mega645,01551,main,Main numbers,5,40
mega645,01551,main,Main numbers,6,43
mega645,01552,main,Main numbers,1,7
mega645,01552,main,Main numbers,2,26
mega645,01552,main,Main numbers,3,31
mega645,01552,main,Main numbers,4,38
mega645,01552,main,Main numbers,5,43
mega645,01552,main,Main numbers,6,45
mega645,01553,main,Main numbers,1,4
mega645,01553,main,Main numbers,2,16
mega645,01553,main,Main numbers,3,17
mega645,01553,main,Main numbers,4,22
mega645,01553,main,Main numbers,5,32
mega645,01553,main,Main numbers,6,39
mega645,01554,main,Main numbers,1,3
mega645,01554,main,Main numbers,2,10
mega645,01554,main,Main numbers,3,11
mega645,01554,main,Main numbers,4,16
mega645,01554,main,Main numbers,5,33
mega645,01554,main,Main numbers,6,40
mega645,01555,main,Main numbers,1,3
mega645,01555,main,Main numbers,2,13
mega645,01555,main,Main numbers,3,15
mega645,01555,main,Main numbers,4,22
mega645,01555,main,Main numbers,5,36
mega645,01555,main,Main numbers,6,39
mega645,01556,main,Main numbers,1,1
mega645,01556,main,Main numbers,2,3
mega645,01556,main,Main numbers,3,12
mega645,01556,main,Main numbers,4,15
mega645,01556,main,Main numbers,5,37
mega645,01556,main,Main numbers,6,45
mega645,01557,main,Main numbers,1,6
mega645,01557,main,Main numbers,2,9
mega645,01557,main,Main numbers,3,27
mega645,01557,main,Main numbers,4,29
mega645,01557,main,Main numbers,5,35
mega645,01557,main,Main numbers,6,44
