game,draw_id,draw_date,draw_time,draw_slot,result_kind,main_numbers,bonus_numbers,source_url,source_sha256,retrieved_at
power655,00884,2023-05-27,18:00:00,evening,number_set,4 6 8 18 39 43,28,https://www.vietlott.vn/vi/trung-thuong/ket-qua-trung-thuong/655?id=00884&nocatche=1,c2247d45e68fa7f53027f506cd607e4b683ca7461bcf85e159676384f6ca16fc,2026-08-03T20:45:18+00:00
power655,00885,2023-05-30,18:00:00,evening,number_set,1 14 24 28 40 46,34,https://www.vietlott.vn/vi/trung-thuong/ket-qua-trung-thuong/655?id=00885&nocatche=1,ac2f1175e1ab6b43d928deaf9c6895c2821b069967e8365b5dab5b9b94c47dff,2026-08-03T20:45:18+00:00
power655,00886,2023-06-01,18:00:00,evening,number_set,3 18 40 41 46 47,36,https://www.vietlott.vn/vi/trung-thuong/ket-qua-trung-thuong/655?id=00886&nocatche=1,085cd6b28624aaf0059817feccf3252e6b3542b8db44f0309b4a96db10d8d1c0,2026-08-03T20:45:18+00:00
power655,00887,2023-06-03,18:00:00,evening,number_set,23 28 29 36 38 41,7,https://www.vietlott.vn/vi/trung-thuong/ket-qua-trung-thuong/655?id=00887&nocatche=1,b84f88c52c0b2b3e04200361b3a38eab79a79a743d1337c93aecec5884d8d352,2026-08-03T20:45:17+00:00
power655,00888,2023-06-06,18:00:00,evening,number_set,1 14 23 27 44 50,43,https://www.vietlott.vn/vi/trung-thuong/ket-qua-trung-thuong/655?id=00888&nocatche=1,4b03b3204d295201fe61fa9a981d626519c31994e17bf971422045dbedf6b72f,2026-08-03T20:45:17+00:00
power655,00889,2023-06-08,18:00:00,evening,number_set,3 36 38 43 51 53,2,https://www.vietlott.vn/vi/trung-thuong/ket-qua-trung-thuong/655?id=00889&nocatche=1,737dcc1c93d78afd06c7262a52d11d4ada971d90aa983d36370b618e67fb3598,2026-08-03T20:45:17+00:00
power655,00890,2023-06-10,18:00:00,evening,number_set,10 17 27 32 35 41,54,https://www.vietlott.vn/vi/trung-thuong/ket-qua-trung-thuong/655?id=00890&nocatche=1,6a02ac627be7a74fd2130358669f1cdfcdf5a7c307462c2a1993bbd60f14a051,2026-08-03T20:45:16+00:00
power655,00891,2023-06-13,18:00:00,evening,number_set,4 14 18 27 47 50,33,https://www.vietlott.vn/vi/trung-thuong/ket-qua-trung-thuong/655?id=00891&nocatche=1,c8101c6a8906c8a80e954a0e514793ae0fc84c0272d07b0d5820b8f41af1141e,2026-08-03T20:45:16+00:00
power655,00892,2023-06-15,18:00:00,evening,number_set,10 11 25 39 46 55,40,https://www.vietlott.vn/vi/trung-thuong/ket-qua-trung-thuong/655?id=00892&nocatche=1,34a747f8b1dbb4de572b6b44ded8e5dfefcf2e2e6e3c96dfdccdbdd3958ea9a9,2026-08-03T20:45:13+00:00
power655,00893,2023-06-17,18:00:00,evening,number_set,7 13 23 34 38 40,55,https://www.vietlott.vn/vi/trung-thuong/ket-qua-trung-thuong/655?id=00893&nocatche=1,f2fe26f16230824239e39a3ac43eab6ea6ec16c702344d895cb6e1aea70f39fb,2026-08-03T20:45:13+00:00
power655,00894,2023-06-20,18:00:00,evening,number_set,7 23 26 31 35 53,32,https://www.vietlott.vn/vi/trung-thuong/ket-qua-trung-thuong/655?id=00894&nocatche=1,b5014b2f445df29e8a7228c9b1480a2f597457f7ad0ce26556d2f9f6ed8b4e50,2026-08-03T20:45:13+00:00
power655,00895,2023-06-22,18:00:00,evening,number_set,2 11 14 35 43 51,55,https://www.vietlott.vn/vi/trung-thuong/ket-qua-trung-thuong/655?id=00895&nocatche=1,e21c2d26bf151a9d32fd5f4776e35e144f52f13c3aace54672183f70608e112d,2026-08-03T20:45:13+00:00
power655,00896,2023-06-24,18:00:00,evening,number_set,8 9 16 20 50 53,3,https://www.vietlott.vn/vi/trung-thuong/ket-qua-trung-thuong/655?id=00896&nocatche=1,24ec74ac4c2c9c886ca244767b93f5b306b8c0edf4a728d8da4b4b5a201d2ad2,2026-08-03T20:45:12+00:00
power655,00897,2023-06-27,18:00:00,evening,number_set,2 12 15 16 27 28,47,https://www.vietlott.vn/vi/trung-thuong/ket-qua-trung-thuong/655?id=00897&nocatche=1,747eff3155f43ac971b8ba4935c4ed72f49837d121a18592278aab7dba42193c,2026-08-03T20:45:13+00:00
power655,00898,2023-06-29,18:00:00,evening,number_set,1 11 12 28 46 54,40,https://www.vietlott.vn/vi/trung-thuong/ket-qua-trung-thuong/655?id=00898&nocatche=1,0051c69d06cb5454a1411f9172fd3bfdf8065f79aa0de52ec5e2fd23f7f0f366,2026-08-03T20:45:12+00:00
power655,00899,2023-07-01,18:00:00,evening,number_set,13 33 36 38 45 50,25,https://www.vietlott.vn/vi/trung-thuong/ket-qua-trung-thuong/655?id=00899&nocatche=1,9af1a9cc02b5479e883c814e92d8ae59792bd871ab6e52a8492448652cf5f700,2026-08-03T20:45:11+00:00
power655,00900,2023-07-04,18:00:00,evening,number_set,4 13 14 23 33 50,41,https://www.vietlott.vn/vi/trung-thuong/ket-qua-trung-thuong/655?id=00900&nocatche=1,165539cbb80817242523d2bd5a1ae55fd07111f86958f131732f777d1f19d1ec,2026-08-03T20:45:16+00:00
power655,00901,2023-07-06,18:00:00,evening,number_set,7 12 29 39 46 55,1,https://www.vietlott.vn/vi/trung-thuong/ket-qua-trung-thuong/655?id=00901&nocatche=1,7642cbd4dd855074b709196a0ccf30fb92d232d1a822dfa64e941ba7654250ca,2026-08-03T20:45:16+00:00
power655,00902,2023-07-08,18:00:00,evening,number_set,8 11 23 43 44 48,41,https://www.vietlott.vn/vi/trung-thuong/ket-qua-trung-thuong/655?id=00902&nocatche=1,62c37388a7a354f2d7746493e75486d05e11ce2d033b6e001a601165fea54d08,2026-08-03T20:45:15+00:00
power655,00903,2023-07-11,18:00:00,evening,number_set,24 40 44 46 47 49,5,https://www.vietlott.vn/vi/trung-thuong/ket-qua-trung-thuong/655?id=00903&nocatche=1,c9e4055d12f215cde220cf6065e676931e9b61e9d2bd93f2ff6d250af4a79562,2026-08-03T20:45:15+00:00
power655,00904,2023-07-13,18:00:00,evening,number_set,3 4 30 34 36 49,8,https://www.vietlott.vn/vi/trung-thuong/ket-qua-trung-thuong/655?id=00904&nocatche=1,33018f00eb656350aae8ea102b9aa1e3b6d51c4754c4d8b079be12881e86a0dd,2026-08-03T20:45:14+00:00
power655,00905,2023-07-15,18:00:00,evening,number_set,2 16 31 37 38 48,36,https://www.vietlott.vn/vi/trung-thuong/ket-qua-trung-thuong/655?id=00905&nocatche=1,95c2141917ccfb5fda29fca393ec0785599c87074461c85a0272431155af8234,2026-08-03T20:45:15+00:00
power655,00906,2023-07-18,18:00:00,evening,number_set,10 11 19 28 42 47,16,https://www.vietlott.vn/vi/trung-thuong/ket-qua-trung-thuong/655?id=00906&nocatche=1,af70f95a58d2f4e035c078c28ac5020140a9d08351b2f263f9bc88bcf9f435b6,2026-08-03T20:45:14+00:00
power655,00907,2023-07-20,18:00:00,evening,number_set,5 34 36 38 47 50,26,https://www.vietlott.vn/vi/trung-thuong/ket-qua-trung-thuong/655?id=00907&nocatche=1,873bf39c7c574be8b7046cdc8915dd9392ff5e5893cc872fac0fca3d1ec796af,2026-08-03T20:45:14+00:00
power655,00908,2023-07-22,18:00:00,evening,number_set,9 15 23 25 27 34,41,https://www.vietlott.vn/vi/trung-thuong/ket-qua-trung-thuong/655?id=00908&nocatche=1,9cd6c3fc3bf56220ceddf1fbe49a6d1a65160965e371bad679a79129c266891d,2026-08-03T20:45:12+00:00
power655,00909,2023-07-25,18:00:00,evening,number_set,12 23 42 44 51 52,3,https://www.vietlott.vn/vi/trung-thuong/ket-qua-trung-thuong/655?id=00909&nocatche=1,1941273a802595f239f6c0df13a5fae29f5c20121a00cc76a63f1c6cbf95a811,2026-08-03T20:45:11+00:00
power655,00910,2023-07-27,18:00:00,evening,number_set,3 11 13 31 33 45,27,https://www.vietlott.vn/vi/trung-thuong/ket-qua-trung-thuong/655?id=00910&nocatche=1,1750261019ff067fa713a7637310f4f8a06549a7d980292bda9cbaa2aa1fdb2f,2026-08-03T20:45:09+00:00
power655,00911,2023-07-29,18:00:00,evening,number_set,16 23 25 26 29 40,32,https://www.vietlott.vn/vi/trung-thuong/ket-qua-trung-thuong/655?id=00911&nocatche=1,262b0f440813458b0c3b27c7a85bfd33e7f45dabb10646f0c5f1a5fd3e0897c4,2026-08-03T20:45:10+00:00
power655,00912,2023-08-01,18:00:00,evening,number_set,4 18 22 25 33 48,2,https://www.vietlott.vn/vi/trung-thuong/ket-qua-trung-thuong/655?id=00912&nocatche=1,7fb20245a4a80f4307cf144ee95da66a0768b67b836495dc140d8d8667a09296,2026-08-03T20:45:06+00:00
power655,00913,2023-08-03,18:00:00,evening,number_set,3 12 22 25 37 39,7,https://www.vietlott.vn/vi/trung-thuong/ket-qua-trung-thuong/655?id=00913&nocatche=1,c9437c6eb095185a859a272dc1bbda6bc0f3b72ab64190aa678abd1630dead33,2026-08-03T20:45:09+00:00
power655,00914,2023-08-05,18:00:00,evening,number_set,22 34 40 47 49 51,44,https://www.vietlott.vn/vi/trung-thuong/ket-qua-trung-thuong/655?id=00914&nocatche=1,f4339573e74fdce03970969b25395cc1d175cfaf4adc0cfdf45f0e0e857d22c6,2026-08-03T20:45:05+00:00
power655,00915,2023-08-08,18:00:00,evening,number_set,5 6 19 20 40 45,47,https://www.vietlott.vn/vi/trung-thuong/ket-qua-trung-thuong/655?id=00915&nocatche=1,1a9d86ccb4d702c3cfc73f27fa51bd431d8132f8839d3479ebce8280d6a835bf,2026-08-03T20:45:10+00:00
power655,00916,2023-08-10,18:00:00,evening,number_set,4 14 31 42 47 49,43,https://www.vietlott.vn/vi/trung-thuong/ket-qua-trung-thuong/655?id=00916&nocatche=1,3675ed30db133f1d77d24e75910daf0c29c979e8bab1b35ac3543c1a50c08125,2026-08-03T20:45:10+00:00
power655,00917,2023-08-12,18:00:00,evening,number_set,13 24 39 43 45 52,8,https://www.vietlott.vn/vi/trung-thuong/ket-qua-trung-thuong/655?id=00917&nocatche=1,45eb875f15de1c1feeeb61cfe23d5455e2da47f69d89c501790f605185d34b53,2026-08-03T20:45:04+00:00
power655,00918,2023-08-15,18:00:00,evening,number_set,5 12 25 39 40 53,52,https://www.vietlott.vn/vi/trung-thuong/ket-qua-trung-thuong/655?id=00918&nocatche=1,2da6cbc101127379c3b44e4208f8fe0c4f4898040613806277bd8485a7040899,2026-08-03T20:45:03+00:00
power655,00919,2023-08-17,18:00:00,evening,number_set,1 5 25 32 51 52,54,https://www.vietlott.vn/vi/trung-thuong/ket-qua-trung-thuong/655?id=00919&nocatche=1,97223146fbc3677ff08d8ed6c3c8c839c545febbfefa73c6b2a3e3b149323fe5,2026-08-03T20:45:02+00:00
power655,00920,2023-08-19,18:00:00,evening,number_set,7 9 13 22 27 42,23,https://www.vietlott.vn/vi/trung-thuong/ket-qua-trung-thuong/655?id=00920&nocatche=1,3ff8ca4dfdce4cc3bf90ed6353b97a675b5a31fdb87ae16f9149882b91a48f4f,2026-08-03T20:45:04+00:00
power655,00921,2023-08-22,18:00:00,evening,number_set,2 3 6 34 35 36,31,https://www.vietlott.vn/vi/trung-thuong/ket-qua-trung-thuong/655?id=00921&nocatche=1,fc29d912b823a330de7464784a54bb8bd6057d86c190c65001625ef201502756,2026-08-03T20:45:04+00:00
power655,00922,2023-08-24,18:00:00,evening,number_set,1 10 20 41 42 50,39,https://www.vietlott.vn/vi/trung-thuong/ket-qua-trung-thuong/655?id=00922&nocatche=1,abd85f742d6612fd121ec36c83e6cc26caa4db78bcf4685aa4ac1f25d081f14e,2026-08-03T20:45:04+00:00
power655,00923,2023-08-26,18:00:00,evening,number_set,5 8 24 38 50 51,47,https://www.vietlott.vn/vi/trung-thuong/ket-qua-trung-thuong/655?id=00923&nocatche=1,2a0fcf9956e0a143b25cf977aac911eb0c3eea8ee2ed777334182f5f2e22fe89,2026-08-03T20:45:01+00:00
power655,00924,2023-08-29,18:00:00,evening,number_set,1 8 20 25 35 53,54,https://www.vietlott.vn/vi/trung-thuong/ket-qua-trung-thuong/655?id=00924&nocatche=1,7e74b1998b6e6ef1cc5c0e4f4df965c581a242f9f9c408d82a3f26eb439c27c1,2026-08-03T20:44:58+00:00
power655,00925,2023-08-31,18:00:00,evening,number_set,23 33 37 43 45 46,29,https://www.vietlott.vn/vi/trung-thuong/ket-qua-trung-thuong/655?id=00925&nocatche=1,066ec38f2aa9c2b63b6c15d22b3d031fbfc65fa535f0f5f565af48f62e749ed2,2026-08-03T20:44:58+00:00
power655,00926,2023-09-02,18:00:00,evening,number_set,12 15 32 44 46 51,48,https://www.vietlott.vn/vi/trung-thuong/ket-qua-trung-thuong/655?id=00926&nocatche=1,1beea599bb1d22735a78929539e6dd4d57ca91c7a2f88140f756682e2d45f24b,2026-08-03T20:44:55+00:00
power655,00927,2023-09-05,18:00:00,evening,number_set,2 6 19 29 34 48,39,https://www.vietlott.vn/vi/trung-thuong/ket-qua-trung-thuong/655?id=00927&nocatche=1,873598bde203ca0c7e043eb55b76584c452a8b328a45960b31bb401b9c9e4ac7,2026-08-03T20:44:58+00:00
power655,00928,2023-09-07,18:00:00,evening,number_set,1 4 36 42 45 54,32,https://www.vietlott.vn/vi/trung-thuong/ket-qua-trung-thuong/655?id=00928&nocatche=1,7992be60a3c2aa6d42a988ea07bae0419f6316b9fa5eaae064aef496b06e754b,2026-08-03T20:44:55+00:00
power655,00929,2023-09-09,18:00:00,evening,number_set,13 20 32 37 43 49,40,https://www.vietlott.vn/vi/trung-thuong/ket-qua-trung-thuong/655?id=00929&nocatche=1,f4b33e49475bae94bd3491c6f43ccb2e3618a6043e6342e745ae5ffca264b38e,2026-08-03T20:44:54+00:00
power655,00930,2023-09-12,18:00:00,evening,number_set,26 31 32 39 45 55,28,https://www.vietlott.vn/vi/trung-thuong/ket-qua-trung-thuong/655?id=00930&nocatche=1,b875cb548ad5c715816ea3e9c337575a96afe95ab883fecdcdb9b2b745a901fd,2026-08-03T20:44:54+00:00
power655,00931,2023-09-14,18:00:00,evening,number_set,6 10 20 22 50 52,34,https://www.vietlott.vn/vi/trung-thuong/ket-qua-trung-thuong/655?id=00931&nocatche=1,dc89694feda0d35c7e10612a629edb66ae495791c1ba3299d0e816e7cca0aac3,2026-08-03T20:44:54+00:00
power655,00932,2023-09-16,18:00:00,evening,number_set,25 27 42 51 54 55,45,https://www.vietlott.vn/vi/trung-thuong/ket-qua-trung-thuong/655?id=00932&nocatche=1,859e809b3bc8f009da13ce1ecc677f82691b5a1c2d552a3761f5c7f16cb870b1,2026-08-03T20:44:53+00:00
power655,00933,2023-09-19,18:00:00,evening,number_set,17 29 35 40 51 52,23,https://www.vietlott.vn/vi/trung-thuong/ket-qua-trung-thuong/655?id=00933&nocatche=1,e27b1ec567c9ddbb4d856a2df54f6e5b8037a02783ec2cf6034145ab727f068a,2026-08-03T20:44:53+00:00
power655,00934,2023-09-21,18:00:00,evening,number_set,16 26 33 34 41 43,53,https://www.vietlott.vn/vi/trung-thuong/ket-qua-trung-thuong/655?id=00934&nocatche=1,d4cb2b552d5311f57a527ecefd38917137cb237c62b39c4c4d4663e2c05b70e2,2026-08-03T20:44:53+00:00
power655,00935,2023-09-23,18:00:00,evening,number_set,20 27 36 43 45 47,35,https://www.vietlott.vn/vi/trung-thuong/ket-qua-trung-thuong/655?id=00935&nocatche=1,8ed1924d68cc100728c98a8b75f13f16b8c87f2547485654d9de2e58d2a947fc,2026-08-03T20:44:53+00:00
power655,00936,2023-09-26,18:00:00,evening,number_set,14 20 24 27 41 44,23,https://www.vietlott.vn/vi/trung-thuong/ket-qua-trung-thuong/655?id=00936&nocatche=1,a485f2aa26e79db4d8ed7a0242cf00e458312808343b1b4d174773f9bdfedf52,2026-08-03T20:44:52+00:00
power655,00937,2023-09-28,18:00:00,evening,number_set,4 23 36 45 47 50,22,https://www.vietlott.vn/vi/trung-thuong/ket-qua-trung-thuong/655?id=00937&nocatche=1,99178d695d66d9c3f91fd83db48a2c9341c61bf9d371a03cb1c7fc2053c823d4,2026-08-03T20:44:52+00:00
power655,00938,2023-09-30,18:00:00,evening,number_set,3 13 19 30 38 44,51,https://www.vietlott.vn/vi/trung-thuong/ket-qua-trung-thuong/655?id=00938&nocatche=1,5985d18d1c53613c8d7f989291da13446d96bda72ad95f89402e62b972a648bf,2026-08-03T20:44:51+00:00
power655,00939,2023-10-03,18:00:00,evening,number_set,3 15 27 29 37 48,55,https://www.vietlott.vn/vi/trung-thuong/ket-qua-trung-thuong/655?id=00939&nocatche=1,810444a1040179dfc2c281b58c791504d16a7473e7fbdae0e136fc8d279c7914,2026-08-03T20:44:51+00:00
power655,00940,2023-10-05,18:00:00,evening,number_set,1 21 33 46 47 53,9,https://www.vietlott.vn/vi/trung-thuong/ket-qua-trung-thuong/655?id=00940&nocatche=1,26240fac35f5adaa7ace559b6fc9a77fa12b0df996cf058af3a4b997e220d5ae,2026-08-03T20:44:51+00:00
power655,00941,2023-10-07,18:00:00,evening,number_set,4 13 36 40 43 52,34,https://www.vietlott.vn/vi/trung-thuong/ket-qua-trung-thuong/655?id=00941&nocatche=1,a0e89605e0bd700af2bac15f857615fc49e81d619608a66b82b83a2a03921381,2026-08-03T20:44:58+00:00
power655,00942,2023-10-10,18:00:00,evening,number_set,6 23 26 37 44 46,33,https://www.vietlott.vn/vi/trung-thuong/ket-qua-trung-thuong/655?id=00942&nocatche=1,12fc95f33b834e1392d62f5c6693d9d4374d014a641913402646f55ffb5fb0b9,2026-08-03T20:44:50+00:00
power655,00943,2023-10-12,18:00:00,evening,number_set,5 8 9 20 36 50,35,https://www.vietlott.vn/vi/trung-thuong/ket-qua-trung-thuong/655?id=00943&nocatche=1,8f5aac0e2fd50f1f705fe095c82070ed91ed7ca50eb3ad34fb0e59869cb1c56a,2026-08-03T20:44:50+00:00
power655,00944,2023-10-14,18:00:00,evening,number_set,8 23 30 34 38 47,10,https://www.vietlott.vn/vi/trung-thuong/ket-qua-trung-thuong/655?id=00944&nocatche=1,4a98d1e7ba8c4cd00e3949820f7f58aa3c8ee10a865c432527529a32bfe322e8,2026-08-03T20:44:50+00:00
power655,00945,2023-10-17,18:00:00,evening,number_set,13 22 33 41 46 47,9,https://www.vietlott.vn/vi/trung-thuong/ket-qua-trung-thuong/655?id=00945&nocatche=1,8e88e2b1b5d112ce69f3f89db3a5a6ce3765660e0b4193670f3df6850abe66cd,2026-08-03T20:44:50+00:00
power655,00946,2023-10-19,18:00:00,evening,number_set,1 23 29 37 51 55,54,https://www.vietlott.vn/vi/trung-thuong/ket-qua-trung-thuong/655?id=00946&nocatche=1,194a6f8b307a0b1cf1dac8b129a560f67d4ea74e1537d25b223aa5a35ed19fbd,2026-08-03T20:44:49+00:00
power655,00947,2023-10-21,18:00:00,evening,number_set,11 16 24 34 47 52,15,https://www.vietlott.vn/vi/trung-thuong/ket-qua-trung-thuong/655?id=00947&nocatche=1,7bf248b55aa6f3dca75720313b80b6668a73bdafd6157a95dba78fb0f0ededec,2026-08-03T20:44:50+00:00
power655,00948,2023-10-24,18:00:00,evening,number_set,12 20 26 33 40 44,24,https://www.vietlott.vn/vi/trung-thuong/ket-qua-trung-thuong/655?id=00948&nocatche=1,ee0a3497e828a50bbc24e3bc9dd90287ae811d6a482e374c70970301fcf334f5,2026-08-03T20:44:47+00:00
power655,00949,2023-10-26,18:00:00,evening,number_set,14 22 32 37 43 48,42,https://www.vietlott.vn/vi/trung-thuong/ket-qua-trung-thuong/655?id=00949&nocatche=1,a038a73785a53041ab856713079a215e9f60f805abc4394d413107b264e3a69f,2026-08-03T20:44:47+00:00
power655,00950,2023-10-28,18:00:00,evening,number_set,11 14 25 44 46 47,10,https://www.vietlott.vn/vi/trung-thuong/ket-qua-trung-thuong/655?id=00950&nocatche=1,9839c226a0f96877736f38182e81df33ca9dfd907a83ae80bfb4285b0a515fb1,2026-08-03T20:44:47+00:00
power655,00951,2023-10-31,18:00:00,evening,number_set,10 16 17 28 37 42,43,https://www.vietlott.vn/vi/trung-thuong/ket-qua-trung-thuong/655?id=00951&nocatche=1,d69fcf1b74ee8ae7e5e1acdfab645d1adbe99ffbf5b9478bfe5d3989baba5ff2,2026-08-03T20:44:46+00:00
power655,00952,2023-11-02,18:00:00,evening,number_set,9 15 17 21 26 36,13,https://www.vietlott.vn/vi/trung-thuong/ket-qua-trung-thuong/655?id=00952&nocatche=1,761df6816c0b7670825cb4463f56f9874cdf3c5ef1c22754cb08bc7bb90594a8,2026-08-03T20:44:46+00:00
power655,00953,2023-11-04,18:00:00,evening,number_set,14 35 37 47 48 50,43,https://www.vietlott.vn/vi/trung-thuong/ket-qua-trung-thuong/655?id=00953&nocatche=1,17951d90d5a40d33d5dcb7fb49bd5818f604f7a5ab99c03c52714cc30c06bca6,2026-08-03T20:44:45+00:00
power655,00954,2023-11-07,18:00:00,evening,number_set,12 18 20 28 35 52,25,https://www.vietlott.vn/vi/trung-thuong/ket-qua-trung-thuong/655?id=00954&nocatche=1,ae18c60b3531630a5812d62e835e01a5b775f9fc47b125783b313d4ceab41343,2026-08-03T20:44:45+00:00
power655,00955,2023-11-09,18:00:00,evening,number_set,8 17 24 34 39 48,44,https://www.vietlott.vn/vi/trung-thuong/ket-qua-trung-thuong/655?id=00955&nocatche=1,759b6c8a6bf8a239098e99bee9922b3b2518ecc4af3613169177e768a4c19968,2026-08-03T20:44:46+00:00
power655,00956,2023-11-11,18:00:00,evening,number_set,2 3 4 19 41 42,23,https://www.vietlott.vn/vi/trung-thuong/ket-qua-trung-thuong/655?id=00956&nocatche=1,a101c0563d240f455b040b74e9873d9c01c5a418dc8b8f01ba73d41cc28c446a,2026-08-03T20:44:44+00:00
power655,00957,2023-11-14,18:00:00,evening,number_set,4 9 12 15 22 38,40,https://www.vietlott.vn/vi/trung-thuong/ket-qua-trung-thuong/655?id=00957&nocatche=1,72c7023b2704c4448980b1962c79dc1d91bad0d8c329d9a48e30fc1153504d08,2026-08-03T20:44:44+00:00
power655,00958,2023-11-16,18:00:00,evening,number_set,3 5 10 18 44 49,28,https://www.vietlott.vn/vi/trung-thuong/ket-qua-trung-thuong/655?id=00958&nocatche=1,d321bc19cfe39344e335213379af17305d423eda664d927de413f113e0326fd4,2026-08-03T20:44:46+00:00
power655,00959,2023-11-18,18:00:00,evening,number_set,1 7 10 14 28 29,2,https://www.vietlott.vn/vi/trung-thuong/ket-qua-trung-thuong/655?id=00959&nocatche=1,e0f409dd2d3e4ffae30f2e5afe8d337399f9c6130daf180a26439427b64f91c1,2026-08-03T20:44:44+00:00
power655,00960,2023-11-21,18:00:00,evening,number_set,3 7 16 37 39 51,9,https://www.vietlott.vn/vi/trung-thuong/ket-qua-trung-thuong/655?id=00960&nocatche=1,058b794b08563afb31506c147368bd4f0a0d25dddf37c31835fcbc77d041df46,2026-08-03T20:44:44+00:00
power655,00961,2023-11-23,18:00:00,evening,number_set,4 6 26 33 52 55,15,https://www.vietlott.vn/vi/trung-thuong/ket-qua-trung-thuong/655?id=00961&nocatche=1,b568019ed8a41d5e0174784774971c79c4cab8a7b7e8e2733315465e81846d29,2026-08-03T20:44:43+00:00
power655,00962,2023-11-25,18:00:00,evening,number_set,7 9 10 17 25 53,49,https://www.vietlott.vn/vi/trung-thuong/ket-qua-trung-thuong/655?id=00962&nocatche=1,855c1c905f3cbd2ad04dfc1b34bcb5c63681b8b14a6f06d40c552fa5620918b2,2026-08-03T20:44:43+00:00
power655,00963,2023-11-28,18:00:00,evening,number_set,10 24 47 48 52 55,28,https://www.vietlott.vn/vi/trung-thuong/ket-qua-trung-thuong/655?id=00963&nocatche=1,4039ebd6f7e7e0e673175457cec8149ddf55887011bf5bcf82b80ea67763cdb6,2026-08-03T20:44:43+00:00
power655,00964,2023-11-30,18:00:00,evening,number_set,9 13 21 28 50 54,51,https://www.vietlott.vn/vi/trung-thuong/ket-qua-trung-thuong/655?id=00964&nocatche=1,924129e9968961173ef22a13629178b7b77d5ac7f4065403bd4da6da0dbaf159,2026-08-03T20:44:43+00:00
power655,00965,2023-12-02,18:00:00,evening,number_set,1 10 20 37 48 51,54,https://www.vietlott.vn/vi/trung-thuong/ket-qua-trung-thuong/655?id=00965&nocatche=1,82336b559caedb6833cd955922f7d736a923fcce5e8dd3d19ab152968890cf47,2026-08-03T20:44:42+00:00
power655,00966,2023-12-05,18:00:00,evening,number_set,2 4 19 32 35 39,49,https://www.vietlott.vn/vi/trung-thuong/ket-qua-trung-thuong/655?id=00966&nocatche=1,cf0d3db801dbb6104b47726f448161b44496cfe89ec06a8ff4f67d05ccf84544,2026-08-03T20:44:42+00:00
power655,00967,2023-12-07,18:00:00,evening,number_set,9 13 28 33 50 53,47,https://www.vietlott.vn/vi/trung-thuong/ket-qua-trung-thuong/655?id=00967&nocatche=1,17c8743a31e12f21792c7053f827d62b957c8901f9f403197201fb92037faf27,2026-08-03T20:44:42+00:00
power655,00968,2023-12-09,18:00:00,evening,number_set,6 9 26 27 34 47,41,https://www.vietlott.vn/vi/trung-thuong/ket-qua-trung-thuong/655?id=00968&nocatche=1,a375b6112d47687662122439a7b4c0baafa880c7b1c93293f6ff111bb1af5cc9,2026-08-03T20:44:42+00:00
power655,00969,2023-12-12,18:00:00,evening,number_set,6 7 16 21 34 50,31,https://www.vietlott.vn/vi/trung-thuong/ket-qua-trung-thuong/655?id=00969&nocatche=1,b452e1bc4e1ea4c21f503074801fff762337d315a324d19f51e353d2cdea9c82,2026-08-03T20:44:41+00:00
power655,00970,2023-12-14,18:00:00,evening,number_set,1 12 23 43 48 52,30,https://www.vietlott.vn/vi/trung-thuong/ket-qua-trung-thuong/655?id=00970&nocatche=1,585f3181a49f4a3bb43d8e33af2d377ea95982c7f3601a0281ab4305e84b10c8,2026-08-03T20:44:41+00:00
power655,00971,2023-12-16,18:00:00,evening,number_set,13 15 21 26 34 35,45,https://www.vietlott.vn/vi/trung-thuong/ket-qua-trung-thuong/655?id=00971&nocatche=1,ca2cf925f534c5c688127abd09e422c449a7f56e777da6c3452b3f3d3237a318,2026-08-03T20:44:41+00:00
power655,00972,2023-12-19,18:00:00,evening,number_set,11 14 15 24 34 53,18,https://www.vietlott.vn/vi/trung-thuong/ket-qua-trung-thuong/655?id=00972&nocatche=1,658f46889fb057492efd4f6a6a57f2239984a2d09f2f72f52ad7b686a996b695,2026-08-03T20:44:41+00:00
power655,00973,2023-12-21,18:00:00,evening,number_set,9 31 39 41 47 48,3,https://www.vietlott.vn/vi/trung-thuong/ket-qua-trung-thuong/655?id=00973&nocatche=1,c4f98f07a047c87eece93cb70bfe74796a034b8c58f9d6ed331d80e946ee4593,2026-08-03T20:44:40+00:00
power655,00974,2023-12-23,18:00:00,evening,number_set,22 32 39 46 48 49,43,https://www.vietlott.vn/vi/trung-thuong/ket-qua-trung-thuong/655?id=00974&nocatche=1,ac63526b566563e9258a67a02d234cf69a5e49baefddeaf952ebef5b4426c7b7,2026-08-03T20:44:40+00:00
power655,00975,2023-12-26,18:00:00,evening,number_set,10 14 17 27 29 40,25,https://www.vietlott.vn/vi/trung-thuong/ket-qua-trung-thuong/655?id=00975&nocatche=1,c01dfc6e472900d37e0ec3ecc44afdceaccc84755895342dd2525eaf16441d5a,2026-08-03T20:44:40+00:00
power655,00976,2023-12-28,18:00:00,evening,number_set,20 28 30 40 45 52,32,https://www.vietlott.vn/vi/trung-thuong/ket-qua-trung-thuong/655?id=00976&nocatche=1,a9ec942c19881a958ae24f28cec523370bdc2167fa52ca8b0714599ae0279847,2026-08-03T20:44:40+00:00
power655,00977,2023-12-30,18:00:00,evening,number_set,9 17 29 32 38 52,2,https://www.vietlott.vn/vi/trung-thuong/ket-qua-trung-thuong/655?id=00977&nocatche=1,5410e88925a1a2303d2b23d2df0446a9aca25bb37bcc3a6fcfdfb68bd7e15157,2026-08-03T20:44:39+00:00
power655,00978,2024-01-02,18:00:00,evening,number_set,2 5 18 31 37 45,20,https://www.vietlott.vn/vi/trung-thuong/ket-qua-trung-thuong/655?id=00978&nocatche=1,24849767642a1b7335ae79f20d49de3cd5187b902af4eb6bba0352f6aeb7ee43,2026-08-03T20:44:39+00:00
power655,00979,2024-01-04,18:00:00,evening,number_set,7 34 37 43 52 54,28,https://www.vietlott.vn/vi/trung-thuong/ket-qua-trung-thuong/655?id=00979&nocatche=1,e5ac6eb6298536508baffe96e561fe46f9d2eeb6e54ebb6f9f478c9a0387318f,2026-08-03T20:44:39+00:00
power655,00980,2024-01-06,18:00:00,evening,number_set,15 17 21 24 34 46,11,https://www.vietlott.vn/vi/trung-thuong/ket-qua-trung-thuong/655?id=00980&nocatche=1,dc4fd5f23f81e6f3d2efe39dc218a0389db8429a61ceb9dcf460087e68577695,2026-08-03T20:44:49+00:00
power655,00981,2024-01-09,18:00:00,evening,number_set,16 32 45 50 52 53,54,https://www.vietlott.vn/vi/trung-thuong/ket-qua-trung-thuong/655?id=00981&nocatche=1,af2da75c10a5bde4c303dcc4334af4e7709f0d29525af9e257cbf4f2458198ab,2026-08-03T20:44:48+00:00
power655,00982,2024-01-11,18:00:00,evening,number_set,2 23 32 44 51 52,28,https://www.vietlott.vn/vi/trung-thuong/ket-qua-trung-thuong/655?id=00982&nocatche=1,1f818ae3af6162826597722664df722a26a6c3ffcbc1ef270f480138e1459a59,2026-08-03T20:44:49+00:00
power655,00983,2024-01-13,18:00:00,evening,number_set,1 5 7 23 35 42,21,https://www.vietlott.vn/vi/trung-thuong/ket-qua-trung-thuong/655?id=00983&nocatche=1,f33d2aded2e134c12fff78d55d2339cd1ce4108e19ca1fbb66e6bf232981ef2f,2026-08-03T20:44:48+00:00
power655,00984,2024-01-16,18:00:00,evening,number_set,9 14 18 20 27 43,42,https://www.vietlott.vn/vi/trung-thuong/ket-qua-trung-thuong/655?id=00984&nocatche=1,e03137ed58ce1043d2a34287a5aea8bd4874860a3ed9d007c10a13c5409be547,2026-08-03T20:44:48+00:00
power655,00985,2024-01-18,18:00:00,evening,number_set,12 20 33 38 40 52,35,https://www.vietlott.vn/vi/trung-thuong/ket-qua-trung-thuong/655?id=00985&nocatche=1,a339261c96883b9df7dbe0fdee6e5fc57256498a5316534dc624df6d165a8cde,2026-08-03T20:44:48+00:00
power655,00986,2024-01-20,18:00:00,evening,number_set,6 25 29 34 49 54,38,https://www.vietlott.vn/vi/trung-thuong/ket-qua-trung-thuong/655?id=00986&nocatche=1,82144e75fa79990098915da369ab7941f99bc4940797732e6a2829b012235336,2026-08-03T20:44:48+00:00
power655,00987,2024-01-23,18:00:00,evening,number_set,13 27 32 48 49 51,23,https://www.vietlott.vn/vi/trung-thuong/ket-qua-trung-thuong/655?id=00987&nocatche=1,12da354eaac9cb2ada6de0497f87bdb47358a65b373d9013c8ffdb0f4fd6e4c2,2026-08-03T20:44:47+00:00
power655,00988,2024-01-25,18:00:00,evening,number_set,13 17 35 38 42 48,7,https://www.vietlott.vn/vi/trung-thuong/ket-qua-trung-thuong/655?id=00988&nocatche=1,3a66f4a8e2b676d72f1469d03f1561398005ff2a52ecb4f7d23840900abfea1d,2026-08-03T20:44:38+00:00
power655,00989,2024-01-27,18:00:00,evening,number_set,6 12 38 41 46 55,13,https://www.vietlott.vn/vi/trung-thuong/ket-qua-trung-thuong/655?id=00989&nocatche=1,08cfc9a2818793ec6f249f6eaa0993422a42e837a8f7085292a910f66c4037ed,2026-08-03T20:44:38+00:00
power655,00990,2024-01-30,18:00:00,evening,number_set,3 10 13 40 49 52,9,https://www.vietlott.vn/vi/trung-thuong/ket-qua-trung-thuong/655?id=00990&nocatche=1,80cb856937a14978fd18a48ed94864a346c79fe4255b5b7d45d5d8c82bab52af,2026-08-03T20:44:39+00:00
power655,00991,2024-02-01,18:00:00,evening,number_set,2 7 10 22 32 40,39,https://www.vietlott.vn/vi/trung-thuong/ket-qua-trung-thuong/655?id=00991&nocatche=1,14993932484611d03e1b1f22e6cb2aac61baa756c8b81aa6d62e14206e50e780,2026-08-03T20:44:38+00:00
power655,00992,2024-02-03,18:00:00,evening,number_set,4 6 7 13 18 26,49,https://www.vietlott.vn/vi/trung-thuong/ket-qua-trung-thuong/655?id=00992&nocatche=1,8a81751f46ce9ba6730466bc075031e606bf24b2f9068a4ff1710eb90a406f61,2026-08-03T20:44:38+00:00
power655,00993,2024-02-06,18:00:00,evening,number_set,8 19 27 34 46 51,24,https://www.vietlott.vn/vi/trung-thuong/ket-qua-trung-thuong/655?id=00993&nocatche=1,342f5526b1b8f2c6a3dd7d3b33855cd43f820b51392ef641a44d946423f5e298,2026-08-03T20:44:37+00:00
power655,00994,2024-02-08,18:00:00,evening,number_set,22 31 35 36 38 42,11,https://www.vietlott.vn/vi/trung-thuong/ket-qua-trung-thuong/655?id=00994&nocatche=1,19196fc1273a3f24572183dac48a16675fbc0461a0b0cac90ea1abf4f8aef094,2026-08-03T20:44:37+00:00
power655,00995,2024-02-13,18:00:00,evening,number_set,8 17 22 31 34 49,18,https://www.vietlott.vn/vi/trung-thuong/ket-qua-trung-thuong/655?id=00995&nocatche=1,9f1af7f7ead1536d3e99b24620e005abdaddcfc16f43f5e2ef9a4215c60f25c2,2026-08-03T20:44:37+00:00
power655,00996,2024-02-15,18:00:00,evening,number_set,3 7 8 18 21 26,19,https://www.vietlott.vn/vi/trung-thuong/ket-qua-trung-thuong/655?id=00996&nocatche=1,a62d2a59af5eddccf163ea724fd09e2348801df4034b1fa863d4ef72a2ce6778,2026-08-03T20:44:36+00:00
power655,00997,2024-02-17,18:00:00,evening,number_set,8 12 17 27 38 55,47,https://www.vietlott.vn/vi/trung-thuong/ket-qua-trung-thuong/655?id=00997&nocatche=1,26894cea596bb2e2b4aa1d8e559b8dcad8c709090afc11bc011c89ea25d3aea9,2026-08-03T20:44:36+00:00
power655,00998,2024-02-20,18:00:00,evening,number_set,34 46 50 51 52 55,5,https://www.vietlott.vn/vi/trung-thuong/ket-qua-trung-thuong/655?id=00998&nocatche=1,abe4c7fcd1ef61b7c8e44a89b6400db70ede11d4a3fa69ffa825c8ccc5352649,2026-08-03T20:44:36+00:00
power655,00999,2024-02-22,18:00:00,evening,number_set,8 19 24 31 35 55,1,https://www.vietlott.vn/vi/trung-thuong/ket-qua-trung-thuong/655?id=00999&nocatche=1,7b21593018be5fa6c1868bba54f91de8de7782acfe51d90ee3e1129439ed6b33,2026-08-03T20:44:36+00:00
power655,01000,2024-02-24,18:00:00,evening,number_set,1 3 22 27 38 40,26,https://www.vietlott.vn/vi/trung-thuong/ket-qua-trung-thuong/655?id=01000&nocatche=1,ce0fa125a4e1f6cc5213d11af8ad91e1a39c8b5fa22d75f80ff5f63a12341b9f,2026-08-03T20:44:36+00:00
power655,01001,2024-02-27,18:00:00,evening,number_set,1 4 6 8 24 35,53,https://www.vietlott.vn/vi/trung-thuong/ket-qua-trung-thuong/655?id=01001&nocatche=1,f69f1132b8fcf29b338b5e8c4e9262dab90b7ea252a258130a9fe4c6e7975f72,2026-08-03T20:44:35+00:00
power655,01002,2024-02-29,18:00:00,evening,number_set,4 11 20 38 52 53,33,https://www.vietlott.vn/vi/trung-thuong/ket-qua-trung-thuong/655?id=01002&nocatche=1,3e7642aaee24528426d770b75011261e3e9606e2470d19c05449a384bdb559ef,2026-08-03T20:44:35+00:00
power655,01003,2024-03-02,18:00:00,evening,number_set,1 19 21 31 50 55,37,https://www.vietlott.vn/vi/trung-thuong/ket-qua-trung-thuong/655?id=01003&nocatche=1,e863a17c5ae2f605a18ebf0b7adc930ce6c6fc3c86899f545bb51a3f50ec5432,2026-08-03T20:44:35+00:00
power655,01004,2024-03-05,18:00:00,evening,number_set,12 19 21 23 28 54,31,https://www.vietlott.vn/vi/trung-thuong/ket-qua-trung-thuong/655?id=01004&nocatche=1,8783d1d9ac41a2e1a5dbe12b2e3ddb889017c7c97c3561584bcb649eb4f93761,2026-08-03T20:44:32+00:00
power655,01005,2024-03-07,18:00:00,evening,number_set,13 20 33 47 53 54,19,https://www.vietlott.vn/vi/trung-thuong/ket-qua-trung-thuong/655?id=01005&nocatche=1,d869f84801b77c5fe6687341dfaeee3af74fe59ade30c7c9533b9384c1537b66,2026-08-03T20:44:32+00:00
power655,01006,2024-03-09,18:00:00,evening,number_set,11 13 22 36 46 49,37,https://www.vietlott.vn/vi/trung-thuong/ket-qua-trung-thuong/655?id=01006&nocatche=1,c060f944f1854f7b2b55fae3c282a38fba175fbbb670c3f2b93c8b5e3e16228d,2026-08-03T20:44:26+00:00
power655,01007,2024-03-12,18:00:00,evening,number_set,11 14 18 20 22 43,16,https://www.vietlott.vn/vi/trung-thuong/ket-qua-trung-thuong/655?id=01007&nocatche=1,9bc3b0bd19672efaff21f2fc8dad0eef51611b7bac9324157464b35597de73bb,2026-08-03T20:44:25+00:00
power655,01008,2024-03-14,18:00:00,evening,number_set,21 25 26 29 41 51,39,https://www.vietlott.vn/vi/trung-thuong/ket-qua-trung-thuong/655?id=01008&nocatche=1,72b904a6ff04cdad343a547038d6222e025f5927f2fe8c1db0bc3561c2ee8a32,2026-08-03T20:44:25+00:00
power655,01009,2024-03-16,18:00:00,evening,number_set,8 36 42 43 44 55,54,https://www.vietlott.vn/vi/trung-thuong/ket-qua-trung-thuong/655?id=01009&nocatche=1,0509f3a793441435820edc571225fd87ed33c95e5ef4aa6461a11b23e4424c6b,2026-08-03T20:44:26+00:00
power655,01010,2024-03-19,18:00:00,evening,number_set,6 25 39 45 46 55,26,https://www.vietlott.vn/vi/trung-thuong/ket-qua-trung-thuong/655?id=01010&nocatche=1,5efd49f694435126adf0f0e5779a7c5e36812370be80fb3a6c50412ca9695c72,2026-08-03T20:44:25+00:00
power655,01011,2024-03-21,18:00:00,evening,number_set,12 13 41 48 49 53,43,https://www.vietlott.vn/vi/trung-thuong/ket-qua-trung-thuong/655?id=01011&nocatche=1,cb02b6ea56bf22f81a8384507739048ee7779e2e51c89867d44b0d2cee67b8e9,2026-08-03T20:44:24+00:00
power655,01012,2024-03-23,18:00:00,evening,number_set,3 10 13 30 40 52,4,https://www.vietlott.vn/vi/trung-thuong/ket-qua-trung-thuong/655?id=01012&nocatche=1,25ee613b3862fac3a70f9a54ac32c821f43823d13303b2a935b3743354a82615,2026-08-03T20:44:35+00:00
power655,01013,2024-03-26,18:00:00,evening,number_set,1 8 13 16 38 44,47,https://www.vietlott.vn/vi/trung-thuong/ket-qua-trung-thuong/655?id=01013&nocatche=1,52586e1dd80e645861ba4aa047950eac9f51d1b932fe88368f6b83abb94037ee,2026-08-03T20:44:34+00:00
power655,01014,2024-03-28,18:00:00,evening,number_set,1 7 18 26 38 49,21,https://www.vietlott.vn/vi/trung-thuong/ket-qua-trung-thuong/655?id=01014&nocatche=1,f3bd2710767a3a569bdd27b98b1a9efaf45f31a9f3317c947054dc4c020a83e7,2026-08-03T20:44:34+00:00
power655,01015,2024-03-30,18:00:00,evening,number_set,14 17 27 38 54 55,23,https://www.vietlott.vn/vi/trung-thuong/ket-qua-trung-thuong/655?id=01015&nocatche=1,02308562f7afb9386c5568f26d68b73fdbc5098bf24376d8327c6a12199ee67e,2026-08-03T20:44:34+00:00
power655,01016,2024-04-02,18:00:00,evening,number_set,1 12 18 20 51 52,37,https://www.vietlott.vn/vi/trung-thuong/ket-qua-trung-thuong/655?id=01016&nocatche=1,8320a67d4e9f5dd19ae7356c35b44ea11382b0b7843749ca90d2d1be9e95dbbc,2026-08-03T20:44:34+00:00
power655,01017,2024-04-04,18:00:00,evening,number_set,3 8 12 25 47 48,15,https://www.vietlott.vn/vi/trung-thuong/ket-qua-trung-thuong/655?id=01017&nocatche=1,f40698e369cc97d5ecbe8b53ee2a2d5cdb96f570436ea54ce6500fe6c4ff4919,2026-08-03T20:44:33+00:00
power655,01018,2024-04-06,18:00:00,evening,number_set,9 13 20 30 39 54,23,https://www.vietlott.vn/vi/trung-thuong/ket-qua-trung-thuong/655?id=01018&nocatche=1,6a4a66f59803281ded3241e88d004f9e7480fd27bf298afc5bee90e0c2c70222,2026-08-03T20:44:33+00:00
power655,01019,2024-04-09,18:00:00,evening,number_set,4 12 27 44 46 51,22,https://www.vietlott.vn/vi/trung-thuong/ket-qua-trung-thuong/655?id=01019&nocatche=1,1db6c715a3c2cb53db40f7ea1a3926abaea23427cbd73528db10eb2a2ced4fd5,2026-08-03T20:44:32+00:00
power655,01020,2024-04-11,18:00:00,evening,number_set,3 6 15 25 33 43,55,https://www.vietlott.vn/vi/trung-thuong/ket-qua-trung-thuong/655?id=01020&nocatche=1,06232c4c3462cd889fc3f28b3e9390813ffede6489da91576880c825e44d7ae5,2026-08-03T20:44:24+00:00
power655,01021,2024-04-13,18:00:00,evening,number_set,29 36 37 38 40 42,46,https://www.vietlott.vn/vi/trung-thuong/ket-qua-trung-thuong/655?id=01021&nocatche=1,85110920dc7bbead7fe7a6c2621a046569e0cd6759fd0e6bd8fc8e89b7b8e8ac,2026-08-03T20:44:24+00:00
power655,01022,2024-04-16,18:00:00,evening,number_set,3 5 32 40 46 50,37,https://www.vietlott.vn/vi/trung-thuong/ket-qua-trung-thuong/655?id=01022&nocatche=1,6ce2856243e4177cbd46709c9a9727cf046a8d9924425d1d005feac5f88e380e,2026-08-03T20:44:23+00:00
power655,01023,2024-04-18,18:00:00,evening,number_set,1 21 23 33 43 54,28,https://www.vietlott.vn/vi/trung-thuong/ket-qua-trung-thuong/655?id=01023&nocatche=1,2ce23b47318ee1cbe5321125ff8029134c180b8d1f8450dcd516fb453c719272,2026-08-03T20:44:24+00:00
power655,01024,2024-04-20,18:00:00,evening,number_set,2 6 35 43 45 47,14,https://www.vietlott.vn/vi/trung-thuong/ket-qua-trung-thuong/655?id=01024&nocatche=1,17b742704640568c6c2e8db9030adb5397c8978e3b4d91329922a6e2231b23ec,2026-08-03T20:44:22+00:00
power655,01025,2024-04-23,18:00:00,evening,number_set,1 34 39 40 49 53,9,https://www.vietlott.vn/vi/trung-thuong/ket-qua-trung-thuong/655?id=01025&nocatche=1,48e4d75a405b90a47f975789ce89ae951a8f7a3766408a791e1c51b1db8c6b34,2026-08-03T20:44:23+00:00
power655,01026,2024-04-25,18:00:00,evening,number_set,13 19 27 38 41 54,46,https://www.vietlott.vn/vi/trung-thuong/ket-qua-trung-thuong/655?id=01026&nocatche=1,830bd0d1c003777d93d253ba37799d1b0e25318d2ca92cb99159903cc4f0d08a,2026-08-03T20:44:22+00:00
power655,01027,2024-04-27,18:00:00,evening,number_set,7 12 38 43 48 55,8,https://www.vietlott.vn/vi/trung-thuong/ket-qua-trung-thuong/655?id=01027&nocatche=1,6039032085a40982431e413c6467cf03e750b7797f51fe124d95c1d70bfcb15d,2026-08-03T20:44:22+00:00
power655,01028,2024-04-30,18:00:00,evening,number_set,13 16 26 46 49 54,8,https://www.vietlott.vn/vi/trung-thuong/ket-qua-trung-thuong/655?id=01028&nocatche=1,6d4c5c9819c458f64e55bdcc83e55343a6c8f8203c93225667d93d8e22598021,2026-08-03T20:44:21+00:00
power655,01029,2024-05-02,18:00:00,evening,number_set,30 32 33 36 42 48,18,https://www.vietlott.vn/vi/trung-thuong/ket-qua-trung-thuong/655?id=01029&nocatche=1,60eabfc56d6ee2715f091a49a20f414907fc5daa8619a61d4b1472aaada3e86e,2026-08-03T20:44:21+00:00
power655,01030,2024-05-04,18:00:00,evening,number_set,5 27 35 45 49 55,18,https://www.vietlott.vn/vi/trung-thuong/ket-qua-trung-thuong/655?id=01030&nocatche=1,37c093a92c1dc78263a04711617fa6b1b50a18c6bf23dee45f91a791fc73585b,2026-08-03T20:44:21+00:00
power655,01031,2024-05-07,18:00:00,evening,number_set,21 26 35 41 44 52,13,https://www.vietlott.vn/vi/trung-thuong/ket-qua-trung-thuong/655?id=01031&nocatche=1,6efae8bd942730f6d6917fbe451c55b5b3a29ffe8b8c92a8be9bc305f45813d9,2026-08-03T20:44:21+00:00
power655,01032,2024-05-09,18:00:00,evening,number_set,3 16 21 36 37 40,31,https://www.vietlott.vn/vi/trung-thuong/ket-qua-trung-thuong/655?id=01032&nocatche=1,6863ee9809dc5f59e2383d77d6911f4ec6cdc7b608e7a1de9b8edb947e58f195,2026-08-03T20:44:20+00:00
power655,01033,2024-05-11,18:00:00,evening,number_set,19 23 25 43 46 54,42,https://www.vietlott.vn/vi/trung-thuong/ket-qua-trung-thuong/655?id=01033&nocatche=1,8b5f27700699e3ecbd1c8f18e86fe360a98636bdb9e507c94c87adee5a073d26,2026-08-03T20:44:19+00:00
power655,01034,2024-05-14,18:00:00,evening,number_set,5 17 36 40 46 50,1,https://www.vietlott.vn/vi/trung-thuong/ket-qua-trung-thuong/655?id=01034&nocatche=1,4730a56eb103c248c675bf23c97429918096120bcc5f2e0ffddd6202c6445385,2026-08-03T20:44:19+00:00
power655,01035,2024-05-16,18:00:00,evening,number_set,20 25 27 39 45 55,44,https://www.vietlott.vn/vi/trung-thuong/ket-qua-trung-thuong/655?id=01035&nocatche=1,045eb6af3466afd3d07f90e506d6b48e6ef5603e484820cdb898ee3f20231f95,2026-08-03T20:44:19+00:00
power655,01036,2024-05-18,18:00:00,evening,number_set,12 18 20 25 27 52,44,https://www.vietlott.vn/vi/trung-thuong/ket-qua-trung-thuong/655?id=01036&nocatche=1,1e045098c904e5fe55311b2e3e4b0001ec0d668b3aeb54dcca5e5d6e9be78dd9,2026-08-03T20:44:18+00:00
power655,01037,2024-05-21,18:00:00,evening,number_set,1 2 14 32 33 41,4,https://www.vietlott.vn/vi/trung-thuong/ket-qua-trung-thuong/655?id=01037&nocatche=1,e33cf05491799ab2bb87d0ce7f112a2cba24b9f31f6e0324cffaadf2fe1af584,2026-08-03T20:44:18+00:00
power655,01038,2024-05-23,18:00:00,evening,number_set,8 12 42 47 51 52,36,https://www.vietlott.vn/vi/trung-thuong/ket-qua-trung-thuong/655?id=01038&nocatche=1,87e47c6042f2249dabf33d53033d34369722e5803eda2c1572027c37ee4e7618,2026-08-03T20:44:18+00:00
power655,01039,2024-05-25,18:00:00,evening,number_set,15 22 38 39 43 53,20,https://www.vietlott.vn/vi/trung-thuong/ket-qua-trung-thuong/655?id=01039&nocatche=1,39fb384899bdf58cad4fa42d1b6d48e1a45747d4ef558196880e57e9cb506d18,2026-08-03T20:44:17+00:00
power655,01040,2024-05-28,18:00:00,evening,number_set,1 25 29 37 40 54,50,https://www.vietlott.vn/vi/trung-thuong/ket-qua-trung-thuong/655?id=01040&nocatche=1,346fbe7c66f0fced611e0d86fe5f23377c7ef592dcb296d500c9fb2a6d5bd9ef,2026-08-03T20:44:16+00:00
power655,01041,2024-05-30,18:00:00,evening,number_set,4 7 8 12 23 31,45,https://www.vietlott.vn/vi/trung-thuong/ket-qua-trung-thuong/655?id=01041&nocatche=1,ffe8f05d7510af2f01302c283a8ab9078e41d287fbb8e46273f94d18537f3581,2026-08-03T20:44:16+00:00
power655,01042,2024-06-01,18:00:00,evening,number_set,6 24 30 31 47 49,1,https://www.vietlott.vn/vi/trung-thuong/ket-qua-trung-thuong/655?id=01042&nocatche=1,dc1dfa782c8eb4d0cc8d37be6bda963fb45868f179983c948981d358a5b7d532,2026-08-03T20:44:15+00:00
power655,01043,2024-06-04,18:00:00,evening,number_set,1 2 7 10 13 19,24,https://www.vietlott.vn/vi/trung-thuong/ket-qua-trung-thuong/655?id=01043&nocatche=1,2360063cb3f5024a81605c631e7401a2919b62138b38ed2a32b47ec26fed5fe3,2026-08-03T20:44:16+00:00
power655,01044,2024-06-06,18:00:00,evening,number_set,18 26 38 39 47 51,55,https://www.vietlott.vn/vi/trung-thuong/ket-qua-trung-thuong/655?id=01044&nocatche=1,2fc03add3adebfd1f612075e2e8e3da501ddabe47ae5da40173a563851b8856e,2026-08-03T20:44:12+00:00
power655,01045,2024-06-08,18:00:00,evening,number_set,13 16 32 33 35 43,42,https://www.vietlott.vn/vi/trung-thuong/ket-qua-trung-thuong/655?id=01045&nocatche=1,a244cf76e8cc0e3dfacbb587c0aa356d0f3466903506c4bf0a75152809d51921,2026-08-03T20:44:09+00:00
power655,01046,2024-06-11,18:00:00,evening,number_set,13 16 21 30 32 39,53,https://www.vietlott.vn/vi/trung-thuong/ket-qua-trung-thuong/655?id=01046&nocatche=1,b353b573d1408f24faed89a09ba82c93e7181472c4870ad7255e8d9b44674bbf,2026-08-03T20:44:09+00:00
power655,01047,2024-06-13,18:00:00,evening,number_set,8 39 45 47 49 51,16,https://www.vietlott.vn/vi/trung-thuong/ket-qua-trung-thuong/655?id=01047&nocatche=1,93fff0137ce0d9cb68de5b3681d98a73609ba82018484d016d5901d6a2e5622c,2026-08-03T20:44:07+00:00
power655,01048,2024-06-15,18:00:00,evening,number_set,5 10 14 20 26 51,36,https://www.vietlott.vn/vi/trung-thuong/ket-qua-trung-thuong/655?id=01048&nocatche=1,15310ddd32c9901e511fe63fc59848964ae52e1db5ad3f0054459ed3febf890f,2026-08-03T20:44:08+00:00
power655,01049,2024-06-18,18:00:00,evening,number_set,20 23 27 36 38 44,52,https://www.vietlott.vn/vi/trung-thuong/ket-qua-trung-thuong/655?id=01049&nocatche=1,d47357c6ddf6dee93f6b30c5213b1a1569332d674caf247a623b7ca07ccb566d,2026-08-03T20:44:07+00:00
power655,01050,2024-06-20,18:00:00,evening,number_set,1 10 29 34 43 55,49,https://www.vietlott.vn/vi/trung-thuong/ket-qua-trung-thuong/655?id=01050&nocatche=1,ab66e28f6c868cf1766490c8103771062f4c197de2d811185c132b310216702d,2026-08-03T20:44:07+00:00
power655,01051,2024-06-22,18:00:00,evening,number_set,17 25 31 35 41 42,36,https://www.vietlott.vn/vi/trung-thuong/ket-qua-trung-thuong/655?id=01051&nocatche=1,bff6527c4bdbd44aeb0496ef6646a8ef948c5b4cab882d0dea0b88544cb60484,2026-08-03T20:44:06+00:00
power655,01052,2024-06-25,18:00:00,evening,number_set,1 5 9 13 18 27,8,https://www.vietlott.vn/vi/trung-thuong/ket-qua-trung-thuong/655?id=01052&nocatche=1,2940b5d7e483d63c06f92dcb76752cdcbaad688b06822a1c27e8beed080de18d,2026-08-03T20:44:14+00:00
power655,01053,2024-06-27,18:00:00,evening,number_set,7 21 22 41 43 46,32,https://www.vietlott.vn/vi/trung-thuong/ket-qua-trung-thuong/655?id=01053&nocatche=1,9b9f697e4bc0fdf5739b40a380ab365d7350edddb0e7aba21e50dbe5aef0ac07,2026-08-03T20:44:14+00:00
power655,01054,2024-06-29,18:00:00,evening,number_set,11 15 32 34 46 48,47,https://www.vietlott.vn/vi/trung-thuong/ket-qua-trung-thuong/655?id=01054&nocatche=1,b0f5a70b61099fd330337b83497db265124570e9e10032fc1042acc6c22e0d4e,2026-08-03T20:44:14+00:00
power655,01055,2024-07-02,18:00:00,evening,number_set,7 8 50 52 53 54,2,https://www.vietlott.vn/vi/trung-thuong/ket-qua-trung-thuong/655?id=01055&nocatche=1,c5d9fbb192330fecaf6b54dcfca8bf925c04987f1c159d401e5cb426f8252f1e,2026-08-03T20:44:14+00:00
power655,01056,2024-07-04,18:00:00,evening,number_set,10 19 20 29 34 41,8,https://www.vietlott.vn/vi/trung-thuong/ket-qua-trung-thuong/655?id=01056&nocatche=1,957dc3ab8d70f8d880af325bba90431054aacf45a80b165e6f3c02a21d446177,2026-08-03T20:44:12+00:00
power655,01057,2024-07-06,18:00:00,evening,number_set,8 10 12 22 25 55,52,https://www.vietlott.vn/vi/trung-thuong/ket-qua-trung-thuong/655?id=01057&nocatche=1,05ce5390731707bc0eede3ac89609090180342d94da544e10a8a25f6b402a0ac,2026-08-03T20:44:12+00:00
power655,01058,2024-07-09,18:00:00,evening,number_set,6 8 9 28 33 53,10,https://www.vietlott.vn/vi/trung-thuong/ket-qua-trung-thuong/655?id=01058&nocatche=1,c158070521322a71ae2169d2af3e2a77a8eb77d10f20b6dfb977610ce8ca593d,2026-08-03T20:44:12+00:00
power655,01059,2024-07-11,18:00:00,evening,number_set,1 2 11 21 22 23,26,https://www.vietlott.vn/vi/trung-thuong/ket-qua-trung-thuong/655?id=01059&nocatche=1,721e63ee52bf92602fe6fdf1c9dff61587889f8e99d7b0a24419c452c4db45c9,2026-08-03T20:44:10+00:00
power655,01060,2024-07-13,18:00:00,evening,number_set,2 12 13 33 44 52,34,https://www.vietlott.vn/vi/trung-thuong/ket-qua-trung-thuong/655?id=01060&nocatche=1,e3413ff808e219da5a07773c92a72ef8eb3ef887594961806f7956213dc685c6,2026-08-03T20:44:06+00:00
power655,01061,2024-07-16,18:00:00,evening,number_set,20 31 34 36 47 52,2,https://www.vietlott.vn/vi/trung-thuong/ket-qua-trung-thuong/655?id=01061&nocatche=1,4edea9a588e433c0e18c59504b1d0983f327879b3f11bc9f372ae5d6d1c98dc6,2026-08-03T20:44:06+00:00
power655,01062,2024-07-18,18:00:00,evening,number_set,10 13 28 35 40 42,2,https://www.vietlott.vn/vi/trung-thuong/ket-qua-trung-thuong/655?id=01062&nocatche=1,e4da732252a8ad62c803c8fddc5e2432cd815475898c93c0a548e1db861d2712,2026-08-03T20:44:06+00:00
power655,01063,2024-07-20,18:00:00,evening,number_set,12 18 32 40 51 53,28,https://www.vietlott.vn/vi/trung-thuong/ket-qua-trung-thuong/655?id=01063&nocatche=1,77848d18ffe0c5678abf37b1249517a2d95f4c385c6a23cbc6a279dd39a8e943,2026-08-03T20:44:05+00:00
power655,01064,2024-07-23,18:00:00,evening,number_set,34 39 40 42 54 55,30,https://www.vietlott.vn/vi/trung-thuong/ket-qua-trung-thuong/655?id=01064&nocatche=1,8320493cca6bd3fe9e12345bb0ae7350ac438be247093c6406d4eb2fb01e5709,2026-08-03T20:44:05+00:00
power655,01065,2024-07-25,18:00:00,evening,number_set,12 17 21 25 33 40,39,https://www.vietlott.vn/vi/trung-thuong/ket-qua-trung-thuong/655?id=01065&nocatche=1,870e15b484c23e03239cec5b7c885b54c2c746e54e76ddf5e907cc50b0b7ef5a,2026-08-03T20:44:05+00:00
power655,01066,2024-07-27,18:00:00,evening,number_set,18 23 25 37 39 40,35,https://www.vietlott.vn/vi/trung-thuong/ket-qua-trung-thuong/655?id=01066&nocatche=1,2353d2a928371b59b20cd0386792793c26fb0d5520ea1e19e38fa02fc517ea65,2026-08-03T20:44:05+00:00
power655,01067,2024-07-30,18:00:00,evening,number_set,2 6 22 23 38 51,32,https://www.vietlott.vn/vi/trung-thuong/ket-qua-trung-thuong/655?id=01067&nocatche=1,0940913ae1364396f5fe584bc65108eda8d496e04616db05ac21a9c70758c2fe,2026-08-03T20:44:03+00:00
power655,01068,2024-08-01,18:00:00,evening,number_set,9 17 21 48 53 55,29,https://www.vietlott.vn/vi/trung-thuong/ket-qua-trung-thuong/655?id=01068&nocatche=1,89994827773855d336972ee46faa7889cb81255231578b5a870e71432a231346,2026-08-03T20:43:56+00:00
power655,01069,2024-08-03,18:00:00,evening,number_set,7 20 34 36 41 46,16,https://www.vietlott.vn/vi/trung-thuong/ket-qua-trung-thuong/655?id=01069&nocatche=1,1653782f31fbe5fe19eea626debc1487e7aae89ea2a24567abc999a85cac8b01,2026-08-03T20:43:55+00:00
power655,01070,2024-08-06,18:00:00,evening,number_set,22 34 44 46 54 55,14,https://www.vietlott.vn/vi/trung-thuong/ket-qua-trung-thuong/655?id=01070&nocatche=1,d4680cb2054634ed565819341135293f93789b6f89026dcd9c4feecda7b36b4a,2026-08-03T20:43:54+00:00
power655,01071,2024-08-08,18:00:00,evening,number_set,1 7 42 43 48 51,29,https://www.vietlott.vn/vi/trung-thuong/ket-qua-trung-thuong/655?id=01071&nocatche=1,f4807a2aa7598992042606c027bb527f9a66599b6d1f7b568ce99affc69770ee,2026-08-03T20:43:54+00:00
power655,01072,2024-08-10,18:00:00,evening,number_set,10 23 32 37 48 55,14,https://www.vietlott.vn/vi/trung-thuong/ket-qua-trung-thuong/655?id=01072&nocatche=1,81bb61745d90a466eb1bc7e02a2a2177bd197e4608f669cc20994cf377548202,2026-08-03T20:43:54+00:00
power655,01073,2024-08-13,18:00:00,evening,number_set,9 26 40 44 45 50,27,https://www.vietlott.vn/vi/trung-thuong/ket-qua-trung-thuong/655?id=01073&nocatche=1,1f1f476ca46df3e0238e32a984626fdea69ffee2cf96bd0d2b800b4df7a85916,2026-08-03T20:43:54+00:00
power655,01074,2024-08-15,18:00:00,evening,number_set,8 16 20 30 34 43,46,https://www.vietlott.vn/vi/trung-thuong/ket-qua-trung-thuong/655?id=01074&nocatche=1,c4dec6bd200e05c6e1395d60501da8cf22856a5f5b395aee100a3c271fbfd885,2026-08-03T20:43:53+00:00
power655,01075,2024-08-17,18:00:00,evening,number_set,4 28 35 38 39 45,5,https://www.vietlott.vn/vi/trung-thuong/ket-qua-trung-thuong/655?id=01075&nocatche=1,a4fd3ee6d34d4dc7cdd31e7d9d75be22ffcbecd1f135dbc34eceb2ba68c8a4f7,2026-08-03T20:43:53+00:00
power655,01076,2024-08-20,18:00:00,evening,number_set,5 24 26 27 29 54,6,https://www.vietlott.vn/vi/trung-thuong/ket-qua-trung-thuong/655?id=01076&nocatche=1,732a8c722034dddce35a049c359eef2fe2a9e3da56df4e03d0be6f78fabd3004,2026-08-03T20:44:02+00:00
power655,01077,2024-08-22,18:00:00,evening,number_set,11 18 20 32 41 46,33,https://www.vietlott.vn/vi/trung-thuong/ket-qua-trung-thuong/655?id=01077&nocatche=1,a53e8b29484860fef171623f39be8d08be37b7cd2413c707af82996627cb0739,2026-08-03T20:44:00+00:00
power655,01078,2024-08-24,18:00:00,evening,number_set,2 17 20 21 22 23,38,https://www.vietlott.vn/vi/trung-thuong/ket-qua-trung-thuong/655?id=01078&nocatche=1,f2ce88ba96271ba44716555159867a04b74008174f52b2610fca328ff5d803dd,2026-08-03T20:44:02+00:00
power655,01079,2024-08-27,18:00:00,evening,number_set,5 6 29 31 37 48,2,https://www.vietlott.vn/vi/trung-thuong/ket-qua-trung-thuong/655?id=01079&nocatche=1,23fb89c47887dbad79292da35829b1ae386cceb90d31f4ceee9736901f02bd93,2026-08-03T20:44:03+00:00
power655,01080,2024-08-29,18:00:00,evening,number_set,8 11 21 29 38 55,12,https://www.vietlott.vn/vi/trung-thuong/ket-qua-trung-thuong/655?id=01080&nocatche=1,b9cba72275050db6f6796f02328da7e824b062163f7486fde1ddad24f854d7d7,2026-08-03T20:43:59+00:00
power655,01081,2024-08-31,18:00:00,evening,number_set,24 33 38 40 42 51,28,https://www.vietlott.vn/vi/trung-thuong/ket-qua-trung-thuong/655?id=01081&nocatche=1,3d5c7cad1dcb64b6f94951e71e4668c5674ca6fd577f7f00dd8542327040b348,2026-08-03T20:43:57+00:00
power655,01082,2024-09-03,18:00:00,evening,number_set,8 10 11 14 38 48,41,https://www.vietlott.vn/vi/trung-thuong/ket-qua-trung-thuong/655?id=01082&nocatche=1,9b8112c31beedcb1317979c8e8276e2c10d2f6cf5d9f95a19ca97e18c25ee57b,2026-08-03T20:43:56+00:00
power655,01083,2024-09-05,18:00:00,evening,number_set,15 20 23 29 34 46,1,https://www.vietlott.vn/vi/trung-thuong/ket-qua-trung-thuong/655?id=01083&nocatche=1,c73751abf9b8d717493d2cef90479f14706280de4652f5c09234ed03f32311b1,2026-08-03T20:44:02+00:00
power655,01084,2024-09-07,18:00:00,evening,number_set,5 11 20 39 46 53,37,https://www.vietlott.vn/vi/trung-thuong/ket-qua-trung-thuong/655?id=01084&nocatche=1,d3e2bd4a59c6ee62937d6043b83d49f5a77ea4d7deaca54e007fde5c310ac0cc,2026-08-03T20:43:52+00:00
power655,01085,2024-09-10,18:00:00,evening,number_set,15 23 37 38 45 49,30,https://www.vietlott.vn/vi/trung-thuong/ket-qua-trung-thuong/655?id=01085&nocatche=1,579d7e963ee42b1a373e80e51df4f1e3d139abd401889feab06989c98e3adddc,2026-08-03T20:43:52+00:00
power655,01086,2024-09-12,18:00:00,evening,number_set,3 8 31 36 39 47,38,https://www.vietlott.vn/vi/trung-thuong/ket-qua-trung-thuong/655?id=01086&nocatche=1,5ee83eb249c3424ce3fe3b7b43b85c2359cf0d7792d2003dfe31f4b8695d6a99,2026-08-03T20:43:51+00:00
power655,01087,2024-09-14,18:00:00,evening,number_set,2 12 25 32 51 54,34,https://www.vietlott.vn/vi/trung-thuong/ket-qua-trung-thuong/655?id=01087&nocatche=1,45a7d08810079b5f1fcb4a40dfd17c5b7f00a6cb8a34f27de3cad6f64d45e28a,2026-08-03T20:43:51+00:00
power655,01088,2024-09-17,18:00:00,evening,number_set,14 32 34 41 47 54,48,https://www.vietlott.vn/vi/trung-thuong/ket-qua-trung-thuong/655?id=01088&nocatche=1,973714d20513f8df646d98f287900bc4813c14d2fca2cfbcc9ec363366cc97af,2026-08-03T20:43:52+00:00
power655,01089,2024-09-19,18:00:00,evening,number_set,4 9 22 24 45 54,48,https://www.vietlott.vn/vi/trung-thuong/ket-qua-trung-thuong/655?id=01089&nocatche=1,9b06ce296acbef0148913b74212f56e30d8ff209fac78750da5141de322316c4,2026-08-03T20:43:51+00:00
power655,01090,2024-09-21,18:00:00,evening,number_set,3 8 9 22 26 55,11,https://www.vietlott.vn/vi/trung-thuong/ket-qua-trung-thuong/655?id=01090&nocatche=1,8683718a7f3b12d7e3f661d60e7e611b359987b0b5ef5cb6429921470c487810,2026-08-03T20:43:50+00:00
power655,01091,2024-09-24,18:00:00,evening,number_set,1 6 11 17 24 31,43,https://www.vietlott.vn/vi/trung-thuong/ket-qua-trung-thuong/655?id=01091&nocatche=1,daedf7addcd006ed6bdfd6a0fc1e30890772dd826abd7e3c995509f642faa3b2,2026-08-03T20:43:50+00:00
power655,01092,2024-09-26,18:00:00,evening,number_set,3 18 29 39 41 49,46,https://www.vietlott.vn/vi/trung-thuong/ket-qua-trung-thuong/655?id=01092&nocatche=1,3e340a7a74a1db38fe57cfb462229b52490b365f12ca98c2b958d9b7c0459f6d,2026-08-03T20:43:51+00:00
power655,01093,2024-09-28,18:00:00,evening,number_set,2 11 13 32 41 48,15,https://www.vietlott.vn/vi/trung-thuong/ket-qua-trung-thuong/655?id=01093&nocatche=1,1863bb4c941720c1d3affe7282579b07fd9ce65a797ef015e683e387e56ed7fc,2026-08-03T20:43:50+00:00
power655,01094,2024-10-01,18:00:00,evening,number_set,3 18 22 41 43 44,12,https://www.vietlott.vn/vi/trung-thuong/ket-qua-trung-thuong/655?id=01094&nocatche=1,3bf7ffaca7ff6a8a6487420b3a96c24a7f48ac55c4766a12feec31cb0f9051b4,2026-08-03T20:43:50+00:00
power655,01095,2024-10-03,18:00:00,evening,number_set,18 21 34 40 42 53,25,https://www.vietlott.vn/vi/trung-thuong/ket-qua-trung-thuong/655?id=01095&nocatche=1,8ddc1941328a3234a0144fff3dc43d186e6ccd55fd838ccb013838c010dd9619,2026-08-03T20:43:50+00:00
power655,01096,2024-10-05,18:00:00,evening,number_set,2 10 17 27 50 52,18,https://www.vietlott.vn/vi/trung-thuong/ket-qua-trung-thuong/655?id=01096&nocatche=1,b174818e8f7486a47f2e16b2221414f488368e1b48c65062be23b3a7ee1b854f,2026-08-03T20:43:49+00:00
power655,01097,2024-10-08,18:00:00,evening,number_set,3 7 14 17 48 50,40,https://www.vietlott.vn/vi/trung-thuong/ket-qua-trung-thuong/655?id=01097&nocatche=1,ae856b317de947aec3951fd60f55fe17e55e1490ed5afab5ec63510c7b6da9d1,2026-08-03T20:43:49+00:00
power655,01098,2024-10-10,18:00:00,evening,number_set,4 5 6 29 32 44,53,https://www.vietlott.vn/vi/trung-thuong/ket-qua-trung-thuong/655?id=01098&nocatche=1,b24949b672d597444b49509dce5ecc394dd5b7c3a11691c14bb0455e9909b484,2026-08-03T20:43:49+00:00
power655,01099,2024-10-12,18:00:00,evening,number_set,29 34 35 38 50 51,37,https://www.vietlott.vn/vi/trung-thuong/ket-qua-trung-thuong/655?id=01099&nocatche=1,7ecca02fa67d7755489cc501ce7dd1f935dc48eb9a08f92f201aa7455038cb30,2026-08-03T20:43:49+00:00
power655,01100,2024-10-15,18:00:00,evening,number_set,4 25 41 42 46 52,33,https://www.vietlott.vn/vi/trung-thuong/ket-qua-trung-thuong/655?id=01100&nocatche=1,037c865ce01d53c22896fe7bb6d51dec5b4e348b22e9fd8092cc7441cd75c30f,2026-08-03T20:43:46+00:00
power655,01101,2024-10-17,18:00:00,evening,number_set,11 14 15 26 38 41,25,https://www.vietlott.vn/vi/trung-thuong/ket-qua-trung-thuong/655?id=01101&nocatche=1,7ccaf486766d1daebae3c26893b9a4910afb0fe9043136135a115bb89b6793d2,2026-08-03T20:43:46+00:00
power655,01102,2024-10-19,18:00:00,evening,number_set,9 22 31 39 43 51,19,https://www.vietlott.vn/vi/trung-thuong/ket-qua-trung-thuong/655?id=01102&nocatche=1,6860382f94f67a8befa1dcdfba18f134f1e123748af324283bc26bb797f07323,2026-08-03T20:43:45+00:00
power655,01103,2024-10-22,18:00:00,evening,number_set,15 21 23 26 31 43,35,https://www.vietlott.vn/vi/trung-thuong/ket-qua-trung-thuong/655?id=01103&nocatche=1,a8d2a4cf54ae095d63464e1bf2ccf1079b5cd7d9a830b4c57124f6485bc8311b,2026-08-03T20:43:45+00:00
power655,01104,2024-10-24,18:00:00,evening,number_set,5 17 31 39 46 53,3,https://www.vietlott.vn/vi/trung-thuong/ket-qua-trung-thuong/655?id=01104&nocatche=1,e53f3a6f11472aa4ce57affbcebac1d2b60d3eec2eecbe25d02936e7f580e6f7,2026-08-03T20:43:45+00:00
power655,01105,2024-10-26,18:00:00,evening,number_set,5 19 27 29 42 47,40,https://www.vietlott.vn/vi/trung-thuong/ket-qua-trung-thuong/655?id=01105&nocatche=1,e043b533e7f359bbb5c8c636285ef589057b515201a5eeced8df745675fd8fa2,2026-08-03T20:43:44+00:00
power655,01106,2024-10-29,18:00:00,evening,number_set,14 17 19 28 47 51,55,https://www.vietlott.vn/vi/trung-thuong/ket-qua-trung-thuong/655?id=01106&nocatche=1,438c69d07b5c4e96ac9959373e729ddb077c86bae4a112f65954c937eb57a6d0,2026-08-03T20:43:44+00:00
power655,01107,2024-10-31,18:00:00,evening,number_set,5 16 20 29 30 31,39,https://www.vietlott.vn/vi/trung-thuong/ket-qua-trung-thuong/655?id=01107&nocatche=1,8efb488dfe6a5654afd4f0586cd8ebee3a74d312f5483c4847f4cc0c88c66ade,2026-08-03T20:43:44+00:00
power655,01108,2024-11-02,18:00:00,evening,number_set,2 9 19 20 34 54,26,https://www.vietlott.vn/vi/trung-thuong/ket-qua-trung-thuong/655?id=01108&nocatche=1,50df8f5708d8ded6ccdeedbd902de2d0d4e03bfdee571788d93346b9cff23c79,2026-08-03T20:43:48+00:00
power655,01109,2024-11-05,18:00:00,evening,number_set,9 31 36 46 49 54,7,https://www.vietlott.vn/vi/trung-thuong/ket-qua-trung-thuong/655?id=01109&nocatche=1,b2433c5000c8046acf08cb6780f56995c3d1f6187ce967db0303f54b3bd89fcc,2026-08-03T20:43:48+00:00
power655,01110,2024-11-07,18:00:00,evening,number_set,6 9 33 39 50 51,43,https://www.vietlott.vn/vi/trung-thuong/ket-qua-trung-thuong/655?id=01110&nocatche=1,a9f6d86e6f3d85309d5f8628ae650d5fffcae7de1e1b9d900da3417a677ee162,2026-08-03T20:43:47+00:00
power655,01111,2024-11-09,18:00:00,evening,number_set,11 14 24 26 34 51,40,https://www.vietlott.vn/vi/trung-thuong/ket-qua-trung-thuong/655?id=01111&nocatche=1,90e3be9a143fefcaa8384dded33e85c6dd944bfac1409f5cbb1ef7b8c7494047,2026-08-03T20:43:47+00:00
power655,01112,2024-11-12,18:00:00,evening,number_set,1 21 29 35 41 45,20,https://www.vietlott.vn/vi/trung-thuong/ket-qua-trung-thuong/655?id=01112&nocatche=1,2a391ac5e19e6604163a097506b011b561b2dd5c782a3b6f06501f8bde281c11,2026-08-03T20:43:47+00:00
power655,01113,2024-11-14,18:00:00,evening,number_set,12 25 37 40 49 52,31,https://www.vietlott.vn/vi/trung-thuong/ket-qua-trung-thuong/655?id=01113&nocatche=1,69c0eac575a02f3bf35bccd31279bf3527496ece203da8c6e5f6fb259d303588,2026-08-03T20:43:46+00:00
power655,01114,2024-11-16,18:00:00,evening,number_set,16 22 33 37 39 51,54,https://www.vietlott.vn/vi/trung-thuong/ket-qua-trung-thuong/655?id=01114&nocatche=1,6ac91015272fb4b5136eed41ca54fa13136c9dc4562aff4e75f76a3f718fa0e8,2026-08-03T20:43:46+00:00
power655,01115,2024-11-19,18:00:00,evening,number_set,6 10 17 34 41 48,31,https://www.vietlott.vn/vi/trung-thuong/ket-qua-trung-thuong/655?id=01115&nocatche=1,6dd82b14caf824e4f5887e0177cceed8148154d3e6b06f7e1da7306fd220d11b,2026-08-03T20:43:46+00:00
power655,01116,2024-11-21,18:00:00,evening,number_set,15 22 31 40 42 51,26,https://www.vietlott.vn/vi/trung-thuong/ket-qua-trung-thuong/655?id=01116&nocatche=1,71e24fbe70e95a2b3b2ae30e5ffd591f680ec57e093cf4d3424ed8299083c628,2026-08-03T20:43:44+00:00
power655,01117,2024-11-23,18:00:00,evening,number_set,4 12 25 39 48 51,45,https://www.vietlott.vn/vi/trung-thuong/ket-qua-trung-thuong/655?id=01117&nocatche=1,727afbf2adae75d56ad815b0acbb86a5e3985f3bca86c54ddd15c490a4c93596,2026-08-03T20:43:43+00:00
power655,01118,2024-11-26,18:00:00,evening,number_set,8 11 16 32 40 43,12,https://www.vietlott.vn/vi/trung-thuong/ket-qua-trung-thuong/655?id=01118&nocatche=1,bec7357149910f5d3fe88416b7e2e23eca4750e98ea0ca77142e9459cac9832a,2026-08-03T20:43:43+00:00
power655,01119,2024-11-28,18:00:00,evening,number_set,1 16 24 28 38 53,9,https://www.vietlott.vn/vi/trung-thuong/ket-qua-trung-thuong/655?id=01119&nocatche=1,5680a61b3ff0703a400af766dd3b554d02f8e4e39d84917145b291f86cbe2a9c,2026-08-03T20:43:42+00:00
power655,01120,2024-11-30,18:00:00,evening,number_set,1 20 24 26 38 41,36,https://www.vietlott.vn/vi/trung-thuong/ket-qua-trung-thuong/655?id=01120&nocatche=1,c83dbf8ac3da4818396a8abbfe3b0cf1572c44d0cab83679be5b142d260677dd,2026-08-03T20:43:43+00:00
power655,01121,2024-12-03,18:00:00,evening,number_set,10 19 33 39 47 54,16,https://www.vietlott.vn/vi/trung-thuong/ket-qua-trung-thuong/655?id=01121&nocatche=1,0792b669dfc1c159d389d2a0b235107b2d3885298e4d6c95bcc5376121d2226a,2026-08-03T20:43:42+00:00
power655,01122,2024-12-05,18:00:00,evening,number_set,16 21 29 41 42 47,9,https://www.vietlott.vn/vi/trung-thuong/ket-qua-trung-thuong/655?id=01122&nocatche=1,909af759f0a5218a62d399165b58f5b7d773c33454d6a92c90c745236a49ee74,2026-08-03T20:43:42+00:00
power655,01123,2024-12-07,18:00:00,evening,number_set,16 17 22 24 29 37,54,https://www.vietlott.vn/vi/trung-thuong/ket-qua-trung-thuong/655?id=01123&nocatche=1,6e7a966dea136b4a6a7aeec1162850b7042fa4cbee617342b0a6e0a5a54b95be,2026-08-03T20:43:42+00:00
power655,01124,2024-12-10,18:00:00,evening,number_set,11 15 26 45 52 55,36,https://www.vietlott.vn/vi/trung-thuong/ket-qua-trung-thuong/655?id=01124&nocatche=1,734ed58e429f0b06e42d7c856e6117d5f47bf8cdb7e76d12368a46507c5e4133,2026-08-03T20:43:41+00:00
power655,01125,2024-12-12,18:00:00,evening,number_set,1 9 12 18 37 44,11,https://www.vietlott.vn/vi/trung-thuong/ket-qua-trung-thuong/655?id=01125&nocatche=1,46973d4adb575f7e71e95de2722e4da02001903fb695b3f2ca084e06689a9090,2026-08-03T20:43:41+00:00
power655,01126,2024-12-14,18:00:00,evening,number_set,3 10 19 20 21 24,7,https://www.vietlott.vn/vi/trung-thuong/ket-qua-trung-thuong/655?id=01126&nocatche=1,32e6bff406dadfb12e0d3af498cb7b4690ceb7ee353eca1df733596dc2da23ce,2026-08-03T20:43:41+00:00
power655,01127,2024-12-17,18:00:00,evening,number_set,2 14 27 30 53 54,16,https://www.vietlott.vn/vi/trung-thuong/ket-qua-trung-thuong/655?id=01127&nocatche=1,4710d3bb6349e83b4e3986e57fd48c0f313ae46be2122ee20dcad43e801973e1,2026-08-03T20:43:40+00:00
power655,01128,2024-12-19,18:00:00,evening,number_set,13 16 32 39 49 51,11,https://www.vietlott.vn/vi/trung-thuong/ket-qua-trung-thuong/655?id=01128&nocatche=1,ff49615ac8b7ab83536ba4b582a4b9c1d2322f648662092b1742659ad702fc9a,2026-08-03T20:43:40+00:00
power655,01129,2024-12-21,18:00:00,evening,number_set,4 16 29 30 35 51,48,https://www.vietlott.vn/vi/trung-thuong/ket-qua-trung-thuong/655?id=01129&nocatche=1,305f405423d9b5bcac0e841776d7bf39e42859683e62348c857be147f7d111aa,2026-08-03T20:43:40+00:00
power655,01130,2024-12-24,18:00:00,evening,number_set,17 20 27 32 44 51,33,https://www.vietlott.vn/vi/trung-thuong/ket-qua-trung-thuong/655?id=01130&nocatche=1,83ba67e4306494668b6ff08bcea2b55d025fbade6bbea3d956994885fe443430,2026-08-03T20:43:40+00:00
power655,01131,2024-12-26,18:00:00,evening,number_set,6 18 33 38 41 48,16,https://www.vietlott.vn/vi/trung-thuong/ket-qua-trung-thuong/655?id=01131&nocatche=1,a0d29a42c7d4f71b25489a6d5f42528d1401b2525e3f663fb43ada7e85bd5668,2026-08-03T20:43:39+00:00
power655,01132,2024-12-28,18:00:00,evening,number_set,6 19 36 42 53 55,39,https://www.vietlott.vn/vi/trung-thuong/ket-qua-trung-thuong/655?id=01132&nocatche=1,9c12a082f9d008a3f4e1cb6dcf31a56086f45d6c1e5060d23c26c913fff77b34,2026-08-02T20:22:46+00:00
power655,01133,2024-12-31,18:00:00,evening,number_set,8 13 29 36 42 43,28,https://www.vietlott.vn/vi/trung-thuong/ket-qua-trung-thuong/655?id=01133&nocatche=1,bc4d898c7b835efdc265a69ae6694a315fd2d23dc0c020da2122a3c4bddc715c,2026-08-02T20:22:46+00:00
power655,01134,2025-01-02,18:00:00,evening,number_set,4 10 18 22 41 45,50,https://www.vietlott.vn/vi/trung-thuong/ket-qua-trung-thuong/655?id=01134&nocatche=1,e69e21c4de15b86db794009e68c5e40a6a48a5b8c3bf8a8f3da1c4aaf42b93f4,2026-08-02T20:22:45+00:00
power655,01135,2025-01-04,18:00:00,evening,number_set,4 10 30 36 40 53,51,https://www.vietlott.vn/vi/trung-thuong/ket-qua-trung-thuong/655?id=01135&nocatche=1,b57b043ef0531b4e41cf233d7dc2a8083c6bbf8fa1e0f1bb5ac7f3cddc28f7da,2026-08-02T20:22:45+00:00
power655,01136,2025-01-07,18:00:00,evening,number_set,4 5 9 16 22 39,30,https://www.vietlott.vn/vi/trung-thuong/ket-qua-trung-thuong/655?id=01136&nocatche=1,c8fcc9c3886347352dcee4c379b43bfccaa631208abb75e259b95f51db08f567,2026-08-02T20:22:45+00:00
power655,01137,2025-01-09,18:00:00,evening,number_set,18 21 31 39 50 53,13,https://www.vietlott.vn/vi/trung-thuong/ket-qua-trung-thuong/655?id=01137&nocatche=1,e313646bd38025a28ed09cc11dd2bdb5b51ed098843396df1e184d78edeaa9f5,2026-08-02T20:22:45+00:00
power655,01138,2025-01-11,18:00:00,evening,number_set,10 25 26 29 37 46,14,https://www.vietlott.vn/vi/trung-thuong/ket-qua-trung-thuong/655?id=01138&nocatche=1,b8c782c7846cea529269f4293bfe739954b67ea540b2c8f5761581eb4082dfcc,2026-08-02T20:22:44+00:00
power655,01139,2025-01-14,18:00:00,evening,number_set,3 11 12 24 33 40,46,https://www.vietlott.vn/vi/trung-thuong/ket-qua-trung-thuong/655?id=01139&nocatche=1,732293658fae83f79e5002eb1c9e81b78a3fa014deb3e854aac0223078e6283b,2026-08-02T20:22:44+00:00
power655,01140,2025-01-16,18:00:00,evening,number_set,8 16 34 37 47 50,23,https://www.vietlott.vn/vi/trung-thuong/ket-qua-trung-thuong/655?id=01140&nocatche=1,5b17346586994a5f01be5eb9bc235cb6414f204395940985a78f3d4450a3340c,2026-08-02T20:22:44+00:00
power655,01141,2025-01-18,18:00:00,evening,number_set,1 3 26 31 37 41,51,https://www.vietlott.vn/vi/trung-thuong/ket-qua-trung-thuong/655?id=01141&nocatche=1,00dd7136a50e26778ea56b78e4002a65293c6ebb96f01c73388741d9896d9861,2026-08-02T20:22:40+00:00
power655,01142,2025-01-21,18:00:00,evening,number_set,11 18 22 28 51 52,53,https://www.vietlott.vn/vi/trung-thuong/ket-qua-trung-thuong/655?id=01142&nocatche=1,9162f046a27d177297909505ac2310c83bf8e108fb1d53bb28f35e4800643fc0,2026-08-02T20:22:40+00:00
power655,01143,2025-01-23,18:00:00,evening,number_set,11 18 22 49 50 51,37,https://www.vietlott.vn/vi/trung-thuong/ket-qua-trung-thuong/655?id=01143&nocatche=1,ace11255ee9864ce94121a926650c2ff70eeeca0e7d1334f8dbc2d8631ff0306,2026-08-02T20:22:40+00:00
power655,01144,2025-01-25,18:00:00,evening,number_set,14 21 40 42 48 51,19,https://www.vietlott.vn/vi/trung-thuong/ket-qua-trung-thuong/655?id=01144&nocatche=1,b7e80fc7bb496563936c5ef6f7360c87ed0c423bc35c5b3a34b9f16695aa2ce1,2026-08-02T20:22:39+00:00
power655,01145,2025-01-30,18:00:00,evening,number_set,5 8 24 28 34 52,39,https://www.vietlott.vn/vi/trung-thuong/ket-qua-trung-thuong/655?id=01145&nocatche=1,01409237b9632f933129c1c5b0eb8f20589736dd994d1896018a8d4a2618f9fc,2026-08-02T20:22:39+00:00
power655,01146,2025-02-01,18:00:00,evening,number_set,1 20 34 38 45 47,49,https://www.vietlott.vn/vi/trung-thuong/ket-qua-trung-thuong/655?id=01146&nocatche=1,d532e9d6189f0c7fb5a6e9cf8682d383f37914e5bbbadc2afc04e5a17b85d605,2026-08-02T20:22:39+00:00
power655,01147,2025-02-04,18:00:00,evening,number_set,7 17 29 51 52 55,41,https://www.vietlott.vn/vi/trung-thuong/ket-qua-trung-thuong/655?id=01147&nocatche=1,e65720cb5159f658ec8681b3aafbe165dedc0ef9ddc24949b704f877f4a0ee2e,2026-08-02T20:22:38+00:00
power655,01148,2025-02-06,18:00:00,evening,number_set,1 11 31 43 48 54,19,https://www.vietlott.vn/vi/trung-thuong/ket-qua-trung-thuong/655?id=01148&nocatche=1,b39c70a309ac3bc35f19f511a6632ee15d4e1d365a009ada74b3498771e8df0d,2026-08-02T20:22:38+00:00
power655,01149,2025-02-08,18:00:00,evening,number_set,11 22 28 44 48 49,23,https://www.vietlott.vn/vi/trung-thuong/ket-qua-trung-thuong/655?id=01149&nocatche=1,4bae1ff8d07ed577f45d6e1e113ed8e04f189327ae70073dc2acbfcf2d2ac419,2026-08-02T20:22:38+00:00
power655,01150,2025-02-11,18:00:00,evening,number_set,1 9 18 21 35 40,44,https://www.vietlott.vn/vi/trung-thuong/ket-qua-trung-thuong/655?id=01150&nocatche=1,63d52ed3c5f910157e3cf8fac3a7305ab985c2dd42bebcd725e3aea444339e60,2026-08-02T20:22:38+00:00
power655,01151,2025-02-13,18:00:00,evening,number_set,2 8 23 26 42 47,7,https://www.vietlott.vn/vi/trung-thuong/ket-qua-trung-thuong/655?id=01151&nocatche=1,9e1b84ff767e40a828c1bd526876d7d1b4c1dc3f0aad37712cd39f62b9ce68fb,2026-08-02T20:22:37+00:00
power655,01152,2025-02-15,18:00:00,evening,number_set,22 37 38 47 51 55,31,https://www.vietlott.vn/vi/trung-thuong/ket-qua-trung-thuong/655?id=01152&nocatche=1,71c952c35bc13e8028fc1556ea44346fe6c611deba61ff5237f8c3e2bb390d24,2026-08-02T20:22:37+00:00
power655,01153,2025-02-18,18:00:00,evening,number_set,12 13 30 38 40 47,42,https://www.vietlott.vn/vi/trung-thuong/ket-qua-trung-thuong/655?id=01153&nocatche=1,eda093dd40f0b54905b14a6fe1e7b2254240f810a5386db601dbde6f026c633f,2026-08-02T20:22:37+00:00
power655,01154,2025-02-20,18:00:00,evening,number_set,13 17 20 27 36 54,47,https://www.vietlott.vn/vi/trung-thuong/ket-qua-trung-thuong/655?id=01154&nocatche=1,164b33dd13c878b22df6a6b55806bfdbcb13fb3efb2e747d1b39e055b29971a3,2026-08-02T20:22:37+00:00
power655,01155,2025-02-22,18:00:00,evening,number_set,1 2 7 22 23 46,50,https://www.vietlott.vn/vi/trung-thuong/ket-qua-trung-thuong/655?id=01155&nocatche=1,1f48edc7888256eca2b1d364d9625b2b7d93ae2a627c3fde783237c55edfda2a,2026-08-02T20:22:36+00:00
power655,01156,2025-02-25,18:00:00,evening,number_set,1 7 11 24 29 30,48,https://www.vietlott.vn/vi/trung-thuong/ket-qua-trung-thuong/655?id=01156&nocatche=1,7d155213d96de1da09c852a5f0a2c6c47c71f810ead123202d08177a9aaf1f55,2026-08-02T20:22:33+00:00
power655,01157,2025-02-27,18:00:00,evening,number_set,5 9 21 31 43 53,11,https://www.vietlott.vn/vi/trung-thuong/ket-qua-trung-thuong/655?id=01157&nocatche=1,5b7c989b2b29b4bafc6e8e2abbdc100640df321b024906c383e0f63d109901aa,2026-08-02T20:22:34+00:00
power655,01158,2025-03-01,18:00:00,evening,number_set,15 17 34 37 39 45,41,https://www.vietlott.vn/vi/trung-thuong/ket-qua-trung-thuong/655?id=01158&nocatche=1,27ae244d98b0fc97929c0c3792786e40eee0a749f801d5444d163fa5fb2d2b90,2026-08-02T20:22:32+00:00
power655,01159,2025-03-04,18:00:00,evening,number_set,5 14 27 43 45 53,47,https://www.vietlott.vn/vi/trung-thuong/ket-qua-trung-thuong/655?id=01159&nocatche=1,eb107a018eee7d10520c35bbbf9cd4b1838045f1fcb32f4a9bea8b0787fe09d2,2026-08-02T20:22:32+00:00
power655,01160,2025-03-06,18:00:00,evening,number_set,5 10 21 26 43 51,15,https://www.vietlott.vn/vi/trung-thuong/ket-qua-trung-thuong/655?id=01160&nocatche=1,31d73374b8304bcc0707e0748d76caa3fbc4aea18b5c9199500658ac24aaf7e4,2026-08-02T20:22:36+00:00
power655,01161,2025-03-08,18:00:00,evening,number_set,10 38 41 43 45 48,8,https://www.vietlott.vn/vi/trung-thuong/ket-qua-trung-thuong/655?id=01161&nocatche=1,6181f8f45c885d451622b33ac68248bacd34c9df213208e3f5790f9f7fd0f229,2026-08-02T20:22:30+00:00
power655,01162,2025-03-11,18:00:00,evening,number_set,1 16 18 30 31 44,34,https://www.vietlott.vn/vi/trung-thuong/ket-qua-trung-thuong/655?id=01162&nocatche=1,d374c2b2a187fb78bd27e034ff55512f33c050935c6c32ff4f98da6148a87111,2026-08-02T20:22:30+00:00
power655,01163,2025-03-13,18:00:00,evening,number_set,7 13 21 43 52 53,17,https://www.vietlott.vn/vi/trung-thuong/ket-qua-trung-thuong/655?id=01163&nocatche=1,34133c8c596b4eb75db261686d5a7c1cd2dc397949d98701779962e4ccb14ecf,2026-08-02T20:22:32+00:00
power655,01164,2025-03-15,18:00:00,evening,number_set,1 34 39 40 42 50,25,https://www.vietlott.vn/vi/trung-thuong/ket-qua-trung-thuong/655?id=01164&nocatche=1,f8ed7f24f484f50e751ed9a691afe6d09a07a278e3f92622a8885501a320f9f6,2026-08-02T20:22:36+00:00
power655,01165,2025-03-18,18:00:00,evening,number_set,2 8 29 30 50 55,27,https://www.vietlott.vn/vi/trung-thuong/ket-qua-trung-thuong/655?id=01165&nocatche=1,d8cb2af303006bce008cca9b3656bf9591863248aec9656152241552f2f3e815,2026-08-02T20:22:36+00:00
power655,01166,2025-03-20,18:00:00,evening,number_set,11 13 24 28 36 41,37,https://www.vietlott.vn/vi/trung-thuong/ket-qua-trung-thuong/655?id=01166&nocatche=1,dee8ec7ef00dba2a5ac8bfd8deee801505cab05d74a8a28ce52573224dbc5db1,2026-08-02T20:22:35+00:00
power655,01167,2025-03-22,18:00:00,evening,number_set,2 23 42 50 52 54,44,https://www.vietlott.vn/vi/trung-thuong/ket-qua-trung-thuong/655?id=01167&nocatche=1,848e1a45603e2d829250f6d340bf0ec968352371045b87c395456ae6e9287bee,2026-08-02T20:22:35+00:00
power655,01168,2025-03-25,18:00:00,evening,number_set,14 23 29 30 35 40,17,https://www.vietlott.vn/vi/trung-thuong/ket-qua-trung-thuong/655?id=01168&nocatche=1,552e069e08dff4b162f4eb0a10aca5286c3c7531e5e2018c957e5ccc098fac36,2026-08-02T20:22:35+00:00
power655,01169,2025-03-27,18:00:00,evening,number_set,13 25 32 36 41 53,29,https://www.vietlott.vn/vi/trung-thuong/ket-qua-trung-thuong/655?id=01169&nocatche=1,0110475bd200ef7d52dfc614b70e8989ee5cbb6ff439a79c00df71da0fce16b5,2026-08-02T20:22:35+00:00
power655,01170,2025-03-29,18:00:00,evening,number_set,14 19 21 24 26 48,39,https://www.vietlott.vn/vi/trung-thuong/ket-qua-trung-thuong/655?id=01170&nocatche=1,76497576dc2e2df034dfa45e37dc691193d32725749009a753bea4301b6e1d76,2026-08-02T20:22:34+00:00
power655,01171,2025-04-01,18:00:00,evening,number_set,14 15 29 33 39 47,4,https://www.vietlott.vn/vi/trung-thuong/ket-qua-trung-thuong/655?id=01171&nocatche=1,94f3ae8a92dbdd6d806c796700a269523b3571bd740861365773e05c348dd2ff,2026-08-02T20:22:34+00:00
power655,01172,2025-04-03,18:00:00,evening,number_set,24 26 34 42 50 51,30,https://www.vietlott.vn/vi/trung-thuong/ket-qua-trung-thuong/655?id=01172&nocatche=1,d9cb639657b92ab6ed6d44c31a9e8b3b073abe9183d582d9bd3bf0cb6819f376,2026-08-02T20:22:27+00:00
power655,01173,2025-04-05,18:00:00,evening,number_set,13 23 29 32 41 42,9,https://www.vietlott.vn/vi/trung-thuong/ket-qua-trung-thuong/655?id=01173&nocatche=1,7272f2cc0c325ecae2152f64b060019f25dbeb4e9c13e992cb7d838a285c8247,2026-08-02T20:22:27+00:00
power655,01174,2025-04-08,18:00:00,evening,number_set,3 7 34 41 43 53,31,https://www.vietlott.vn/vi/trung-thuong/ket-qua-trung-thuong/655?id=01174&nocatche=1,0e5d3220bdf6b1f4db03280982c54e4ab5dd75c2d165c3cbdab237e26164b29f,2026-08-02T20:22:26+00:00
power655,01175,2025-04-10,18:00:00,evening,number_set,10 13 36 37 40 43,41,https://www.vietlott.vn/vi/trung-thuong/ket-qua-trung-thuong/655?id=01175&nocatche=1,76b63becae0bb6ac8f5656fb3840be5336796f4f4ee4633b197d7960761f3650,2026-08-02T20:22:26+00:00
power655,01176,2025-04-12,18:00:00,evening,number_set,3 14 19 37 42 55,23,https://www.vietlott.vn/vi/trung-thuong/ket-qua-trung-thuong/655?id=01176&nocatche=1,ff0f6939e2e99f5dc5a16d8a42255d84a56bf135922dd351a662c41194ca6610,2026-08-02T20:22:25+00:00
power655,01177,2025-04-15,18:00:00,evening,number_set,8 23 24 27 42 49,20,https://www.vietlott.vn/vi/trung-thuong/ket-qua-trung-thuong/655?id=01177&nocatche=1,7599ae3ce34cc6414cf8997c8868fbbceefa76d6c62935021233d7a3de6749f0,2026-08-02T20:22:26+00:00
power655,01178,2025-04-17,18:00:00,evening,number_set,1 17 20 38 41 52,14,https://www.vietlott.vn/vi/trung-thuong/ket-qua-trung-thuong/655?id=01178&nocatche=1,dba3121db86b470446bb76dd971ca8ab312eb5cccf4734b50be3651d390895e5,2026-08-02T20:22:25+00:00
power655,01179,2025-04-19,18:00:00,evening,number_set,5 11 15 32 42 49,43,https://www.vietlott.vn/vi/trung-thuong/ket-qua-trung-thuong/655?id=01179&nocatche=1,8a241d0e2c3efcebdbce132d655f257e16b14fbe5c12fd513cdb862a8b999248,2026-08-02T20:22:24+00:00
power655,01180,2025-04-22,18:00:00,evening,number_set,10 25 37 40 41 48,32,https://www.vietlott.vn/vi/trung-thuong/ket-qua-trung-thuong/655?id=01180&nocatche=1,cd425b364a9d380a1e9223a330511eda307e4b7278a0bbd8a54b6d1988736dc3,2026-08-02T20:22:29+00:00
power655,01181,2025-04-24,18:00:00,evening,number_set,1 2 15 39 40 47,24,https://www.vietlott.vn/vi/trung-thuong/ket-qua-trung-thuong/655?id=01181&nocatche=1,30cee7ed84955b6df094b51f9d91ff24dcabbcd926b0aca231528890cf5d6c99,2026-08-02T20:22:30+00:00
power655,01182,2025-04-26,18:00:00,evening,number_set,3 15 16 31 48 52,21,https://www.vietlott.vn/vi/trung-thuong/ket-qua-trung-thuong/655?id=01182&nocatche=1,5eb57ab7bba1dfc53d942179d207007f74619eb6d7f74c724177b59ccb4049c7,2026-08-02T20:22:29+00:00
power655,01183,2025-04-29,18:00:00,evening,number_set,14 15 18 23 28 33,29,https://www.vietlott.vn/vi/trung-thuong/ket-qua-trung-thuong/655?id=01183&nocatche=1,f2424d119165268cf45da40eb014188bd56b9b1792a5401e4a022790a648fb54,2026-08-02T20:22:28+00:00
power655,01184,2025-05-01,18:00:00,evening,number_set,3 17 19 41 45 50,43,https://www.vietlott.vn/vi/trung-thuong/ket-qua-trung-thuong/655?id=01184&nocatche=1,d2ac4cda332970faf63e4ad711699bfb89461f6bf780be51a597b00e138f8799,2026-08-02T20:22:28+00:00
power655,01185,2025-05-03,18:00:00,evening,number_set,15 19 21 26 42 47,38,https://www.vietlott.vn/vi/trung-thuong/ket-qua-trung-thuong/655?id=01185&nocatche=1,4ec1309e0a6b76c8dd2c5b84be48065b327c62543986a4c46876cbef1248857a,2026-08-02T20:22:28+00:00
power655,01186,2025-05-06,18:00:00,evening,number_set,12 16 25 28 30 39,5,https://www.vietlott.vn/vi/trung-thuong/ket-qua-trung-thuong/655?id=01186&nocatche=1,03a6756378550e7758e336bb6c0b4b824a55d22d828dcc6191eae5134419f620,2026-08-02T20:22:27+00:00
power655,01187,2025-05-08,18:00:00,evening,number_set,8 14 29 37 39 50,21,https://www.vietlott.vn/vi/trung-thuong/ket-qua-trung-thuong/655?id=01187&nocatche=1,08bacf60dc59a53b5b5865634c126b74847d4fc0e1d7bd8e8120d3c9794ac62b,2026-08-02T20:22:29+00:00
power655,01188,2025-05-10,18:00:00,evening,number_set,7 16 19 28 34 51,15,https://www.vietlott.vn/vi/trung-thuong/ket-qua-trung-thuong/655?id=01188&nocatche=1,d5e83e57ce47d755a5410b7e05566faa96dbe0b5681dae2dcfec8225fbd3dbed,2026-08-02T20:22:26+00:00
power655,01189,2025-05-13,18:00:00,evening,number_set,3 7 24 39 54 55,42,https://www.vietlott.vn/vi/trung-thuong/ket-qua-trung-thuong/655?id=01189&nocatche=1,7e40f64b988100082d69e686a139ac659962194165ffc89916b2d876d69ea604,2026-08-02T20:22:24+00:00
power655,01190,2025-05-15,18:00:00,evening,number_set,6 9 13 44 49 54,47,https://www.vietlott.vn/vi/trung-thuong/ket-qua-trung-thuong/655?id=01190&nocatche=1,38b6935f2f192e4d1aa0adc51add9c90528646d7822c90f1c6dcdb5075040a0d,2026-08-02T20:22:24+00:00
power655,01191,2025-05-17,18:00:00,evening,number_set,2 7 26 29 41 50,43,https://www.vietlott.vn/vi/trung-thuong/ket-qua-trung-thuong/655?id=01191&nocatche=1,12114a83c50b7849d65eaf5d22d085110c3ce19309b028a23c1e0f828f2dc2e8,2026-08-02T20:22:24+00:00
power655,01192,2025-05-20,18:00:00,evening,number_set,19 27 44 45 47 52,15,https://www.vietlott.vn/vi/trung-thuong/ket-qua-trung-thuong/655?id=01192&nocatche=1,9724b9b2886dde62a3a40128348b4c4bd7c4d5e627b7388884abdb8ad3219059,2026-08-02T20:22:23+00:00
power655,01193,2025-05-22,18:00:00,evening,number_set,3 9 14 41 47 55,22,https://www.vietlott.vn/vi/trung-thuong/ket-qua-trung-thuong/655?id=01193&nocatche=1,6377183b3e867566404ee32cb94191fb30290f65620a54bb39c9497a4f5bd5c3,2026-08-02T20:22:23+00:00
power655,01194,2025-05-24,18:00:00,evening,number_set,19 20 27 30 45 55,15,https://www.vietlott.vn/vi/trung-thuong/ket-qua-trung-thuong/655?id=01194&nocatche=1,71a638b0883a0d5a79aed2921eb8cb6c68c4da47b15db9138363a48578f8d462,2026-08-02T20:22:23+00:00
power655,01195,2025-05-27,18:00:00,evening,number_set,4 12 18 19 44 48,42,https://www.vietlott.vn/vi/trung-thuong/ket-qua-trung-thuong/655?id=01195&nocatche=1,2ee630727bb958babe09877ae14ceb73d69e907c7c3fa7a190f7d38132372d27,2026-08-02T20:22:22+00:00
power655,01196,2025-05-29,18:00:00,evening,number_set,9 37 42 45 46 50,14,https://www.vietlott.vn/vi/trung-thuong/ket-qua-trung-thuong/655?id=01196&nocatche=1,d736f4f82b77dc6a5b8474c73ea4b5a0442ca979528a5e839d585f8bd3f65c16,2026-08-02T20:22:23+00:00
power655,01197,2025-05-31,18:00:00,evening,number_set,6 24 41 45 49 55,8,https://www.vietlott.vn/vi/trung-thuong/ket-qua-trung-thuong/655?id=01197&nocatche=1,0644393377aba78c6ce7da220a8d69e4484e610e68c28ed346ed01ed9a9ade4c,2026-08-02T20:22:21+00:00
power655,01198,2025-06-03,18:00:00,evening,number_set,2 11 14 16 27 38,51,https://www.vietlott.vn/vi/trung-thuong/ket-qua-trung-thuong/655?id=01198&nocatche=1,8f95ef09563c79c3bcc5a245b8ad231942854d3ebcb3b026797a8ad82f5a62f0,2026-08-02T20:22:21+00:00
power655,01199,2025-06-05,18:00:00,evening,number_set,14 21 33 37 46 49,34,https://www.vietlott.vn/vi/trung-thuong/ket-qua-trung-thuong/655?id=01199&nocatche=1,eabe2cd573991bac362e53ba9f6036b2b1bdf0cf8145e7f62dfe0802b0a96a45,2026-08-02T20:22:21+00:00
power655,01200,2025-06-07,18:00:00,evening,number_set,12 17 21 46 48 52,45,https://www.vietlott.vn/vi/trung-thuong/ket-qua-trung-thuong/655?id=01200&nocatche=1,faadeb5d06743a0c081e9f150dea7fef21c6aea1cf3015ebeaffe7afa5290c6f,2026-08-02T20:22:21+00:00
power655,01201,2025-06-10,18:00:00,evening,number_set,3 6 21 29 40 41,37,https://www.vietlott.vn/vi/trung-thuong/ket-qua-trung-thuong/655?id=01201&nocatche=1,14aa0e50a326f35b62954513459bc7db6452a55375b299e5441e5c7ef14cbe02,2026-08-02T20:22:20+00:00
power655,01202,2025-06-12,18:00:00,evening,number_set,6 8 16 18 34 44,17,https://www.vietlott.vn/vi/trung-thuong/ket-qua-trung-thuong/655?id=01202&nocatche=1,45685b73a1f6e2f7c71f83a88eba46713ccf435c6e7a06184285fc6f2c4f3a6b,2026-08-02T20:22:20+00:00
power655,01203,2025-06-14,18:00:00,evening,number_set,11 12 22 26 41 47,24,https://www.vietlott.vn/vi/trung-thuong/ket-qua-trung-thuong/655?id=01203&nocatche=1,642a0e305be2db849f774bf3fe92f7d9880b69e7d52ed6b7508c938cfe1f9f4d,2026-08-02T20:22:20+00:00
power655,01204,2025-06-17,18:00:00,evening,number_set,7 13 18 22 32 44,43,https://www.vietlott.vn/vi/trung-thuong/ket-qua-trung-thuong/655?id=01204&nocatche=1,9df78a70568c3a37fdd69aba41821ec837d1bcacfe6531acf4716a23e667aa8a,2026-08-02T20:22:14+00:00
power655,01205,2025-06-19,18:00:00,evening,number_set,3 5 9 10 16 47,34,https://www.vietlott.vn/vi/trung-thuong/ket-qua-trung-thuong/655?id=01205&nocatche=1,a1665657bef206fe90aa57b485c9d4f10394541de6860912db7868f41abb9238,2026-08-02T20:22:12+00:00
power655,01206,2025-06-21,18:00:00,evening,number_set,6 10 15 43 44 53,32,https://www.vietlott.vn/vi/trung-thuong/ket-qua-trung-thuong/655?id=01206&nocatche=1,dc60578e2d61f14d7a1a95626d11bf44b9f335157b2b704e2b5196c02d8a84e0,2026-08-02T20:22:12+00:00
power655,01207,2025-06-24,18:00:00,evening,number_set,3 9 18 20 30 53,48,https://www.vietlott.vn/vi/trung-thuong/ket-qua-trung-thuong/655?id=01207&nocatche=1,8d515a7df3f8822eec2a304b2bd109a87b2a65044282282daef8f5a716e5c2da,2026-08-02T20:22:12+00:00
power655,01208,2025-06-26,18:00:00,evening,number_set,1 14 16 27 40 51,2,https://www.vietlott.vn/vi/trung-thuong/ket-qua-trung-thuong/655?id=01208&nocatche=1,430bc3620f25e268a1de93ae685e485060f7adcbe8fa7cd85fabaf667058b0dd,2026-08-02T20:22:11+00:00
power655,01209,2025-06-28,18:00:00,evening,number_set,8 11 13 20 45 50,25,https://www.vietlott.vn/vi/trung-thuong/ket-qua-trung-thuong/655?id=01209&nocatche=1,919f458a8815a38d37ae03a444d7f9b6a59236f0ea8fcd177bbdffe3a1288b73,2026-08-02T20:22:10+00:00
power655,01210,2025-07-01,18:00:00,evening,number_set,3 11 12 14 27 33,15,https://www.vietlott.vn/vi/trung-thuong/ket-qua-trung-thuong/655?id=01210&nocatche=1,6160d39a952b3f743a138219ea96aed22d40ff80f3830dacbf97bd875b735385,2026-08-02T20:22:08+00:00
power655,01211,2025-07-03,18:00:00,evening,number_set,18 19 29 31 45 54,27,https://www.vietlott.vn/vi/trung-thuong/ket-qua-trung-thuong/655?id=01211&nocatche=1,22b0a20936a3c2815113f7365c2d4e4ea335926bcd0f3e18b11886a81b621cdf,2026-08-02T20:22:11+00:00
power655,01212,2025-07-05,18:00:00,evening,number_set,3 15 22 45 51 55,54,https://www.vietlott.vn/vi/trung-thuong/ket-qua-trung-thuong/655?id=01212&nocatche=1,5d59d2c0ac28d0dc3b4ba1c23dce0d1105247389d2bda9239c0bca4bf14c547e,2026-08-02T20:22:17+00:00
power655,01213,2025-07-08,18:00:00,evening,number_set,23 24 32 42 48 50,31,https://www.vietlott.vn/vi/trung-thuong/ket-qua-trung-thuong/655?id=01213&nocatche=1,aaab209be323cf37219dbce06611a435db807a98aa7deaa65bb87354770f922d,2026-08-02T20:22:19+00:00
power655,01214,2025-07-10,18:00:00,evening,number_set,12 33 34 42 44 53,3,https://www.vietlott.vn/vi/trung-thuong/ket-qua-trung-thuong/655?id=01214&nocatche=1,c81adcc775f51fcb1a757d854d429f6b155b9c698d62e96c2147660b7d3b3e33,2026-08-02T20:22:18+00:00
power655,01215,2025-07-12,18:00:00,evening,number_set,2 34 39 41 45 52,51,https://www.vietlott.vn/vi/trung-thuong/ket-qua-trung-thuong/655?id=01215&nocatche=1,a58dbb0d8daa958fdb2c235fa26972be156695dd2b4e8d2047301b82749a0d46,2026-08-02T20:22:15+00:00
power655,01216,2025-07-15,18:00:00,evening,number_set,18 26 31 32 36 48,30,https://www.vietlott.vn/vi/trung-thuong/ket-qua-trung-thuong/655?id=01216&nocatche=1,2702e12f78a5514b374e017b355edbcca2746662111089aa4ab03a009e7dddc6,2026-08-02T20:22:16+00:00
power655,01217,2025-07-17,18:00:00,evening,number_set,13 18 33 40 48 53,54,https://www.vietlott.vn/vi/trung-thuong/ket-qua-trung-thuong/655?id=01217&nocatche=1,c3f523f1d91cd4ba66f000d207ec32bee76ec826cc4d9c534b3c9d7263da2be0,2026-08-02T20:22:14+00:00
power655,01218,2025-07-19,18:00:00,evening,number_set,8 9 20 36 39 44,28,https://www.vietlott.vn/vi/trung-thuong/ket-qua-trung-thuong/655?id=01218&nocatche=1,bdc57d763bbfe4e084a2259eec742f641be3a0d31689ee0dd23f2cd317d5b9b4,2026-08-02T20:22:15+00:00
power655,01219,2025-07-22,18:00:00,evening,number_set,9 10 15 28 33 44,22,https://www.vietlott.vn/vi/trung-thuong/ket-qua-trung-thuong/655?id=01219&nocatche=1,176d7b1d366e8eaa2ac36b9bf4040797de622acb66da0b66bac9afb2084e2118,2026-08-02T20:22:14+00:00
power655,01220,2025-07-24,18:00:00,evening,number_set,5 10 24 29 30 34,45,https://www.vietlott.vn/vi/trung-thuong/ket-qua-trung-thuong/655?id=01220&nocatche=1,adcf8747a4036342ce0a153d95e108856b7b4fd33373b7bf715d733bf522d63f,2026-08-02T20:22:02+00:00
power655,01221,2025-07-26,18:00:00,evening,number_set,5 26 28 29 33 54,34,https://www.vietlott.vn/vi/trung-thuong/ket-qua-trung-thuong/655?id=01221&nocatche=1,8c9c4c507c95f7d67e91e375063b3fd87a4eae436066d5784c3595062d077fc4,2026-08-02T20:22:06+00:00
power655,01222,2025-07-29,18:00:00,evening,number_set,4 8 23 43 45 51,48,https://www.vietlott.vn/vi/trung-thuong/ket-qua-trung-thuong/655?id=01222&nocatche=1,d137a14a5801b4816508dc5c3c79c30cf6f631f1a6e72dc40f9dabd5b51cc789,2026-08-02T20:22:07+00:00
power655,01223,2025-07-31,18:00:00,evening,number_set,5 17 31 42 46 49,37,https://www.vietlott.vn/vi/trung-thuong/ket-qua-trung-thuong/655?id=01223&nocatche=1,951f3434d6f7e91b94d3d45a5938905cede1c13a3daabb7454c648c18e94182f,2026-08-02T20:22:00+00:00
power655,01224,2025-08-02,18:00:00,evening,number_set,12 24 29 33 34 35,47,https://www.vietlott.vn/vi/trung-thuong/ket-qua-trung-thuong/655?id=01224&nocatche=1,36793a325cc808741bb3ad08c351d5acb012b367a0bb480d0e20f5efea9bf719,2026-08-02T20:22:07+00:00
power655,01225,2025-08-05,18:00:00,evening,number_set,8 41 45 51 52 53,31,https://www.vietlott.vn/vi/trung-thuong/ket-qua-trung-thuong/655?id=01225&nocatche=1,a430af8091120eab6b8340312ce3282c0b164e843441a82a73f633ec7966e7e1,2026-08-02T20:21:59+00:00
power655,01226,2025-08-07,18:00:00,evening,number_set,6 24 31 32 39 48,52,https://www.vietlott.vn/vi/trung-thuong/ket-qua-trung-thuong/655?id=01226&nocatche=1,086c5741bff55d4a96ce8e23ae46737bab9f74bac75a121dae87280952ca5b5b,2026-08-02T20:21:59+00:00
power655,01227,2025-08-09,18:00:00,evening,number_set,5 9 16 36 43 51,19,https://www.vietlott.vn/vi/trung-thuong/ket-qua-trung-thuong/655?id=01227&nocatche=1,c2e6ca2005158a8b632ab7d4b18089dbcfc6ad567a7cc13112ff2b57c36574d7,2026-08-02T20:21:59+00:00
power655,01228,2025-08-12,18:00:00,evening,number_set,1 6 24 37 40 55,10,https://www.vietlott.vn/vi/trung-thuong/ket-qua-trung-thuong/655?id=01228&nocatche=1,e309421747cb06aafb8f0dc45f534d338325fcf114d344174c3e84cd27efc1a6,2026-08-02T20:22:08+00:00
power655,01229,2025-08-14,18:00:00,evening,number_set,6 10 17 18 32 35,53,https://www.vietlott.vn/vi/trung-thuong/ket-qua-trung-thuong/655?id=01229&nocatche=1,af518250153d94bcef8ada5db4a01c5c77fde878512f693d5a5152f8fa32199f,2026-08-02T20:22:07+00:00
power655,01230,2025-08-16,18:00:00,evening,number_set,14 23 32 36 47 48,5,https://www.vietlott.vn/vi/trung-thuong/ket-qua-trung-thuong/655?id=01230&nocatche=1,e2f31c222f4055adb4db16546513b7f1d25d12f47ef509698ce71a0316539d1f,2026-08-02T20:22:08+00:00
power655,01231,2025-08-19,18:00:00,evening,number_set,1 14 31 34 36 47,45,https://www.vietlott.vn/vi/trung-thuong/ket-qua-trung-thuong/655?id=01231&nocatche=1,5a6a5d97c4142b486bf8679d7a7966a4142d1986257d66ddb8be4f0330fefceb,2026-08-02T20:22:06+00:00
power655,01232,2025-08-21,18:00:00,evening,number_set,5 9 17 35 40 41,44,https://www.vietlott.vn/vi/trung-thuong/ket-qua-trung-thuong/655?id=01232&nocatche=1,33cc1d4faf703cbae9e2f46a3aaea0c9338b111d74d9ad4c9d95f935d2867d6c,2026-08-02T20:22:05+00:00
power655,01233,2025-08-23,18:00:00,evening,number_set,1 9 26 34 44 50,52,https://www.vietlott.vn/vi/trung-thuong/ket-qua-trung-thuong/655?id=01233&nocatche=1,ed3389f699b4684f831b4408a3a622383b2578c3b3d7a4888f800da2d9094c86,2026-08-02T20:22:04+00:00
power655,01234,2025-08-26,18:00:00,evening,number_set,22 30 38 44 48 55,5,https://www.vietlott.vn/vi/trung-thuong/ket-qua-trung-thuong/655?id=01234&nocatche=1,1ab15e35c8b84f9845bc6d1efa888981b32e42119e50302b43a772385a6d3a87,2026-08-02T20:22:04+00:00
power655,01235,2025-08-28,18:00:00,evening,number_set,6 13 28 30 35 52,50,https://www.vietlott.vn/vi/trung-thuong/ket-qua-trung-thuong/655?id=01235&nocatche=1,ac74288da8c4c7ee3e7742cc50a5fe2a59f4e41a3538d1b78ee968d378f3a26c,2026-08-02T20:22:03+00:00
power655,01236,2025-08-30,18:00:00,evening,number_set,2 17 19 24 30 44,34,https://www.vietlott.vn/vi/trung-thuong/ket-qua-trung-thuong/655?id=01236&nocatche=1,c1e4f80d9c8881250d144e95357035c088ae59bc3dc4e886a1c32cd3975927c0,2026-08-02T20:21:59+00:00
power655,01237,2025-09-02,18:00:00,evening,number_set,9 16 22 25 30 51,43,https://www.vietlott.vn/vi/trung-thuong/ket-qua-trung-thuong/655?id=01237&nocatche=1,c74609c2a45a29ab3146cdb93023c948074d603a8f5e54fc12a97e5daee5b8ee,2026-08-02T20:21:57+00:00
power655,01238,2025-09-04,18:00:00,evening,number_set,9 19 23 42 49 53,40,https://www.vietlott.vn/vi/trung-thuong/ket-qua-trung-thuong/655?id=01238&nocatche=1,b8981512fb9eea68a93be957c42233996b2201a39f43505f5e18be279257cc1b,2026-08-02T20:21:57+00:00
power655,01239,2025-09-06,18:00:00,evening,number_set,9 11 19 22 34 43,31,https://www.vietlott.vn/vi/trung-thuong/ket-qua-trung-thuong/655?id=01239&nocatche=1,bb5ea7f0ca03dd94d5e3b5610164cecd2cfa26774e773ab253bc9b52d03e8595,2026-08-02T20:21:57+00:00
power655,01240,2025-09-09,18:00:00,evening,number_set,16 20 21 31 40 52,2,https://www.vietlott.vn/vi/trung-thuong/ket-qua-trung-thuong/655?id=01240&nocatche=1,e9dab0053b0e9b4cfd415e148ee067990cfd7bdcfdf5c83b8696981c1097bfd7,2026-08-02T20:21:55+00:00
power655,01241,2025-09-11,18:00:00,evening,number_set,6 16 46 49 51 55,42,https://www.vietlott.vn/vi/trung-thuong/ket-qua-trung-thuong/655?id=01241&nocatche=1,2f253b1944cb98a7c3ce65d769a126b4d28c8f5673b5f54a01de5c2ed39e1edd,2026-08-02T20:21:56+00:00
power655,01242,2025-09-13,18:00:00,evening,number_set,2 7 15 18 24 27,45,https://www.vietlott.vn/vi/trung-thuong/ket-qua-trung-thuong/655?id=01242&nocatche=1,dada7d27344f4476cf6de50e453389ebaae7d96d22583ab083d019f831d415ba,2026-08-02T20:21:53+00:00
power655,01243,2025-09-16,18:00:00,evening,number_set,17 19 28 39 43 53,33,https://www.vietlott.vn/vi/trung-thuong/ket-qua-trung-thuong/655?id=01243&nocatche=1,70d322f464913f8b0b85a99c54bd869b23abc5931db600c02a29b251891c56cb,2026-08-02T20:21:54+00:00
power655,01244,2025-09-18,18:00:00,evening,number_set,2 3 8 27 38 55,20,https://www.vietlott.vn/vi/trung-thuong/ket-qua-trung-thuong/655?id=01244&nocatche=1,411b2abeded097a2cc7ab89fcb0fa4ec4c652f14e5fb897d9bce810f31d31426,2026-08-02T20:21:55+00:00
power655,01245,2025-09-20,18:00:00,evening,number_set,8 13 14 19 36 43,30,https://www.vietlott.vn/vi/trung-thuong/ket-qua-trung-thuong/655?id=01245&nocatche=1,315136a12fefe68cec37d78f3ead0e6edb1bbb1e8a74009fafc05ce40ea883d8,2026-08-02T20:21:53+00:00
power655,01246,2025-09-23,18:00:00,evening,number_set,8 18 19 34 41 46,38,https://www.vietlott.vn/vi/trung-thuong/ket-qua-trung-thuong/655?id=01246&nocatche=1,5efbdb599d3bd12b3d208f04c74ecd48d393075abd4093dfb94dc18f7622e9b0,2026-08-02T20:21:52+00:00
power655,01247,2025-09-25,18:00:00,evening,number_set,5 17 30 31 38 53,8,https://www.vietlott.vn/vi/trung-thuong/ket-qua-trung-thuong/655?id=01247&nocatche=1,4136e89723d1c624b7fc4ac5d46c00f8bec20b15467f694b34d5a15a7755b68a,2026-08-02T20:21:51+00:00
power655,01248,2025-09-27,18:00:00,evening,number_set,8 13 19 24 39 46,1,https://www.vietlott.vn/vi/trung-thuong/ket-qua-trung-thuong/655?id=01248&nocatche=1,babac243262ea7939138166de133dbcb206dcaac79dde6a10a3a28c403a00589,2026-08-02T20:21:49+00:00
power655,01249,2025-09-30,18:00:00,evening,number_set,17 23 34 39 46 52,8,https://www.vietlott.vn/vi/trung-thuong/ket-qua-trung-thuong/655?id=01249&nocatche=1,2f09f136532ea7b9885014aa0ec11e0ddfd2b68c6015603fe18d60c8def7295e,2026-08-02T20:21:49+00:00
power655,01250,2025-10-02,18:00:00,evening,number_set,1 2 20 24 27 42,43,https://www.vietlott.vn/vi/trung-thuong/ket-qua-trung-thuong/655?id=01250&nocatche=1,f97dd1d45e503f1650a51fc8b823b12f7aefd11658af0e17a00195c539113dc5,2026-08-02T20:21:48+00:00
power655,01251,2025-10-04,18:00:00,evening,number_set,22 33 35 36 38 40,7,https://www.vietlott.vn/vi/trung-thuong/ket-qua-trung-thuong/655?id=01251&nocatche=1,dbc9d4859f9675f15953fde9799defb289a870e60e70e944a81f30f555e9900f,2026-08-02T20:21:48+00:00
power655,01252,2025-10-07,18:00:00,evening,number_set,19 22 35 37 43 45,29,https://www.vietlott.vn/vi/trung-thuong/ket-qua-trung-thuong/655?id=01252&nocatche=1,4bcbd1df4d359274e3626fa4aa25cb2b9063aeba48c76327e66c260b6409197c,2026-08-02T20:21:46+00:00
power655,01253,2025-10-09,18:00:00,evening,number_set,7 11 21 22 39 42,40,https://www.vietlott.vn/vi/trung-thuong/ket-qua-trung-thuong/655?id=01253&nocatche=1,eb156d767f5a013b8dcd332fbb85e56c277f9beac31327f7a2b7b6bc65d80a51,2026-08-02T20:21:46+00:00
power655,01254,2025-10-11,18:00:00,evening,number_set,3 7 26 43 44 46,25,https://www.vietlott.vn/vi/trung-thuong/ket-qua-trung-thuong/655?id=01254&nocatche=1,ba76e92389a7ed8705c342de913c03142dd3e79f697a6d0e68652bbe1ea2e2e0,2026-08-02T20:21:45+00:00
power655,01255,2025-10-14,18:00:00,evening,number_set,8 9 16 26 37 55,12,https://www.vietlott.vn/vi/trung-thuong/ket-qua-trung-thuong/655?id=01255&nocatche=1,28bb9e3c21013e71caacd827bf781a1d46136cb114e1416f4bd587d119f9dd4b,2026-08-02T20:21:45+00:00
power655,01256,2025-10-16,18:00:00,evening,number_set,14 15 24 26 27 45,36,https://www.vietlott.vn/vi/trung-thuong/ket-qua-trung-thuong/655?id=01256&nocatche=1,97c0fb8ecc286b363a0120a75b446416d9b5c6583642babca8ef611ff5fd53ea,2026-08-02T20:21:43+00:00
power655,01257,2025-10-18,18:00:00,evening,number_set,5 16 19 21 38 43,50,https://www.vietlott.vn/vi/trung-thuong/ket-qua-trung-thuong/655?id=01257&nocatche=1,18bcfd5f49bd58aab1525e638ca28ed519a27d3b5a67f4c22cd5c93c62d13da9,2026-08-02T20:21:43+00:00
power655,01258,2025-10-21,18:00:00,evening,number_set,3 11 12 14 22 40,41,https://www.vietlott.vn/vi/trung-thuong/ket-qua-trung-thuong/655?id=01258&nocatche=1,ecf6e25b5a5c8590e9523190c9787f4cf33819fa03dd98030d7fa5a36760c043,2026-08-02T20:21:41+00:00
power655,01259,2025-10-23,18:00:00,evening,number_set,8 10 21 48 49 50,40,https://www.vietlott.vn/vi/trung-thuong/ket-qua-trung-thuong/655?id=01259&nocatche=1,d35978f677150285a9441e0cf80015610eac622431272c2982e0a83b08ac4cf2,2026-08-02T20:21:41+00:00
power655,01260,2025-10-25,18:00:00,evening,number_set,3 5 11 13 24 27,45,https://www.vietlott.vn/vi/trung-thuong/ket-qua-trung-thuong/655?id=01260&nocatche=1,1527c0adeac93af2e87de52cd09ca2e918d09ba1b41adabc962002bed5e7d3bb,2026-08-02T20:21:41+00:00
power655,01261,2025-10-28,18:00:00,evening,number_set,6 8 10 22 25 54,9,https://www.vietlott.vn/vi/trung-thuong/ket-qua-trung-thuong/655?id=01261&nocatche=1,a2fb7cd9c158e603e3cfd32546198454c10f8b03768e2956172cf9725022a55c,2026-08-02T20:21:39+00:00
power655,01262,2025-10-30,18:00:00,evening,number_set,20 23 35 41 47 55,37,https://www.vietlott.vn/vi/trung-thuong/ket-qua-trung-thuong/655?id=01262&nocatche=1,8c8450cc4057845acb2d2746ecf50448a8d85a61620d3623f40523ed7bdc00ad,2026-08-02T20:21:40+00:00
power655,01263,2025-11-01,18:00:00,evening,number_set,7 11 28 29 31 33,8,https://www.vietlott.vn/vi/trung-thuong/ket-qua-trung-thuong/655?id=01263&nocatche=1,9869dd9e214484129fe6549291ce94627e6964a7202c11b91e7d0c7ff5ab2431,2026-08-02T20:21:39+00:00
power655,01264,2025-11-04,18:00:00,evening,number_set,15 27 29 31 36 43,38,https://www.vietlott.vn/vi/trung-thuong/ket-qua-trung-thuong/655?id=01264&nocatche=1,91f1c2825e96379e33bff6d960cfc1f111a5d48a375349858b0825e85fe031da,2026-08-02T20:21:39+00:00
power655,01265,2025-11-06,18:00:00,evening,number_set,16 20 29 33 36 49,6,https://www.vietlott.vn/vi/trung-thuong/ket-qua-trung-thuong/655?id=01265&nocatche=1,e35ef1e6579a02a1b33a18266fa83c200300b84ef054411c34ca225a77555796,2026-08-02T20:21:37+00:00
power655,01266,2025-11-08,18:00:00,evening,number_set,14 16 19 22 27 44,18,https://www.vietlott.vn/vi/trung-thuong/ket-qua-trung-thuong/655?id=01266&nocatche=1,f457a9bb0d09238f507df9c443289ba2d5762482c7260aa78a8a6000d5702523,2026-08-02T20:21:37+00:00
power655,01267,2025-11-11,18:00:00,evening,number_set,11 20 28 41 47 54,31,https://www.vietlott.vn/vi/trung-thuong/ket-qua-trung-thuong/655?id=01267&nocatche=1,ca4acad6805f27ea1267ede6c775d139b0656d88d46c7ea7fbf17e9aa0d3f73d,2026-08-02T20:21:37+00:00
power655,01268,2025-11-13,18:00:00,evening,number_set,1 15 30 38 40 43,13,https://www.vietlott.vn/vi/trung-thuong/ket-qua-trung-thuong/655?id=01268&nocatche=1,94cccd4ef4efefd4355d4f5bd69ab8b9d6b739043ce706008a44305c92dfbfae,2026-08-02T20:21:37+00:00
power655,01269,2025-11-15,18:00:00,evening,number_set,2 30 33 35 42 54,45,https://www.vietlott.vn/vi/trung-thuong/ket-qua-trung-thuong/655?id=01269&nocatche=1,091cf27e6c708c8f7efb81185e336fc2ac9391df839bed31aed36270eb6c3ac4,2026-08-02T20:21:31+00:00
power655,01270,2025-11-18,18:00:00,evening,number_set,7 12 18 22 30 49,5,https://www.vietlott.vn/vi/trung-thuong/ket-qua-trung-thuong/655?id=01270&nocatche=1,b7d9c4e903c1f0695d54ac932e56bbc4f66d604e0daadc493e0db418c1295caa,2026-08-02T20:21:30+00:00
power655,01271,2025-11-20,18:00:00,evening,number_set,3 12 19 20 31 42,13,https://www.vietlott.vn/vi/trung-thuong/ket-qua-trung-thuong/655?id=01271&nocatche=1,0c91f6b2ad560488fed0efb30927f4cd260414d697e7ff94487a0aee17a5e30b,2026-08-02T20:21:29+00:00
power655,01272,2025-11-22,18:00:00,evening,number_set,8 10 19 29 34 46,14,https://www.vietlott.vn/vi/trung-thuong/ket-qua-trung-thuong/655?id=01272&nocatche=1,1f62d8b8e4362a95b576c323e5795fb4f535ce302aa01d0d7ee4037c48dfee01,2026-08-02T20:21:30+00:00
power655,01273,2025-11-25,18:00:00,evening,number_set,23 31 32 42 46 48,4,https://www.vietlott.vn/vi/trung-thuong/ket-qua-trung-thuong/655?id=01273&nocatche=1,b5589b7f5bebf37776b3612c6be68336d8dd912612093635daee7fc6e29c65ae,2026-08-02T20:21:30+00:00
power655,01274,2025-11-27,18:00:00,evening,number_set,4 5 10 11 28 35,38,https://www.vietlott.vn/vi/trung-thuong/ket-qua-trung-thuong/655?id=01274&nocatche=1,30c7c0fe4ab7bc73a23839486af8a5489d87f5d113f569b7e1c7252757e23d7c,2026-08-02T20:21:30+00:00
power655,01275,2025-11-29,18:00:00,evening,number_set,4 20 24 27 40 48,9,https://www.vietlott.vn/vi/trung-thuong/ket-qua-trung-thuong/655?id=01275&nocatche=1,8d3524b4e040335166ce0c8372aeae92fc3893bafe883a40dbbd0011953d773b,2026-08-02T20:21:27+00:00
power655,01276,2025-12-02,18:00:00,evening,number_set,16 20 24 36 51 54,10,https://www.vietlott.vn/vi/trung-thuong/ket-qua-trung-thuong/655?id=01276&nocatche=1,a760d05be7c97052ec3daf4ea53fd5dbd7cd90d94196d186b7c5ebd497950f36,2026-08-02T20:21:27+00:00
power655,01277,2025-12-04,18:00:00,evening,number_set,10 29 32 33 44 53,14,https://www.vietlott.vn/vi/trung-thuong/ket-qua-trung-thuong/655?id=01277&nocatche=1,1e7d98cab19daef1e48f59dfd6e850d87c12a787b4e6207cc05e0f8fd0daaac6,2026-08-02T20:21:27+00:00
power655,01278,2025-12-06,18:00:00,evening,number_set,12 26 34 37 50 52,15,https://www.vietlott.vn/vi/trung-thuong/ket-qua-trung-thuong/655?id=01278&nocatche=1,8a5d928f56ca9f20b3f80ffdc9a9e8135b863bbbe0e0abeea6c327ce0b5b0668,2026-08-02T20:21:27+00:00
power655,01279,2025-12-09,18:00:00,evening,number_set,14 21 26 27 31 43,42,https://www.vietlott.vn/vi/trung-thuong/ket-qua-trung-thuong/655?id=01279&nocatche=1,b26a5cc7a326805b46abe48330d74e5852b08addcc05a59e2a1bb7f2c167a25f,2026-08-02T20:21:26+00:00
power655,01280,2025-12-11,18:00:00,evening,number_set,9 13 21 45 48 55,38,https://www.vietlott.vn/vi/trung-thuong/ket-qua-trung-thuong/655?id=01280&nocatche=1,949d601e35a2c35f6704e6feec28970c1f44e321b48629ae8c8b6f94c36a7434,2026-08-02T20:21:26+00:00
power655,01281,2025-12-13,18:00:00,evening,number_set,5 8 12 18 20 38,52,https://www.vietlott.vn/vi/trung-thuong/ket-qua-trung-thuong/655?id=01281&nocatche=1,66d501a234348202874028f3140b1fb008d1094a980f2c46fb4e7b6884626ffc,2026-08-02T20:21:24+00:00
power655,01282,2025-12-16,18:00:00,evening,number_set,7 36 37 38 52 55,46,https://www.vietlott.vn/vi/trung-thuong/ket-qua-trung-thuong/655?id=01282&nocatche=1,7bc548246a18b2dff3eccce832267028dad58252085400e7c598b0b299d9d550,2026-08-02T20:21:24+00:00
power655,01283,2025-12-18,18:00:00,evening,number_set,12 14 29 30 39 55,50,https://www.vietlott.vn/vi/trung-thuong/ket-qua-trung-thuong/655?id=01283&nocatche=1,5cdc5c4200182e2861751fbc3965bc680f65873f77be9bee89e56a0b91957c20,2026-08-02T20:21:22+00:00
power655,01284,2025-12-20,18:00:00,evening,number_set,22 32 33 35 40 41,23,https://www.vietlott.vn/vi/trung-thuong/ket-qua-trung-thuong/655?id=01284&nocatche=1,adec9411defa6c64ecb9c3b9dc1cd3723e22a43dea2ad8fee620d8d0f546682c,2026-08-02T20:21:21+00:00
power655,01285,2025-12-23,18:00:00,evening,number_set,2 10 16 25 32 38,3,https://www.vietlott.vn/vi/trung-thuong/ket-qua-trung-thuong/655?id=01285&nocatche=1,dda9e49a9ba406af0729cb7c7ba4e7eab4d1a04c09a83bab44c2e8ba3af3b140,2026-08-02T20:21:20+00:00
power655,01286,2025-12-25,18:00:00,evening,number_set,4 6 32 37 40 48,38,https://www.vietlott.vn/vi/trung-thuong/ket-qua-trung-thuong/655?id=01286&nocatche=1,1b0ac41d7ee1594031f88b94a2a89a4f07020038f5af963d106b74d4a8275bb4,2026-08-02T20:21:20+00:00
power655,01287,2025-12-27,18:00:00,evening,number_set,16 21 30 37 39 40,13,https://www.vietlott.vn/vi/trung-thuong/ket-qua-trung-thuong/655?id=01287&nocatche=1,6e9923354164cdf187fd0eddd48d290174507876df09ce618614e3cd0e91df88,2026-08-02T20:21:21+00:00
power655,01288,2025-12-30,18:00:00,evening,number_set,11 30 35 41 48 55,38,https://www.vietlott.vn/vi/trung-thuong/ket-qua-trung-thuong/655?id=01288&nocatche=1,0b98bafbbb2b8160340eafd186cef46860a6e2974e3d322f62901880517066b2,2026-08-02T20:21:18+00:00
power655,01289,2026-01-01,18:00:00,evening,number_set,5 16 29 33 39 42,54,https://www.vietlott.vn/vi/trung-thuong/ket-qua-trung-thuong/655?id=01289&nocatche=1,2b06e4911a126b86f02e1dec641811bdd304f6ce4c03518998ca22d8d9d3d376,2026-08-02T20:21:17+00:00
power655,01290,2026-01-03,18:00:00,evening,number_set,10 16 17 23 33 36,42,https://www.vietlott.vn/vi/trung-thuong/ket-qua-trung-thuong/655?id=01290&nocatche=1,62c85ff014336e92bba6dc37c14d65df39ff3e18743c317d6e5cca0883bae254,2026-08-02T20:21:17+00:00
power655,01291,2026-01-06,18:00:00,evening,number_set,22 28 29 30 34 47,20,https://www.vietlott.vn/vi/trung-thuong/ket-qua-trung-thuong/655?id=01291&nocatche=1,ef09ca6aba560c907ac938d8744fc73bd2f28b033b00fa45f8d8a6ea629bf067,2026-08-02T20:21:15+00:00
power655,01292,2026-01-08,18:00:00,evening,number_set,20 22 36 43 45 50,47,https://www.vietlott.vn/vi/trung-thuong/ket-qua-trung-thuong/655?id=01292&nocatche=1,644500c66f0d672666e5ad91c14be52a0ff89b467e6e5147a656f01e8e40fc03,2026-08-02T20:21:15+00:00
power655,01293,2026-01-10,18:00:00,evening,number_set,9 16 30 33 34 38,49,https://www.vietlott.vn/vi/trung-thuong/ket-qua-trung-thuong/655?id=01293&nocatche=1,ab7144bde9d94cfeea637e0e7a35703eb98fed2016411cc35e3e44bd5d4b2710,2026-08-02T20:21:15+00:00
power655,01294,2026-01-13,18:00:00,evening,number_set,3 12 25 51 52 55,43,https://www.vietlott.vn/vi/trung-thuong/ket-qua-trung-thuong/655?id=01294&nocatche=1,f3282021008026f725ea61ece79285e3427ca8f678c9dbb66f8c6e3aebc91c44,2026-08-02T20:21:14+00:00
power655,01295,2026-01-15,18:00:00,evening,number_set,13 21 31 34 48 55,27,https://www.vietlott.vn/vi/trung-thuong/ket-qua-trung-thuong/655?id=01295&nocatche=1,42bb35f108f52e68a76d1ccf83ac5f8a873a9737a7c7fa21db7d27ce19bae71b,2026-08-02T20:21:13+00:00
power655,01296,2026-01-17,18:00:00,evening,number_set,14 21 23 25 46 48,54,https://www.vietlott.vn/vi/trung-thuong/ket-qua-trung-thuong/655?id=01296&nocatche=1,a07877f784c08a2b283ccb6aa57cfabec116184124c394d1e36a46057bde20ad,2026-08-02T20:21:11+00:00
power655,01297,2026-01-20,18:00:00,evening,number_set,4 20 26 28 37 41,32,https://www.vietlott.vn/vi/trung-thuong/ket-qua-trung-thuong/655?id=01297&nocatche=1,f298fe24373847fc446514d55d39ff14232b4ccd35bc787dceab26a3072cc02b,2026-08-02T20:21:11+00:00
power655,01298,2026-01-22,18:00:00,evening,number_set,2 20 21 29 36 50,5,https://www.vietlott.vn/vi/trung-thuong/ket-qua-trung-thuong/655?id=01298&nocatche=1,ec6c3f37119858a506693d260c4265d91665ecbbf532ba044a5c3592d92bdb74,2026-08-02T20:21:12+00:00
power655,01299,2026-01-24,18:00:00,evening,number_set,14 24 25 30 35 53,18,https://www.vietlott.vn/vi/trung-thuong/ket-qua-trung-thuong/655?id=01299&nocatche=1,ccd077360a3c01fdb4a15f2a5faf367b3854e9895f7d7dc31024f4c307fe2cd0,2026-08-02T20:21:12+00:00
power655,01300,2026-01-27,18:00:00,evening,number_set,13 22 32 42 53 54,29,https://www.vietlott.vn/vi/trung-thuong/ket-qua-trung-thuong/655?id=01300&nocatche=1,78ae5bd311d0313164a6f93c6fcb3472e520bd09a1104da2ed9e14601f2764f0,2026-08-02T20:21:00+00:00
power655,01301,2026-01-29,18:00:00,evening,number_set,11 15 22 32 34 54,28,https://www.vietlott.vn/vi/trung-thuong/ket-qua-trung-thuong/655?id=01301&nocatche=1,d2604b081a0041d7b1b1e7c008d395a9faf02409466437cc92d2c2fc0d8e7cbd,2026-08-02T20:21:03+00:00
power655,01302,2026-01-31,18:00:00,evening,number_set,10 11 14 17 49 53,4,https://www.vietlott.vn/vi/trung-thuong/ket-qua-trung-thuong/655?id=01302&nocatche=1,eb74afa7558d545e1a694a71c5584b65e0044fbf1660c29ba16a07b0ea2fc02c,2026-08-02T20:20:59+00:00
power655,01303,2026-02-03,18:00:00,evening,number_set,12 15 18 22 48 53,45,https://www.vietlott.vn/vi/trung-thuong/ket-qua-trung-thuong/655?id=01303&nocatche=1,f695976837462b4a1ef39558da41e8809229ed1976ebe2c51961c77e4d41ab18,2026-08-02T20:20:59+00:00
power655,01304,2026-02-05,18:00:00,evening,number_set,7 13 16 25 26 55,9,https://www.vietlott.vn/vi/trung-thuong/ket-qua-trung-thuong/655?id=01304&nocatche=1,cfc422b1e0da9ab229bec2059fcef37efa7b695c508021f3957aec417107055e,2026-08-02T20:20:59+00:00
power655,01305,2026-02-07,18:00:00,evening,number_set,3 5 13 15 29 46,1,https://www.vietlott.vn/vi/trung-thuong/ket-qua-trung-thuong/655?id=01305&nocatche=1,bc241bf67f350e4d5ded51dbb97a0359c317153b5df30d18cd688b53f4bd763d,2026-08-02T20:20:58+00:00
power655,01306,2026-02-10,18:00:00,evening,number_set,13 21 22 26 32 55,20,https://www.vietlott.vn/vi/trung-thuong/ket-qua-trung-thuong/655?id=01306&nocatche=1,6cd9fec1fcb8925210fbc201df066e5dae4b617e59e6d06e00b3af65d30aa993,2026-08-02T20:20:58+00:00
power655,01307,2026-02-12,18:00:00,evening,number_set,8 17 19 31 32 46,26,https://www.vietlott.vn/vi/trung-thuong/ket-qua-trung-thuong/655?id=01307&nocatche=1,7a6c1735d7daa96aa805a82be08d81f01a97e85d0b83ac09ce8f0fd7ebb96e2b,2026-08-02T20:20:57+00:00
power655,01308,2026-02-14,18:00:00,evening,number_set,2 13 26 32 36 42,48,https://www.vietlott.vn/vi/trung-thuong/ket-qua-trung-thuong/655?id=01308&nocatche=1,144588e6dfe58ce3ceb3f965674ccc2296cef8ffe26e8a514e3e9bfc06154bf8,2026-08-02T20:21:08+00:00
power655,01309,2026-02-19,18:00:00,evening,number_set,1 27 30 43 45 46,48,https://www.vietlott.vn/vi/trung-thuong/ket-qua-trung-thuong/655?id=01309&nocatche=1,b46e2e5975c1266543c46b5b8af769779a38d6f1fe35ee58bb36b55f98f45c9a,2026-08-02T20:21:06+00:00
power655,01310,2026-02-21,18:00:00,evening,number_set,5 7 26 30 41 45,12,https://www.vietlott.vn/vi/trung-thuong/ket-qua-trung-thuong/655?id=01310&nocatche=1,b163b0fbf7f764b59e0facc40465674da545e1f40b2623e590cb7128f3608ee3,2026-08-02T20:21:06+00:00
power655,01311,2026-02-24,18:00:00,evening,number_set,5 8 18 30 39 54,51,https://www.vietlott.vn/vi/trung-thuong/ket-qua-trung-thuong/655?id=01311&nocatche=1,75438e50194e3bd59267f17d66cc00404093bcbc552db913c41ffdde6858f8f0,2026-08-02T20:21:06+00:00
power655,01312,2026-02-26,18:00:00,evening,number_set,1 7 10 21 44 51,46,https://www.vietlott.vn/vi/trung-thuong/ket-qua-trung-thuong/655?id=01312&nocatche=1,f132e215d7ca3ced25e53c2ff38da2fadb824afd4d28c88165cd77dd0ea3dcce,2026-08-02T20:21:04+00:00
power655,01313,2026-02-28,18:00:00,evening,number_set,22 25 31 44 51 54,36,https://www.vietlott.vn/vi/trung-thuong/ket-qua-trung-thuong/655?id=01313&nocatche=1,9dea012328cf4a5588f9835b85f977bf70abfd1c592e2663aef3e7096ea9cdfd,2026-08-02T20:21:08+00:00
power655,01314,2026-03-03,18:00:00,evening,number_set,7 13 27 29 43 50,25,https://www.vietlott.vn/vi/trung-thuong/ket-qua-trung-thuong/655?id=01314&nocatche=1,74d5850ab0a92f6bb0955ee8c291a7ad340947584db878c8a251163dde0eb316,2026-08-02T20:21:03+00:00
power655,01315,2026-03-05,18:00:00,evening,number_set,14 16 35 38 43 51,37,https://www.vietlott.vn/vi/trung-thuong/ket-qua-trung-thuong/655?id=01315&nocatche=1,7298a8962e2ba81ad8fd128f95a37c3207ba98fbb6369be3b20820925cf4d511,2026-08-02T20:21:03+00:00
power655,01316,2026-03-07,18:00:00,evening,number_set,4 32 41 45 50 52,29,https://www.vietlott.vn/vi/trung-thuong/ket-qua-trung-thuong/655?id=01316&nocatche=1,710023db33072e2d4d53f8c26fd67ebe69ec9c21d7da44b5ad96708369ca89ae,2026-08-02T20:20:59+00:00
power655,01317,2026-03-10,18:00:00,evening,number_set,3 26 31 39 47 54,20,https://www.vietlott.vn/vi/trung-thuong/ket-qua-trung-thuong/655?id=01317&nocatche=1,108d2ca234fc395e75de5ad2daeeffd622325ec7aa2d25e1f5be015322a70263,2026-08-02T20:20:59+00:00
power655,01318,2026-03-12,18:00:00,evening,number_set,12 28 36 40 53 55,54,https://www.vietlott.vn/vi/trung-thuong/ket-qua-trung-thuong/655?id=01318&nocatche=1,ddc801285411aae637913b0ea3c52f253d987d12a9f4d183cf9674fa85c1bdac,2026-08-02T20:20:56+00:00
power655,01319,2026-03-14,18:00:00,evening,number_set,7 16 27 29 47 52,26,https://www.vietlott.vn/vi/trung-thuong/ket-qua-trung-thuong/655?id=01319&nocatche=1,cf7abc620a10c96af62ba092f1d46704676e998f9a4d5b4bbe382c4f9aaf33f2,2026-08-02T20:20:57+00:00
power655,01320,2026-03-17,18:00:00,evening,number_set,12 26 28 43 50 54,52,https://www.vietlott.vn/vi/trung-thuong/ket-qua-trung-thuong/655?id=01320&nocatche=1,302deac1189af735aaa2b50da84a793b92b4b6d725d72340b48c558614d414d6,2026-08-02T20:20:55+00:00
power655,01321,2026-03-19,18:00:00,evening,number_set,7 9 17 31 34 36,55,https://www.vietlott.vn/vi/trung-thuong/ket-qua-trung-thuong/655?id=01321&nocatche=1,52b0789fce5ba337210cd143ccca7b1b87ea40dd46276fcc7f5314d6fbcd3c43,2026-08-02T20:20:55+00:00
power655,01322,2026-03-21,18:00:00,evening,number_set,1 6 40 43 47 53,3,https://www.vietlott.vn/vi/trung-thuong/ket-qua-trung-thuong/655?id=01322&nocatche=1,967b096b8b137cd8ba267b78e81198e559a18f75d3bce6e5998f8c2909af8af8,2026-08-02T20:20:55+00:00
power655,01323,2026-03-24,18:00:00,evening,number_set,12 19 25 26 32 45,3,https://www.vietlott.vn/vi/trung-thuong/ket-qua-trung-thuong/655?id=01323&nocatche=1,1781f731429e4601a273054a3e10ae3b69412e99b234067d4bb2e75a9773f80f,2026-08-02T20:20:56+00:00
power655,01324,2026-03-26,18:00:00,evening,number_set,3 9 10 34 38 44,51,https://www.vietlott.vn/vi/trung-thuong/ket-qua-trung-thuong/655?id=01324&nocatche=1,21fb1c001ccd9d08a3a8b462f6d12fddc46003ec888d8fc4e94418b38d9221c1,2026-08-02T20:20:54+00:00
power655,01325,2026-03-28,18:00:00,evening,number_set,7 13 21 30 33 42,39,https://www.vietlott.vn/vi/trung-thuong/ket-qua-trung-thuong/655?id=01325&nocatche=1,8168796752f8b45d9b8781a9c509f6b3e31d0d3a73b439719f6732aa84411f63,2026-08-02T20:20:56+00:00
power655,01326,2026-03-31,18:00:00,evening,number_set,15 16 22 38 43 48,11,https://www.vietlott.vn/vi/trung-thuong/ket-qua-trung-thuong/655?id=01326&nocatche=1,e1cf4eed7f120571787f84b22bd975dad2b41ffdb2c790eddca47d72fd2ad670,2026-08-02T20:20:53+00:00
power655,01327,2026-04-02,18:00:00,evening,number_set,9 21 32 34 52 53,22,https://www.vietlott.vn/vi/trung-thuong/ket-qua-trung-thuong/655?id=01327&nocatche=1,a090ade11665bf820190e1e4d7e65b22412f0c6b02344aa7af0b52e70d45a720,2026-08-02T20:20:54+00:00
power655,01328,2026-04-04,18:00:00,evening,number_set,5 7 10 23 30 54,40,https://www.vietlott.vn/vi/trung-thuong/ket-qua-trung-thuong/655?id=01328&nocatche=1,0cf2183d6ad5c3928ef9faaf3f8dc2b2ebe0b8fa3c72d4d1a65d02255b569ea9,2026-08-02T20:20:53+00:00
power655,01329,2026-04-07,18:00:00,evening,number_set,1 13 23 31 44 53,32,https://www.vietlott.vn/vi/trung-thuong/ket-qua-trung-thuong/655?id=01329&nocatche=1,8619331115aaef5d0af7205f552859026bc9581a10806dee7925a65e76695df4,2026-08-02T20:20:52+00:00
power655,01330,2026-04-09,18:00:00,evening,number_set,16 18 22 29 41 53,38,https://www.vietlott.vn/vi/trung-thuong/ket-qua-trung-thuong/655?id=01330&nocatche=1,0a10aa66e6fad9bb1319c076794fd5c702b5c82b4110c5e986237c19caa29a19,2026-08-02T20:20:51+00:00
power655,01331,2026-04-11,18:00:00,evening,number_set,13 26 29 38 49 53,7,https://www.vietlott.vn/vi/trung-thuong/ket-qua-trung-thuong/655?id=01331&nocatche=1,802d11d7e1b4373582ccea90b1ccd2b2be6cc082629920ba97905da1c1cb6299,2026-08-02T20:20:51+00:00
power655,01332,2026-04-14,18:00:00,evening,number_set,8 16 22 35 39 47,28,https://www.vietlott.vn/vi/trung-thuong/ket-qua-trung-thuong/655?id=01332&nocatche=1,b1e47e9b0f8e1248519b7bc9a5ff5fc6951bdc64e3db17e335e9751d034d63a0,2026-08-02T20:20:51+00:00
power655,01333,2026-04-16,18:00:00,evening,number_set,2 7 15 22 47 52,55,https://www.vietlott.vn/vi/trung-thuong/ket-qua-trung-thuong/655?id=01333&nocatche=1,1af0ae4215d5f349a3db606f40e33bf9fecc748cd0eaae1633e92736d14adbe2,2026-08-02T20:20:52+00:00
power655,01334,2026-04-18,18:00:00,evening,number_set,9 19 20 28 37 39,24,https://www.vietlott.vn/vi/trung-thuong/ket-qua-trung-thuong/655?id=01334&nocatche=1,7be18bff812ed90c8ceba6159d627de5df398dc1b0b62d795f8f16c6672700bd,2026-08-02T20:20:50+00:00
power655,01335,2026-04-21,18:00:00,evening,number_set,8 30 36 39 50 53,15,https://www.vietlott.vn/vi/trung-thuong/ket-qua-trung-thuong/655?id=01335&nocatche=1,109e69074e3d32267f727727b51db98060a022e3e5a74f61344d9db8bd736c24,2026-08-02T20:20:50+00:00
power655,01336,2026-04-23,18:00:00,evening,number_set,5 16 17 22 33 53,55,https://www.vietlott.vn/vi/trung-thuong/ket-qua-trung-thuong/655?id=01336&nocatche=1,35fb1ebaed700efc8d9b37aff2d281c249351ce1992b873983688c6277e9cf42,2026-08-02T20:20:50+00:00
power655,01337,2026-04-25,18:00:00,evening,number_set,4 7 10 29 41 46,43,https://www.vietlott.vn/vi/trung-thuong/ket-qua-trung-thuong/655?id=01337&nocatche=1,566fc69c390ee1e3927cce3122672e246080b48c04e62be32f76a5de49e2b342,2026-08-02T20:20:50+00:00
power655,01338,2026-04-28,18:00:00,evening,number_set,24 25 34 51 52 53,35,https://www.vietlott.vn/vi/trung-thuong/ket-qua-trung-thuong/655?id=01338&nocatche=1,0338cbcb973328334b7c043c00a2df9fbeefbd933870513907d8adf9f052b260,2026-08-02T20:20:49+00:00
power655,01339,2026-04-30,18:00:00,evening,number_set,9 15 21 25 29 50,16,https://www.vietlott.vn/vi/trung-thuong/ket-qua-trung-thuong/655?id=01339&nocatche=1,415f38845d6263c10473dc7984737791e4f8f874903a6beb73ca7d966631a04a,2026-08-02T20:20:50+00:00
power655,01340,2026-05-02,18:00:00,evening,number_set,9 21 22 26 33 51,17,https://www.vietlott.vn/vi/trung-thuong/ket-qua-trung-thuong/655?id=01340&nocatche=1,f509694f28cc48a82858bd09d8baf3e39f1f6abfeef3aecdd46da01d4f8b085b,2026-08-02T20:20:48+00:00
power655,01341,2026-05-05,18:00:00,evening,number_set,4 6 8 17 30 50,32,https://www.vietlott.vn/vi/trung-thuong/ket-qua-trung-thuong/655?id=01341&nocatche=1,1f7b3bf436e25a7a95b6ae9eab1c5bb876c11d1ea5a559eab86cd56f7b22bff7,2026-08-02T20:20:49+00:00
power655,01342,2026-05-07,18:00:00,evening,number_set,13 14 33 44 46 50,47,https://www.vietlott.vn/vi/trung-thuong/ket-qua-trung-thuong/655?id=01342&nocatche=1,37800c3d899f230df9aaa4fd47169ca4c037ac5e70ea1733f845ed41e4ebf640,2026-08-02T20:20:49+00:00
power655,01343,2026-05-09,18:00:00,evening,number_set,3 10 32 37 45 55,46,https://www.vietlott.vn/vi/trung-thuong/ket-qua-trung-thuong/655?id=01343&nocatche=1,45ac1d25c52f29c4cd9eb5751d442dbd6f376357d2ba35986deb4a5d8e03b666,2026-08-02T20:20:47+00:00
power655,01344,2026-05-12,18:00:00,evening,number_set,2 11 22 26 31 38,15,https://www.vietlott.vn/vi/trung-thuong/ket-qua-trung-thuong/655?id=01344&nocatche=1,5946aa0e024957af98d21d5011c34eff279cce1964dc363f720b0f58d952fdd5,2026-08-02T20:20:47+00:00
power655,01345,2026-05-14,18:00:00,evening,number_set,26 28 39 41 48 55,50,https://www.vietlott.vn/vi/trung-thuong/ket-qua-trung-thuong/655?id=01345&nocatche=1,f132544a5f3edec8934e889042257b17ce7f711e79e562c28617748ab0c2aae3,2026-08-02T20:20:48+00:00
power655,01346,2026-05-16,18:00:00,evening,number_set,8 25 32 36 39 47,50,https://www.vietlott.vn/vi/trung-thuong/ket-qua-trung-thuong/655?id=01346&nocatche=1,7cf63ed466726905dd0eaeda8e82d91e3301cd8f6949555f158e794020501a56,2026-08-02T20:20:47+00:00
power655,01347,2026-05-19,18:00:00,evening,number_set,12 39 40 45 48 53,21,https://www.vietlott.vn/vi/trung-thuong/ket-qua-trung-thuong/655?id=01347&nocatche=1,7d8f000eb2ee7b6de76b17bd94fafc3557e7c69b9858e795b65e7bb6420b472a,2026-08-02T20:20:46+00:00
power655,01348,2026-05-21,18:00:00,evening,number_set,16 18 20 28 32 34,40,https://www.vietlott.vn/vi/trung-thuong/ket-qua-trung-thuong/655?id=01348&nocatche=1,2c4169553394bc6f3a95ba6889e869485ce0bf5555b2519931a40e434e18d771,2026-08-02T20:20:42+00:00
power655,01349,2026-05-23,18:00:00,evening,number_set,17 21 22 27 38 49,3,https://www.vietlott.vn/vi/trung-thuong/ket-qua-trung-thuong/655?id=01349&nocatche=1,015027c88e12bfc333763a6c64735ff8ff481a246ad8fe09945f172aafccbf59,2026-08-02T20:20:43+00:00
power655,01350,2026-05-26,18:00:00,evening,number_set,1 14 15 19 23 34,29,https://www.vietlott.vn/vi/trung-thuong/ket-qua-trung-thuong/655?id=01350&nocatche=1,39058be6e948590bfad8e8b7515c623905313d4578425918b31a7d98942a261c,2026-08-02T20:20:43+00:00
power655,01351,2026-05-28,18:00:00,evening,number_set,8 11 21 25 31 53,54,https://www.vietlott.vn/vi/trung-thuong/ket-qua-trung-thuong/655?id=01351&nocatche=1,a6bfd2e8c797e110c72d1ddb59790082c121434c8cb9b18a8536f11e8a4481bf,2026-08-02T20:20:42+00:00
power655,01352,2026-05-30,18:00:00,evening,number_set,2 8 20 24 25 42,44,https://www.vietlott.vn/vi/trung-thuong/ket-qua-trung-thuong/655?id=01352&nocatche=1,3cd651dbd04f652a8e75222d14e0e514c03038a044f70418f64219770702af92,2026-08-02T20:20:41+00:00
power655,01353,2026-06-02,18:00:00,evening,number_set,1 3 5 16 37 51,42,https://www.vietlott.vn/vi/trung-thuong/ket-qua-trung-thuong/655?id=01353&nocatche=1,15e4f801163a8bfd53af3b2f8c75c2d163739d2f0cddf6b0d7d279c083ae2eea,2026-08-02T20:20:40+00:00
power655,01354,2026-06-04,18:00:00,evening,number_set,23 24 28 29 39 43,45,https://www.vietlott.vn/vi/trung-thuong/ket-qua-trung-thuong/655?id=01354&nocatche=1,d5bc7276cfea0c115fa61557611432a87f1af1b4f0cd49171aace05d293b5ca2,2026-08-02T20:20:40+00:00
power655,01355,2026-06-06,18:00:00,evening,number_set,3 11 16 37 39 41,28,https://www.vietlott.vn/vi/trung-thuong/ket-qua-trung-thuong/655?id=01355&nocatche=1,dd9047aa1253e8d4149a175a601b94df9af57cb8df8f44d7832458b0967dbd8e,2026-08-02T20:20:39+00:00
power655,01356,2026-06-09,18:00:00,evening,number_set,6 8 18 27 32 34,35,https://www.vietlott.vn/vi/trung-thuong/ket-qua-trung-thuong/655?id=01356&nocatche=1,4c262e2dcabc1559633376ae39404c47b618665cc6c123682819e8dcd9031549,2026-08-02T20:20:46+00:00
power655,01357,2026-06-11,18:00:00,evening,number_set,1 8 17 24 40 48,46,https://www.vietlott.vn/vi/trung-thuong/ket-qua-trung-thuong/655?id=01357&nocatche=1,cb450d96ee85b820cdefdeda0241d5c544f579363072c9bb2a2ddfb638207ff0,2026-08-02T20:20:44+00:00
power655,01358,2026-06-13,18:00:00,evening,number_set,2 8 19 33 36 47,42,https://www.vietlott.vn/vi/trung-thuong/ket-qua-trung-thuong/655?id=01358&nocatche=1,e3ed7e287dbebfd4c5f356e133e99e4aaed1c54090655745bd243e95b70188bb,2026-08-02T20:20:45+00:00
power655,01359,2026-06-16,18:00:00,evening,number_set,2 4 5 7 31 40,14,https://www.vietlott.vn/vi/trung-thuong/ket-qua-trung-thuong/655?id=01359&nocatche=1,65e82ffb1608cf1272ce0c7476da57f10fa2070326c53c76b9d97e53c6e92676,2026-08-02T20:20:45+00:00
power655,01360,2026-06-18,18:00:00,evening,number_set,1 4 14 20 46 49,36,https://www.vietlott.vn/vi/trung-thuong/ket-qua-trung-thuong/655?id=01360&nocatche=1,a17e1abc21c9f1165ed00eb0e9b20f6d89c4f89a1901fdbb9d582953adcf53fc,2026-08-02T20:20:44+00:00
power655,01361,2026-06-20,18:00:00,evening,number_set,16 23 26 30 52 53,46,https://www.vietlott.vn/vi/trung-thuong/ket-qua-trung-thuong/655?id=01361&nocatche=1,6c5b3bbac4fe0430b55e02650d011c4554c916acb4e11467c57da7e4395f82f9,2026-08-02T20:20:44+00:00
power655,01362,2026-06-23,18:00:00,evening,number_set,1 13 28 38 40 46,5,https://www.vietlott.vn/vi/trung-thuong/ket-qua-trung-thuong/655?id=01362&nocatche=1,f5ec0f837492b1275129e9722f9f5544b1b4c4570454ffa58bb28d191ca91d0b,2026-08-02T20:20:43+00:00
power655,01363,2026-06-25,18:00:00,evening,number_set,1 3 8 15 35 55,23,https://www.vietlott.vn/vi/trung-thuong/ket-qua-trung-thuong/655?id=01363&nocatche=1,04db106cf371a162d3476c0d8e1ab2bb3c7c86adc76ac34a34308c2fd701ffb9,2026-08-02T20:20:43+00:00
power655,01364,2026-06-27,18:00:00,evening,number_set,7 16 21 23 28 52,54,https://www.vietlott.vn/vi/trung-thuong/ket-qua-trung-thuong/655?id=01364&nocatche=1,20e30b9e9971a6f9a9460e8996e5935aa320006dd84f623bf80366dd78eeac13,2026-08-02T20:17:14+00:00
power655,01365,2026-06-30,18:00:00,evening,number_set,5 13 18 22 43 44,47,https://www.vietlott.vn/vi/trung-thuong/ket-qua-trung-thuong/655?id=01365&nocatche=1,b315cdedec0addb658677db5c0ccf75ec1d0a2ab3157c4b7f18d4f40d672e5d4,2026-08-02T20:17:14+00:00
power655,01366,2026-07-02,18:00:00,evening,number_set,5 11 28 34 41 42,49,https://www.vietlott.vn/vi/trung-thuong/ket-qua-trung-thuong/655?id=01366&nocatche=1,d7f4999d797141186fb139b4a0c189e21d162902c663130896b45b723d36b60b,2026-08-02T20:17:13+00:00
power655,01367,2026-07-04,18:00:00,evening,number_set,13 15 18 23 31 43,41,https://www.vietlott.vn/vi/trung-thuong/ket-qua-trung-thuong/655?id=01367&nocatche=1,7304403f2aa3bf354d37f23a1130c5b6c27514cf85772283da79a5471e9411b1,2026-08-02T20:17:13+00:00
power655,01368,2026-07-07,18:00:00,evening,number_set,4 6 25 32 33 44,8,https://www.vietlott.vn/vi/trung-thuong/ket-qua-trung-thuong/655?id=01368&nocatche=1,68b61f2542e9f05a9a893b17dd16dba9a8858d1998af6f69e400ce7f3ad65eb9,2026-08-02T20:17:11+00:00
power655,01369,2026-07-09,18:00:00,evening,number_set,2 9 10 14 17 49,45,https://www.vietlott.vn/vi/trung-thuong/ket-qua-trung-thuong/655?id=01369&nocatche=1,df553785631cb7460f2be68a2165e64d62e4f9fb9594d4c5c2786c3a8ee09c92,2026-08-02T20:17:12+00:00
power655,01370,2026-07-11,18:00:00,evening,number_set,9 17 20 33 41 42,40,https://www.vietlott.vn/vi/trung-thuong/ket-qua-trung-thuong/655?id=01370&nocatche=1,82b9bf6b507668dbc7582073978616e87627141cd277262b365f09e2664c8745,2026-08-02T20:17:11+00:00
power655,01371,2026-07-14,18:00:00,evening,number_set,10 24 30 35 45 51,33,https://www.vietlott.vn/vi/trung-thuong/ket-qua-trung-thuong/655?id=01371&nocatche=1,1fb7961b42d840ee1b2d00fab539f31f86265b9906647d1d5eed36ff5d6725ae,2026-08-02T20:17:11+00:00
power655,01372,2026-07-16,18:00:00,evening,number_set,19 20 33 45 48 53,21,https://www.vietlott.vn/vi/trung-thuong/ket-qua-trung-thuong/655?id=01372&nocatche=1,b8f0b4904c9060922dce0518c7a7439a2677ccd45d4ccc6479f96243671096ee,2026-08-02T05:38:31+00:00
power655,01373,2026-07-18,18:00:00,evening,number_set,22 41 45 48 54 55,16,https://www.vietlott.vn/vi/trung-thuong/ket-qua-trung-thuong/655?id=01373&nocatche=1,e7eaddc6752651812423f651584fbf08f1b222f9535d06d4b0f0f301f5d60056,2026-08-02T05:38:31+00:00
power655,01374,2026-07-21,18:00:00,evening,number_set,8 11 22 24 32 39,13,https://www.vietlott.vn/vi/trung-thuong/ket-qua-trung-thuong/655?id=01374&nocatche=1,e2a962c2331f3aa5e3e9c52ac2e263d30281f6b62286af1e6c02afeb55cc63b4,2026-08-02T05:38:31+00:00
power655,01375,2026-07-23,18:00:00,evening,number_set,1 3 8 38 40 55,36,https://www.vietlott.vn/vi/trung-thuong/ket-qua-trung-thuong/655?id=01375&nocatche=1,6483e94a84a54e489c631aa6e0fd71cd8ddd946f9fe857877773d8bc0e9d3d0f,2026-08-02T05:38:31+00:00
power655,01376,2026-07-25,18:00:00,evening,number_set,5 9 27 33 37 50,48,https://www.vietlott.vn/vi/trung-thuong/ket-qua-trung-thuong/655?id=01376&nocatche=1,717bf77b13f27df97e6214f827e8de4a980946673ea0f815b69a5ee38aac04da,2026-08-02T05:38:30+00:00
power655,01377,2026-07-28,18:00:00,evening,number_set,7 22 23 27 41 44,48,https://www.vietlott.vn/vi/trung-thuong/ket-qua-trung-thuong/655?id=01377&nocatche=1,25b3dca8d42d4ea45aa2c8c2c39bbefbbfccc8707406676b199af295ab7e0089,2026-08-02T05:38:30+00:00
power655,01378,2026-07-30,18:00:00,evening,number_set,2 12 24 28 43 49,51,https://www.vietlott.vn/vi/trung-thuong/ket-qua-trung-thuong/655?id=01378&nocatche=1,ef6d572cfc05dd5b4c1a2db9f8cbff684400a91183843a37ccdcc8b4aab2e964,2026-08-02T05:38:30+00:00
power655,01379,2026-08-01,18:00:00,evening,number_set,11 14 16 44 49 55,39,https://www.vietlott.vn/vi/trung-thuong/ket-qua-trung-thuong/655?id=01379&nocatche=1,dcc5c66fc12af5993f9860359faa817bad6695fee0f24ade356f34f0d9c5103d,2026-08-02T05:38:30+00:00
power655,01380,2026-08-04,18:00:00,evening,number_set,14 39 40 42 47 54,31,https://www.vietlott.vn/vi/trung-thuong/ket-qua-trung-thuong/655?id=01380&nocatche=1,fe3475a0d11e33167d898448b4abab457e28cbfb4c7c35918d1602f08ea525de,2026-08-04T13:07:21+00:00
