game,draw_id,tier_code,tier_name,ordinal,number
power655,00884,main,Main numbers,1,4
power655,00884,main,Main numbers,2,6
power655,00884,main,Main numbers,3,8
power655,00884,main,Main numbers,4,18
power655,00884,main,Main numbers,5,39
power655,00884,main,Main numbers,6,43
power655,00884,bonus,Bonus numbers,1,28
power655,00885,main,Main numbers,1,1
power655,00885,main,Main numbers,2,14
power655,00885,main,Main numbers,3,24
power655,00885,main,Main numbers,4,28
power655,00885,main,Main numbers,5,40
power655,00885,main,Main numbers,6,46
power655,00885,bonus,Bonus numbers,1,34
power655,00886,main,Main numbers,1,3
power655,00886,main,Main numbers,2,18
power655,00886,main,Main numbers,3,40
power655,00886,main,Main numbers,4,41
power655,00886,main,Main numbers,5,46
power655,00886,main,Main numbers,6,47
power655,00886,bonus,Bonus numbers,1,36
power655,00887,main,Main numbers,1,23
power655,00887,main,Main numbers,2,28
power655,00887,main,Main numbers,3,29
power655,00887,main,Main numbers,4,36
power655,00887,main,Main numbers,5,38
power655,00887,main,Main numbers,6,41
power655,00887,bonus,Bonus numbers,1,7
power655,00888,main,Main numbers,1,1
power655,00888,main,Main numbers,2,14
power655,00888,main,Main numbers,3,23
power655,00888,main,Main numbers,4,27
power655,00888,main,Main numbers,5,44
power655,00888,main,Main numbers,6,50
power655,00888,bonus,Bonus numbers,1,43
power655,00889,main,Main numbers,1,3
power655,00889,main,Main numbers,2,36
power655,00889,main,Main numbers,3,38
power655,00889,main,Main numbers,4,43
power655,00889,main,Main numbers,5,51
power655,00889,main,Main numbers,6,53
power655,00889,bonus,Bonus numbers,1,2
power655,00890,main,Main numbers,1,10
power655,00890,main,Main numbers,2,17
power655,00890,main,Main numbers,3,27
power655,00890,main,Main numbers,4,32
power655,00890,main,Main numbers,5,35
power655,00890,main,Main numbers,6,41
power655,00890,bonus,Bonus numbers,1,54
power655,00891,main,Main numbers,1,4
power655,00891,main,Main numbers,2,14
power655,00891,main,Main numbers,3,18
power655,00891,main,Main numbers,4,27
power655,00891,main,Main numbers,5,47
power655,00891,main,Main numbers,6,50
power655,00891,bonus,Bonus numbers,1,33
power655,00892,main,Main numbers,1,10
power655,00892,main,Main numbers,2,11
power655,00892,main,Main numbers,3,25
power655,00892,main,Main numbers,4,39
power655,00892,main,Main numbers,5,46
power655,00892,main,Main numbers,6,55
power655,00892,bonus,Bonus numbers,1,40
power655,00893,main,Main numbers,1,7
power655,00893,main,Main numbers,2,13
power655,00893,main,Main numbers,3,23
power655,00893,main,Main numbers,4,34
power655,00893,main,Main numbers,5,38
power655,00893,main,Main numbers,6,40
power655,00893,bonus,Bonus numbers,1,55
power655,00894,main,Main numbers,1,7
power655,00894,main,Main numbers,2,23
power655,00894,main,Main numbers,3,26
power655,00894,main,Main numbers,4,31
power655,00894,main,Main numbers,5,35
power655,00894,main,Main numbers,6,53
power655,00894,bonus,Bonus numbers,1,32
power655,00895,main,Main numbers,1,2
power655,00895,main,Main numbers,2,11
power655,00895,main,Main numbers,3,14
power655,00895,main,Main numbers,4,35
power655,00895,main,Main numbers,5,43
power655,00895,main,Main numbers,6,51
power655,00895,bonus,Bonus numbers,1,55
power655,00896,main,Main numbers,1,8
power655,00896,main,Main numbers,2,9
power655,00896,main,Main numbers,3,16
power655,00896,main,Main numbers,4,20
power655,00896,main,Main numbers,5,50
power655,00896,main,Main numbers,6,53
power655,00896,bonus,Bonus numbers,1,3
power655,00897,main,Main numbers,1,2
power655,00897,main,Main numbers,2,12
power655,00897,main,Main numbers,3,15
power655,00897,main,Main numbers,4,16
power655,00897,main,Main numbers,5,27
power655,00897,main,Main numbers,6,28
power655,00897,bonus,Bonus numbers,1,47
power655,00898,main,Main numbers,1,1
power655,00898,main,Main numbers,2,11
power655,00898,main,Main numbers,3,12
power655,00898,main,Main numbers,4,28
power655,00898,main,Main numbers,5,46
power655,00898,main,Main numbers,6,54
power655,00898,bonus,Bonus numbers,1,40
power655,00899,main,Main numbers,1,13
power655,00899,main,Main numbers,2,33
power655,00899,main,Main numbers,3,36
power655,00899,main,Main numbers,4,38
power655,00899,main,Main numbers,5,45
power655,00899,main,Main numbers,6,50
power655,00899,bonus,Bonus numbers,1,25
power655,00900,main,Main numbers,1,4
power655,00900,main,Main numbers,2,13
power655,00900,main,Main numbers,3,14
power655,00900,main,Main numbers,4,23
power655,00900,main,Main numbers,5,33
power655,00900,main,Main numbers,6,50
power655,00900,bonus,Bonus numbers,1,41
power655,00901,main,Main numbers,1,7
power655,00901,main,Main numbers,2,12
power655,00901,main,Main numbers,3,29
power655,00901,main,Main numbers,4,39
power655,00901,main,Main numbers,5,46
power655,00901,main,Main numbers,6,55
power655,00901,bonus,Bonus numbers,1,1
power655,00902,main,Main numbers,1,8
power655,00902,main,Main numbers,2,11
power655,00902,main,Main numbers,3,23
power655,00902,main,Main numbers,4,43
power655,00902,main,Main numbers,5,44
power655,00902,main,Main numbers,6,48
power655,00902,bonus,Bonus numbers,1,41
power655,00903,main,Main numbers,1,24
power655,00903,main,Main numbers,2,40
power655,00903,main,Main numbers,3,44
power655,00903,main,Main numbers,4,46
power655,00903,main,Main numbers,5,47
power655,00903,main,Main numbers,6,49
power655,00903,bonus,Bonus numbers,1,5
power655,00904,main,Main numbers,1,3
power655,00904,main,Main numbers,2,4
power655,00904,main,Main numbers,3,30
power655,00904,main,Main numbers,4,34
power655,00904,main,Main numbers,5,36
power655,00904,main,Main numbers,6,49
power655,00904,bonus,Bonus numbers,1,8
power655,00905,main,Main numbers,1,2
power655,00905,main,Main numbers,2,16
power655,00905,main,Main numbers,3,31
power655,00905,main,Main numbers,4,37
power655,00905,main,Main numbers,5,38
power655,00905,main,Main numbers,6,48
power655,00905,bonus,Bonus numbers,1,36
power655,00906,main,Main numbers,1,10
power655,00906,main,Main numbers,2,11
power655,00906,main,Main numbers,3,19
power655,00906,main,Main numbers,4,28
power655,00906,main,Main numbers,5,42
power655,00906,main,Main numbers,6,47
power655,00906,bonus,Bonus numbers,1,16
power655,00907,main,Main numbers,1,5
power655,00907,main,Main numbers,2,34
power655,00907,main,Main numbers,3,36
power655,00907,main,Main numbers,4,38
power655,00907,main,Main numbers,5,47
power655,00907,main,Main numbers,6,50
power655,00907,bonus,Bonus numbers,1,26
power655,00908,main,Main numbers,1,9
power655,00908,main,Main numbers,2,15
power655,00908,main,Main numbers,3,23
power655,00908,main,Main numbers,4,25
power655,00908,main,Main numbers,5,27
power655,00908,main,Main numbers,6,34
power655,00908,bonus,Bonus numbers,1,41
power655,00909,main,Main numbers,1,12
power655,00909,main,Main numbers,2,23
power655,00909,main,Main numbers,3,42
power655,00909,main,Main numbers,4,44
power655,00909,main,Main numbers,5,51
power655,00909,main,Main numbers,6,52
power655,00909,bonus,Bonus numbers,1,3
power655,00910,main,Main numbers,1,3
power655,00910,main,Main numbers,2,11
power655,00910,main,Main numbers,3,13
power655,00910,main,Main numbers,4,31
power655,00910,main,Main numbers,5,33
power655,00910,main,Main numbers,6,45
power655,00910,bonus,Bonus numbers,1,27
power655,00911,main,Main numbers,1,16
power655,00911,main,Main numbers,2,23
power655,00911,main,Main numbers,3,25
power655,00911,main,Main numbers,4,26
power655,00911,main,Main numbers,5,29
power655,00911,main,Main numbers,6,40
power655,00911,bonus,Bonus numbers,1,32
power655,00912,main,Main numbers,1,4
power655,00912,main,Main numbers,2,18
power655,00912,main,Main numbers,3,22
power655,00912,main,Main numbers,4,25
power655,00912,main,Main numbers,5,33
power655,00912,main,Main numbers,6,48
power655,00912,bonus,Bonus numbers,1,2
power655,00913,main,Main numbers,1,3
power655,00913,main,Main numbers,2,12
power655,00913,main,Main numbers,3,22
power655,00913,main,Main numbers,4,25
power655,00913,main,Main numbers,5,37
power655,00913,main,Main numbers,6,39
power655,00913,bonus,Bonus numbers,1,7
power655,00914,main,Main numbers,1,22
power655,00914,main,Main numbers,2,34
power655,00914,main,Main numbers,3,40
power655,00914,main,Main numbers,4,47
power655,00914,main,Main numbers,5,49
power655,00914,main,Main numbers,6,51
power655,00914,bonus,Bonus numbers,1,44
power655,00915,main,Main numbers,1,5
power655,00915,main,Main numbers,2,6
power655,00915,main,Main numbers,3,19
power655,00915,main,Main numbers,4,20
power655,00915,main,Main numbers,5,40
power655,00915,main,Main numbers,6,45
power655,00915,bonus,Bonus numbers,1,47
power655,00916,main,Main numbers,1,4
power655,00916,main,Main numbers,2,14
power655,00916,main,Main numbers,3,31
power655,00916,main,Main numbers,4,42
power655,00916,main,Main numbers,5,47
power655,00916,main,Main numbers,6,49
power655,00916,bonus,Bonus numbers,1,43
power655,00917,main,Main numbers,1,13
power655,00917,main,Main numbers,2,24
power655,00917,main,Main numbers,3,39
power655,00917,main,Main numbers,4,43
power655,00917,main,Main numbers,5,45
power655,00917,main,Main numbers,6,52
power655,00917,bonus,Bonus numbers,1,8
power655,00918,main,Main numbers,1,5
power655,00918,main,Main numbers,2,12
power655,00918,main,Main numbers,3,25
power655,00918,main,Main numbers,4,39
power655,00918,main,Main numbers,5,40
power655,00918,main,Main numbers,6,53
power655,00918,bonus,Bonus numbers,1,52
power655,00919,main,Main numbers,1,1
power655,00919,main,Main numbers,2,5
power655,00919,main,Main numbers,3,25
power655,00919,main,Main numbers,4,32
power655,00919,main,Main numbers,5,51
power655,00919,main,Main numbers,6,52
power655,00919,bonus,Bonus numbers,1,54
power655,00920,main,Main numbers,1,7
power655,00920,main,Main numbers,2,9
power655,00920,main,Main numbers,3,13
power655,00920,main,Main numbers,4,22
power655,00920,main,Main numbers,5,27
power655,00920,main,Main numbers,6,42
power655,00920,bonus,Bonus numbers,1,23
power655,00921,main,Main numbers,1,2
power655,00921,main,Main numbers,2,3
power655,00921,main,Main numbers,3,6
power655,00921,main,Main numbers,4,34
power655,00921,main,Main numbers,5,35
power655,00921,main,Main numbers,6,36
power655,00921,bonus,Bonus numbers,1,31
power655,00922,main,Main numbers,1,1
power655,00922,main,Main numbers,2,10
power655,00922,main,Main numbers,3,20
power655,00922,main,Main numbers,4,41
power655,00922,main,Main numbers,5,42
power655,00922,main,Main numbers,6,50
power655,00922,bonus,Bonus numbers,1,39
power655,00923,main,Main numbers,1,5
power655,00923,main,Main numbers,2,8
power655,00923,main,Main numbers,3,24
power655,00923,main,Main numbers,4,38
power655,00923,main,Main numbers,5,50
power655,00923,main,Main numbers,6,51
power655,00923,bonus,Bonus numbers,1,47
power655,00924,main,Main numbers,1,1
power655,00924,main,Main numbers,2,8
power655,00924,main,Main numbers,3,20
power655,00924,main,Main numbers,4,25
power655,00924,main,Main numbers,5,35
power655,00924,main,Main numbers,6,53
power655,00924,bonus,Bonus numbers,1,54
power655,00925,main,Main numbers,1,23
power655,00925,main,Main numbers,2,33
power655,00925,main,Main numbers,3,37
power655,00925,main,Main numbers,4,43
power655,00925,main,Main numbers,5,45
power655,00925,main,Main numbers,6,46
power655,00925,bonus,Bonus numbers,1,29
power655,00926,main,Main numbers,1,12
power655,00926,main,Main numbers,2,15
power655,00926,main,Main numbers,3,32
power655,00926,main,Main numbers,4,44
power655,00926,main,Main numbers,5,46
power655,00926,main,Main numbers,6,51
power655,00926,bonus,Bonus numbers,1,48
power655,00927,main,Main numbers,1,2
power655,00927,main,Main numbers,2,6
power655,00927,main,Main numbers,3,19
power655,00927,main,Main numbers,4,29
power655,00927,main,Main numbers,5,34
power655,00927,main,Main numbers,6,48
power655,00927,bonus,Bonus numbers,1,39
power655,00928,main,Main numbers,1,1
power655,00928,main,Main numbers,2,4
power655,00928,main,Main numbers,3,36
power655,00928,main,Main numbers,4,42
power655,00928,main,Main numbers,5,45
power655,00928,main,Main numbers,6,54
power655,00928,bonus,Bonus numbers,1,32
power655,00929,main,Main numbers,1,13
power655,00929,main,Main numbers,2,20
power655,00929,main,Main numbers,3,32
power655,00929,main,Main numbers,4,37
power655,00929,main,Main numbers,5,43
power655,00929,main,Main numbers,6,49
power655,00929,bonus,Bonus numbers,1,40
power655,00930,main,Main numbers,1,26
power655,00930,main,Main numbers,2,31
power655,00930,main,Main numbers,3,32
power655,00930,main,Main numbers,4,39
power655,00930,main,Main numbers,5,45
power655,00930,main,Main numbers,6,55
power655,00930,bonus,Bonus numbers,1,28
power655,00931,main,Main numbers,1,6
power655,00931,main,Main numbers,2,10
power655,00931,main,Main numbers,3,20
power655,00931,main,Main numbers,4,22
power655,00931,main,Main numbers,5,50
power655,00931,main,Main numbers,6,52
power655,00931,bonus,Bonus numbers,1,34
power655,00932,main,Main numbers,1,25
power655,00932,main,Main numbers,2,27
power655,00932,main,Main numbers,3,42
power655,00932,main,Main numbers,4,51
power655,00932,main,Main numbers,5,54
power655,00932,main,Main numbers,6,55
power655,00932,bonus,Bonus numbers,1,45
power655,00933,main,Main numbers,1,17
power655,00933,main,Main numbers,2,29
power655,00933,main,Main numbers,3,35
power655,00933,main,Main numbers,4,40
power655,00933,main,Main numbers,5,51
power655,00933,main,Main numbers,6,52
power655,00933,bonus,Bonus numbers,1,23
power655,00934,main,Main numbers,1,16
power655,00934,main,Main numbers,2,26
power655,00934,main,Main numbers,3,33
power655,00934,main,Main numbers,4,34
power655,00934,main,Main numbers,5,41
power655,00934,main,Main numbers,6,43
power655,00934,bonus,Bonus numbers,1,53
power655,00935,main,Main numbers,1,20
power655,00935,main,Main numbers,2,27
power655,00935,main,Main numbers,3,36
power655,00935,main,Main numbers,4,43
power655,00935,main,Main numbers,5,45
power655,00935,main,Main numbers,6,47
power655,00935,bonus,Bonus numbers,1,35
power655,00936,main,Main numbers,1,14
power655,00936,main,Main numbers,2,20
power655,00936,main,Main numbers,3,24
power655,00936,main,Main numbers,4,27
power655,00936,main,Main numbers,5,41
power655,00936,main,Main numbers,6,44
power655,00936,bonus,Bonus numbers,1,23
power655,00937,main,Main numbers,1,4
power655,00937,main,Main numbers,2,23
power655,00937,main,Main numbers,3,36
power655,00937,main,Main numbers,4,45
power655,00937,main,Main numbers,5,47
power655,00937,main,Main numbers,6,50
power655,00937,bonus,Bonus numbers,1,22
power655,00938,main,Main numbers,1,3
power655,00938,main,Main numbers,2,13
power655,00938,main,Main numbers,3,19
power655,00938,main,Main numbers,4,30
power655,00938,main,Main numbers,5,38
power655,00938,main,Main numbers,6,44
power655,00938,bonus,Bonus numbers,1,51
power655,00939,main,Main numbers,1,3
power655,00939,main,Main numbers,2,15
power655,00939,main,Main numbers,3,27
power655,00939,main,Main numbers,4,29
power655,00939,main,Main numbers,5,37
power655,00939,main,Main numbers,6,48
power655,00939,bonus,Bonus numbers,1,55
power655,00940,main,Main numbers,1,1
power655,00940,main,Main numbers,2,21
power655,00940,main,Main numbers,3,33
power655,00940,main,Main numbers,4,46
power655,00940,main,Main numbers,5,47
power655,00940,main,Main numbers,6,53
power655,00940,bonus,Bonus numbers,1,9
power655,00941,main,Main numbers,1,4
power655,00941,main,Main numbers,2,13
power655,00941,main,Main numbers,3,36
power655,00941,main,Main numbers,4,40
power655,00941,main,Main numbers,5,43
power655,00941,main,Main numbers,6,52
power655,00941,bonus,Bonus numbers,1,34
power655,00942,main,Main numbers,1,6
power655,00942,main,Main numbers,2,23
power655,00942,main,Main numbers,3,26
power655,00942,main,Main numbers,4,37
power655,00942,main,Main numbers,5,44
power655,00942,main,Main numbers,6,46
power655,00942,bonus,Bonus numbers,1,33
power655,00943,main,Main numbers,1,5
power655,00943,main,Main numbers,2,8
power655,00943,main,Main numbers,3,9
power655,00943,main,Main numbers,4,20
power655,00943,main,Main numbers,5,36
power655,00943,main,Main numbers,6,50
power655,00943,bonus,Bonus numbers,1,35
power655,00944,main,Main numbers,1,8
power655,00944,main,Main numbers,2,23
power655,00944,main,Main numbers,3,30
power655,00944,main,Main numbers,4,34
power655,00944,main,Main numbers,5,38
power655,00944,main,Main numbers,6,47
power655,00944,bonus,Bonus numbers,1,10
power655,00945,main,Main numbers,1,13
power655,00945,main,Main numbers,2,22
power655,00945,main,Main numbers,3,33
power655,00945,main,Main numbers,4,41
power655,00945,main,Main numbers,5,46
power655,00945,main,Main numbers,6,47
power655,00945,bonus,Bonus numbers,1,9
power655,00946,main,Main numbers,1,1
power655,00946,main,Main numbers,2,23
power655,00946,main,Main numbers,3,29
power655,00946,main,Main numbers,4,37
power655,00946,main,Main numbers,5,51
power655,00946,main,Main numbers,6,55
power655,00946,bonus,Bonus numbers,1,54
power655,00947,main,Main numbers,1,11
power655,00947,main,Main numbers,2,16
power655,00947,main,Main numbers,3,24
power655,00947,main,Main numbers,4,34
power655,00947,main,Main numbers,5,47
power655,00947,main,Main numbers,6,52
power655,00947,bonus,Bonus numbers,1,15
power655,00948,main,Main numbers,1,12
power655,00948,main,Main numbers,2,20
power655,00948,main,Main numbers,3,26
power655,00948,main,Main numbers,4,33
power655,00948,main,Main numbers,5,40
power655,00948,main,Main numbers,6,44
power655,00948,bonus,Bonus numbers,1,24
power655,00949,main,Main numbers,1,14
power655,00949,main,Main numbers,2,22
power655,00949,main,Main numbers,3,32
power655,00949,main,Main numbers,4,37
power655,00949,main,Main numbers,5,43
power655,00949,main,Main numbers,6,48
power655,00949,bonus,Bonus numbers,1,42
power655,00950,main,Main numbers,1,11
power655,00950,main,Main numbers,2,14
power655,00950,main,Main numbers,3,25
power655,00950,main,Main numbers,4,44
power655,00950,main,Main numbers,5,46
power655,00950,main,Main numbers,6,47
power655,00950,bonus,Bonus numbers,1,10
power655,00951,main,Main numbers,1,10
power655,00951,main,Main numbers,2,16
power655,00951,main,Main numbers,3,17
power655,00951,main,Main numbers,4,28
power655,00951,main,Main numbers,5,37
power655,00951,main,Main numbers,6,42
power655,00951,bonus,Bonus numbers,1,43
power655,00952,main,Main numbers,1,9
power655,00952,main,Main numbers,2,15
power655,00952,main,Main numbers,3,17
power655,00952,main,Main numbers,4,21
power655,00952,main,Main numbers,5,26
power655,00952,main,Main numbers,6,36
power655,00952,bonus,Bonus numbers,1,13
power655,00953,main,Main numbers,1,14
power655,00953,main,Main numbers,2,35
power655,00953,main,Main numbers,3,37
power655,00953,main,Main numbers,4,47
power655,00953,main,Main numbers,5,48
power655,00953,main,Main numbers,6,50
power655,00953,bonus,Bonus numbers,1,43
power655,00954,main,Main numbers,1,12
power655,00954,main,Main numbers,2,18
power655,00954,main,Main numbers,3,20
power655,00954,main,Main numbers,4,28
power655,00954,main,Main numbers,5,35
power655,00954,main,Main numbers,6,52
power655,00954,bonus,Bonus numbers,1,25
power655,00955,main,Main numbers,1,8
power655,00955,main,Main numbers,2,17
power655,00955,main,Main numbers,3,24
power655,00955,main,Main numbers,4,34
power655,00955,main,Main numbers,5,39
power655,00955,main,Main numbers,6,48
power655,00955,bonus,Bonus numbers,1,44
power655,00956,main,Main numbers,1,2
power655,00956,main,Main numbers,2,3
power655,00956,main,Main numbers,3,4
power655,00956,main,Main numbers,4,19
power655,00956,main,Main numbers,5,41
power655,00956,main,Main numbers,6,42
power655,00956,bonus,Bonus numbers,1,23
power655,00957,main,Main numbers,1,4
power655,00957,main,Main numbers,2,9
power655,00957,main,Main numbers,3,12
power655,00957,main,Main numbers,4,15
power655,00957,main,Main numbers,5,22
power655,00957,main,Main numbers,6,38
power655,00957,bonus,Bonus numbers,1,40
power655,00958,main,Main numbers,1,3
power655,00958,main,Main numbers,2,5
power655,00958,main,Main numbers,3,10
power655,00958,main,Main numbers,4,18
power655,00958,main,Main numbers,5,44
power655,00958,main,Main numbers,6,49
power655,00958,bonus,Bonus numbers,1,28
power655,00959,main,Main numbers,1,1
power655,00959,main,Main numbers,2,7
power655,00959,main,Main numbers,3,10
power655,00959,main,Main numbers,4,14
power655,00959,main,Main numbers,5,28
power655,00959,main,Main numbers,6,29
power655,00959,bonus,Bonus numbers,1,2
power655,00960,main,Main numbers,1,3
power655,00960,main,Main numbers,2,7
power655,00960,main,Main numbers,3,16
power655,00960,main,Main numbers,4,37
power655,00960,main,Main numbers,5,39
power655,00960,main,Main numbers,6,51
power655,00960,bonus,Bonus numbers,1,9
power655,00961,main,Main numbers,1,4
power655,00961,main,Main numbers,2,6
power655,00961,main,Main numbers,3,26
power655,00961,main,Main numbers,4,33
power655,00961,main,Main numbers,5,52
power655,00961,main,Main numbers,6,55
power655,00961,bonus,Bonus numbers,1,15
power655,00962,main,Main numbers,1,7
power655,00962,main,Main numbers,2,9
power655,00962,main,Main numbers,3,10
power655,00962,main,Main numbers,4,17
power655,00962,main,Main numbers,5,25
power655,00962,main,Main numbers,6,53
power655,00962,bonus,Bonus numbers,1,49
power655,00963,main,Main numbers,1,10
power655,00963,main,Main numbers,2,24
power655,00963,main,Main numbers,3,47
power655,00963,main,Main numbers,4,48
power655,00963,main,Main numbers,5,52
power655,00963,main,Main numbers,6,55
power655,00963,bonus,Bonus numbers,1,28
power655,00964,main,Main numbers,1,9
power655,00964,main,Main numbers,2,13
power655,00964,main,Main numbers,3,21
power655,00964,main,Main numbers,4,28
power655,00964,main,Main numbers,5,50
power655,00964,main,Main numbers,6,54
power655,00964,bonus,Bonus numbers,1,51
power655,00965,main,Main numbers,1,1
power655,00965,main,Main numbers,2,10
power655,00965,main,Main numbers,3,20
power655,00965,main,Main numbers,4,37
power655,00965,main,Main numbers,5,48
power655,00965,main,Main numbers,6,51
power655,00965,bonus,Bonus numbers,1,54
power655,00966,main,Main numbers,1,2
power655,00966,main,Main numbers,2,4
power655,00966,main,Main numbers,3,19
power655,00966,main,Main numbers,4,32
power655,00966,main,Main numbers,5,35
power655,00966,main,Main numbers,6,39
power655,00966,bonus,Bonus numbers,1,49
power655,00967,main,Main numbers,1,9
power655,00967,main,Main numbers,2,13
power655,00967,main,Main numbers,3,28
power655,00967,main,Main numbers,4,33
power655,00967,main,Main numbers,5,50
power655,00967,main,Main numbers,6,53
power655,00967,bonus,Bonus numbers,1,47
power655,00968,main,Main numbers,1,6
power655,00968,main,Main numbers,2,9
power655,00968,main,Main numbers,3,26
power655,00968,main,Main numbers,4,27
power655,00968,main,Main numbers,5,34
power655,00968,main,Main numbers,6,47
power655,00968,bonus,Bonus numbers,1,41
power655,00969,main,Main numbers,1,6
power655,00969,main,Main numbers,2,7
power655,00969,main,Main numbers,3,16
power655,00969,main,Main numbers,4,21
power655,00969,main,Main numbers,5,34
power655,00969,main,Main numbers,6,50
power655,00969,bonus,Bonus numbers,1,31
power655,00970,main,Main numbers,1,1
power655,00970,main,Main numbers,2,12
power655,00970,main,Main numbers,3,23
power655,00970,main,Main numbers,4,43
power655,00970,main,Main numbers,5,48
power655,00970,main,Main numbers,6,52
power655,00970,bonus,Bonus numbers,1,30
power655,00971,main,Main numbers,1,13
power655,00971,main,Main numbers,2,15
power655,00971,main,Main numbers,3,21
power655,00971,main,Main numbers,4,26
power655,00971,main,Main numbers,5,34
power655,00971,main,Main numbers,6,35
power655,00971,bonus,Bonus numbers,1,45
power655,00972,main,Main numbers,1,11
power655,00972,main,Main numbers,2,14
power655,00972,main,Main numbers,3,15
power655,00972,main,Main numbers,4,24
power655,00972,main,Main numbers,5,34
power655,00972,main,Main numbers,6,53
power655,00972,bonus,Bonus numbers,1,18
power655,00973,main,Main numbers,1,9
power655,00973,main,Main numbers,2,31
power655,00973,main,Main numbers,3,39
power655,00973,main,Main numbers,4,41
power655,00973,main,Main numbers,5,47
power655,00973,main,Main numbers,6,48
power655,00973,bonus,Bonus numbers,1,3
power655,00974,main,Main numbers,1,22
power655,00974,main,Main numbers,2,32
power655,00974,main,Main numbers,3,39
power655,00974,main,Main numbers,4,46
power655,00974,main,Main numbers,5,48
power655,00974,main,Main numbers,6,49
power655,00974,bonus,Bonus numbers,1,43
power655,00975,main,Main numbers,1,10
power655,00975,main,Main numbers,2,14
power655,00975,main,Main numbers,3,17
power655,00975,main,Main numbers,4,27
power655,00975,main,Main numbers,5,29
power655,00975,main,Main numbers,6,40
power655,00975,bonus,Bonus numbers,1,25
power655,00976,main,Main numbers,1,20
power655,00976,main,Main numbers,2,28
power655,00976,main,Main numbers,3,30
power655,00976,main,Main numbers,4,40
power655,00976,main,Main numbers,5,45
power655,00976,main,Main numbers,6,52
power655,00976,bonus,Bonus numbers,1,32
power655,00977,main,Main numbers,1,9
power655,00977,main,Main numbers,2,17
power655,00977,main,Main numbers,3,29
power655,00977,main,Main numbers,4,32
power655,00977,main,Main numbers,5,38
power655,00977,main,Main numbers,6,52
power655,00977,bonus,Bonus numbers,1,2
power655,00978,main,Main numbers,1,2
power655,00978,main,Main numbers,2,5
power655,00978,main,Main numbers,3,18
power655,00978,main,Main numbers,4,31
power655,00978,main,Main numbers,5,37
power655,00978,main,Main numbers,6,45
power655,00978,bonus,Bonus numbers,1,20
power655,00979,main,Main numbers,1,7
power655,00979,main,Main numbers,2,34
power655,00979,main,Main numbers,3,37
power655,00979,main,Main numbers,4,43
power655,00979,main,Main numbers,5,52
power655,00979,main,Main numbers,6,54
power655,00979,bonus,Bonus numbers,1,28
power655,00980,main,Main numbers,1,15
power655,00980,main,Main numbers,2,17
power655,00980,main,Main numbers,3,21
power655,00980,main,Main numbers,4,24
power655,00980,main,Main numbers,5,34
power655,00980,main,Main numbers,6,46
power655,00980,bonus,Bonus numbers,1,11
power655,00981,main,Main numbers,1,16
power655,00981,main,Main numbers,2,32
power655,00981,main,Main numbers,3,45
power655,00981,main,Main numbers,4,50
power655,00981,main,Main numbers,5,52
power655,00981,main,Main numbers,6,53
power655,00981,bonus,Bonus numbers,1,54
power655,00982,main,Main numbers,1,2
power655,00982,main,Main numbers,2,23
power655,00982,main,Main numbers,3,32
power655,00982,main,Main numbers,4,44
power655,00982,main,Main numbers,5,51
power655,00982,main,Main numbers,6,52
power655,00982,bonus,Bonus numbers,1,28
power655,00983,main,Main numbers,1,1
power655,00983,main,Main numbers,2,5
power655,00983,main,Main numbers,3,7
power655,00983,main,Main numbers,4,23
power655,00983,main,Main numbers,5,35
power655,00983,main,Main numbers,6,42
power655,00983,bonus,Bonus numbers,1,21
power655,00984,main,Main numbers,1,9
power655,00984,main,Main numbers,2,14
power655,00984,main,Main numbers,3,18
power655,00984,main,Main numbers,4,20
power655,00984,main,Main numbers,5,27
power655,00984,main,Main numbers,6,43
power655,00984,bonus,Bonus numbers,1,42
power655,00985,main,Main numbers,1,12
power655,00985,main,Main numbers,2,20
power655,00985,main,Main numbers,3,33
power655,00985,main,Main numbers,4,38
power655,00985,main,Main numbers,5,40
power655,00985,main,Main numbers,6,52
power655,00985,bonus,Bonus numbers,1,35
power655,00986,main,Main numbers,1,6
power655,00986,main,Main numbers,2,25
power655,00986,main,Main numbers,3,29
power655,00986,main,Main numbers,4,34
power655,00986,main,Main numbers,5,49
power655,00986,main,Main numbers,6,54
power655,00986,bonus,Bonus numbers,1,38
power655,00987,main,Main numbers,1,13
power655,00987,main,Main numbers,2,27
power655,00987,main,Main numbers,3,32
power655,00987,main,Main numbers,4,48
power655,00987,main,Main numbers,5,49
power655,00987,main,Main numbers,6,51
power655,00987,bonus,Bonus numbers,1,23
power655,00988,main,Main numbers,1,13
power655,00988,main,Main numbers,2,17
power655,00988,main,Main numbers,3,35
power655,00988,main,Main numbers,4,38
power655,00988,main,Main numbers,5,42
power655,00988,main,Main numbers,6,48
power655,00988,bonus,Bonus numbers,1,7
power655,00989,main,Main numbers,1,6
power655,00989,main,Main numbers,2,12
power655,00989,main,Main numbers,3,38
power655,00989,main,Main numbers,4,41
power655,00989,main,Main numbers,5,46
power655,00989,main,Main numbers,6,55
power655,00989,bonus,Bonus numbers,1,13
power655,00990,main,Main numbers,1,3
power655,00990,main,Main numbers,2,10
power655,00990,main,Main numbers,3,13
power655,00990,main,Main numbers,4,40
power655,00990,main,Main numbers,5,49
power655,00990,main,Main numbers,6,52
power655,00990,bonus,Bonus numbers,1,9
power655,00991,main,Main numbers,1,2
power655,00991,main,Main numbers,2,7
power655,00991,main,Main numbers,3,10
power655,00991,main,Main numbers,4,22
power655,00991,main,Main numbers,5,32
power655,00991,main,Main numbers,6,40
power655,00991,bonus,Bonus numbers,1,39
power655,00992,main,Main numbers,1,4
power655,00992,main,Main numbers,2,6
power655,00992,main,Main numbers,3,7
power655,00992,main,Main numbers,4,13
power655,00992,main,Main numbers,5,18
power655,00992,main,Main numbers,6,26
power655,00992,bonus,Bonus numbers,1,49
power655,00993,main,Main numbers,1,8
power655,00993,main,Main numbers,2,19
power655,00993,main,Main numbers,3,27
power655,00993,main,Main numbers,4,34
power655,00993,main,Main numbers,5,46
power655,00993,main,Main numbers,6,51
power655,00993,bonus,Bonus numbers,1,24
power655,00994,main,Main numbers,1,22
power655,00994,main,Main numbers,2,31
power655,00994,main,Main numbers,3,35
power655,00994,main,Main numbers,4,36
power655,00994,main,Main numbers,5,38
power655,00994,main,Main numbers,6,42
power655,00994,bonus,Bonus numbers,1,11
power655,00995,main,Main numbers,1,8
power655,00995,main,Main numbers,2,17
power655,00995,main,Main numbers,3,22
power655,00995,main,Main numbers,4,31
power655,00995,main,Main numbers,5,34
power655,00995,main,Main numbers,6,49
power655,00995,bonus,Bonus numbers,1,18
power655,00996,main,Main numbers,1,3
power655,00996,main,Main numbers,2,7
power655,00996,main,Main numbers,3,8
power655,00996,main,Main numbers,4,18
power655,00996,main,Main numbers,5,21
power655,00996,main,Main numbers,6,26
power655,00996,bonus,Bonus numbers,1,19
power655,00997,main,Main numbers,1,8
power655,00997,main,Main numbers,2,12
power655,00997,main,Main numbers,3,17
power655,00997,main,Main numbers,4,27
power655,00997,main,Main numbers,5,38
power655,00997,main,Main numbers,6,55
power655,00997,bonus,Bonus numbers,1,47
power655,00998,main,Main numbers,1,34
power655,00998,main,Main numbers,2,46
power655,00998,main,Main numbers,3,50
power655,00998,main,Main numbers,4,51
power655,00998,main,Main numbers,5,52
power655,00998,main,Main numbers,6,55
power655,00998,bonus,Bonus numbers,1,5
power655,00999,main,Main numbers,1,8
power655,00999,main,Main numbers,2,19
power655,00999,main,Main numbers,3,24
power655,00999,main,Main numbers,4,31
power655,00999,main,Main numbers,5,35
power655,00999,main,Main numbers,6,55
power655,00999,bonus,Bonus numbers,1,1
power655,01000,main,Main numbers,1,1
power655,01000,main,Main numbers,2,3
power655,01000,main,Main numbers,3,22
power655,01000,main,Main numbers,4,27
power655,01000,main,Main numbers,5,38
power655,01000,main,Main numbers,6,40
power655,01000,bonus,Bonus numbers,1,26
power655,01001,main,Main numbers,1,1
power655,01001,main,Main numbers,2,4
power655,01001,main,Main numbers,3,6
power655,01001,main,Main numbers,4,8
power655,01001,main,Main numbers,5,24
power655,01001,main,Main numbers,6,35
power655,01001,bonus,Bonus numbers,1,53
power655,01002,main,Main numbers,1,4
power655,01002,main,Main numbers,2,11
power655,01002,main,Main numbers,3,20
power655,01002,main,Main numbers,4,38
power655,01002,main,Main numbers,5,52
power655,01002,main,Main numbers,6,53
power655,01002,bonus,Bonus numbers,1,33
power655,01003,main,Main numbers,1,1
power655,01003,main,Main numbers,2,19
power655,01003,main,Main numbers,3,21
power655,01003,main,Main numbers,4,31
power655,01003,main,Main numbers,5,50
power655,01003,main,Main numbers,6,55
power655,01003,bonus,Bonus numbers,1,37
power655,01004,main,Main numbers,1,12
power655,01004,main,Main numbers,2,19
power655,01004,main,Main numbers,3,21
power655,01004,main,Main numbers,4,23
power655,01004,main,Main numbers,5,28
power655,01004,main,Main numbers,6,54
power655,01004,bonus,Bonus numbers,1,31
power655,01005,main,Main numbers,1,13
power655,01005,main,Main numbers,2,20
power655,01005,main,Main numbers,3,33
power655,01005,main,Main numbers,4,47
power655,01005,main,Main numbers,5,53
power655,01005,main,Main numbers,6,54
power655,01005,bonus,Bonus numbers,1,19
power655,01006,main,Main numbers,1,11
power655,01006,main,Main numbers,2,13
power655,01006,main,Main numbers,3,22
power655,01006,main,Main numbers,4,36
power655,01006,main,Main numbers,5,46
power655,01006,main,Main numbers,6,49
power655,01006,bonus,Bonus numbers,1,37
power655,01007,main,Main numbers,1,11
power655,01007,main,Main numbers,2,14
power655,01007,main,Main numbers,3,18
power655,01007,main,Main numbers,4,20
power655,01007,main,Main numbers,5,22
power655,01007,main,Main numbers,6,43
power655,01007,bonus,Bonus numbers,1,16
power655,01008,main,Main numbers,1,21
power655,01008,main,Main numbers,2,25
power655,01008,main,Main numbers,3,26
power655,01008,main,Main numbers,4,29
power655,01008,main,Main numbers,5,41
power655,01008,main,Main numbers,6,51
power655,01008,bonus,Bonus numbers,1,39
power655,01009,main,Main numbers,1,8
power655,01009,main,Main numbers,2,36
power655,01009,main,Main numbers,3,42
power655,01009,main,Main numbers,4,43
power655,01009,main,Main numbers,5,44
power655,01009,main,Main numbers,6,55
power655,01009,bonus,Bonus numbers,1,54
power655,01010,main,Main numbers,1,6
power655,01010,main,Main numbers,2,25
power655,01010,main,Main numbers,3,39
power655,01010,main,Main numbers,4,45
power655,01010,main,Main numbers,5,46
power655,01010,main,Main numbers,6,55
power655,01010,bonus,Bonus numbers,1,26
power655,01011,main,Main numbers,1,12
power655,01011,main,Main numbers,2,13
power655,01011,main,Main numbers,3,41
power655,01011,main,Main numbers,4,48
power655,01011,main,Main numbers,5,49
power655,01011,main,Main numbers,6,53
power655,01011,bonus,Bonus numbers,1,43
power655,01012,main,Main numbers,1,3
power655,01012,main,Main numbers,2,10
power655,01012,main,Main numbers,3,13
power655,01012,main,Main numbers,4,30
power655,01012,main,Main numbers,5,40
power655,01012,main,Main numbers,6,52
power655,01012,bonus,Bonus numbers,1,4
power655,01013,main,Main numbers,1,1
power655,01013,main,Main numbers,2,8
power655,01013,main,Main numbers,3,13
power655,01013,main,Main numbers,4,16
power655,01013,main,Main numbers,5,38
power655,01013,main,Main numbers,6,44
power655,01013,bonus,Bonus numbers,1,47
power655,01014,main,Main numbers,1,1
power655,01014,main,Main numbers,2,7
power655,01014,main,Main numbers,3,18
power655,01014,main,Main numbers,4,26
power655,01014,main,Main numbers,5,38
power655,01014,main,Main numbers,6,49
power655,01014,bonus,Bonus numbers,1,21
power655,01015,main,Main numbers,1,14
power655,01015,main,Main numbers,2,17
power655,01015,main,Main numbers,3,27
power655,01015,main,Main numbers,4,38
power655,01015,main,Main numbers,5,54
power655,01015,main,Main numbers,6,55
power655,01015,bonus,Bonus numbers,1,23
power655,01016,main,Main numbers,1,1
power655,01016,main,Main numbers,2,12
power655,01016,main,Main numbers,3,18
power655,01016,main,Main numbers,4,20
power655,01016,main,Main numbers,5,51
power655,01016,main,Main numbers,6,52
power655,01016,bonus,Bonus numbers,1,37
power655,01017,main,Main numbers,1,3
power655,01017,main,Main numbers,2,8
power655,01017,main,Main numbers,3,12
power655,01017,main,Main numbers,4,25
power655,01017,main,Main numbers,5,47
power655,01017,main,Main numbers,6,48
power655,01017,bonus,Bonus numbers,1,15
power655,01018,main,Main numbers,1,9
power655,01018,main,Main numbers,2,13
power655,01018,main,Main numbers,3,20
power655,01018,main,Main numbers,4,30
power655,01018,main,Main numbers,5,39
power655,01018,main,Main numbers,6,54
power655,01018,bonus,Bonus numbers,1,23
power655,01019,main,Main numbers,1,4
power655,01019,main,Main numbers,2,12
power655,01019,main,Main numbers,3,27
power655,01019,main,Main numbers,4,44
power655,01019,main,Main numbers,5,46
power655,01019,main,Main numbers,6,51
power655,01019,bonus,Bonus numbers,1,22
power655,01020,main,Main numbers,1,3
power655,01020,main,Main numbers,2,6
power655,01020,main,Main numbers,3,15
power655,01020,main,Main numbers,4,25
power655,01020,main,Main numbers,5,33
power655,01020,main,Main numbers,6,43
power655,01020,bonus,Bonus numbers,1,55
power655,01021,main,Main numbers,1,29
power655,01021,main,Main numbers,2,36
power655,01021,main,Main numbers,3,37
power655,01021,main,Main numbers,4,38
power655,01021,main,Main numbers,5,40
power655,01021,main,Main numbers,6,42
power655,01021,bonus,Bonus numbers,1,46
power655,01022,main,Main numbers,1,3
power655,01022,main,Main numbers,2,5
power655,01022,main,Main numbers,3,32
power655,01022,main,Main numbers,4,40
power655,01022,main,Main numbers,5,46
power655,01022,main,Main numbers,6,50
power655,01022,bonus,Bonus numbers,1,37
power655,01023,main,Main numbers,1,1
power655,01023,main,Main numbers,2,21
power655,01023,main,Main numbers,3,23
power655,01023,main,Main numbers,4,33
power655,01023,main,Main numbers,5,43
power655,01023,main,Main numbers,6,54
power655,01023,bonus,Bonus numbers,1,28
power655,01024,main,Main numbers,1,2
power655,01024,main,Main numbers,2,6
power655,01024,main,Main numbers,3,35
power655,01024,main,Main numbers,4,43
power655,01024,main,Main numbers,5,45
power655,01024,main,Main numbers,6,47
power655,01024,bonus,Bonus numbers,1,14
power655,01025,main,Main numbers,1,1
power655,01025,main,Main numbers,2,34
power655,01025,main,Main numbers,3,39
power655,01025,main,Main numbers,4,40
power655,01025,main,Main numbers,5,49
power655,01025,main,Main numbers,6,53
power655,01025,bonus,Bonus numbers,1,9
power655,01026,main,Main numbers,1,13
power655,01026,main,Main numbers,2,19
power655,01026,main,Main numbers,3,27
power655,01026,main,Main numbers,4,38
power655,01026,main,Main numbers,5,41
power655,01026,main,Main numbers,6,54
power655,01026,bonus,Bonus numbers,1,46
power655,01027,main,Main numbers,1,7
power655,01027,main,Main numbers,2,12
power655,01027,main,Main numbers,3,38
power655,01027,main,Main numbers,4,43
power655,01027,main,Main numbers,5,48
power655,01027,main,Main numbers,6,55
power655,01027,bonus,Bonus numbers,1,8
power655,01028,main,Main numbers,1,13
power655,01028,main,Main numbers,2,16
power655,01028,main,Main numbers,3,26
power655,01028,main,Main numbers,4,46
power655,01028,main,Main numbers,5,49
power655,01028,main,Main numbers,6,54
power655,01028,bonus,Bonus numbers,1,8
power655,01029,main,Main numbers,1,30
power655,01029,main,Main numbers,2,32
power655,01029,main,Main numbers,3,33
power655,01029,main,Main numbers,4,36
power655,01029,main,Main numbers,5,42
power655,01029,main,Main numbers,6,48
power655,01029,bonus,Bonus numbers,1,18
power655,01030,main,Main numbers,1,5
power655,01030,main,Main numbers,2,27
power655,01030,main,Main numbers,3,35
power655,01030,main,Main numbers,4,45
power655,01030,main,Main numbers,5,49
power655,01030,main,Main numbers,6,55
power655,01030,bonus,Bonus numbers,1,18
power655,01031,main,Main numbers,1,21
power655,01031,main,Main numbers,2,26
power655,01031,main,Main numbers,3,35
power655,01031,main,Main numbers,4,41
power655,01031,main,Main numbers,5,44
power655,01031,main,Main numbers,6,52
power655,01031,bonus,Bonus numbers,1,13
power655,01032,main,Main numbers,1,3
power655,01032,main,Main numbers,2,16
power655,01032,main,Main numbers,3,21
power655,01032,main,Main numbers,4,36
power655,01032,main,Main numbers,5,37
power655,01032,main,Main numbers,6,40
power655,01032,bonus,Bonus numbers,1,31
power655,01033,main,Main numbers,1,19
power655,01033,main,Main numbers,2,23
power655,01033,main,Main numbers,3,25
power655,01033,main,Main numbers,4,43
power655,01033,main,Main numbers,5,46
power655,01033,main,Main numbers,6,54
power655,01033,bonus,Bonus numbers,1,42
power655,01034,main,Main numbers,1,5
power655,01034,main,Main numbers,2,17
power655,01034,main,Main numbers,3,36
power655,01034,main,Main numbers,4,40
power655,01034,main,Main numbers,5,46
power655,01034,main,Main numbers,6,50
power655,01034,bonus,Bonus numbers,1,1
power655,01035,main,Main numbers,1,20
power655,01035,main,Main numbers,2,25
power655,01035,main,Main numbers,3,27
power655,01035,main,Main numbers,4,39
power655,01035,main,Main numbers,5,45
power655,01035,main,Main numbers,6,55
power655,01035,bonus,Bonus numbers,1,44
power655,01036,main,Main numbers,1,12
power655,01036,main,Main numbers,2,18
power655,01036,main,Main numbers,3,20
power655,01036,main,Main numbers,4,25
power655,01036,main,Main numbers,5,27
power655,01036,main,Main numbers,6,52
power655,01036,bonus,Bonus numbers,1,44
power655,01037,main,Main numbers,1,1
power655,01037,main,Main numbers,2,2
power655,01037,main,Main numbers,3,14
power655,01037,main,Main numbers,4,32
power655,01037,main,Main numbers,5,33
power655,01037,main,Main numbers,6,41
power655,01037,bonus,Bonus numbers,1,4
power655,01038,main,Main numbers,1,8
power655,01038,main,Main numbers,2,12
power655,01038,main,Main numbers,3,42
power655,01038,main,Main numbers,4,47
power655,01038,main,Main numbers,5,51
power655,01038,main,Main numbers,6,52
power655,01038,bonus,Bonus numbers,1,36
power655,01039,main,Main numbers,1,15
power655,01039,main,Main numbers,2,22
power655,01039,main,Main numbers,3,38
power655,01039,main,Main numbers,4,39
power655,01039,main,Main numbers,5,43
power655,01039,main,Main numbers,6,53
power655,01039,bonus,Bonus numbers,1,20
power655,01040,main,Main numbers,1,1
power655,01040,main,Main numbers,2,25
power655,01040,main,Main numbers,3,29
power655,01040,main,Main numbers,4,37
power655,01040,main,Main numbers,5,40
power655,01040,main,Main numbers,6,54
power655,01040,bonus,Bonus numbers,1,50
power655,01041,main,Main numbers,1,4
power655,01041,main,Main numbers,2,7
power655,01041,main,Main numbers,3,8
power655,01041,main,Main numbers,4,12
power655,01041,main,Main numbers,5,23
power655,01041,main,Main numbers,6,31
power655,01041,bonus,Bonus numbers,1,45
power655,01042,main,Main numbers,1,6
power655,01042,main,Main numbers,2,24
power655,01042,main,Main numbers,3,30
power655,01042,main,Main numbers,4,31
power655,01042,main,Main numbers,5,47
power655,01042,main,Main numbers,6,49
power655,01042,bonus,Bonus numbers,1,1
power655,01043,main,Main numbers,1,1
power655,01043,main,Main numbers,2,2
power655,01043,main,Main numbers,3,7
power655,01043,main,Main numbers,4,10
power655,01043,main,Main numbers,5,13
power655,01043,main,Main numbers,6,19
power655,01043,bonus,Bonus numbers,1,24
power655,01044,main,Main numbers,1,18
power655,01044,main,Main numbers,2,26
power655,01044,main,Main numbers,3,38
power655,01044,main,Main numbers,4,39
power655,01044,main,Main numbers,5,47
power655,01044,main,Main numbers,6,51
power655,01044,bonus,Bonus numbers,1,55
power655,01045,main,Main numbers,1,13
power655,01045,main,Main numbers,2,16
power655,01045,main,Main numbers,3,32
power655,01045,main,Main numbers,4,33
power655,01045,main,Main numbers,5,35
power655,01045,main,Main numbers,6,43
power655,01045,bonus,Bonus numbers,1,42
power655,01046,main,Main numbers,1,13
power655,01046,main,Main numbers,2,16
power655,01046,main,Main numbers,3,21
power655,01046,main,Main numbers,4,30
power655,01046,main,Main numbers,5,32
power655,01046,main,Main numbers,6,39
power655,01046,bonus,Bonus numbers,1,53
power655,01047,main,Main numbers,1,8
power655,01047,main,Main numbers,2,39
power655,01047,main,Main numbers,3,45
power655,01047,main,Main numbers,4,47
power655,01047,main,Main numbers,5,49
power655,01047,main,Main numbers,6,51
power655,01047,bonus,Bonus numbers,1,16
power655,01048,main,Main numbers,1,5
power655,01048,main,Main numbers,2,10
power655,01048,main,Main numbers,3,14
power655,01048,main,Main numbers,4,20
power655,01048,main,Main numbers,5,26
power655,01048,main,Main numbers,6,51
power655,01048,bonus,Bonus numbers,1,36
power655,01049,main,Main numbers,1,20
power655,01049,main,Main numbers,2,23
power655,01049,main,Main numbers,3,27
power655,01049,main,Main numbers,4,36
power655,01049,main,Main numbers,5,38
power655,01049,main,Main numbers,6,44
power655,01049,bonus,Bonus numbers,1,52
power655,01050,main,Main numbers,1,1
power655,01050,main,Main numbers,2,10
power655,01050,main,Main numbers,3,29
power655,01050,main,Main numbers,4,34
power655,01050,main,Main numbers,5,43
power655,01050,main,Main numbers,6,55
power655,01050,bonus,Bonus numbers,1,49
power655,01051,main,Main numbers,1,17
power655,01051,main,Main numbers,2,25
power655,01051,main,Main numbers,3,31
power655,01051,main,Main numbers,4,35
power655,01051,main,Main numbers,5,41
power655,01051,main,Main numbers,6,42
power655,01051,bonus,Bonus numbers,1,36
power655,01052,main,Main numbers,1,1
power655,01052,main,Main numbers,2,5
power655,01052,main,Main numbers,3,9
power655,01052,main,Main numbers,4,13
power655,01052,main,Main numbers,5,18
power655,01052,main,Main numbers,6,27
power655,01052,bonus,Bonus numbers,1,8
power655,01053,main,Main numbers,1,7
power655,01053,main,Main numbers,2,21
power655,01053,main,Main numbers,3,22
power655,01053,main,Main numbers,4,41
power655,01053,main,Main numbers,5,43
power655,01053,main,Main numbers,6,46
power655,01053,bonus,Bonus numbers,1,32
power655,01054,main,Main numbers,1,11
power655,01054,main,Main numbers,2,15
power655,01054,main,Main numbers,3,32
power655,01054,main,Main numbers,4,34
power655,01054,main,Main numbers,5,46
power655,01054,main,Main numbers,6,48
power655,01054,bonus,Bonus numbers,1,47
power655,01055,main,Main numbers,1,7
power655,01055,main,Main numbers,2,8
power655,01055,main,Main numbers,3,50
power655,01055,main,Main numbers,4,52
power655,01055,main,Main numbers,5,53
power655,01055,main,Main numbers,6,54
power655,01055,bonus,Bonus numbers,1,2
power655,01056,main,Main numbers,1,10
power655,01056,main,Main numbers,2,19
power655,01056,main,Main numbers,3,20
power655,01056,main,Main numbers,4,29
power655,01056,main,Main numbers,5,34
power655,01056,main,Main numbers,6,41
power655,01056,bonus,Bonus numbers,1,8
power655,01057,main,Main numbers,1,8
power655,01057,main,Main numbers,2,10
power655,01057,main,Main numbers,3,12
power655,01057,main,Main numbers,4,22
power655,01057,main,Main numbers,5,25
power655,01057,main,Main numbers,6,55
power655,01057,bonus,Bonus numbers,1,52
power655,01058,main,Main numbers,1,6
power655,01058,main,Main numbers,2,8
power655,01058,main,Main numbers,3,9
power655,01058,main,Main numbers,4,28
power655,01058,main,Main numbers,5,33
power655,01058,main,Main numbers,6,53
power655,01058,bonus,Bonus numbers,1,10
power655,01059,main,Main numbers,1,1
power655,01059,main,Main numbers,2,2
power655,01059,main,Main numbers,3,11
power655,01059,main,Main numbers,4,21
power655,01059,main,Main numbers,5,22
power655,01059,main,Main numbers,6,23
power655,01059,bonus,Bonus numbers,1,26
power655,01060,main,Main numbers,1,2
power655,01060,main,Main numbers,2,12
power655,01060,main,Main numbers,3,13
power655,01060,main,Main numbers,4,33
power655,01060,main,Main numbers,5,44
power655,01060,main,Main numbers,6,52
power655,01060,bonus,Bonus numbers,1,34
power655,01061,main,Main numbers,1,20
power655,01061,main,Main numbers,2,31
power655,01061,main,Main numbers,3,34
power655,01061,main,Main numbers,4,36
power655,01061,main,Main numbers,5,47
power655,01061,main,Main numbers,6,52
power655,01061,bonus,Bonus numbers,1,2
power655,01062,main,Main numbers,1,10
power655,01062,main,Main numbers,2,13
power655,01062,main,Main numbers,3,28
power655,01062,main,Main numbers,4,35
power655,01062,main,Main numbers,5,40
power655,01062,main,Main numbers,6,42
power655,01062,bonus,Bonus numbers,1,2
power655,01063,main,Main numbers,1,12
power655,01063,main,Main numbers,2,18
power655,01063,main,Main numbers,3,32
power655,01063,main,Main numbers,4,40
power655,01063,main,Main numbers,5,51
power655,01063,main,Main numbers,6,53
power655,01063,bonus,Bonus numbers,1,28
power655,01064,main,Main numbers,1,34
power655,01064,main,Main numbers,2,39
power655,01064,main,Main numbers,3,40
power655,01064,main,Main numbers,4,42
power655,01064,main,Main numbers,5,54
power655,01064,main,Main numbers,6,55
power655,01064,bonus,Bonus numbers,1,30
power655,01065,main,Main numbers,1,12
power655,01065,main,Main numbers,2,17
power655,01065,main,Main numbers,3,21
power655,01065,main,Main numbers,4,25
power655,01065,main,Main numbers,5,33
power655,01065,main,Main numbers,6,40
power655,01065,bonus,Bonus numbers,1,39
power655,01066,main,Main numbers,1,18
power655,01066,main,Main numbers,2,23
power655,01066,main,Main numbers,3,25
power655,01066,main,Main numbers,4,37
power655,01066,main,Main numbers,5,39
power655,01066,main,Main numbers,6,40
power655,01066,bonus,Bonus numbers,1,35
power655,01067,main,Main numbers,1,2
power655,01067,main,Main numbers,2,6
power655,01067,main,Main numbers,3,22
power655,01067,main,Main numbers,4,23
power655,01067,main,Main numbers,5,38
power655,01067,main,Main numbers,6,51
power655,01067,bonus,Bonus numbers,1,32
power655,01068,main,Main numbers,1,9
power655,01068,main,Main numbers,2,17
power655,01068,main,Main numbers,3,21
power655,01068,main,Main numbers,4,48
power655,01068,main,Main numbers,5,53
power655,01068,main,Main numbers,6,55
power655,01068,bonus,Bonus numbers,1,29
power655,01069,main,Main numbers,1,7
power655,01069,main,Main numbers,2,20
power655,01069,main,Main numbers,3,34
power655,01069,main,Main numbers,4,36
power655,01069,main,Main numbers,5,41
power655,01069,main,Main numbers,6,46
power655,01069,bonus,Bonus numbers,1,16
power655,01070,main,Main numbers,1,22
power655,01070,main,Main numbers,2,34
power655,01070,main,Main numbers,3,44
power655,01070,main,Main numbers,4,46
power655,01070,main,Main numbers,5,54
power655,01070,main,Main numbers,6,55
power655,01070,bonus,Bonus numbers,1,14
power655,01071,main,Main numbers,1,1
power655,01071,main,Main numbers,2,7
power655,01071,main,Main numbers,3,42
power655,01071,main,Main numbers,4,43
power655,01071,main,Main numbers,5,48
power655,01071,main,Main numbers,6,51
power655,01071,bonus,Bonus numbers,1,29
power655,01072,main,Main numbers,1,10
power655,01072,main,Main numbers,2,23
power655,01072,main,Main numbers,3,32
power655,01072,main,Main numbers,4,37
power655,01072,main,Main numbers,5,48
power655,01072,main,Main numbers,6,55
power655,01072,bonus,Bonus numbers,1,14
power655,01073,main,Main numbers,1,9
power655,01073,main,Main numbers,2,26
power655,01073,main,Main numbers,3,40
power655,01073,main,Main numbers,4,44
power655,01073,main,Main numbers,5,45
power655,01073,main,Main numbers,6,50
power655,01073,bonus,Bonus numbers,1,27
power655,01074,main,Main numbers,1,8
power655,01074,main,Main numbers,2,16
power655,01074,main,Main numbers,3,20
power655,01074,main,Main numbers,4,30
power655,01074,main,Main numbers,5,34
power655,01074,main,Main numbers,6,43
power655,01074,bonus,Bonus numbers,1,46
power655,01075,main,Main numbers,1,4
power655,01075,main,Main numbers,2,28
power655,01075,main,Main numbers,3,35
power655,01075,main,Main numbers,4,38
power655,01075,main,Main numbers,5,39
power655,01075,main,Main numbers,6,45
power655,01075,bonus,Bonus numbers,1,5
power655,01076,main,Main numbers,1,5
power655,01076,main,Main numbers,2,24
power655,01076,main,Main numbers,3,26
power655,01076,main,Main numbers,4,27
power655,01076,main,Main numbers,5,29
power655,01076,main,Main numbers,6,54
power655,01076,bonus,Bonus numbers,1,6
power655,01077,main,Main numbers,1,11
power655,01077,main,Main numbers,2,18
power655,01077,main,Main numbers,3,20
power655,01077,main,Main numbers,4,32
power655,01077,main,Main numbers,5,41
power655,01077,main,Main numbers,6,46
power655,01077,bonus,Bonus numbers,1,33
power655,01078,main,Main numbers,1,2
power655,01078,main,Main numbers,2,17
power655,01078,main,Main numbers,3,20
power655,01078,main,Main numbers,4,21
power655,01078,main,Main numbers,5,22
power655,01078,main,Main numbers,6,23
power655,01078,bonus,Bonus numbers,1,38
power655,01079,main,Main numbers,1,5
power655,01079,main,Main numbers,2,6
power655,01079,main,Main numbers,3,29
power655,01079,main,Main numbers,4,31
power655,01079,main,Main numbers,5,37
power655,01079,main,Main numbers,6,48
power655,01079,bonus,Bonus numbers,1,2
power655,01080,main,Main numbers,1,8
power655,01080,main,Main numbers,2,11
power655,01080,main,Main numbers,3,21
power655,01080,main,Main numbers,4,29
power655,01080,main,Main numbers,5,38
power655,01080,main,Main numbers,6,55
power655,01080,bonus,Bonus numbers,1,12
power655,01081,main,Main numbers,1,24
power655,01081,main,Main numbers,2,33
power655,01081,main,Main numbers,3,38
power655,01081,main,Main numbers,4,40
power655,01081,main,Main numbers,5,42
power655,01081,main,Main numbers,6,51
power655,01081,bonus,Bonus numbers,1,28
power655,01082,main,Main numbers,1,8
power655,01082,main,Main numbers,2,10
power655,01082,main,Main numbers,3,11
power655,01082,main,Main numbers,4,14
power655,01082,main,Main numbers,5,38
power655,01082,main,Main numbers,6,48
power655,01082,bonus,Bonus numbers,1,41
power655,01083,main,Main numbers,1,15
power655,01083,main,Main numbers,2,20
power655,01083,main,Main numbers,3,23
power655,01083,main,Main numbers,4,29
power655,01083,main,Main numbers,5,34
power655,01083,main,Main numbers,6,46
power655,01083,bonus,Bonus numbers,1,1
power655,01084,main,Main numbers,1,5
power655,01084,main,Main numbers,2,11
power655,01084,main,Main numbers,3,20
power655,01084,main,Main numbers,4,39
power655,01084,main,Main numbers,5,46
power655,01084,main,Main numbers,6,53
power655,01084,bonus,Bonus numbers,1,37
power655,01085,main,Main numbers,1,15
power655,01085,main,Main numbers,2,23
power655,01085,main,Main numbers,3,37
power655,01085,main,Main numbers,4,38
power655,01085,main,Main numbers,5,45
power655,01085,main,Main numbers,6,49
power655,01085,bonus,Bonus numbers,1,30
power655,01086,main,Main numbers,1,3
power655,01086,main,Main numbers,2,8
power655,01086,main,Main numbers,3,31
power655,01086,main,Main numbers,4,36
power655,01086,main,Main numbers,5,39
power655,01086,main,Main numbers,6,47
power655,01086,bonus,Bonus numbers,1,38
power655,01087,main,Main numbers,1,2
power655,01087,main,Main numbers,2,12
power655,01087,main,Main numbers,3,25
power655,01087,main,Main numbers,4,32
power655,01087,main,Main numbers,5,51
power655,01087,main,Main numbers,6,54
power655,01087,bonus,Bonus numbers,1,34
power655,01088,main,Main numbers,1,14
power655,01088,main,Main numbers,2,32
power655,01088,main,Main numbers,3,34
power655,01088,main,Main numbers,4,41
power655,01088,main,Main numbers,5,47
power655,01088,main,Main numbers,6,54
power655,01088,bonus,Bonus numbers,1,48
power655,01089,main,Main numbers,1,4
power655,01089,main,Main numbers,2,9
power655,01089,main,Main numbers,3,22
power655,01089,main,Main numbers,4,24
power655,01089,main,Main numbers,5,45
power655,01089,main,Main numbers,6,54
power655,01089,bonus,Bonus numbers,1,48
power655,01090,main,Main numbers,1,3
power655,01090,main,Main numbers,2,8
power655,01090,main,Main numbers,3,9
power655,01090,main,Main numbers,4,22
power655,01090,main,Main numbers,5,26
power655,01090,main,Main numbers,6,55
power655,01090,bonus,Bonus numbers,1,11
power655,01091,main,Main numbers,1,1
power655,01091,main,Main numbers,2,6
power655,01091,main,Main numbers,3,11
power655,01091,main,Main numbers,4,17
power655,01091,main,Main numbers,5,24
power655,01091,main,Main numbers,6,31
power655,01091,bonus,Bonus numbers,1,43
power655,01092,main,Main numbers,1,3
power655,01092,main,Main numbers,2,18
power655,01092,main,Main numbers,3,29
power655,01092,main,Main numbers,4,39
power655,01092,main,Main numbers,5,41
power655,01092,main,Main numbers,6,49
power655,01092,bonus,Bonus numbers,1,46
power655,01093,main,Main numbers,1,2
power655,01093,main,Main numbers,2,11
power655,01093,main,Main numbers,3,13
power655,01093,main,Main numbers,4,32
power655,01093,main,Main numbers,5,41
power655,01093,main,Main numbers,6,48
power655,01093,bonus,Bonus numbers,1,15
power655,01094,main,Main numbers,1,3
power655,01094,main,Main numbers,2,18
power655,01094,main,Main numbers,3,22
power655,01094,main,Main numbers,4,41
power655,01094,main,Main numbers,5,43
power655,01094,main,Main numbers,6,44
power655,01094,bonus,Bonus numbers,1,12
power655,01095,main,Main numbers,1,18
power655,01095,main,Main numbers,2,21
power655,01095,main,Main numbers,3,34
power655,01095,main,Main numbers,4,40
power655,01095,main,Main numbers,5,42
power655,01095,main,Main numbers,6,53
power655,01095,bonus,Bonus numbers,1,25
power655,01096,main,Main numbers,1,2
power655,01096,main,Main numbers,2,10
power655,01096,main,Main numbers,3,17
power655,01096,main,Main numbers,4,27
power655,01096,main,Main numbers,5,50
power655,01096,main,Main numbers,6,52
power655,01096,bonus,Bonus numbers,1,18
power655,01097,main,Main numbers,1,3
power655,01097,main,Main numbers,2,7
power655,01097,main,Main numbers,3,14
power655,01097,main,Main numbers,4,17
power655,01097,main,Main numbers,5,48
power655,01097,main,Main numbers,6,50
power655,01097,bonus,Bonus numbers,1,40
power655,01098,main,Main numbers,1,4
power655,01098,main,Main numbers,2,5
power655,01098,main,Main numbers,3,6
power655,01098,main,Main numbers,4,29
power655,01098,main,Main numbers,5,32
power655,01098,main,Main numbers,6,44
power655,01098,bonus,Bonus numbers,1,53
power655,01099,main,Main numbers,1,29
power655,01099,main,Main numbers,2,34
power655,01099,main,Main numbers,3,35
power655,01099,main,Main numbers,4,38
power655,01099,main,Main numbers,5,50
power655,01099,main,Main numbers,6,51
power655,01099,bonus,Bonus numbers,1,37
power655,01100,main,Main numbers,1,4
power655,01100,main,Main numbers,2,25
power655,01100,main,Main numbers,3,41
power655,01100,main,Main numbers,4,42
power655,01100,main,Main numbers,5,46
power655,01100,main,Main numbers,6,52
power655,01100,bonus,Bonus numbers,1,33
power655,01101,main,Main numbers,1,11
power655,01101,main,Main numbers,2,14
power655,01101,main,Main numbers,3,15
power655,01101,main,Main numbers,4,26
power655,01101,main,Main numbers,5,38
power655,01101,main,Main numbers,6,41
power655,01101,bonus,Bonus numbers,1,25
power655,01102,main,Main numbers,1,9
power655,01102,main,Main numbers,2,22
power655,01102,main,Main numbers,3,31
power655,01102,main,Main numbers,4,39
power655,01102,main,Main numbers,5,43
power655,01102,main,Main numbers,6,51
power655,01102,bonus,Bonus numbers,1,19
power655,01103,main,Main numbers,1,15
power655,01103,main,Main numbers,2,21
power655,01103,main,Main numbers,3,23
power655,01103,main,Main numbers,4,26
power655,01103,main,Main numbers,5,31
power655,01103,main,Main numbers,6,43
power655,01103,bonus,Bonus numbers,1,35
power655,01104,main,Main numbers,1,5
power655,01104,main,Main numbers,2,17
power655,01104,main,Main numbers,3,31
power655,01104,main,Main numbers,4,39
power655,01104,main,Main numbers,5,46
power655,01104,main,Main numbers,6,53
power655,01104,bonus,Bonus numbers,1,3
power655,01105,main,Main numbers,1,5
power655,01105,main,Main numbers,2,19
power655,01105,main,Main numbers,3,27
power655,01105,main,Main numbers,4,29
power655,01105,main,Main numbers,5,42
power655,01105,main,Main numbers,6,47
power655,01105,bonus,Bonus numbers,1,40
power655,01106,main,Main numbers,1,14
power655,01106,main,Main numbers,2,17
power655,01106,main,Main numbers,3,19
power655,01106,main,Main numbers,4,28
power655,01106,main,Main numbers,5,47
power655,01106,main,Main numbers,6,51
power655,01106,bonus,Bonus numbers,1,55
power655,01107,main,Main numbers,1,5
power655,01107,main,Main numbers,2,16
power655,01107,main,Main numbers,3,20
power655,01107,main,Main numbers,4,29
power655,01107,main,Main numbers,5,30
power655,01107,main,Main numbers,6,31
power655,01107,bonus,Bonus numbers,1,39
power655,01108,main,Main numbers,1,2
power655,01108,main,Main numbers,2,9
power655,01108,main,Main numbers,3,19
power655,01108,main,Main numbers,4,20
power655,01108,main,Main numbers,5,34
power655,01108,main,Main numbers,6,54
power655,01108,bonus,Bonus numbers,1,26
power655,01109,main,Main numbers,1,9
power655,01109,main,Main numbers,2,31
power655,01109,main,Main numbers,3,36
power655,01109,main,Main numbers,4,46
power655,01109,main,Main numbers,5,49
power655,01109,main,Main numbers,6,54
power655,01109,bonus,Bonus numbers,1,7
power655,01110,main,Main numbers,1,6
power655,01110,main,Main numbers,2,9
power655,01110,main,Main numbers,3,33
power655,01110,main,Main numbers,4,39
power655,01110,main,Main numbers,5,50
power655,01110,main,Main numbers,6,51
power655,01110,bonus,Bonus numbers,1,43
power655,01111,main,Main numbers,1,11
power655,01111,main,Main numbers,2,14
power655,01111,main,Main numbers,3,24
power655,01111,main,Main numbers,4,26
power655,01111,main,Main numbers,5,34
power655,01111,main,Main numbers,6,51
power655,01111,bonus,Bonus numbers,1,40
power655,01112,main,Main numbers,1,1
power655,01112,main,Main numbers,2,21
power655,01112,main,Main numbers,3,29
power655,01112,main,Main numbers,4,35
power655,01112,main,Main numbers,5,41
power655,01112,main,Main numbers,6,45
power655,01112,bonus,Bonus numbers,1,20
power655,01113,main,Main numbers,1,12
power655,01113,main,Main numbers,2,25
power655,01113,main,Main numbers,3,37
power655,01113,main,Main numbers,4,40
power655,01113,main,Main numbers,5,49
power655,01113,main,Main numbers,6,52
power655,01113,bonus,Bonus numbers,1,31
power655,01114,main,Main numbers,1,16
power655,01114,main,Main numbers,2,22
power655,01114,main,Main numbers,3,33
power655,01114,main,Main numbers,4,37
power655,01114,main,Main numbers,5,39
power655,01114,main,Main numbers,6,51
power655,01114,bonus,Bonus numbers,1,54
power655,01115,main,Main numbers,1,6
power655,01115,main,Main numbers,2,10
power655,01115,main,Main numbers,3,17
power655,01115,main,Main numbers,4,34
power655,01115,main,Main numbers,5,41
power655,01115,main,Main numbers,6,48
power655,01115,bonus,Bonus numbers,1,31
power655,01116,main,Main numbers,1,15
power655,01116,main,Main numbers,2,22
power655,01116,main,Main numbers,3,31
power655,01116,main,Main numbers,4,40
power655,01116,main,Main numbers,5,42
power655,01116,main,Main numbers,6,51
power655,01116,bonus,Bonus numbers,1,26
power655,01117,main,Main numbers,1,4
power655,01117,main,Main numbers,2,12
power655,01117,main,Main numbers,3,25
power655,01117,main,Main numbers,4,39
power655,01117,main,Main numbers,5,48
power655,01117,main,Main numbers,6,51
power655,01117,bonus,Bonus numbers,1,45
power655,01118,main,Main numbers,1,8
power655,01118,main,Main numbers,2,11
power655,01118,main,Main numbers,3,16
power655,01118,main,Main numbers,4,32
power655,01118,main,Main numbers,5,40
power655,01118,main,Main numbers,6,43
power655,01118,bonus,Bonus numbers,1,12
power655,01119,main,Main numbers,1,1
power655,01119,main,Main numbers,2,16
power655,01119,main,Main numbers,3,24
power655,01119,main,Main numbers,4,28
power655,01119,main,Main numbers,5,38
power655,01119,main,Main numbers,6,53
power655,01119,bonus,Bonus numbers,1,9
power655,01120,main,Main numbers,1,1
power655,01120,main,Main numbers,2,20
power655,01120,main,Main numbers,3,24
power655,01120,main,Main numbers,4,26
power655,01120,main,Main numbers,5,38
power655,01120,main,Main numbers,6,41
power655,01120,bonus,Bonus numbers,1,36
power655,01121,main,Main numbers,1,10
power655,01121,main,Main numbers,2,19
power655,01121,main,Main numbers,3,33
power655,01121,main,Main numbers,4,39
power655,01121,main,Main numbers,5,47
power655,01121,main,Main numbers,6,54
power655,01121,bonus,Bonus numbers,1,16
power655,01122,main,Main numbers,1,16
power655,01122,main,Main numbers,2,21
power655,01122,main,Main numbers,3,29
power655,01122,main,Main numbers,4,41
power655,01122,main,Main numbers,5,42
power655,01122,main,Main numbers,6,47
power655,01122,bonus,Bonus numbers,1,9
power655,01123,main,Main numbers,1,16
power655,01123,main,Main numbers,2,17
power655,01123,main,Main numbers,3,22
power655,01123,main,Main numbers,4,24
power655,01123,main,Main numbers,5,29
power655,01123,main,Main numbers,6,37
power655,01123,bonus,Bonus numbers,1,54
power655,01124,main,Main numbers,1,11
power655,01124,main,Main numbers,2,15
power655,01124,main,Main numbers,3,26
power655,01124,main,Main numbers,4,45
power655,01124,main,Main numbers,5,52
power655,01124,main,Main numbers,6,55
power655,01124,bonus,Bonus numbers,1,36
power655,01125,main,Main numbers,1,1
power655,01125,main,Main numbers,2,9
power655,01125,main,Main numbers,3,12
power655,01125,main,Main numbers,4,18
power655,01125,main,Main numbers,5,37
power655,01125,main,Main numbers,6,44
power655,01125,bonus,Bonus numbers,1,11
power655,01126,main,Main numbers,1,3
power655,01126,main,Main numbers,2,10
power655,01126,main,Main numbers,3,19
power655,01126,main,Main numbers,4,20
power655,01126,main,Main numbers,5,21
power655,01126,main,Main numbers,6,24
power655,01126,bonus,Bonus numbers,1,7
power655,01127,main,Main numbers,1,2
power655,01127,main,Main numbers,2,14
power655,01127,main,Main numbers,3,27
power655,01127,main,Main numbers,4,30
power655,01127,main,Main numbers,5,53
power655,01127,main,Main numbers,6,54
power655,01127,bonus,Bonus numbers,1,16
power655,01128,main,Main numbers,1,13
power655,01128,main,Main numbers,2,16
power655,01128,main,Main numbers,3,32
power655,01128,main,Main numbers,4,39
power655,01128,main,Main numbers,5,49
power655,01128,main,Main numbers,6,51
power655,01128,bonus,Bonus numbers,1,11
power655,01129,main,Main numbers,1,4
power655,01129,main,Main numbers,2,16
power655,01129,main,Main numbers,3,29
power655,01129,main,Main numbers,4,30
power655,01129,main,Main numbers,5,35
power655,01129,main,Main numbers,6,51
power655,01129,bonus,Bonus numbers,1,48
power655,01130,main,Main numbers,1,17
power655,01130,main,Main numbers,2,20
power655,01130,main,Main numbers,3,27
power655,01130,main,Main numbers,4,32
power655,01130,main,Main numbers,5,44
power655,01130,main,Main numbers,6,51
power655,01130,bonus,Bonus numbers,1,33
power655,01131,main,Main numbers,1,6
power655,01131,main,Main numbers,2,18
power655,01131,main,Main numbers,3,33
power655,01131,main,Main numbers,4,38
power655,01131,main,Main numbers,5,41
power655,01131,main,Main numbers,6,48
power655,01131,bonus,Bonus numbers,1,16
power655,01132,main,Main numbers,1,6
power655,01132,main,Main numbers,2,19
power655,01132,main,Main numbers,3,36
power655,01132,main,Main numbers,4,42
power655,01132,main,Main numbers,5,53
power655,01132,main,Main numbers,6,55
power655,01132,bonus,Bonus numbers,1,39
power655,01133,main,Main numbers,1,8
power655,01133,main,Main numbers,2,13
power655,01133,main,Main numbers,3,29
power655,01133,main,Main numbers,4,36
power655,01133,main,Main numbers,5,42
power655,01133,main,Main numbers,6,43
power655,01133,bonus,Bonus numbers,1,28
power655,01134,main,Main numbers,1,4
power655,01134,main,Main numbers,2,10
power655,01134,main,Main numbers,3,18
power655,01134,main,Main numbers,4,22
power655,01134,main,Main numbers,5,41
power655,01134,main,Main numbers,6,45
power655,01134,bonus,Bonus numbers,1,50
power655,01135,main,Main numbers,1,4
power655,01135,main,Main numbers,2,10
power655,01135,main,Main numbers,3,30
power655,01135,main,Main numbers,4,36
power655,01135,main,Main numbers,5,40
power655,01135,main,Main numbers,6,53
power655,01135,bonus,Bonus numbers,1,51
power655,01136,main,Main numbers,1,4
power655,01136,main,Main numbers,2,5
power655,01136,main,Main numbers,3,9
power655,01136,main,Main numbers,4,16
power655,01136,main,Main numbers,5,22
power655,01136,main,Main numbers,6,39
power655,01136,bonus,Bonus numbers,1,30
power655,01137,main,Main numbers,1,18
power655,01137,main,Main numbers,2,21
power655,01137,main,Main numbers,3,31
power655,01137,main,Main numbers,4,39
power655,01137,main,Main numbers,5,50
power655,01137,main,Main numbers,6,53
power655,01137,bonus,Bonus numbers,1,13
power655,01138,main,Main numbers,1,10
power655,01138,main,Main numbers,2,25
power655,01138,main,Main numbers,3,26
power655,01138,main,Main numbers,4,29
power655,01138,main,Main numbers,5,37
power655,01138,main,Main numbers,6,46
power655,01138,bonus,Bonus numbers,1,14
power655,01139,main,Main numbers,1,3
power655,01139,main,Main numbers,2,11
power655,01139,main,Main numbers,3,12
power655,01139,main,Main numbers,4,24
power655,01139,main,Main numbers,5,33
power655,01139,main,Main numbers,6,40
power655,01139,bonus,Bonus numbers,1,46
power655,01140,main,Main numbers,1,8
power655,01140,main,Main numbers,2,16
power655,01140,main,Main numbers,3,34
power655,01140,main,Main numbers,4,37
power655,01140,main,Main numbers,5,47
power655,01140,main,Main numbers,6,50
power655,01140,bonus,Bonus numbers,1,23
power655,01141,main,Main numbers,1,1
power655,01141,main,Main numbers,2,3
power655,01141,main,Main numbers,3,26
power655,01141,main,Main numbers,4,31
power655,01141,main,Main numbers,5,37
power655,01141,main,Main numbers,6,41
power655,01141,bonus,Bonus numbers,1,51
power655,01142,main,Main numbers,1,11
power655,01142,main,Main numbers,2,18
power655,01142,main,Main numbers,3,22
power655,01142,main,Main numbers,4,28
power655,01142,main,Main numbers,5,51
power655,01142,main,Main numbers,6,52
power655,01142,bonus,Bonus numbers,1,53
power655,01143,main,Main numbers,1,11
power655,01143,main,Main numbers,2,18
power655,01143,main,Main numbers,3,22
power655,01143,main,Main numbers,4,49
power655,01143,main,Main numbers,5,50
power655,01143,main,Main numbers,6,51
power655,01143,bonus,Bonus numbers,1,37
power655,01144,main,Main numbers,1,14
power655,01144,main,Main numbers,2,21
power655,01144,main,Main numbers,3,40
power655,01144,main,Main numbers,4,42
power655,01144,main,Main numbers,5,48
power655,01144,main,Main numbers,6,51
power655,01144,bonus,Bonus numbers,1,19
power655,01145,main,Main numbers,1,5
power655,01145,main,Main numbers,2,8
power655,01145,main,Main numbers,3,24
power655,01145,main,Main numbers,4,28
power655,01145,main,Main numbers,5,34
power655,01145,main,Main numbers,6,52
power655,01145,bonus,Bonus numbers,1,39
power655,01146,main,Main numbers,1,1
power655,01146,main,Main numbers,2,20
power655,01146,main,Main numbers,3,34
power655,01146,main,Main numbers,4,38
power655,01146,main,Main numbers,5,45
power655,01146,main,Main numbers,6,47
power655,01146,bonus,Bonus numbers,1,49
power655,01147,main,Main numbers,1,7
power655,01147,main,Main numbers,2,17
power655,01147,main,Main numbers,3,29
power655,01147,main,Main numbers,4,51
power655,01147,main,Main numbers,5,52
power655,01147,main,Main numbers,6,55
power655,01147,bonus,Bonus numbers,1,41
power655,01148,main,Main numbers,1,1
power655,01148,main,Main numbers,2,11
power655,01148,main,Main numbers,3,31
power655,01148,main,Main numbers,4,43
power655,01148,main,Main numbers,5,48
power655,01148,main,Main numbers,6,54
power655,01148,bonus,Bonus numbers,1,19
power655,01149,main,Main numbers,1,11
power655,01149,main,Main numbers,2,22
power655,01149,main,Main numbers,3,28
power655,01149,main,Main numbers,4,44
power655,01149,main,Main numbers,5,48
power655,01149,main,Main numbers,6,49
power655,01149,bonus,Bonus numbers,1,23
power655,01150,main,Main numbers,1,1
power655,01150,main,Main numbers,2,9
power655,01150,main,Main numbers,3,18
power655,01150,main,Main numbers,4,21
power655,01150,main,Main numbers,5,35
power655,01150,main,Main numbers,6,40
power655,01150,bonus,Bonus numbers,1,44
power655,01151,main,Main numbers,1,2
power655,01151,main,Main numbers,2,8
power655,01151,main,Main numbers,3,23
power655,01151,main,Main numbers,4,26
power655,01151,main,Main numbers,5,42
power655,01151,main,Main numbers,6,47
power655,01151,bonus,Bonus numbers,1,7
power655,01152,main,Main numbers,1,22
power655,01152,main,Main numbers,2,37
power655,01152,main,Main numbers,3,38
power655,01152,main,Main numbers,4,47
power655,01152,main,Main numbers,5,51
power655,01152,main,Main numbers,6,55
power655,01152,bonus,Bonus numbers,1,31
power655,01153,main,Main numbers,1,12
power655,01153,main,Main numbers,2,13
power655,01153,main,Main numbers,3,30
power655,01153,main,Main numbers,4,38
power655,01153,main,Main numbers,5,40
power655,01153,main,Main numbers,6,47
power655,01153,bonus,Bonus numbers,1,42
power655,01154,main,Main numbers,1,13
power655,01154,main,Main numbers,2,17
power655,01154,main,Main numbers,3,20
power655,01154,main,Main numbers,4,27
power655,01154,main,Main numbers,5,36
power655,01154,main,Main numbers,6,54
power655,01154,bonus,Bonus numbers,1,47
power655,01155,main,Main numbers,1,1
power655,01155,main,Main numbers,2,2
power655,01155,main,Main numbers,3,7
power655,01155,main,Main numbers,4,22
power655,01155,main,Main numbers,5,23
power655,01155,main,Main numbers,6,46
power655,01155,bonus,Bonus numbers,1,50
power655,01156,main,Main numbers,1,1
power655,01156,main,Main numbers,2,7
power655,01156,main,Main numbers,3,11
power655,01156,main,Main numbers,4,24
power655,01156,main,Main numbers,5,29
power655,01156,main,Main numbers,6,30
power655,01156,bonus,Bonus numbers,1,48
power655,01157,main,Main numbers,1,5
power655,01157,main,Main numbers,2,9
power655,01157,main,Main numbers,3,21
power655,01157,main,Main numbers,4,31
power655,01157,main,Main numbers,5,43
power655,01157,main,Main numbers,6,53
power655,01157,bonus,Bonus numbers,1,11
power655,01158,main,Main numbers,1,15
power655,01158,main,Main numbers,2,17
power655,01158,main,Main numbers,3,34
power655,01158,main,Main numbers,4,37
power655,01158,main,Main numbers,5,39
power655,01158,main,Main numbers,6,45
power655,01158,bonus,Bonus numbers,1,41
power655,01159,main,Main numbers,1,5
power655,01159,main,Main numbers,2,14
power655,01159,main,Main numbers,3,27
power655,01159,main,Main numbers,4,43
power655,01159,main,Main numbers,5,45
power655,01159,main,Main numbers,6,53
power655,01159,bonus,Bonus numbers,1,47
power655,01160,main,Main numbers,1,5
power655,01160,main,Main numbers,2,10
power655,01160,main,Main numbers,3,21
power655,01160,main,Main numbers,4,26
power655,01160,main,Main numbers,5,43
power655,01160,main,Main numbers,6,51
power655,01160,bonus,Bonus numbers,1,15
power655,01161,main,Main numbers,1,10
power655,01161,main,Main numbers,2,38
power655,01161,main,Main numbers,3,41
power655,01161,main,Main numbers,4,43
power655,01161,main,Main numbers,5,45
power655,01161,main,Main numbers,6,48
power655,01161,bonus,Bonus numbers,1,8
power655,01162,main,Main numbers,1,1
power655,01162,main,Main numbers,2,16
power655,01162,main,Main numbers,3,18
power655,01162,main,Main numbers,4,30
power655,01162,main,Main numbers,5,31
power655,01162,main,Main numbers,6,44
power655,01162,bonus,Bonus numbers,1,34
power655,01163,main,Main numbers,1,7
power655,01163,main,Main numbers,2,13
power655,01163,main,Main numbers,3,21
power655,01163,main,Main numbers,4,43
power655,01163,main,Main numbers,5,52
power655,01163,main,Main numbers,6,53
power655,01163,bonus,Bonus numbers,1,17
power655,01164,main,Main numbers,1,1
power655,01164,main,Main numbers,2,34
power655,01164,main,Main numbers,3,39
power655,01164,main,Main numbers,4,40
power655,01164,main,Main numbers,5,42
power655,01164,main,Main numbers,6,50
power655,01164,bonus,Bonus numbers,1,25
power655,01165,main,Main numbers,1,2
power655,01165,main,Main numbers,2,8
power655,01165,main,Main numbers,3,29
power655,01165,main,Main numbers,4,30
power655,01165,main,Main numbers,5,50
power655,01165,main,Main numbers,6,55
power655,01165,bonus,Bonus numbers,1,27
power655,01166,main,Main numbers,1,11
power655,01166,main,Main numbers,2,13
power655,01166,main,Main numbers,3,24
power655,01166,main,Main numbers,4,28
power655,01166,main,Main numbers,5,36
power655,01166,main,Main numbers,6,41
power655,01166,bonus,Bonus numbers,1,37
power655,01167,main,Main numbers,1,2
power655,01167,main,Main numbers,2,23
power655,01167,main,Main numbers,3,42
power655,01167,main,Main numbers,4,50
power655,01167,main,Main numbers,5,52
power655,01167,main,Main numbers,6,54
power655,01167,bonus,Bonus numbers,1,44
power655,01168,main,Main numbers,1,14
power655,01168,main,Main numbers,2,23
power655,01168,main,Main numbers,3,29
power655,01168,main,Main numbers,4,30
power655,01168,main,Main numbers,5,35
power655,01168,main,Main numbers,6,40
power655,01168,bonus,Bonus numbers,1,17
power655,01169,main,Main numbers,1,13
power655,01169,main,Main numbers,2,25
power655,01169,main,Main numbers,3,32
power655,01169,main,Main numbers,4,36
power655,01169,main,Main numbers,5,41
power655,01169,main,Main numbers,6,53
power655,01169,bonus,Bonus numbers,1,29
power655,01170,main,Main numbers,1,14
power655,01170,main,Main numbers,2,19
power655,01170,main,Main numbers,3,21
power655,01170,main,Main numbers,4,24
power655,01170,main,Main numbers,5,26
power655,01170,main,Main numbers,6,48
power655,01170,bonus,Bonus numbers,1,39
power655,01171,main,Main numbers,1,14
power655,01171,main,Main numbers,2,15
power655,01171,main,Main numbers,3,29
power655,01171,main,Main numbers,4,33
power655,01171,main,Main numbers,5,39
power655,01171,main,Main numbers,6,47
power655,01171,bonus,Bonus numbers,1,4
power655,01172,main,Main numbers,1,24
power655,01172,main,Main numbers,2,26
power655,01172,main,Main numbers,3,34
power655,01172,main,Main numbers,4,42
power655,01172,main,Main numbers,5,50
power655,01172,main,Main numbers,6,51
power655,01172,bonus,Bonus numbers,1,30
power655,01173,main,Main numbers,1,13
power655,01173,main,Main numbers,2,23
power655,01173,main,Main numbers,3,29
power655,01173,main,Main numbers,4,32
power655,01173,main,Main numbers,5,41
power655,01173,main,Main numbers,6,42
power655,01173,bonus,Bonus numbers,1,9
power655,01174,main,Main numbers,1,3
power655,01174,main,Main numbers,2,7
power655,01174,main,Main numbers,3,34
power655,01174,main,Main numbers,4,41
power655,01174,main,Main numbers,5,43
power655,01174,main,Main numbers,6,53
power655,01174,bonus,Bonus numbers,1,31
power655,01175,main,Main numbers,1,10
power655,01175,main,Main numbers,2,13
power655,01175,main,Main numbers,3,36
power655,01175,main,Main numbers,4,37
power655,01175,main,Main numbers,5,40
power655,01175,main,Main numbers,6,43
power655,01175,bonus,Bonus numbers,1,41
power655,01176,main,Main numbers,1,3
power655,01176,main,Main numbers,2,14
power655,01176,main,Main numbers,3,19
power655,01176,main,Main numbers,4,37
power655,01176,main,Main numbers,5,42
power655,01176,main,Main numbers,6,55
power655,01176,bonus,Bonus numbers,1,23
power655,01177,main,Main numbers,1,8
power655,01177,main,Main numbers,2,23
power655,01177,main,Main numbers,3,24
power655,01177,main,Main numbers,4,27
power655,01177,main,Main numbers,5,42
power655,01177,main,Main numbers,6,49
power655,01177,bonus,Bonus numbers,1,20
power655,01178,main,Main numbers,1,1
power655,01178,main,Main numbers,2,17
power655,01178,main,Main numbers,3,20
power655,01178,main,Main numbers,4,38
power655,01178,main,Main numbers,5,41
power655,01178,main,Main numbers,6,52
power655,01178,bonus,Bonus numbers,1,14
power655,01179,main,Main numbers,1,5
power655,01179,main,Main numbers,2,11
power655,01179,main,Main numbers,3,15
power655,01179,main,Main numbers,4,32
power655,01179,main,Main numbers,5,42
power655,01179,main,Main numbers,6,49
power655,01179,bonus,Bonus numbers,1,43
power655,01180,main,Main numbers,1,10
power655,01180,main,Main numbers,2,25
power655,01180,main,Main numbers,3,37
power655,01180,main,Main numbers,4,40
power655,01180,main,Main numbers,5,41
power655,01180,main,Main numbers,6,48
power655,01180,bonus,Bonus numbers,1,32
power655,01181,main,Main numbers,1,1
power655,01181,main,Main numbers,2,2
power655,01181,main,Main numbers,3,15
power655,01181,main,Main numbers,4,39
power655,01181,main,Main numbers,5,40
power655,01181,main,Main numbers,6,47
power655,01181,bonus,Bonus numbers,1,24
power655,01182,main,Main numbers,1,3
power655,01182,main,Main numbers,2,15
power655,01182,main,Main numbers,3,16
power655,01182,main,Main numbers,4,31
power655,01182,main,Main numbers,5,48
power655,01182,main,Main numbers,6,52
power655,01182,bonus,Bonus numbers,1,21
power655,01183,main,Main numbers,1,14
power655,01183,main,Main numbers,2,15
power655,01183,main,Main numbers,3,18
power655,01183,main,Main numbers,4,23
power655,01183,main,Main numbers,5,28
power655,01183,main,Main numbers,6,33
power655,01183,bonus,Bonus numbers,1,29
power655,01184,main,Main numbers,1,3
power655,01184,main,Main numbers,2,17
power655,01184,main,Main numbers,3,19
power655,01184,main,Main numbers,4,41
power655,01184,main,Main numbers,5,45
power655,01184,main,Main numbers,6,50
power655,01184,bonus,Bonus numbers,1,43
power655,01185,main,Main numbers,1,15
power655,01185,main,Main numbers,2,19
power655,01185,main,Main numbers,3,21
power655,01185,main,Main numbers,4,26
power655,01185,main,Main numbers,5,42
power655,01185,main,Main numbers,6,47
power655,01185,bonus,Bonus numbers,1,38
power655,01186,main,Main numbers,1,12
power655,01186,main,Main numbers,2,16
power655,01186,main,Main numbers,3,25
power655,01186,main,Main numbers,4,28
power655,01186,main,Main numbers,5,30
power655,01186,main,Main numbers,6,39
power655,01186,bonus,Bonus numbers,1,5
power655,01187,main,Main numbers,1,8
power655,01187,main,Main numbers,2,14
power655,01187,main,Main numbers,3,29
power655,01187,main,Main numbers,4,37
power655,01187,main,Main numbers,5,39
power655,01187,main,Main numbers,6,50
power655,01187,bonus,Bonus numbers,1,21
power655,01188,main,Main numbers,1,7
power655,01188,main,Main numbers,2,16
power655,01188,main,Main numbers,3,19
power655,01188,main,Main numbers,4,28
power655,01188,main,Main numbers,5,34
power655,01188,main,Main numbers,6,51
power655,01188,bonus,Bonus numbers,1,15
power655,01189,main,Main numbers,1,3
power655,01189,main,Main numbers,2,7
power655,01189,main,Main numbers,3,24
power655,01189,main,Main numbers,4,39
power655,01189,main,Main numbers,5,54
power655,01189,main,Main numbers,6,55
power655,01189,bonus,Bonus numbers,1,42
power655,01190,main,Main numbers,1,6
power655,01190,main,Main numbers,2,9
power655,01190,main,Main numbers,3,13
power655,01190,main,Main numbers,4,44
power655,01190,main,Main numbers,5,49
power655,01190,main,Main numbers,6,54
power655,01190,bonus,Bonus numbers,1,47
power655,01191,main,Main numbers,1,2
power655,01191,main,Main numbers,2,7
power655,01191,main,Main numbers,3,26
power655,01191,main,Main numbers,4,29
power655,01191,main,Main numbers,5,41
power655,01191,main,Main numbers,6,50
power655,01191,bonus,Bonus numbers,1,43
power655,01192,main,Main numbers,1,19
power655,01192,main,Main numbers,2,27
power655,01192,main,Main numbers,3,44
power655,01192,main,Main numbers,4,45
power655,01192,main,Main numbers,5,47
power655,01192,main,Main numbers,6,52
power655,01192,bonus,Bonus numbers,1,15
power655,01193,main,Main numbers,1,3
power655,01193,main,Main numbers,2,9
power655,01193,main,Main numbers,3,14
power655,01193,main,Main numbers,4,41
power655,01193,main,Main numbers,5,47
power655,01193,main,Main numbers,6,55
power655,01193,bonus,Bonus numbers,1,22
power655,01194,main,Main numbers,1,19
power655,01194,main,Main numbers,2,20
power655,01194,main,Main numbers,3,27
power655,01194,main,Main numbers,4,30
power655,01194,main,Main numbers,5,45
power655,01194,main,Main numbers,6,55
power655,01194,bonus,Bonus numbers,1,15
power655,01195,main,Main numbers,1,4
power655,01195,main,Main numbers,2,12
power655,01195,main,Main numbers,3,18
power655,01195,main,Main numbers,4,19
power655,01195,main,Main numbers,5,44
power655,01195,main,Main numbers,6,48
power655,01195,bonus,Bonus numbers,1,42
power655,01196,main,Main numbers,1,9
power655,01196,main,Main numbers,2,37
power655,01196,main,Main numbers,3,42
power655,01196,main,Main numbers,4,45
power655,01196,main,Main numbers,5,46
power655,01196,main,Main numbers,6,50
power655,01196,bonus,Bonus numbers,1,14
power655,01197,main,Main numbers,1,6
power655,01197,main,Main numbers,2,24
power655,01197,main,Main numbers,3,41
power655,01197,main,Main numbers,4,45
power655,01197,main,Main numbers,5,49
power655,01197,main,Main numbers,6,55
power655,01197,bonus,Bonus numbers,1,8
power655,01198,main,Main numbers,1,2
power655,01198,main,Main numbers,2,11
power655,01198,main,Main numbers,3,14
power655,01198,main,Main numbers,4,16
power655,01198,main,Main numbers,5,27
power655,01198,main,Main numbers,6,38
power655,01198,bonus,Bonus numbers,1,51
power655,01199,main,Main numbers,1,14
power655,01199,main,Main numbers,2,21
power655,01199,main,Main numbers,3,33
power655,01199,main,Main numbers,4,37
power655,01199,main,Main numbers,5,46
power655,01199,main,Main numbers,6,49
power655,01199,bonus,Bonus numbers,1,34
power655,01200,main,Main numbers,1,12
power655,01200,main,Main numbers,2,17
power655,01200,main,Main numbers,3,21
power655,01200,main,Main numbers,4,46
power655,01200,main,Main numbers,5,48
power655,01200,main,Main numbers,6,52
power655,01200,bonus,Bonus numbers,1,45
power655,01201,main,Main numbers,1,3
power655,01201,main,Main numbers,2,6
power655,01201,main,Main numbers,3,21
power655,01201,main,Main numbers,4,29
power655,01201,main,Main numbers,5,40
power655,01201,main,Main numbers,6,41
power655,01201,bonus,Bonus numbers,1,37
power655,01202,main,Main numbers,1,6
power655,01202,main,Main numbers,2,8
power655,01202,main,Main numbers,3,16
power655,01202,main,Main numbers,4,18
power655,01202,main,Main numbers,5,34
power655,01202,main,Main numbers,6,44
power655,01202,bonus,Bonus numbers,1,17
power655,01203,main,Main numbers,1,11
power655,01203,main,Main numbers,2,12
power655,01203,main,Main numbers,3,22
power655,01203,main,Main numbers,4,26
power655,01203,main,Main numbers,5,41
power655,01203,main,Main numbers,6,47
power655,01203,bonus,Bonus numbers,1,24
power655,01204,main,Main numbers,1,7
power655,01204,main,Main numbers,2,13
power655,01204,main,Main numbers,3,18
power655,01204,main,Main numbers,4,22
power655,01204,main,Main numbers,5,32
power655,01204,main,Main numbers,6,44
power655,01204,bonus,Bonus numbers,1,43
power655,01205,main,Main numbers,1,3
power655,01205,main,Main numbers,2,5
power655,01205,main,Main numbers,3,9
power655,01205,main,Main numbers,4,10
power655,01205,main,Main numbers,5,16
power655,01205,main,Main numbers,6,47
power655,01205,bonus,Bonus numbers,1,34
power655,01206,main,Main numbers,1,6
power655,01206,main,Main numbers,2,10
power655,01206,main,Main numbers,3,15
power655,01206,main,Main numbers,4,43
power655,01206,main,Main numbers,5,44
power655,01206,main,Main numbers,6,53
power655,01206,bonus,Bonus numbers,1,32
power655,01207,main,Main numbers,1,3
power655,01207,main,Main numbers,2,9
power655,01207,main,Main numbers,3,18
power655,01207,main,Main numbers,4,20
power655,01207,main,Main numbers,5,30
power655,01207,main,Main numbers,6,53
power655,01207,bonus,Bonus numbers,1,48
power655,01208,main,Main numbers,1,1
power655,01208,main,Main numbers,2,14
power655,01208,main,Main numbers,3,16
power655,01208,main,Main numbers,4,27
power655,01208,main,Main numbers,5,40
power655,01208,main,Main numbers,6,51
power655,01208,bonus,Bonus numbers,1,2
power655,01209,main,Main numbers,1,8
power655,01209,main,Main numbers,2,11
power655,01209,main,Main numbers,3,13
power655,01209,main,Main numbers,4,20
power655,01209,main,Main numbers,5,45
power655,01209,main,Main numbers,6,50
power655,01209,bonus,Bonus numbers,1,25
power655,01210,main,Main numbers,1,3
power655,01210,main,Main numbers,2,11
power655,01210,main,Main numbers,3,12
power655,01210,main,Main numbers,4,14
power655,01210,main,Main numbers,5,27
power655,01210,main,Main numbers,6,33
power655,01210,bonus,Bonus numbers,1,15
power655,01211,main,Main numbers,1,18
power655,01211,main,Main numbers,2,19
power655,01211,main,Main numbers,3,29
power655,01211,main,Main numbers,4,31
power655,01211,main,Main numbers,5,45
power655,01211,main,Main numbers,6,54
power655,01211,bonus,Bonus numbers,1,27
power655,01212,main,Main numbers,1,3
power655,01212,main,Main numbers,2,15
power655,01212,main,Main numbers,3,22
power655,01212,main,Main numbers,4,45
power655,01212,main,Main numbers,5,51
power655,01212,main,Main numbers,6,55
power655,01212,bonus,Bonus numbers,1,54
power655,01213,main,Main numbers,1,23
power655,01213,main,Main numbers,2,24
power655,01213,main,Main numbers,3,32
power655,01213,main,Main numbers,4,42
power655,01213,main,Main numbers,5,48
power655,01213,main,Main numbers,6,50
power655,01213,bonus,Bonus numbers,1,31
power655,01214,main,Main numbers,1,12
power655,01214,main,Main numbers,2,33
power655,01214,main,Main numbers,3,34
power655,01214,main,Main numbers,4,42
power655,01214,main,Main numbers,5,44
power655,01214,main,Main numbers,6,53
power655,01214,bonus,Bonus numbers,1,3
power655,01215,main,Main numbers,1,2
power655,01215,main,Main numbers,2,34
power655,01215,main,Main numbers,3,39
power655,01215,main,Main numbers,4,41
power655,01215,main,Main numbers,5,45
power655,01215,main,Main numbers,6,52
power655,01215,bonus,Bonus numbers,1,51
power655,01216,main,Main numbers,1,18
power655,01216,main,Main numbers,2,26
power655,01216,main,Main numbers,3,31
power655,01216,main,Main numbers,4,32
power655,01216,main,Main numbers,5,36
power655,01216,main,Main numbers,6,48
power655,01216,bonus,Bonus numbers,1,30
power655,01217,main,Main numbers,1,13
power655,01217,main,Main numbers,2,18
power655,01217,main,Main numbers,3,33
power655,01217,main,Main numbers,4,40
power655,01217,main,Main numbers,5,48
power655,01217,main,Main numbers,6,53
power655,01217,bonus,Bonus numbers,1,54
power655,01218,main,Main numbers,1,8
power655,01218,main,Main numbers,2,9
power655,01218,main,Main numbers,3,20
power655,01218,main,Main numbers,4,36
power655,01218,main,Main numbers,5,39
power655,01218,main,Main numbers,6,44
power655,01218,bonus,Bonus numbers,1,28
power655,01219,main,Main numbers,1,9
power655,01219,main,Main numbers,2,10
power655,01219,main,Main numbers,3,15
power655,01219,main,Main numbers,4,28
power655,01219,main,Main numbers,5,33
power655,01219,main,Main numbers,6,44
power655,01219,bonus,Bonus numbers,1,22
power655,01220,main,Main numbers,1,5
power655,01220,main,Main numbers,2,10
power655,01220,main,Main numbers,3,24
power655,01220,main,Main numbers,4,29
power655,01220,main,Main numbers,5,30
power655,01220,main,Main numbers,6,34
power655,01220,bonus,Bonus numbers,1,45
power655,01221,main,Main numbers,1,5
power655,01221,main,Main numbers,2,26
power655,01221,main,Main numbers,3,28
power655,01221,main,Main numbers,4,29
power655,01221,main,Main numbers,5,33
power655,01221,main,Main numbers,6,54
power655,01221,bonus,Bonus numbers,1,34
power655,01222,main,Main numbers,1,4
power655,01222,main,Main numbers,2,8
power655,01222,main,Main numbers,3,23
power655,01222,main,Main numbers,4,43
power655,01222,main,Main numbers,5,45
power655,01222,main,Main numbers,6,51
power655,01222,bonus,Bonus numbers,1,48
power655,01223,main,Main numbers,1,5
power655,01223,main,Main numbers,2,17
power655,01223,main,Main numbers,3,31
power655,01223,main,Main numbers,4,42
power655,01223,main,Main numbers,5,46
power655,01223,main,Main numbers,6,49
power655,01223,bonus,Bonus numbers,1,37
power655,01224,main,Main numbers,1,12
power655,01224,main,Main numbers,2,24
power655,01224,main,Main numbers,3,29
power655,01224,main,Main numbers,4,33
power655,01224,main,Main numbers,5,34
power655,01224,main,Main numbers,6,35
power655,01224,bonus,Bonus numbers,1,47
power655,01225,main,Main numbers,1,8
power655,01225,main,Main numbers,2,41
power655,01225,main,Main numbers,3,45
power655,01225,main,Main numbers,4,51
power655,01225,main,Main numbers,5,52
power655,01225,main,Main numbers,6,53
power655,01225,bonus,Bonus numbers,1,31
power655,01226,main,Main numbers,1,6
power655,01226,main,Main numbers,2,24
power655,01226,main,Main numbers,3,31
power655,01226,main,Main numbers,4,32
power655,01226,main,Main numbers,5,39
power655,01226,main,Main numbers,6,48
power655,01226,bonus,Bonus numbers,1,52
power655,01227,main,Main numbers,1,5
power655,01227,main,Main numbers,2,9
power655,01227,main,Main numbers,3,16
power655,01227,main,Main numbers,4,36
power655,01227,main,Main numbers,5,43
power655,01227,main,Main numbers,6,51
power655,01227,bonus,Bonus numbers,1,19
power655,01228,main,Main numbers,1,1
power655,01228,main,Main numbers,2,6
power655,01228,main,Main numbers,3,24
power655,01228,main,Main numbers,4,37
power655,01228,main,Main numbers,5,40
power655,01228,main,Main numbers,6,55
power655,01228,bonus,Bonus numbers,1,10
power655,01229,main,Main numbers,1,6
power655,01229,main,Main numbers,2,10
power655,01229,main,Main numbers,3,17
power655,01229,main,Main numbers,4,18
power655,01229,main,Main numbers,5,32
power655,01229,main,Main numbers,6,35
power655,01229,bonus,Bonus numbers,1,53
power655,01230,main,Main numbers,1,14
power655,01230,main,Main numbers,2,23
power655,01230,main,Main numbers,3,32
power655,01230,main,Main numbers,4,36
power655,01230,main,Main numbers,5,47
power655,01230,main,Main numbers,6,48
power655,01230,bonus,Bonus numbers,1,5
power655,01231,main,Main numbers,1,1
power655,01231,main,Main numbers,2,14
power655,01231,main,Main numbers,3,31
power655,01231,main,Main numbers,4,34
power655,01231,main,Main numbers,5,36
power655,01231,main,Main numbers,6,47
power655,01231,bonus,Bonus numbers,1,45
power655,01232,main,Main numbers,1,5
power655,01232,main,Main numbers,2,9
power655,01232,main,Main numbers,3,17
power655,01232,main,Main numbers,4,35
power655,01232,main,Main numbers,5,40
power655,01232,main,Main numbers,6,41
power655,01232,bonus,Bonus numbers,1,44
power655,01233,main,Main numbers,1,1
power655,01233,main,Main numbers,2,9
power655,01233,main,Main numbers,3,26
power655,01233,main,Main numbers,4,34
power655,01233,main,Main numbers,5,44
power655,01233,main,Main numbers,6,50
power655,01233,bonus,Bonus numbers,1,52
power655,01234,main,Main numbers,1,22
power655,01234,main,Main numbers,2,30
power655,01234,main,Main numbers,3,38
power655,01234,main,Main numbers,4,44
power655,01234,main,Main numbers,5,48
power655,01234,main,Main numbers,6,55
power655,01234,bonus,Bonus numbers,1,5
power655,01235,main,Main numbers,1,6
power655,01235,main,Main numbers,2,13
power655,01235,main,Main numbers,3,28
power655,01235,main,Main numbers,4,30
power655,01235,main,Main numbers,5,35
power655,01235,main,Main numbers,6,52
power655,01235,bonus,Bonus numbers,1,50
power655,01236,main,Main numbers,1,2
power655,01236,main,Main numbers,2,17
power655,01236,main,Main numbers,3,19
power655,01236,main,Main numbers,4,24
power655,01236,main,Main numbers,5,30
power655,01236,main,Main numbers,6,44
power655,01236,bonus,Bonus numbers,1,34
power655,01237,main,Main numbers,1,9
power655,01237,main,Main numbers,2,16
power655,01237,main,Main numbers,3,22
power655,01237,main,Main numbers,4,25
power655,01237,main,Main numbers,5,30
power655,01237,main,Main numbers,6,51
power655,01237,bonus,Bonus numbers,1,43
power655,01238,main,Main numbers,1,9
power655,01238,main,Main numbers,2,19
power655,01238,main,Main numbers,3,23
power655,01238,main,Main numbers,4,42
power655,01238,main,Main numbers,5,49
power655,01238,main,Main numbers,6,53
power655,01238,bonus,Bonus numbers,1,40
power655,01239,main,Main numbers,1,9
power655,01239,main,Main numbers,2,11
power655,01239,main,Main numbers,3,19
power655,01239,main,Main numbers,4,22
power655,01239,main,Main numbers,5,34
power655,01239,main,Main numbers,6,43
power655,01239,bonus,Bonus numbers,1,31
power655,01240,main,Main numbers,1,16
power655,01240,main,Main numbers,2,20
power655,01240,main,Main numbers,3,21
power655,01240,main,Main numbers,4,31
power655,01240,main,Main numbers,5,40
power655,01240,main,Main numbers,6,52
power655,01240,bonus,Bonus numbers,1,2
power655,01241,main,Main numbers,1,6
power655,01241,main,Main numbers,2,16
power655,01241,main,Main numbers,3,46
power655,01241,main,Main numbers,4,49
power655,01241,main,Main numbers,5,51
power655,01241,main,Main numbers,6,55
power655,01241,bonus,Bonus numbers,1,42
power655,01242,main,Main numbers,1,2
power655,01242,main,Main numbers,2,7
power655,01242,main,Main numbers,3,15
power655,01242,main,Main numbers,4,18
power655,01242,main,Main numbers,5,24
power655,01242,main,Main numbers,6,27
power655,01242,bonus,Bonus numbers,1,45
power655,01243,main,Main numbers,1,17
power655,01243,main,Main numbers,2,19
power655,01243,main,Main numbers,3,28
power655,01243,main,Main numbers,4,39
power655,01243,main,Main numbers,5,43
power655,01243,main,Main numbers,6,53
power655,01243,bonus,Bonus numbers,1,33
power655,01244,main,Main numbers,1,2
power655,01244,main,Main numbers,2,3
power655,01244,main,Main numbers,3,8
power655,01244,main,Main numbers,4,27
power655,01244,main,Main numbers,5,38
power655,01244,main,Main numbers,6,55
power655,01244,bonus,Bonus numbers,1,20
power655,01245,main,Main numbers,1,8
power655,01245,main,Main numbers,2,13
power655,01245,main,Main numbers,3,14
power655,01245,main,Main numbers,4,19
power655,01245,main,Main numbers,5,36
power655,01245,main,Main numbers,6,43
power655,01245,bonus,Bonus numbers,1,30
power655,01246,main,Main numbers,1,8
power655,01246,main,Main numbers,2,18
power655,01246,main,Main numbers,3,19
power655,01246,main,Main numbers,4,34
power655,01246,main,Main numbers,5,41
power655,01246,main,Main numbers,6,46
power655,01246,bonus,Bonus numbers,1,38
power655,01247,main,Main numbers,1,5
power655,01247,main,Main numbers,2,17
power655,01247,main,Main numbers,3,30
power655,01247,main,Main numbers,4,31
power655,01247,main,Main numbers,5,38
power655,01247,main,Main numbers,6,53
power655,01247,bonus,Bonus numbers,1,8
power655,01248,main,Main numbers,1,8
power655,01248,main,Main numbers,2,13
power655,01248,main,Main numbers,3,19
power655,01248,main,Main numbers,4,24
power655,01248,main,Main numbers,5,39
power655,01248,main,Main numbers,6,46
power655,01248,bonus,Bonus numbers,1,1
power655,01249,main,Main numbers,1,17
power655,01249,main,Main numbers,2,23
power655,01249,main,Main numbers,3,34
power655,01249,main,Main numbers,4,39
power655,01249,main,Main numbers,5,46
power655,01249,main,Main numbers,6,52
power655,01249,bonus,Bonus numbers,1,8
power655,01250,main,Main numbers,1,1
power655,01250,main,Main numbers,2,2
power655,01250,main,Main numbers,3,20
power655,01250,main,Main numbers,4,24
power655,01250,main,Main numbers,5,27
power655,01250,main,Main numbers,6,42
power655,01250,bonus,Bonus numbers,1,43
power655,01251,main,Main numbers,1,22
power655,01251,main,Main numbers,2,33
power655,01251,main,Main numbers,3,35
power655,01251,main,Main numbers,4,36
power655,01251,main,Main numbers,5,38
power655,01251,main,Main numbers,6,40
power655,01251,bonus,Bonus numbers,1,7
power655,01252,main,Main numbers,1,19
power655,01252,main,Main numbers,2,22
power655,01252,main,Main numbers,3,35
power655,01252,main,Main numbers,4,37
power655,01252,main,Main numbers,5,43
power655,01252,main,Main numbers,6,45
power655,01252,bonus,Bonus numbers,1,29
power655,01253,main,Main numbers,1,7
power655,01253,main,Main numbers,2,11
power655,01253,main,Main numbers,3,21
power655,01253,main,Main numbers,4,22
power655,01253,main,Main numbers,5,39
power655,01253,main,Main numbers,6,42
power655,01253,bonus,Bonus numbers,1,40
power655,01254,main,Main numbers,1,3
power655,01254,main,Main numbers,2,7
power655,01254,main,Main numbers,3,26
power655,01254,main,Main numbers,4,43
power655,01254,main,Main numbers,5,44
power655,01254,main,Main numbers,6,46
power655,01254,bonus,Bonus numbers,1,25
power655,01255,main,Main numbers,1,8
power655,01255,main,Main numbers,2,9
power655,01255,main,Main numbers,3,16
power655,01255,main,Main numbers,4,26
power655,01255,main,Main numbers,5,37
power655,01255,main,Main numbers,6,55
power655,01255,bonus,Bonus numbers,1,12
power655,01256,main,Main numbers,1,14
power655,01256,main,Main numbers,2,15
power655,01256,main,Main numbers,3,24
power655,01256,main,Main numbers,4,26
power655,01256,main,Main numbers,5,27
power655,01256,main,Main numbers,6,45
power655,01256,bonus,Bonus numbers,1,36
power655,01257,main,Main numbers,1,5
power655,01257,main,Main numbers,2,16
power655,01257,main,Main numbers,3,19
power655,01257,main,Main numbers,4,21
power655,01257,main,Main numbers,5,38
power655,01257,main,Main numbers,6,43
power655,01257,bonus,Bonus numbers,1,50
power655,01258,main,Main numbers,1,3
power655,01258,main,Main numbers,2,11
power655,01258,main,Main numbers,3,12
power655,01258,main,Main numbers,4,14
power655,01258,main,Main numbers,5,22
power655,01258,main,Main numbers,6,40
power655,01258,bonus,Bonus numbers,1,41
power655,01259,main,Main numbers,1,8
power655,01259,main,Main numbers,2,10
power655,01259,main,Main numbers,3,21
power655,01259,main,Main numbers,4,48
power655,01259,main,Main numbers,5,49
power655,01259,main,Main numbers,6,50
power655,01259,bonus,Bonus numbers,1,40
power655,01260,main,Main numbers,1,3
power655,01260,main,Main numbers,2,5
power655,01260,main,Main numbers,3,11
power655,01260,main,Main numbers,4,13
power655,01260,main,Main numbers,5,24
power655,01260,main,Main numbers,6,27
power655,01260,bonus,Bonus numbers,1,45
power655,01261,main,Main numbers,1,6
power655,01261,main,Main numbers,2,8
power655,01261,main,Main numbers,3,10
power655,01261,main,Main numbers,4,22
power655,01261,main,Main numbers,5,25
power655,01261,main,Main numbers,6,54
power655,01261,bonus,Bonus numbers,1,9
power655,01262,main,Main numbers,1,20
power655,01262,main,Main numbers,2,23
power655,01262,main,Main numbers,3,35
power655,01262,main,Main numbers,4,41
power655,01262,main,Main numbers,5,47
power655,01262,main,Main numbers,6,55
power655,01262,bonus,Bonus numbers,1,37
power655,01263,main,Main numbers,1,7
power655,01263,main,Main numbers,2,11
power655,01263,main,Main numbers,3,28
power655,01263,main,Main numbers,4,29
power655,01263,main,Main numbers,5,31
power655,01263,main,Main numbers,6,33
power655,01263,bonus,Bonus numbers,1,8
power655,01264,main,Main numbers,1,15
power655,01264,main,Main numbers,2,27
power655,01264,main,Main numbers,3,29
power655,01264,main,Main numbers,4,31
power655,01264,main,Main numbers,5,36
power655,01264,main,Main numbers,6,43
power655,01264,bonus,Bonus numbers,1,38
power655,01265,main,Main numbers,1,16
power655,01265,main,Main numbers,2,20
power655,01265,main,Main numbers,3,29
power655,01265,main,Main numbers,4,33
power655,01265,main,Main numbers,5,36
power655,01265,main,Main numbers,6,49
power655,01265,bonus,Bonus numbers,1,6
power655,01266,main,Main numbers,1,14
power655,01266,main,Main numbers,2,16
power655,01266,main,Main numbers,3,19
power655,01266,main,Main numbers,4,22
power655,01266,main,Main numbers,5,27
power655,01266,main,Main numbers,6,44
power655,01266,bonus,Bonus numbers,1,18
power655,01267,main,Main numbers,1,11
power655,01267,main,Main numbers,2,20
power655,01267,main,Main numbers,3,28
power655,01267,main,Main numbers,4,41
power655,01267,main,Main numbers,5,47
power655,01267,main,Main numbers,6,54
power655,01267,bonus,Bonus numbers,1,31
power655,01268,main,Main numbers,1,1
power655,01268,main,Main numbers,2,15
power655,01268,main,Main numbers,3,30
power655,01268,main,Main numbers,4,38
power655,01268,main,Main numbers,5,40
power655,01268,main,Main numbers,6,43
power655,01268,bonus,Bonus numbers,1,13
power655,01269,main,Main numbers,1,2
power655,01269,main,Main numbers,2,30
power655,01269,main,Main numbers,3,33
power655,01269,main,Main numbers,4,35
power655,01269,main,Main numbers,5,42
power655,01269,main,Main numbers,6,54
power655,01269,bonus,Bonus numbers,1,45
power655,01270,main,Main numbers,1,7
power655,01270,main,Main numbers,2,12
power655,01270,main,Main numbers,3,18
power655,01270,main,Main numbers,4,22
power655,01270,main,Main numbers,5,30
power655,01270,main,Main numbers,6,49
power655,01270,bonus,Bonus numbers,1,5
power655,01271,main,Main numbers,1,3
power655,01271,main,Main numbers,2,12
power655,01271,main,Main numbers,3,19
power655,01271,main,Main numbers,4,20
power655,01271,main,Main numbers,5,31
power655,01271,main,Main numbers,6,42
power655,01271,bonus,Bonus numbers,1,13
power655,01272,main,Main numbers,1,8
power655,01272,main,Main numbers,2,10
power655,01272,main,Main numbers,3,19
power655,01272,main,Main numbers,4,29
power655,01272,main,Main numbers,5,34
power655,01272,main,Main numbers,6,46
power655,01272,bonus,Bonus numbers,1,14
power655,01273,main,Main numbers,1,23
power655,01273,main,Main numbers,2,31
power655,01273,main,Main numbers,3,32
power655,01273,main,Main numbers,4,42
power655,01273,main,Main numbers,5,46
power655,01273,main,Main numbers,6,48
power655,01273,bonus,Bonus numbers,1,4
power655,01274,main,Main numbers,1,4
power655,01274,main,Main numbers,2,5
power655,01274,main,Main numbers,3,10
power655,01274,main,Main numbers,4,11
power655,01274,main,Main numbers,5,28
power655,01274,main,Main numbers,6,35
power655,01274,bonus,Bonus numbers,1,38
power655,01275,main,Main numbers,1,4
power655,01275,main,Main numbers,2,20
power655,01275,main,Main numbers,3,24
power655,01275,main,Main numbers,4,27
power655,01275,main,Main numbers,5,40
power655,01275,main,Main numbers,6,48
power655,01275,bonus,Bonus numbers,1,9
power655,01276,main,Main numbers,1,16
power655,01276,main,Main numbers,2,20
power655,01276,main,Main numbers,3,24
power655,01276,main,Main numbers,4,36
power655,01276,main,Main numbers,5,51
power655,01276,main,Main numbers,6,54
power655,01276,bonus,Bonus numbers,1,10
power655,01277,main,Main numbers,1,10
power655,01277,main,Main numbers,2,29
power655,01277,main,Main numbers,3,32
power655,01277,main,Main numbers,4,33
power655,01277,main,Main numbers,5,44
power655,01277,main,Main numbers,6,53
power655,01277,bonus,Bonus numbers,1,14
power655,01278,main,Main numbers,1,12
power655,01278,main,Main numbers,2,26
power655,01278,main,Main numbers,3,34
power655,01278,main,Main numbers,4,37
power655,01278,main,Main numbers,5,50
power655,01278,main,Main numbers,6,52
power655,01278,bonus,Bonus numbers,1,15
power655,01279,main,Main numbers,1,14
power655,01279,main,Main numbers,2,21
power655,01279,main,Main numbers,3,26
power655,01279,main,Main numbers,4,27
power655,01279,main,Main numbers,5,31
power655,01279,main,Main numbers,6,43
power655,01279,bonus,Bonus numbers,1,42
power655,01280,main,Main numbers,1,9
power655,01280,main,Main numbers,2,13
power655,01280,main,Main numbers,3,21
power655,01280,main,Main numbers,4,45
power655,01280,main,Main numbers,5,48
power655,01280,main,Main numbers,6,55
power655,01280,bonus,Bonus numbers,1,38
power655,01281,main,Main numbers,1,5
power655,01281,main,Main numbers,2,8
power655,01281,main,Main numbers,3,12
power655,01281,main,Main numbers,4,18
power655,01281,main,Main numbers,5,20
power655,01281,main,Main numbers,6,38
power655,01281,bonus,Bonus numbers,1,52
power655,01282,main,Main numbers,1,7
power655,01282,main,Main numbers,2,36
power655,01282,main,Main numbers,3,37
power655,01282,main,Main numbers,4,38
power655,01282,main,Main numbers,5,52
power655,01282,main,Main numbers,6,55
power655,01282,bonus,Bonus numbers,1,46
power655,01283,main,Main numbers,1,12
power655,01283,main,Main numbers,2,14
power655,01283,main,Main numbers,3,29
power655,01283,main,Main numbers,4,30
power655,01283,main,Main numbers,5,39
power655,01283,main,Main numbers,6,55
power655,01283,bonus,Bonus numbers,1,50
power655,01284,main,Main numbers,1,22
power655,01284,main,Main numbers,2,32
power655,01284,main,Main numbers,3,33
power655,01284,main,Main numbers,4,35
power655,01284,main,Main numbers,5,40
power655,01284,main,Main numbers,6,41
power655,01284,bonus,Bonus numbers,1,23
power655,01285,main,Main numbers,1,2
power655,01285,main,Main numbers,2,10
power655,01285,main,Main numbers,3,16
power655,01285,main,Main numbers,4,25
power655,01285,main,Main numbers,5,32
power655,01285,main,Main numbers,6,38
power655,01285,bonus,Bonus numbers,1,3
power655,01286,main,Main numbers,1,4
power655,01286,main,Main numbers,2,6
power655,01286,main,Main numbers,3,32
power655,01286,main,Main numbers,4,37
power655,01286,main,Main numbers,5,40
power655,01286,main,Main numbers,6,48
power655,01286,bonus,Bonus numbers,1,38
power655,01287,main,Main numbers,1,16
power655,01287,main,Main numbers,2,21
power655,01287,main,Main numbers,3,30
power655,01287,main,Main numbers,4,37
power655,01287,main,Main numbers,5,39
power655,01287,main,Main numbers,6,40
power655,01287,bonus,Bonus numbers,1,13
power655,01288,main,Main numbers,1,11
power655,01288,main,Main numbers,2,30
power655,01288,main,Main numbers,3,35
power655,01288,main,Main numbers,4,41
power655,01288,main,Main numbers,5,48
power655,01288,main,Main numbers,6,55
power655,01288,bonus,Bonus numbers,1,38
power655,01289,main,Main numbers,1,5
power655,01289,main,Main numbers,2,16
power655,01289,main,Main numbers,3,29
power655,01289,main,Main numbers,4,33
power655,01289,main,Main numbers,5,39
power655,01289,main,Main numbers,6,42
power655,01289,bonus,Bonus numbers,1,54
power655,01290,main,Main numbers,1,10
power655,01290,main,Main numbers,2,16
power655,01290,main,Main numbers,3,17
power655,01290,main,Main numbers,4,23
power655,01290,main,Main numbers,5,33
power655,01290,main,Main numbers,6,36
power655,01290,bonus,Bonus numbers,1,42
power655,01291,main,Main numbers,1,22
power655,01291,main,Main numbers,2,28
power655,01291,main,Main numbers,3,29
power655,01291,main,Main numbers,4,30
power655,01291,main,Main numbers,5,34
power655,01291,main,Main numbers,6,47
power655,01291,bonus,Bonus numbers,1,20
power655,01292,main,Main numbers,1,20
power655,01292,main,Main numbers,2,22
power655,01292,main,Main numbers,3,36
power655,01292,main,Main numbers,4,43
power655,01292,main,Main numbers,5,45
power655,01292,main,Main numbers,6,50
power655,01292,bonus,Bonus numbers,1,47
power655,01293,main,Main numbers,1,9
power655,01293,main,Main numbers,2,16
power655,01293,main,Main numbers,3,30
power655,01293,main,Main numbers,4,33
power655,01293,main,Main numbers,5,34
power655,01293,main,Main numbers,6,38
power655,01293,bonus,Bonus numbers,1,49
power655,01294,main,Main numbers,1,3
power655,01294,main,Main numbers,2,12
power655,01294,main,Main numbers,3,25
power655,01294,main,Main numbers,4,51
power655,01294,main,Main numbers,5,52
power655,01294,main,Main numbers,6,55
power655,01294,bonus,Bonus numbers,1,43
power655,01295,main,Main numbers,1,13
power655,01295,main,Main numbers,2,21
power655,01295,main,Main numbers,3,31
power655,01295,main,Main numbers,4,34
power655,01295,main,Main numbers,5,48
power655,01295,main,Main numbers,6,55
power655,01295,bonus,Bonus numbers,1,27
power655,01296,main,Main numbers,1,14
power655,01296,main,Main numbers,2,21
power655,01296,main,Main numbers,3,23
power655,01296,main,Main numbers,4,25
power655,01296,main,Main numbers,5,46
power655,01296,main,Main numbers,6,48
power655,01296,bonus,Bonus numbers,1,54
power655,01297,main,Main numbers,1,4
power655,01297,main,Main numbers,2,20
power655,01297,main,Main numbers,3,26
power655,01297,main,Main numbers,4,28
power655,01297,main,Main numbers,5,37
power655,01297,main,Main numbers,6,41
power655,01297,bonus,Bonus numbers,1,32
power655,01298,main,Main numbers,1,2
power655,01298,main,Main numbers,2,20
power655,01298,main,Main numbers,3,21
power655,01298,main,Main numbers,4,29
power655,01298,main,Main numbers,5,36
power655,01298,main,Main numbers,6,50
power655,01298,bonus,Bonus numbers,1,5
power655,01299,main,Main numbers,1,14
power655,01299,main,Main numbers,2,24
power655,01299,main,Main numbers,3,25
power655,01299,main,Main numbers,4,30
power655,01299,main,Main numbers,5,35
power655,01299,main,Main numbers,6,53
power655,01299,bonus,Bonus numbers,1,18
power655,01300,main,Main numbers,1,13
power655,01300,main,Main numbers,2,22
power655,01300,main,Main numbers,3,32
power655,01300,main,Main numbers,4,42
power655,01300,main,Main numbers,5,53
power655,01300,main,Main numbers,6,54
power655,01300,bonus,Bonus numbers,1,29
power655,01301,main,Main numbers,1,11
power655,01301,main,Main numbers,2,15
power655,01301,main,Main numbers,3,22
power655,01301,main,Main numbers,4,32
power655,01301,main,Main numbers,5,34
power655,01301,main,Main numbers,6,54
power655,01301,bonus,Bonus numbers,1,28
power655,01302,main,Main numbers,1,10
power655,01302,main,Main numbers,2,11
power655,01302,main,Main numbers,3,14
power655,01302,main,Main numbers,4,17
power655,01302,main,Main numbers,5,49
power655,01302,main,Main numbers,6,53
power655,01302,bonus,Bonus numbers,1,4
power655,01303,main,Main numbers,1,12
power655,01303,main,Main numbers,2,15
power655,01303,main,Main numbers,3,18
power655,01303,main,Main numbers,4,22
power655,01303,main,Main numbers,5,48
power655,01303,main,Main numbers,6,53
power655,01303,bonus,Bonus numbers,1,45
power655,01304,main,Main numbers,1,7
power655,01304,main,Main numbers,2,13
power655,01304,main,Main numbers,3,16
power655,01304,main,Main numbers,4,25
power655,01304,main,Main numbers,5,26
power655,01304,main,Main numbers,6,55
power655,01304,bonus,Bonus numbers,1,9
power655,01305,main,Main numbers,1,3
power655,01305,main,Main numbers,2,5
power655,01305,main,Main numbers,3,13
power655,01305,main,Main numbers,4,15
power655,01305,main,Main numbers,5,29
power655,01305,main,Main numbers,6,46
power655,01305,bonus,Bonus numbers,1,1
power655,01306,main,Main numbers,1,13
power655,01306,main,Main numbers,2,21
power655,01306,main,Main numbers,3,22
power655,01306,main,Main numbers,4,26
power655,01306,main,Main numbers,5,32
power655,01306,main,Main numbers,6,55
power655,01306,bonus,Bonus numbers,1,20
power655,01307,main,Main numbers,1,8
power655,01307,main,Main numbers,2,17
power655,01307,main,Main numbers,3,19
power655,01307,main,Main numbers,4,31
power655,01307,main,Main numbers,5,32
power655,01307,main,Main numbers,6,46
power655,01307,bonus,Bonus numbers,1,26
power655,01308,main,Main numbers,1,2
power655,01308,main,Main numbers,2,13
power655,01308,main,Main numbers,3,26
power655,01308,main,Main numbers,4,32
power655,01308,main,Main numbers,5,36
power655,01308,main,Main numbers,6,42
power655,01308,bonus,Bonus numbers,1,48
power655,01309,main,Main numbers,1,1
power655,01309,main,Main numbers,2,27
power655,01309,main,Main numbers,3,30
power655,01309,main,Main numbers,4,43
power655,01309,main,Main numbers,5,45
power655,01309,main,Main numbers,6,46
power655,01309,bonus,Bonus numbers,1,48
power655,01310,main,Main numbers,1,5
power655,01310,main,Main numbers,2,7
power655,01310,main,Main numbers,3,26
power655,01310,main,Main numbers,4,30
power655,01310,main,Main numbers,5,41
power655,01310,main,Main numbers,6,45
power655,01310,bonus,Bonus numbers,1,12
power655,01311,main,Main numbers,1,5
power655,01311,main,Main numbers,2,8
power655,01311,main,Main numbers,3,18
power655,01311,main,Main numbers,4,30
power655,01311,main,Main numbers,5,39
power655,01311,main,Main numbers,6,54
power655,01311,bonus,Bonus numbers,1,51
power655,01312,main,Main numbers,1,1
power655,01312,main,Main numbers,2,7
power655,01312,main,Main numbers,3,10
power655,01312,main,Main numbers,4,21
power655,01312,main,Main numbers,5,44
power655,01312,main,Main numbers,6,51
power655,01312,bonus,Bonus numbers,1,46
power655,01313,main,Main numbers,1,22
power655,01313,main,Main numbers,2,25
power655,01313,main,Main numbers,3,31
power655,01313,main,Main numbers,4,44
power655,01313,main,Main numbers,5,51
power655,01313,main,Main numbers,6,54
power655,01313,bonus,Bonus numbers,1,36
power655,01314,main,Main numbers,1,7
power655,01314,main,Main numbers,2,13
power655,01314,main,Main numbers,3,27
power655,01314,main,Main numbers,4,29
power655,01314,main,Main numbers,5,43
power655,01314,main,Main numbers,6,50
power655,01314,bonus,Bonus numbers,1,25
power655,01315,main,Main numbers,1,14
power655,01315,main,Main numbers,2,16
power655,01315,main,Main numbers,3,35
power655,01315,main,Main numbers,4,38
power655,01315,main,Main numbers,5,43
power655,01315,main,Main numbers,6,51
power655,01315,bonus,Bonus numbers,1,37
power655,01316,main,Main numbers,1,4
power655,01316,main,Main numbers,2,32
power655,01316,main,Main numbers,3,41
power655,01316,main,Main numbers,4,45
power655,01316,main,Main numbers,5,50
power655,01316,main,Main numbers,6,52
power655,01316,bonus,Bonus numbers,1,29
power655,01317,main,Main numbers,1,3
power655,01317,main,Main numbers,2,26
power655,01317,main,Main numbers,3,31
power655,01317,main,Main numbers,4,39
power655,01317,main,Main numbers,5,47
power655,01317,main,Main numbers,6,54
power655,01317,bonus,Bonus numbers,1,20
power655,01318,main,Main numbers,1,12
power655,01318,main,Main numbers,2,28
power655,01318,main,Main numbers,3,36
power655,01318,main,Main numbers,4,40
power655,01318,main,Main numbers,5,53
power655,01318,main,Main numbers,6,55
power655,01318,bonus,Bonus numbers,1,54
power655,01319,main,Main numbers,1,7
power655,01319,main,Main numbers,2,16
power655,01319,main,Main numbers,3,27
power655,01319,main,Main numbers,4,29
power655,01319,main,Main numbers,5,47
power655,01319,main,Main numbers,6,52
power655,01319,bonus,Bonus numbers,1,26
power655,01320,main,Main numbers,1,12
power655,01320,main,Main numbers,2,26
power655,01320,main,Main numbers,3,28
power655,01320,main,Main numbers,4,43
power655,01320,main,Main numbers,5,50
power655,01320,main,Main numbers,6,54
power655,01320,bonus,Bonus numbers,1,52
power655,01321,main,Main numbers,1,7
power655,01321,main,Main numbers,2,9
power655,01321,main,Main numbers,3,17
power655,01321,main,Main numbers,4,31
power655,01321,main,Main numbers,5,34
power655,01321,main,Main numbers,6,36
power655,01321,bonus,Bonus numbers,1,55
power655,01322,main,Main numbers,1,1
power655,01322,main,Main numbers,2,6
power655,01322,main,Main numbers,3,40
power655,01322,main,Main numbers,4,43
power655,01322,main,Main numbers,5,47
power655,01322,main,Main numbers,6,53
power655,01322,bonus,Bonus numbers,1,3
power655,01323,main,Main numbers,1,12
power655,01323,main,Main numbers,2,19
power655,01323,main,Main numbers,3,25
power655,01323,main,Main numbers,4,26
power655,01323,main,Main numbers,5,32
power655,01323,main,Main numbers,6,45
power655,01323,bonus,Bonus numbers,1,3
power655,01324,main,Main numbers,1,3
power655,01324,main,Main numbers,2,9
power655,01324,main,Main numbers,3,10
power655,01324,main,Main numbers,4,34
power655,01324,main,Main numbers,5,38
power655,01324,main,Main numbers,6,44
power655,01324,bonus,Bonus numbers,1,51
power655,01325,main,Main numbers,1,7
power655,01325,main,Main numbers,2,13
power655,01325,main,Main numbers,3,21
power655,01325,main,Main numbers,4,30
power655,01325,main,Main numbers,5,33
power655,01325,main,Main numbers,6,42
power655,01325,bonus,Bonus numbers,1,39
power655,01326,main,Main numbers,1,15
power655,01326,main,Main numbers,2,16
power655,01326,main,Main numbers,3,22
power655,01326,main,Main numbers,4,38
power655,01326,main,Main numbers,5,43
power655,01326,main,Main numbers,6,48
power655,01326,bonus,Bonus numbers,1,11
power655,01327,main,Main numbers,1,9
power655,01327,main,Main numbers,2,21
power655,01327,main,Main numbers,3,32
power655,01327,main,Main numbers,4,34
power655,01327,main,Main numbers,5,52
power655,01327,main,Main numbers,6,53
power655,01327,bonus,Bonus numbers,1,22
power655,01328,main,Main numbers,1,5
power655,01328,main,Main numbers,2,7
power655,01328,main,Main numbers,3,10
power655,01328,main,Main numbers,4,23
power655,01328,main,Main numbers,5,30
power655,01328,main,Main numbers,6,54
power655,01328,bonus,Bonus numbers,1,40
power655,01329,main,Main numbers,1,1
power655,01329,main,Main numbers,2,13
power655,01329,main,Main numbers,3,23
power655,01329,main,Main numbers,4,31
power655,01329,main,Main numbers,5,44
power655,01329,main,Main numbers,6,53
power655,01329,bonus,Bonus numbers,1,32
power655,01330,main,Main numbers,1,16
power655,01330,main,Main numbers,2,18
power655,01330,main,Main numbers,3,22
power655,01330,main,Main numbers,4,29
power655,01330,main,Main numbers,5,41
power655,01330,main,Main numbers,6,53
power655,01330,bonus,Bonus numbers,1,38
power655,01331,main,Main numbers,1,13
power655,01331,main,Main numbers,2,26
power655,01331,main,Main numbers,3,29
power655,01331,main,Main numbers,4,38
power655,01331,main,Main numbers,5,49
power655,01331,main,Main numbers,6,53
power655,01331,bonus,Bonus numbers,1,7
power655,01332,main,Main numbers,1,8
power655,01332,main,Main numbers,2,16
power655,01332,main,Main numbers,3,22
power655,01332,main,Main numbers,4,35
power655,01332,main,Main numbers,5,39
power655,01332,main,Main numbers,6,47
power655,01332,bonus,Bonus numbers,1,28
power655,01333,main,Main numbers,1,2
power655,01333,main,Main numbers,2,7
power655,01333,main,Main numbers,3,15
power655,01333,main,Main numbers,4,22
power655,01333,main,Main numbers,5,47
power655,01333,main,Main numbers,6,52
power655,01333,bonus,Bonus numbers,1,55
power655,01334,main,Main numbers,1,9
power655,01334,main,Main numbers,2,19
power655,01334,main,Main numbers,3,20
power655,01334,main,Main numbers,4,28
power655,01334,main,Main numbers,5,37
power655,01334,main,Main numbers,6,39
power655,01334,bonus,Bonus numbers,1,24
power655,01335,main,Main numbers,1,8
power655,01335,main,Main numbers,2,30
power655,01335,main,Main numbers,3,36
power655,01335,main,Main numbers,4,39
power655,01335,main,Main numbers,5,50
power655,01335,main,Main numbers,6,53
power655,01335,bonus,Bonus numbers,1,15
power655,01336,main,Main numbers,1,5
power655,01336,main,Main numbers,2,16
power655,01336,main,Main numbers,3,17
power655,01336,main,Main numbers,4,22
power655,01336,main,Main numbers,5,33
power655,01336,main,Main numbers,6,53
power655,01336,bonus,Bonus numbers,1,55
power655,01337,main,Main numbers,1,4
power655,01337,main,Main numbers,2,7
power655,01337,main,Main numbers,3,10
power655,01337,main,Main numbers,4,29
power655,01337,main,Main numbers,5,41
power655,01337,main,Main numbers,6,46
power655,01337,bonus,Bonus numbers,1,43
power655,01338,main,Main numbers,1,24
power655,01338,main,Main numbers,2,25
power655,01338,main,Main numbers,3,34
power655,01338,main,Main numbers,4,51
power655,01338,main,Main numbers,5,52
power655,01338,main,Main numbers,6,53
power655,01338,bonus,Bonus numbers,1,35
power655,01339,main,Main numbers,1,9
power655,01339,main,Main numbers,2,15
power655,01339,main,Main numbers,3,21
power655,01339,main,Main numbers,4,25
power655,01339,main,Main numbers,5,29
power655,01339,main,Main numbers,6,50
power655,01339,bonus,Bonus numbers,1,16
power655,01340,main,Main numbers,1,9
power655,01340,main,Main numbers,2,21
power655,01340,main,Main numbers,3,22
power655,01340,main,Main numbers,4,26
power655,01340,main,Main numbers,5,33
power655,01340,main,Main numbers,6,51
power655,01340,bonus,Bonus numbers,1,17
power655,01341,main,Main numbers,1,4
power655,01341,main,Main numbers,2,6
power655,01341,main,Main numbers,3,8
power655,01341,main,Main numbers,4,17
power655,01341,main,Main numbers,5,30
power655,01341,main,Main numbers,6,50
power655,01341,bonus,Bonus numbers,1,32
power655,01342,main,Main numbers,1,13
power655,01342,main,Main numbers,2,14
power655,01342,main,Main numbers,3,33
power655,01342,main,Main numbers,4,44
power655,01342,main,Main numbers,5,46
power655,01342,main,Main numbers,6,50
power655,01342,bonus,Bonus numbers,1,47
power655,01343,main,Main numbers,1,3
power655,01343,main,Main numbers,2,10
power655,01343,main,Main numbers,3,32
power655,01343,main,Main numbers,4,37
power655,01343,main,Main numbers,5,45
power655,01343,main,Main numbers,6,55
power655,01343,bonus,Bonus numbers,1,46
power655,01344,main,Main numbers,1,2
power655,01344,main,Main numbers,2,11
power655,01344,main,Main numbers,3,22
power655,01344,main,Main numbers,4,26
power655,01344,main,Main numbers,5,31
power655,01344,main,Main numbers,6,38
power655,01344,bonus,Bonus numbers,1,15
power655,01345,main,Main numbers,1,26
power655,01345,main,Main numbers,2,28
power655,01345,main,Main numbers,3,39
power655,01345,main,Main numbers,4,41
power655,01345,main,Main numbers,5,48
power655,01345,main,Main numbers,6,55
power655,01345,bonus,Bonus numbers,1,50
power655,01346,main,Main numbers,1,8
power655,01346,main,Main numbers,2,25
power655,01346,main,Main numbers,3,32
power655,01346,main,Main numbers,4,36
power655,01346,main,Main numbers,5,39
power655,01346,main,Main numbers,6,47
power655,01346,bonus,Bonus numbers,1,50
power655,01347,main,Main numbers,1,12
power655,01347,main,Main numbers,2,39
power655,01347,main,Main numbers,3,40
power655,01347,main,Main numbers,4,45
power655,01347,main,Main numbers,5,48
power655,01347,main,Main numbers,6,53
power655,01347,bonus,Bonus numbers,1,21
power655,01348,main,Main numbers,1,16
power655,01348,main,Main numbers,2,18
power655,01348,main,Main numbers,3,20
power655,01348,main,Main numbers,4,28
power655,01348,main,Main numbers,5,32
power655,01348,main,Main numbers,6,34
power655,01348,bonus,Bonus numbers,1,40
power655,01349,main,Main numbers,1,17
power655,01349,main,Main numbers,2,21
power655,01349,main,Main numbers,3,22
power655,01349,main,Main numbers,4,27
power655,01349,main,Main numbers,5,38
power655,01349,main,Main numbers,6,49
power655,01349,bonus,Bonus numbers,1,3
power655,01350,main,Main numbers,1,1
power655,01350,main,Main numbers,2,14
power655,01350,main,Main numbers,3,15
power655,01350,main,Main numbers,4,19
power655,01350,main,Main numbers,5,23
power655,01350,main,Main numbers,6,34
power655,01350,bonus,Bonus numbers,1,29
power655,01351,main,Main numbers,1,8
power655,01351,main,Main numbers,2,11
power655,01351,main,Main numbers,3,21
power655,01351,main,Main numbers,4,25
power655,01351,main,Main numbers,5,31
power655,01351,main,Main numbers,6,53
power655,01351,bonus,Bonus numbers,1,54
power655,01352,main,Main numbers,1,2
power655,01352,main,Main numbers,2,8
power655,01352,main,Main numbers,3,20
power655,01352,main,Main numbers,4,24
power655,01352,main,Main numbers,5,25
power655,01352,main,Main numbers,6,42
power655,01352,bonus,Bonus numbers,1,44
power655,01353,main,Main numbers,1,1
power655,01353,main,Main numbers,2,3
power655,01353,main,Main numbers,3,5
power655,01353,main,Main numbers,4,16
power655,01353,main,Main numbers,5,37
power655,01353,main,Main numbers,6,51
power655,01353,bonus,Bonus numbers,1,42
power655,01354,main,Main numbers,1,23
power655,01354,main,Main numbers,2,24
power655,01354,main,Main numbers,3,28
power655,01354,main,Main numbers,4,29
power655,01354,main,Main numbers,5,39
power655,01354,main,Main numbers,6,43
power655,01354,bonus,Bonus numbers,1,45
power655,01355,main,Main numbers,1,3
power655,01355,main,Main numbers,2,11
power655,01355,main,Main numbers,3,16
power655,01355,main,Main numbers,4,37
power655,01355,main,Main numbers,5,39
power655,01355,main,Main numbers,6,41
power655,01355,bonus,Bonus numbers,1,28
power655,01356,main,Main numbers,1,6
power655,01356,main,Main numbers,2,8
power655,01356,main,Main numbers,3,18
power655,01356,main,Main numbers,4,27
power655,01356,main,Main numbers,5,32
power655,01356,main,Main numbers,6,34
power655,01356,bonus,Bonus numbers,1,35
power655,01357,main,Main numbers,1,1
power655,01357,main,Main numbers,2,8
power655,01357,main,Main numbers,3,17
power655,01357,main,Main numbers,4,24
power655,01357,main,Main numbers,5,40
power655,01357,main,Main numbers,6,48
power655,01357,bonus,Bonus numbers,1,46
power655,01358,main,Main numbers,1,2
power655,01358,main,Main numbers,2,8
power655,01358,main,Main numbers,3,19
power655,01358,main,Main numbers,4,33
power655,01358,main,Main numbers,5,36
power655,01358,main,Main numbers,6,47
power655,01358,bonus,Bonus numbers,1,42
power655,01359,main,Main numbers,1,2
power655,01359,main,Main numbers,2,4
power655,01359,main,Main numbers,3,5
power655,01359,main,Main numbers,4,7
power655,01359,main,Main numbers,5,31
power655,01359,main,Main numbers,6,40
power655,01359,bonus,Bonus numbers,1,14
power655,01360,main,Main numbers,1,1
power655,01360,main,Main numbers,2,4
power655,01360,main,Main numbers,3,14
power655,01360,main,Main numbers,4,20
power655,01360,main,Main numbers,5,46
power655,01360,main,Main numbers,6,49
power655,01360,bonus,Bonus numbers,1,36
power655,01361,main,Main numbers,1,16
power655,01361,main,Main numbers,2,23
power655,01361,main,Main numbers,3,26
power655,01361,main,Main numbers,4,30
power655,01361,main,Main numbers,5,52
power655,01361,main,Main numbers,6,53
power655,01361,bonus,Bonus numbers,1,46
power655,01362,main,Main numbers,1,1
power655,01362,main,Main numbers,2,13
power655,01362,main,Main numbers,3,28
power655,01362,main,Main numbers,4,38
power655,01362,main,Main numbers,5,40
power655,01362,main,Main numbers,6,46
power655,01362,bonus,Bonus numbers,1,5
power655,01363,main,Main numbers,1,1
power655,01363,main,Main numbers,2,3
power655,01363,main,Main numbers,3,8
power655,01363,main,Main numbers,4,15
power655,01363,main,Main numbers,5,35
power655,01363,main,Main numbers,6,55
power655,01363,bonus,Bonus numbers,1,23
power655,01364,main,Main numbers,1,7
power655,01364,main,Main numbers,2,16
power655,01364,main,Main numbers,3,21
power655,01364,main,Main numbers,4,23
power655,01364,main,Main numbers,5,28
power655,01364,main,Main numbers,6,52
power655,01364,bonus,Bonus numbers,1,54
power655,01365,main,Main numbers,1,5
power655,01365,main,Main numbers,2,13
power655,01365,main,Main numbers,3,18
power655,01365,main,Main numbers,4,22
power655,01365,main,Main numbers,5,43
power655,01365,main,Main numbers,6,44
power655,01365,bonus,Bonus numbers,1,47
power655,01366,main,Main numbers,1,5
power655,01366,main,Main numbers,2,11
power655,01366,main,Main numbers,3,28
power655,01366,main,Main numbers,4,34
power655,01366,main,Main numbers,5,41
power655,01366,main,Main numbers,6,42
power655,01366,bonus,Bonus numbers,1,49
power655,01367,main,Main numbers,1,13
power655,01367,main,Main numbers,2,15
power655,01367,main,Main numbers,3,18
power655,01367,main,Main numbers,4,23
power655,01367,main,Main numbers,5,31
power655,01367,main,Main numbers,6,43
power655,01367,bonus,Bonus numbers,1,41
power655,01368,main,Main numbers,1,4
power655,01368,main,Main numbers,2,6
power655,01368,main,Main numbers,3,25
power655,01368,main,Main numbers,4,32
power655,01368,main,Main numbers,5,33
power655,01368,main,Main numbers,6,44
power655,01368,bonus,Bonus numbers,1,8
power655,01369,main,Main numbers,1,2
power655,01369,main,Main numbers,2,9
power655,01369,main,Main numbers,3,10
power655,01369,main,Main numbers,4,14
power655,01369,main,Main numbers,5,17
power655,01369,main,Main numbers,6,49
power655,01369,bonus,Bonus numbers,1,45
power655,01370,main,Main numbers,1,9
power655,01370,main,Main numbers,2,17
power655,01370,main,Main numbers,3,20
power655,01370,main,Main numbers,4,33
power655,01370,main,Main numbers,5,41
power655,01370,main,Main numbers,6,42
power655,01370,bonus,Bonus numbers,1,40
power655,01371,main,Main numbers,1,10
power655,01371,main,Main numbers,2,24
power655,01371,main,Main numbers,3,30
power655,01371,main,Main numbers,4,35
power655,01371,main,Main numbers,5,45
power655,01371,main,Main numbers,6,51
power655,01371,bonus,Bonus numbers,1,33
power655,01372,main,Main numbers,1,19
power655,01372,main,Main numbers,2,20
power655,01372,main,Main numbers,3,33
power655,01372,main,Main numbers,4,45
power655,01372,main,Main numbers,5,48
power655,01372,main,Main numbers,6,53
power655,01372,bonus,Bonus numbers,1,21
power655,01373,main,Main numbers,1,22
power655,01373,main,Main numbers,2,41
power655,01373,main,Main numbers,3,45
power655,01373,main,Main numbers,4,48
power655,01373,main,Main numbers,5,54
power655,01373,main,Main numbers,6,55
power655,01373,bonus,Bonus numbers,1,16
power655,01374,main,Main numbers,1,8
power655,01374,main,Main numbers,2,11
power655,01374,main,Main numbers,3,22
power655,01374,main,Main numbers,4,24
power655,01374,main,Main numbers,5,32
power655,01374,main,Main numbers,6,39
power655,01374,bonus,Bonus numbers,1,13
power655,01375,main,Main numbers,1,1
power655,01375,main,Main numbers,2,3
power655,01375,main,Main numbers,3,8
power655,01375,main,Main numbers,4,38
power655,01375,main,Main numbers,5,40
power655,01375,main,Main numbers,6,55
power655,01375,bonus,Bonus numbers,1,36
power655,01376,main,Main numbers,1,5
power655,01376,main,Main numbers,2,9
power655,01376,main,Main numbers,3,27
power655,01376,main,Main numbers,4,33
power655,01376,main,Main numbers,5,37
power655,01376,main,Main numbers,6,50
power655,01376,bonus,Bonus numbers,1,48
power655,01377,main,Main numbers,1,7
power655,01377,main,Main numbers,2,22
power655,01377,main,Main numbers,3,23
power655,01377,main,Main numbers,4,27
power655,01377,main,Main numbers,5,41
power655,01377,main,Main numbers,6,44
power655,01377,bonus,Bonus numbers,1,48
power655,01378,main,Main numbers,1,2
power655,01378,main,Main numbers,2,12
power655,01378,main,Main numbers,3,24
power655,01378,main,Main numbers,4,28
power655,01378,main,Main numbers,5,43
power655,01378,main,Main numbers,6,49
power655,01378,bonus,Bonus numbers,1,51
power655,01379,main,Main numbers,1,11
power655,01379,main,Main numbers,2,14
power655,01379,main,Main numbers,3,16
power655,01379,main,Main numbers,4,44
power655,01379,main,Main numbers,5,49
power655,01379,main,Main numbers,6,55
power655,01379,bonus,Bonus numbers,1,39
power655,01380,main,Main numbers,1,14
power655,01380,main,Main numbers,2,39
power655,01380,main,Main numbers,3,40
power655,01380,main,Main numbers,4,42
power655,01380,main,Main numbers,5,47
power655,01380,main,Main numbers,6,54
power655,01380,bonus,Bonus numbers,1,31
