game,draw_id,draw_date,draw_time,draw_slot,result_kind,main_numbers,bonus_numbers,source_url,source_sha256,retrieved_at
mega645,01025,2023-04-05,18:00:00,evening,number_set,4 8 12 15 19 43,,https://www.vietlott.vn/vi/trung-thuong/ket-qua-trung-thuong/645?id=01025&nocatche=1,519e8def24180ae4fe5e3087aca1c1f3fab5794e7b5d4966d936354a25b5d099,2026-08-03T20:43:37+00:00
mega645,01026,2023-04-07,18:00:00,evening,number_set,9 14 22 29 39 41,,https://www.vietlott.vn/vi/trung-thuong/ket-qua-trung-thuong/645?id=01026&nocatche=1,f8b9fdd98e44583f2cebf06feab81ee8d42cceb766da4318528170ad52198008,2026-08-03T20:43:37+00:00
mega645,01027,2023-04-09,18:00:00,evening,number_set,12 15 25 30 34 39,,https://www.vietlott.vn/vi/trung-thuong/ket-qua-trung-thuong/645?id=01027&nocatche=1,cc161f5e5916aee5062fdae42b20f40d26c91a0423827fb26fe59312ffa32794,2026-08-03T20:43:37+00:00
mega645,01028,2023-04-12,18:00:00,evening,number_set,4 7 27 28 32 43,,https://www.vietlott.vn/vi/trung-thuong/ket-qua-trung-thuong/645?id=01028&nocatche=1,8a64bc1d19fd9f6cda6eecd3d0d7885505175eb3dfe1f22e4a2433309dd89694,2026-08-03T20:43:36+00:00
mega645,01029,2023-04-14,18:00:00,evening,number_set,8 16 23 27 32 41,,https://www.vietlott.vn/vi/trung-thuong/ket-qua-trung-thuong/645?id=01029&nocatche=1,31d3fafe0b0625feff99b8b179d988be7a413d68622aa23f1a717a674ccb1e90,2026-08-03T20:43:36+00:00
mega645,01030,2023-04-16,18:00:00,evening,number_set,8 17 20 25 33 36,,https://www.vietlott.vn/vi/trung-thuong/ket-qua-trung-thuong/645?id=01030&nocatche=1,d91b08d37818ec11ca61a2697a98480454aeeaf77c6e1f01169bf1723d6014e9,2026-08-03T20:43:36+00:00
mega645,01031,2023-04-19,18:00:00,evening,number_set,10 27 37 40 42 43,,https://www.vietlott.vn/vi/trung-thuong/ket-qua-trung-thuong/645?id=01031&nocatche=1,11373421b714652369ffe4bd4d0e7d2f692b4c964f092792cb58550d6da20315,2026-08-03T20:43:36+00:00
mega645,01032,2023-04-21,18:00:00,evening,number_set,2 4 7 10 20 44,,https://www.vietlott.vn/vi/trung-thuong/ket-qua-trung-thuong/645?id=01032&nocatche=1,27c506eefe4435a2a1c7ae57d59512dcd4c7ed4b857af760d25b4860d442b332,2026-08-03T20:43:35+00:00
mega645,01033,2023-04-23,18:00:00,evening,number_set,1 2 22 30 37 42,,https://www.vietlott.vn/vi/trung-thuong/ket-qua-trung-thuong/645?id=01033&nocatche=1,cb512a0fa9915194b1a0415e2abcfa1c30b6a74ad8d4759aaff7c8b5b78ae096,2026-08-03T20:43:35+00:00
mega645,01034,2023-04-26,18:00:00,evening,number_set,1 4 7 9 34 37,,https://www.vietlott.vn/vi/trung-thuong/ket-qua-trung-thuong/645?id=01034&nocatche=1,d987a21a2c5840184bd7fe63bc09fcaf4eca1fc7a6f6e7fd8cdf22d8704936cb,2026-08-03T20:43:35+00:00
mega645,01035,2023-04-28,18:00:00,evening,number_set,5 11 25 33 42 44,,https://www.vietlott.vn/vi/trung-thuong/ket-qua-trung-thuong/645?id=01035&nocatche=1,fb78bbb9bf037a7bbae751ab54eb35d1e99c79cd2e1716a87ea0b5fed5228c54,2026-08-03T20:43:34+00:00
mega645,01036,2023-04-30,18:00:00,evening,number_set,7 9 23 24 33 36,,https://www.vietlott.vn/vi/trung-thuong/ket-qua-trung-thuong/645?id=01036&nocatche=1,9397afc0b15c16fa37f9f75bccea1c944a462c154fd7d5c04e4f505331f34c9c,2026-08-03T20:43:34+00:00
mega645,01037,2023-05-03,18:00:00,evening,number_set,18 23 28 29 39 44,,https://www.vietlott.vn/vi/trung-thuong/ket-qua-trung-thuong/645?id=01037&nocatche=1,df48af3bf3e3a8637f9b3735e3208923caaf2c034665cd3b3b15d123f8599ef3,2026-08-03T20:43:35+00:00
mega645,01038,2023-05-05,18:00:00,evening,number_set,22 28 31 35 36 38,,https://www.vietlott.vn/vi/trung-thuong/ket-qua-trung-thuong/645?id=01038&nocatche=1,ced22e8c7c42ab69df310d982ba504756aa68b5692097a37582cc4b256cd5de1,2026-08-03T20:43:34+00:00
mega645,01039,2023-05-07,18:00:00,evening,number_set,4 30 31 33 35 45,,https://www.vietlott.vn/vi/trung-thuong/ket-qua-trung-thuong/645?id=01039&nocatche=1,e9970975ff4a9e0f3f7f0881731a571bc961b165af4d3e3b820732adeccbb4ef,2026-08-03T20:43:33+00:00
mega645,01040,2023-05-10,18:00:00,evening,number_set,7 8 9 13 15 27,,https://www.vietlott.vn/vi/trung-thuong/ket-qua-trung-thuong/645?id=01040&nocatche=1,42e6f95e200a067c16ed058083cf90572044c44b7fc7d0e0229066b2fe0bfe77,2026-08-03T20:43:33+00:00
mega645,01041,2023-05-12,18:00:00,evening,number_set,2 6 8 9 15 27,,https://www.vietlott.vn/vi/trung-thuong/ket-qua-trung-thuong/645?id=01041&nocatche=1,fe410e47fea2c40d718d3aed205cb7e4996798324c2abca7e4a45c66cbb9d448,2026-08-03T20:43:33+00:00
mega645,01042,2023-05-14,18:00:00,evening,number_set,7 8 13 37 42 44,,https://www.vietlott.vn/vi/trung-thuong/ket-qua-trung-thuong/645?id=01042&nocatche=1,505a1c58e6ae7aaa701954200d506d2d225002ec6cef8637ada28bdf3174e78f,2026-08-03T20:43:33+00:00
mega645,01043,2023-05-17,18:00:00,evening,number_set,2 6 13 20 28 44,,https://www.vietlott.vn/vi/trung-thuong/ket-qua-trung-thuong/645?id=01043&nocatche=1,10eec4010b5445ff37ba3942a288e08c9afd3334d1a881acba3b687633c0e3f0,2026-08-03T20:43:24+00:00
mega645,01044,2023-05-19,18:00:00,evening,number_set,3 9 10 27 35 38,,https://www.vietlott.vn/vi/trung-thuong/ket-qua-trung-thuong/645?id=01044&nocatche=1,9db23ba1371f7db02672556f1eb5b9a7caeca42c86e91c8159d92abc02caf16d,2026-08-03T20:43:24+00:00
mega645,01045,2023-05-21,18:00:00,evening,number_set,8 10 17 19 24 41,,https://www.vietlott.vn/vi/trung-thuong/ket-qua-trung-thuong/645?id=01045&nocatche=1,4697a0e71496ffb95c2509966e80ebf7c9549dc63f9b322e9a53b1dd778d56c7,2026-08-03T20:43:24+00:00
mega645,01046,2023-05-24,18:00:00,evening,number_set,9 11 15 28 33 44,,https://www.vietlott.vn/vi/trung-thuong/ket-qua-trung-thuong/645?id=01046&nocatche=1,966f261b4d181b93552e4c1befa42ef19a3b6afb09cc7eadf28ad092efeaf4ec,2026-08-03T20:43:24+00:00
mega645,01047,2023-05-26,18:00:00,evening,number_set,8 10 19 25 35 44,,https://www.vietlott.vn/vi/trung-thuong/ket-qua-trung-thuong/645?id=01047&nocatche=1,edb6446590d7483c0a7fc23c87a86c0e86c1fc4066cb6f2af0199b5fc167299d,2026-08-03T20:43:23+00:00
mega645,01048,2023-05-28,18:00:00,evening,number_set,6 13 19 20 37 44,,https://www.vietlott.vn/vi/trung-thuong/ket-qua-trung-thuong/645?id=01048&nocatche=1,fbcc232202c03bf1e2abd8d0ddacd815ee8c680553bb46cbce90bae8e051db96,2026-08-03T20:43:23+00:00
mega645,01049,2023-05-31,18:00:00,evening,number_set,4 9 10 22 41 44,,https://www.vietlott.vn/vi/trung-thuong/ket-qua-trung-thuong/645?id=01049&nocatche=1,51c63ceb26cf86d18a5e47060c90db407873412c51c33a2bc790da75460ca1a2,2026-08-03T20:43:23+00:00
mega645,01050,2023-06-02,18:00:00,evening,number_set,3 11 14 19 21 43,,https://www.vietlott.vn/vi/trung-thuong/ket-qua-trung-thuong/645?id=01050&nocatche=1,7273cbc243c40ca3817b9caf9f29fb257488c575ff3ffad5a0bd15c8dda65a1a,2026-08-03T20:43:22+00:00
mega645,01051,2023-06-04,18:00:00,evening,number_set,3 15 19 35 36 43,,https://www.vietlott.vn/vi/trung-thuong/ket-qua-trung-thuong/645?id=01051&nocatche=1,9425dc1a5a5a399f97c5e143c3cb5c1155d9d7c0e721c9190a5d10005169cd2f,2026-08-03T20:43:22+00:00
mega645,01052,2023-06-07,18:00:00,evening,number_set,1 7 14 16 34 44,,https://www.vietlott.vn/vi/trung-thuong/ket-qua-trung-thuong/645?id=01052&nocatche=1,35967bc79e0671993adee61f3a386b1a99be12e213538246bd5aaed8e50420bf,2026-08-03T20:43:22+00:00
mega645,01053,2023-06-09,18:00:00,evening,number_set,15 16 23 25 40 41,,https://www.vietlott.vn/vi/trung-thuong/ket-qua-trung-thuong/645?id=01053&nocatche=1,c82cc921b64e1692eb78ed91b8914f7616615159e3f4de62601536412e5c91b8,2026-08-03T20:43:22+00:00
mega645,01054,2023-06-11,18:00:00,evening,number_set,5 18 22 40 41 44,,https://www.vietlott.vn/vi/trung-thuong/ket-qua-trung-thuong/645?id=01054&nocatche=1,dff9c0a5afda889cd45f04175fcefd275ac4ebc34ce5932e8d8f7a31fb3b7f3f,2026-08-03T20:43:22+00:00
mega645,01055,2023-06-14,18:00:00,evening,number_set,2 28 31 37 41 44,,https://www.vietlott.vn/vi/trung-thuong/ket-qua-trung-thuong/645?id=01055&nocatche=1,f74969176831154f2b30b5f949d49c1e9f4a502d1695edf04e0258aaf0e17939,2026-08-03T20:43:21+00:00
mega645,01056,2023-06-16,18:00:00,evening,number_set,24 26 32 37 38 41,,https://www.vietlott.vn/vi/trung-thuong/ket-qua-trung-thuong/645?id=01056&nocatche=1,8494cfe6fcc3760c37ed88b9b582ef3fa8b15873355057cfd42c6fb4e0476b9c,2026-08-03T20:43:21+00:00
mega645,01057,2023-06-18,18:00:00,evening,number_set,3 4 8 18 21 33,,https://www.vietlott.vn/vi/trung-thuong/ket-qua-trung-thuong/645?id=01057&nocatche=1,2ced06bdd6a95152b4bc21f6d0cfe7855fe7a7ca2189211a6ded882beb23ec96,2026-08-03T20:43:21+00:00
mega645,01058,2023-06-21,18:00:00,evening,number_set,7 13 19 35 37 38,,https://www.vietlott.vn/vi/trung-thuong/ket-qua-trung-thuong/645?id=01058&nocatche=1,9b38d11d568c5b20a800ee97ebd475a267c6b738a72d07553656064c2fbaf5d0,2026-08-03T20:43:21+00:00
mega645,01059,2023-06-23,18:00:00,evening,number_set,10 14 15 20 24 45,,https://www.vietlott.vn/vi/trung-thuong/ket-qua-trung-thuong/645?id=01059&nocatche=1,bc0b03bb8ca66a9d90f940b8d9aabe42806563a82757926e1751c2d720e8eb85,2026-08-03T20:43:20+00:00
mega645,01060,2023-06-25,18:00:00,evening,number_set,4 6 7 25 26 30,,https://www.vietlott.vn/vi/trung-thuong/ket-qua-trung-thuong/645?id=01060&nocatche=1,52d7bcbb021c3baf57ab31d719356c96141153252317e75f0739690bfd818498,2026-08-03T20:43:18+00:00
mega645,01061,2023-06-28,18:00:00,evening,number_set,4 8 24 31 42 45,,https://www.vietlott.vn/vi/trung-thuong/ket-qua-trung-thuong/645?id=01061&nocatche=1,3aa8b68efd0045f3881fc5c8f9b7d7865eb4c34798f09f51c57f1f6a1805f71c,2026-08-03T20:43:18+00:00
mega645,01062,2023-06-30,18:00:00,evening,number_set,2 5 20 23 31 38,,https://www.vietlott.vn/vi/trung-thuong/ket-qua-trung-thuong/645?id=01062&nocatche=1,5e4fa33198f461b5384160b87991675e58fed2f6fd3a491ffc3bfd62d59f40dd,2026-08-03T20:43:18+00:00
mega645,01063,2023-07-02,18:00:00,evening,number_set,3 5 8 17 37 41,,https://www.vietlott.vn/vi/trung-thuong/ket-qua-trung-thuong/645?id=01063&nocatche=1,8d01d202b07a466e7ed8c795555dd2ef9d6d864957653f3dd3aa592f10d8436e,2026-08-03T20:43:17+00:00
mega645,01064,2023-07-05,18:00:00,evening,number_set,1 12 24 27 36 44,,https://www.vietlott.vn/vi/trung-thuong/ket-qua-trung-thuong/645?id=01064&nocatche=1,9cbde4b7425107eaafe88924eec7999e6827c9bd37a3f9db91768f2a3d7c8334,2026-08-03T20:43:18+00:00
mega645,01065,2023-07-07,18:00:00,evening,number_set,5 9 12 20 37 42,,https://www.vietlott.vn/vi/trung-thuong/ket-qua-trung-thuong/645?id=01065&nocatche=1,454bea1ec1a2e30a0ee420e3fafb8b7a5e950a35d16e7f4eb3c7dd660fa4c379,2026-08-03T20:43:17+00:00
mega645,01066,2023-07-09,18:00:00,evening,number_set,14 16 27 28 33 41,,https://www.vietlott.vn/vi/trung-thuong/ket-qua-trung-thuong/645?id=01066&nocatche=1,7167028e866adf19fef9e4075e78799990108cddd67256ea1a53219e086b4fb6,2026-08-03T20:43:20+00:00
mega645,01067,2023-07-12,18:00:00,evening,number_set,19 24 27 31 33 43,,https://www.vietlott.vn/vi/trung-thuong/ket-qua-trung-thuong/645?id=01067&nocatche=1,dcdca8db9561730391b36c3df6297d7bdef2a65c50a87ed385e411db0af8f53c,2026-08-03T20:43:16+00:00
mega645,01068,2023-07-14,18:00:00,evening,number_set,4 5 13 19 27 37,,https://www.vietlott.vn/vi/trung-thuong/ket-qua-trung-thuong/645?id=01068&nocatche=1,be5deb7f84919f25340754af18c6972a04e9232c38c642effbbc7d87b2455d49,2026-08-03T20:43:16+00:00
mega645,01069,2023-07-16,18:00:00,evening,number_set,1 7 16 18 21 29,,https://www.vietlott.vn/vi/trung-thuong/ket-qua-trung-thuong/645?id=01069&nocatche=1,87b838e280b2d43fb3b047e7480bef5eea909a0ed760bdecfdd3769f0f630002,2026-08-03T20:43:16+00:00
mega645,01070,2023-07-19,18:00:00,evening,number_set,6 10 19 37 43 45,,https://www.vietlott.vn/vi/trung-thuong/ket-qua-trung-thuong/645?id=01070&nocatche=1,31317a8c5085f41088ac163dcc9f80acd7a6c0bdf3fb10610fec305f63ecebcc,2026-08-03T20:43:16+00:00
mega645,01071,2023-07-21,18:00:00,evening,number_set,9 20 31 33 36 45,,https://www.vietlott.vn/vi/trung-thuong/ket-qua-trung-thuong/645?id=01071&nocatche=1,37010442ae17e0eb5dd945f0458aad40b00776b0a69bd6d82b1aafe433f69fbb,2026-08-03T20:43:12+00:00
mega645,01072,2023-07-23,18:00:00,evening,number_set,14 17 23 32 33 43,,https://www.vietlott.vn/vi/trung-thuong/ket-qua-trung-thuong/645?id=01072&nocatche=1,fc2046ad20533a78ac76ad795f09c8a34e602ad17db8316a0ddad65c7c9b7959,2026-08-03T20:43:12+00:00
mega645,01073,2023-07-26,18:00:00,evening,number_set,4 13 18 21 29 37,,https://www.vietlott.vn/vi/trung-thuong/ket-qua-trung-thuong/645?id=01073&nocatche=1,dc63f6a68c7bb368af4cb62e3c19cae3bd11bc140965bf732aa88a5591cf44ba,2026-08-03T20:43:12+00:00
mega645,01074,2023-07-28,18:00:00,evening,number_set,7 27 28 30 31 35,,https://www.vietlott.vn/vi/trung-thuong/ket-qua-trung-thuong/645?id=01074&nocatche=1,88046f9d691f58797c40f06bbd91e0a87a0f6e23102a86a4618dd3a1650ce36f,2026-08-03T20:43:12+00:00
mega645,01075,2023-07-30,18:00:00,evening,number_set,3 17 23 33 42 45,,https://www.vietlott.vn/vi/trung-thuong/ket-qua-trung-thuong/645?id=01075&nocatche=1,00e254f4e30984039a415dbba5ec14042401eb402f21e0809509199fcda7f745,2026-08-03T20:43:07+00:00
mega645,01076,2023-08-02,18:00:00,evening,number_set,4 21 27 38 39 44,,https://www.vietlott.vn/vi/trung-thuong/ket-qua-trung-thuong/645?id=01076&nocatche=1,30054676cad43b8b88bcfd2395f8525d5dfe5dc7e5649214048160c4643144ce,2026-08-03T20:43:07+00:00
mega645,01077,2023-08-04,18:00:00,evening,number_set,2 12 22 38 41 44,,https://www.vietlott.vn/vi/trung-thuong/ket-qua-trung-thuong/645?id=01077&nocatche=1,d7e22f6bb738d9e9cd1fcbb3a0533d505a7baa4e8f869535fc1a95ed22e33619,2026-08-03T20:43:07+00:00
mega645,01078,2023-08-06,18:00:00,evening,number_set,4 15 19 25 30 38,,https://www.vietlott.vn/vi/trung-thuong/ket-qua-trung-thuong/645?id=01078&nocatche=1,2737e93e65d5e0dde0015ff94d5d4f01bbb12cedf0e263e3fdc702de4673ff8a,2026-08-03T20:43:07+00:00
mega645,01079,2023-08-09,18:00:00,evening,number_set,18 22 30 31 39 41,,https://www.vietlott.vn/vi/trung-thuong/ket-qua-trung-thuong/645?id=01079&nocatche=1,4532eab83ba6f27d0ab4e1a255f4a6603815f962888c507fdd1d53d89b80c3e3,2026-08-03T20:42:56+00:00
mega645,01080,2023-08-11,18:00:00,evening,number_set,16 21 26 29 30 45,,https://www.vietlott.vn/vi/trung-thuong/ket-qua-trung-thuong/645?id=01080&nocatche=1,accd9707bfb4b9f87a53a6d9a656005fe8c9fd34fc09e7142af42c22959fe868,2026-08-03T20:42:56+00:00
mega645,01081,2023-08-13,18:00:00,evening,number_set,9 15 23 33 35 40,,https://www.vietlott.vn/vi/trung-thuong/ket-qua-trung-thuong/645?id=01081&nocatche=1,c466f12aff320538d3436839b337f6b4a3c83af6338a2d42d98248517ea149e6,2026-08-03T20:42:56+00:00
mega645,01082,2023-08-16,18:00:00,evening,number_set,5 7 25 31 39 41,,https://www.vietlott.vn/vi/trung-thuong/ket-qua-trung-thuong/645?id=01082&nocatche=1,cb8138c8f595d2b19b27875caa14696bff4693e57ff2988b4fa4a09921402634,2026-08-03T20:42:56+00:00
mega645,01083,2023-08-18,18:00:00,evening,number_set,12 19 21 22 34 38,,https://www.vietlott.vn/vi/trung-thuong/ket-qua-trung-thuong/645?id=01083&nocatche=1,3653da5c4f0ff94965c2681b6bb1ff09dfbff681589610c0cb1e61d41fe28908,2026-08-03T20:42:55+00:00
mega645,01084,2023-08-20,18:00:00,evening,number_set,7 8 22 23 30 42,,https://www.vietlott.vn/vi/trung-thuong/ket-qua-trung-thuong/645?id=01084&nocatche=1,0cb7b088926e952b4e11accfff3c65a8daf12563598a9607eea86b3dc3e2a0df,2026-08-03T20:42:55+00:00
mega645,01085,2023-08-23,18:00:00,evening,number_set,5 14 18 19 29 31,,https://www.vietlott.vn/vi/trung-thuong/ket-qua-trung-thuong/645?id=01085&nocatche=1,e76ae525705b8db25dee9f85c7d8867945775744254c318ded74a30abbbe2ade,2026-08-03T20:42:55+00:00
mega645,01086,2023-08-25,18:00:00,evening,number_set,8 18 30 32 38 45,,https://www.vietlott.vn/vi/trung-thuong/ket-qua-trung-thuong/645?id=01086&nocatche=1,bcae10d6d48804521e43f59714c7b3aca29ac3ad6802d7c237bddaaef6c4b906,2026-08-03T20:42:55+00:00
mega645,01087,2023-08-27,18:00:00,evening,number_set,24 27 30 37 44 45,,https://www.vietlott.vn/vi/trung-thuong/ket-qua-trung-thuong/645?id=01087&nocatche=1,17443f4741a4868ccbc7db3ab6d7fd9140f3897c5bffe0bfd19774d4fed3a40b,2026-08-03T20:42:54+00:00
mega645,01088,2023-08-30,18:00:00,evening,number_set,13 17 20 28 30 33,,https://www.vietlott.vn/vi/trung-thuong/ket-qua-trung-thuong/645?id=01088&nocatche=1,a875cc544415e8e92c8daf5bb26a755b0f52b3c77fab123f4d75344180610d9d,2026-08-03T20:42:54+00:00
mega645,01089,2023-09-01,18:00:00,evening,number_set,9 14 16 19 28 41,,https://www.vietlott.vn/vi/trung-thuong/ket-qua-trung-thuong/645?id=01089&nocatche=1,90b2dc395954f410074f5e576ff0ff812c3e09e157e970cc33caba6fc810c786,2026-08-03T20:42:54+00:00
mega645,01090,2023-09-03,18:00:00,evening,number_set,1 33 38 39 44 45,,https://www.vietlott.vn/vi/trung-thuong/ket-qua-trung-thuong/645?id=01090&nocatche=1,3dc98b9bc35e4a4f3188753d3da67d4015207fe9e80c36caafca90c6aafd3619,2026-08-03T20:42:53+00:00
mega645,01091,2023-09-06,18:00:00,evening,number_set,3 4 12 18 19 29,,https://www.vietlott.vn/vi/trung-thuong/ket-qua-trung-thuong/645?id=01091&nocatche=1,91e0e188f410617a4b52e39994df67774603cb96ef46fc7769a0cb86dbbc2013,2026-08-03T20:42:54+00:00
mega645,01092,2023-09-08,18:00:00,evening,number_set,6 8 14 29 39 42,,https://www.vietlott.vn/vi/trung-thuong/ket-qua-trung-thuong/645?id=01092&nocatche=1,b2e947e567d8e115753bd541913ae6174715c4e43e2f42bd53903a5354054bdb,2026-08-03T20:42:53+00:00
mega645,01093,2023-09-10,18:00:00,evening,number_set,4 5 10 18 27 40,,https://www.vietlott.vn/vi/trung-thuong/ket-qua-trung-thuong/645?id=01093&nocatche=1,29cc7bae2aff9b14317a330473df6b5fb8bb27211f651d038ed84b751128b8b6,2026-08-03T20:42:53+00:00
mega645,01094,2023-09-13,18:00:00,evening,number_set,2 4 7 9 12 13,,https://www.vietlott.vn/vi/trung-thuong/ket-qua-trung-thuong/645?id=01094&nocatche=1,45b258c16c6267daad175061317cd93b3bac2c761588bd970aaf7c2bcae1f2df,2026-08-03T20:42:52+00:00
mega645,01095,2023-09-15,18:00:00,evening,number_set,2 3 5 7 10 38,,https://www.vietlott.vn/vi/trung-thuong/ket-qua-trung-thuong/645?id=01095&nocatche=1,bbaab5f195ae9ac47b0636d389dca8fc83c3a56c811bf4a4b0aa3d8cc4135c15,2026-08-03T20:42:52+00:00
mega645,01096,2023-09-17,18:00:00,evening,number_set,6 10 15 36 39 43,,https://www.vietlott.vn/vi/trung-thuong/ket-qua-trung-thuong/645?id=01096&nocatche=1,8bebaabd30e2912a5f1576b47f3d064004c8fda3004ac8d26230964b113df302,2026-08-03T20:42:52+00:00
mega645,01097,2023-09-20,18:00:00,evening,number_set,3 6 20 39 40 41,,https://www.vietlott.vn/vi/trung-thuong/ket-qua-trung-thuong/645?id=01097&nocatche=1,a1603b0e41bc80db40d1b12917710879c8b03c3d72842940932f3c41ba5a2baf,2026-08-03T20:42:52+00:00
mega645,01098,2023-09-22,18:00:00,evening,number_set,2 16 17 18 20 23,,https://www.vietlott.vn/vi/trung-thuong/ket-qua-trung-thuong/645?id=01098&nocatche=1,c5d11e23a0cdc56369913be6bc3d05b95ef042d5fc9b376dba0de7c2c0366223,2026-08-03T20:42:51+00:00
mega645,01099,2023-09-24,18:00:00,evening,number_set,4 8 23 27 30 36,,https://www.vietlott.vn/vi/trung-thuong/ket-qua-trung-thuong/645?id=01099&nocatche=1,8ef1657a4e2c8382f53cb14f5332cbf4094bf4a93d56af666e3d289a4b20b57b,2026-08-03T20:42:51+00:00
mega645,01100,2023-09-27,18:00:00,evening,number_set,3 12 22 30 37 39,,https://www.vietlott.vn/vi/trung-thuong/ket-qua-trung-thuong/645?id=01100&nocatche=1,131c7136644a19329b960d6b99c919ca595eaac8cc46ce2f8685f1eaa9204b38,2026-08-03T20:42:51+00:00
mega645,01101,2023-09-29,18:00:00,evening,number_set,2 8 24 27 30 43,,https://www.vietlott.vn/vi/trung-thuong/ket-qua-trung-thuong/645?id=01101&nocatche=1,83ffca474d7e210fbc4411fa62b672ccf1b9b805247478d7366d54ca8e6d98fe,2026-08-03T20:42:51+00:00
mega645,01102,2023-10-01,18:00:00,evening,number_set,2 11 13 16 41 43,,https://www.vietlott.vn/vi/trung-thuong/ket-qua-trung-thuong/645?id=01102&nocatche=1,d1fe2dc6f77e5861c5d18affe62898b16c497e80a280d914655dd9ba9cc8e577,2026-08-03T20:42:50+00:00
mega645,01103,2023-10-04,18:00:00,evening,number_set,7 17 21 32 40 45,,https://www.vietlott.vn/vi/trung-thuong/ket-qua-trung-thuong/645?id=01103&nocatche=1,8654fdc955c15d2cf0f1b251f82816c965849185f5c47e27b1b894597ae087b1,2026-08-03T20:42:50+00:00
mega645,01104,2023-10-06,18:00:00,evening,number_set,18 19 24 28 33 40,,https://www.vietlott.vn/vi/trung-thuong/ket-qua-trung-thuong/645?id=01104&nocatche=1,b5bc84694d749ac957db90767b33e4881086b6b043e7889efea0de6e80934748,2026-08-03T20:42:49+00:00
mega645,01105,2023-10-08,18:00:00,evening,number_set,4 16 22 28 33 39,,https://www.vietlott.vn/vi/trung-thuong/ket-qua-trung-thuong/645?id=01105&nocatche=1,e6485b70dbc0241ee98ef148672696c6d79215fdf4cac11f5f6808187503b4b6,2026-08-03T20:42:50+00:00
mega645,01106,2023-10-11,18:00:00,evening,number_set,5 10 30 40 44 45,,https://www.vietlott.vn/vi/trung-thuong/ket-qua-trung-thuong/645?id=01106&nocatche=1,5ccc5a5841bfb019fed02fb3790d54fa752dfc12de9215354735d435c50e24d6,2026-08-03T20:42:49+00:00
mega645,01107,2023-10-13,18:00:00,evening,number_set,1 11 16 39 40 45,,https://www.vietlott.vn/vi/trung-thuong/ket-qua-trung-thuong/645?id=01107&nocatche=1,c6330d12df1db2e5482c7eba4c2fe6390266ac48c8c39f0b52c893363b7eb82a,2026-08-03T20:42:49+00:00
mega645,01108,2023-10-15,18:00:00,evening,number_set,4 5 9 27 34 39,,https://www.vietlott.vn/vi/trung-thuong/ket-qua-trung-thuong/645?id=01108&nocatche=1,28796abed4e5b244c1a2cf58ebc8fa0a74fa9f86a17081834d17d67e9c41d0ed,2026-08-03T20:42:49+00:00
mega645,01109,2023-10-18,18:00:00,evening,number_set,2 7 18 20 24 29,,https://www.vietlott.vn/vi/trung-thuong/ket-qua-trung-thuong/645?id=01109&nocatche=1,449f9a8a72aaa64c9a7813946a7237d0d99572720e3bf61fb9eb1228ff8ffd62,2026-08-03T20:42:48+00:00
mega645,01110,2023-10-20,18:00:00,evening,number_set,4 16 21 24 26 37,,https://www.vietlott.vn/vi/trung-thuong/ket-qua-trung-thuong/645?id=01110&nocatche=1,fc4a53f4c31b97b70908d259c91ef206e393b095346338d25569374d42c58123,2026-08-03T20:42:48+00:00
mega645,01111,2023-10-22,18:00:00,evening,number_set,10 13 14 19 35 40,,https://www.vietlott.vn/vi/trung-thuong/ket-qua-trung-thuong/645?id=01111&nocatche=1,27d5e495915f2e284eccc4cad1f5d62863d485ddfbb2bb55913741cb803bba58,2026-08-03T20:42:48+00:00
mega645,01112,2023-10-25,18:00:00,evening,number_set,4 6 13 25 31 41,,https://www.vietlott.vn/vi/trung-thuong/ket-qua-trung-thuong/645?id=01112&nocatche=1,f74c0f50e5b8fea2ff5db99986e2dfa6ffa9fd58f09085e28bd1b951d3e79347,2026-08-03T20:42:48+00:00
mega645,01113,2023-10-27,18:00:00,evening,number_set,7 10 14 21 26 37,,https://www.vietlott.vn/vi/trung-thuong/ket-qua-trung-thuong/645?id=01113&nocatche=1,ec05d0d3c4d8fee496b8e9f0ee34e94a66523e3d0486cebacf36812845d6f340,2026-08-03T20:42:47+00:00
mega645,01114,2023-10-29,18:00:00,evening,number_set,5 7 15 21 32 45,,https://www.vietlott.vn/vi/trung-thuong/ket-qua-trung-thuong/645?id=01114&nocatche=1,5f51c49f255d4ed99c7382c35f6307e4ae046568a24ef16ddc99480054fe5f20,2026-08-03T20:42:47+00:00
mega645,01115,2023-11-01,18:00:00,evening,number_set,1 3 15 16 23 28,,https://www.vietlott.vn/vi/trung-thuong/ket-qua-trung-thuong/645?id=01115&nocatche=1,cbc6f4a9c6baac24e4277b586807d9467e6a9c83ca43a158a9dfc8cda9bee6b3,2026-08-03T20:42:47+00:00
mega645,01116,2023-11-03,18:00:00,evening,number_set,2 7 9 13 22 38,,https://www.vietlott.vn/vi/trung-thuong/ket-qua-trung-thuong/645?id=01116&nocatche=1,454d494612c67e8f02ca6751cfe8d47073cdf24245528d49ff38c0087eb92c9e,2026-08-03T20:42:46+00:00
mega645,01117,2023-11-05,18:00:00,evening,number_set,1 13 16 18 23 25,,https://www.vietlott.vn/vi/trung-thuong/ket-qua-trung-thuong/645?id=01117&nocatche=1,be95729d66fbb7942435385bd9e7ba49c4e91f021fee6a3519f806af306b79af,2026-08-03T20:42:45+00:00
mega645,01118,2023-11-08,18:00:00,evening,number_set,7 20 23 27 31 33,,https://www.vietlott.vn/vi/trung-thuong/ket-qua-trung-thuong/645?id=01118&nocatche=1,17920a7acad74aa886c93e6ee769768212e2cbfc85cb9e8fe5819c308bd2de36,2026-08-03T20:42:45+00:00
mega645,01119,2023-11-10,18:00:00,evening,number_set,1 4 10 13 14 44,,https://www.vietlott.vn/vi/trung-thuong/ket-qua-trung-thuong/645?id=01119&nocatche=1,405d31a8bc33292be44bb63f9cd063cfcb7698dbbdfc339b9242f412b2be63a3,2026-08-03T20:42:45+00:00
mega645,01120,2023-11-12,18:00:00,evening,number_set,2 4 10 15 27 31,,https://www.vietlott.vn/vi/trung-thuong/ket-qua-trung-thuong/645?id=01120&nocatche=1,d28e874bbc96c3e63ac164d6090439da89c28c51d16c742d960ff0b48f8cd4a6,2026-08-03T20:42:44+00:00
mega645,01121,2023-11-15,18:00:00,evening,number_set,2 3 12 16 30 37,,https://www.vietlott.vn/vi/trung-thuong/ket-qua-trung-thuong/645?id=01121&nocatche=1,9fe9ab8c5fbe6d1ecac54f3d5166d05e9fab8e6e118d81f82d59f2850d0dd3c1,2026-08-03T20:42:44+00:00
mega645,01122,2023-11-17,18:00:00,evening,number_set,16 20 25 26 36 41,,https://www.vietlott.vn/vi/trung-thuong/ket-qua-trung-thuong/645?id=01122&nocatche=1,4b2dbecb0be2ad68eef5af6197c51d9e59ef84112bf7df5e2b4159a2c4cd2bdc,2026-08-03T20:42:43+00:00
mega645,01123,2023-11-19,18:00:00,evening,number_set,1 3 19 20 26 34,,https://www.vietlott.vn/vi/trung-thuong/ket-qua-trung-thuong/645?id=01123&nocatche=1,9834e05ac326965850886c983b364e6156d06ef25c36dc6c409ec60a4d3ffd33,2026-08-03T20:42:44+00:00
mega645,01124,2023-11-22,18:00:00,evening,number_set,15 18 20 23 37 39,,https://www.vietlott.vn/vi/trung-thuong/ket-qua-trung-thuong/645?id=01124&nocatche=1,d8b0e311e79a1bdab3002743224d34c961c66524465cbf93e3ed63c01c4051bb,2026-08-03T20:42:42+00:00
mega645,01125,2023-11-24,18:00:00,evening,number_set,5 18 22 34 41 45,,https://www.vietlott.vn/vi/trung-thuong/ket-qua-trung-thuong/645?id=01125&nocatche=1,c7b0ae9bb2ed5f5a7c2431a2557962a8f31b1a697e41714cb454b9636f0d7fca,2026-08-03T20:42:41+00:00
mega645,01126,2023-11-26,18:00:00,evening,number_set,4 6 15 23 25 36,,https://www.vietlott.vn/vi/trung-thuong/ket-qua-trung-thuong/645?id=01126&nocatche=1,7d39a5bf7618dd577794f0466b53b73073b08324158aa42ca7047c16d4650acd,2026-08-03T20:42:41+00:00
mega645,01127,2023-11-29,18:00:00,evening,number_set,9 22 24 32 38 39,,https://www.vietlott.vn/vi/trung-thuong/ket-qua-trung-thuong/645?id=01127&nocatche=1,5c10c2bf588a7e3ac3c075b826e717833ae4676857fc021605a644d3167cb858,2026-08-03T20:42:40+00:00
mega645,01128,2023-12-01,18:00:00,evening,number_set,5 10 14 21 27 32,,https://www.vietlott.vn/vi/trung-thuong/ket-qua-trung-thuong/645?id=01128&nocatche=1,9d7fee5e8e3db42a9439e2e97a63b311dc6c500a232b89d07fb4bc1413a70179,2026-08-03T20:42:40+00:00
mega645,01129,2023-12-03,18:00:00,evening,number_set,12 14 16 21 29 32,,https://www.vietlott.vn/vi/trung-thuong/ket-qua-trung-thuong/645?id=01129&nocatche=1,a6591ff2999aa30c3677a6b12f318914c0ef8db757e4251af46f879b69dd367c,2026-08-03T20:42:40+00:00
mega645,01130,2023-12-06,18:00:00,evening,number_set,18 19 20 29 41 42,,https://www.vietlott.vn/vi/trung-thuong/ket-qua-trung-thuong/645?id=01130&nocatche=1,aa1a9665817cce357bc537afa8f1183283e231a2e356d1c845e4c0f5db85c6d4,2026-08-03T20:42:39+00:00
mega645,01131,2023-12-08,18:00:00,evening,number_set,11 15 16 17 42 43,,https://www.vietlott.vn/vi/trung-thuong/ket-qua-trung-thuong/645?id=01131&nocatche=1,7943d797935853baa0d92ed9f740ef15d47f352af849589c4e7357540cdc603f,2026-08-03T20:42:38+00:00
mega645,01132,2023-12-10,18:00:00,evening,number_set,9 10 11 17 41 44,,https://www.vietlott.vn/vi/trung-thuong/ket-qua-trung-thuong/645?id=01132&nocatche=1,5fa33fd679ffe5eaa605e772d480cddcd3997a219bb697080dee41319b91a0f7,2026-08-03T20:42:38+00:00
mega645,01133,2023-12-13,18:00:00,evening,number_set,3 7 11 20 28 44,,https://www.vietlott.vn/vi/trung-thuong/ket-qua-trung-thuong/645?id=01133&nocatche=1,4a5bbf1abae6745dda48e24afd4545674d4dd550ebbeee4ab9d2082ea02835d7,2026-08-03T20:42:37+00:00
mega645,01134,2023-12-15,18:00:00,evening,number_set,1 5 10 11 20 40,,https://www.vietlott.vn/vi/trung-thuong/ket-qua-trung-thuong/645?id=01134&nocatche=1,e49beff0b737ce8f5a4254ce2121830d640e7d7b27d3a19b2fc45eba6632ca57,2026-08-03T20:42:38+00:00
mega645,01135,2023-12-17,18:00:00,evening,number_set,3 7 18 20 31 33,,https://www.vietlott.vn/vi/trung-thuong/ket-qua-trung-thuong/645?id=01135&nocatche=1,e902db9d2943d7cbab1085ae467c9909e8ad3c168fa8a2b70c9a8e779d086626,2026-08-03T20:42:37+00:00
mega645,01136,2023-12-20,18:00:00,evening,number_set,5 15 16 21 22 32,,https://www.vietlott.vn/vi/trung-thuong/ket-qua-trung-thuong/645?id=01136&nocatche=1,d35adf2c1eab53822425f5a4b78bee841b5ed9b1ab15cd433ec97356a62a8d0c,2026-08-03T20:42:37+00:00
mega645,01137,2023-12-22,18:00:00,evening,number_set,2 12 14 16 34 38,,https://www.vietlott.vn/vi/trung-thuong/ket-qua-trung-thuong/645?id=01137&nocatche=1,71e9d6776fd3c31fc792cefad545be0b20f8b7566a06eb904255d3439633482e,2026-08-03T20:42:36+00:00
mega645,01138,2023-12-24,18:00:00,evening,number_set,1 2 5 24 40 43,,https://www.vietlott.vn/vi/trung-thuong/ket-qua-trung-thuong/645?id=01138&nocatche=1,18aed8b91f99eaefc4a89d4c60dc929781ec835517e3f457be688916f407dfd8,2026-08-03T20:42:36+00:00
mega645,01139,2023-12-27,18:00:00,evening,number_set,8 16 23 34 36 39,,https://www.vietlott.vn/vi/trung-thuong/ket-qua-trung-thuong/645?id=01139&nocatche=1,e6937b4884c1e2926b634289e4a8cd0f51b30c59fee038be0cf2d86137458425,2026-08-03T20:42:36+00:00
mega645,01140,2023-12-29,18:00:00,evening,number_set,16 20 22 35 37 39,,https://www.vietlott.vn/vi/trung-thuong/ket-qua-trung-thuong/645?id=01140&nocatche=1,4d107490bf6f04386d3918fe60e1c494a29fbdddf0f856fc57b5d6cedab24d35,2026-08-03T20:42:35+00:00
mega645,01141,2023-12-31,18:00:00,evening,number_set,13 14 23 25 34 44,,https://www.vietlott.vn/vi/trung-thuong/ket-qua-trung-thuong/645?id=01141&nocatche=1,665d1f9df2cdb1623b9e5d7ee2b1746f459839af6f76156f492f2b9776e1f528,2026-08-03T20:42:36+00:00
mega645,01142,2024-01-03,18:00:00,evening,number_set,9 14 19 20 29 40,,https://www.vietlott.vn/vi/trung-thuong/ket-qua-trung-thuong/645?id=01142&nocatche=1,ba4df040e8b3eb08e2f877e33964d541ca0d27168f7bd7c5a331d22d65f82fc0,2026-08-03T20:42:36+00:00
mega645,01143,2024-01-05,18:00:00,evening,number_set,9 16 29 31 33 42,,https://www.vietlott.vn/vi/trung-thuong/ket-qua-trung-thuong/645?id=01143&nocatche=1,16c27ee3e850acee1693947653a1fd9e0651ce9ec902a1ef3e7f8da5bea94785,2026-08-03T20:42:35+00:00
mega645,01144,2024-01-07,18:00:00,evening,number_set,3 4 15 18 36 45,,https://www.vietlott.vn/vi/trung-thuong/ket-qua-trung-thuong/645?id=01144&nocatche=1,94caa1f7836256b1887c2be493c7d50d035ff691dcee564087e33c2374aef342,2026-08-03T20:42:34+00:00
mega645,01145,2024-01-10,18:00:00,evening,number_set,10 12 18 19 29 43,,https://www.vietlott.vn/vi/trung-thuong/ket-qua-trung-thuong/645?id=01145&nocatche=1,38725b6d46599836d77469692dcd9b59a2dbb3e2988292525764a43bc3c2e7ea,2026-08-03T20:42:27+00:00
mega645,01146,2024-01-12,18:00:00,evening,number_set,10 11 20 27 39 43,,https://www.vietlott.vn/vi/trung-thuong/ket-qua-trung-thuong/645?id=01146&nocatche=1,9f450d5906283db6274535aff069f11bd2acd23a9a089da990d83bbb97adbb28,2026-08-03T20:42:34+00:00
mega645,01147,2024-01-14,18:00:00,evening,number_set,2 8 19 20 24 42,,https://www.vietlott.vn/vi/trung-thuong/ket-qua-trung-thuong/645?id=01147&nocatche=1,8098405fb63d83ef2dbc59eb0686a1bebd8b12d41be846f45f262202192f94f4,2026-08-03T20:42:34+00:00
mega645,01148,2024-01-17,18:00:00,evening,number_set,14 19 21 36 43 44,,https://www.vietlott.vn/vi/trung-thuong/ket-qua-trung-thuong/645?id=01148&nocatche=1,d16644fb750d11572720605e3d19a96c1a59686d94e4a95563ca03c0f686e23e,2026-08-03T20:42:34+00:00
mega645,01149,2024-01-19,18:00:00,evening,number_set,8 15 20 24 43 44,,https://www.vietlott.vn/vi/trung-thuong/ket-qua-trung-thuong/645?id=01149&nocatche=1,a8a22ef3ab9a3bec82a1b5563f3ad80471eb16794b735c8bba216c79294feecb,2026-08-03T20:42:26+00:00
mega645,01150,2024-01-21,18:00:00,evening,number_set,11 20 22 23 26 31,,https://www.vietlott.vn/vi/trung-thuong/ket-qua-trung-thuong/645?id=01150&nocatche=1,e2edc7d0175bce2a347f95d3a0720e635043ccfb223fc763595084c3bc4e0a60,2026-08-03T20:42:26+00:00
mega645,01151,2024-01-24,18:00:00,evening,number_set,7 27 30 36 39 45,,https://www.vietlott.vn/vi/trung-thuong/ket-qua-trung-thuong/645?id=01151&nocatche=1,638c144a69cd647a0ee29e2cfd287609a84f1e63c086c7a06208d4c55f1b743c,2026-08-03T20:42:25+00:00
mega645,01152,2024-01-26,18:00:00,evening,number_set,8 19 22 27 31 35,,https://www.vietlott.vn/vi/trung-thuong/ket-qua-trung-thuong/645?id=01152&nocatche=1,242e4ef1bd52f3abacb2b505954421d83c49202fafa6f9247a7d544c458ed129,2026-08-03T20:42:25+00:00
mega645,01153,2024-01-28,18:00:00,evening,number_set,3 23 25 29 36 41,,https://www.vietlott.vn/vi/trung-thuong/ket-qua-trung-thuong/645?id=01153&nocatche=1,f7b300e70e94162ed948a8b75d57b2e7a0083b1973ed96e62006a9073c26d455,2026-08-03T20:42:24+00:00
mega645,01154,2024-01-31,18:00:00,evening,number_set,9 11 15 35 38 41,,https://www.vietlott.vn/vi/trung-thuong/ket-qua-trung-thuong/645?id=01154&nocatche=1,807e1c228ad095036c3bb948d6c3727215dab4e90ebf575906880766cfba588a,2026-08-03T20:42:24+00:00
mega645,01155,2024-02-02,18:00:00,evening,number_set,1 15 29 31 32 34,,https://www.vietlott.vn/vi/trung-thuong/ket-qua-trung-thuong/645?id=01155&nocatche=1,627c1385ee7dc6ffac541854469c965039c77fa195e95e76fb0d1b99acc08189,2026-08-03T20:42:23+00:00
mega645,01156,2024-02-04,18:00:00,evening,number_set,9 15 21 29 33 39,,https://www.vietlott.vn/vi/trung-thuong/ket-qua-trung-thuong/645?id=01156&nocatche=1,bc8b8cb68e21e352296f49b2daed253a003ebdb87b3c8b89ee1f0345ec509d48,2026-08-03T20:42:23+00:00
mega645,01157,2024-02-07,18:00:00,evening,number_set,17 21 24 25 39 42,,https://www.vietlott.vn/vi/trung-thuong/ket-qua-trung-thuong/645?id=01157&nocatche=1,aa6a8b3a5a423e71690428f67d3c199609555d587653cd75526463c7c0c62ba5,2026-08-03T20:42:22+00:00
mega645,01158,2024-02-11,18:00:00,evening,number_set,7 18 31 33 35 41,,https://www.vietlott.vn/vi/trung-thuong/ket-qua-trung-thuong/645?id=01158&nocatche=1,b3b6a199acd46d1d1634c6622a9e9338c23a7bc9093727e299d7558e4274cd56,2026-08-03T20:42:22+00:00
mega645,01159,2024-02-14,18:00:00,evening,number_set,8 9 11 12 40 44,,https://www.vietlott.vn/vi/trung-thuong/ket-qua-trung-thuong/645?id=01159&nocatche=1,9c793d894e210c9ce995641b4c62b13dc697858540469327c3f519e2d20dd27d,2026-08-03T20:42:21+00:00
mega645,01160,2024-02-16,18:00:00,evening,number_set,6 10 16 20 40 42,,https://www.vietlott.vn/vi/trung-thuong/ket-qua-trung-thuong/645?id=01160&nocatche=1,1a62a522bafd43bb9289675e897f5c14b5aa10f7a86417838855b5f65faeee9e,2026-08-03T20:42:22+00:00
mega645,01161,2024-02-18,18:00:00,evening,number_set,5 19 20 21 24 40,,https://www.vietlott.vn/vi/trung-thuong/ket-qua-trung-thuong/645?id=01161&nocatche=1,2573225ada68d9436e063221771f5ad2ee4ec07e1d15062a8ac672f23e55655d,2026-08-03T20:42:20+00:00
mega645,01162,2024-02-21,18:00:00,evening,number_set,2 8 14 19 24 42,,https://www.vietlott.vn/vi/trung-thuong/ket-qua-trung-thuong/645?id=01162&nocatche=1,c2e9c7e1c1fa5648138673c05d6bf062696a344c2c0b0d9493035d43c052aaca,2026-08-03T20:42:20+00:00
mega645,01163,2024-02-23,18:00:00,evening,number_set,4 17 19 27 28 36,,https://www.vietlott.vn/vi/trung-thuong/ket-qua-trung-thuong/645?id=01163&nocatche=1,b08e8454965d5696f8453aa8147c06f82b97355b1e931ee6dd9b8de5dddb7250,2026-08-03T20:42:20+00:00
mega645,01164,2024-02-25,18:00:00,evening,number_set,5 7 10 12 15 26,,https://www.vietlott.vn/vi/trung-thuong/ket-qua-trung-thuong/645?id=01164&nocatche=1,0b3130ea7bf03e1abcc9bd605d8d24e5380681eea91779c09d9f83b8f17e6348,2026-08-03T20:42:19+00:00
mega645,01165,2024-02-28,18:00:00,evening,number_set,1 10 21 25 32 39,,https://www.vietlott.vn/vi/trung-thuong/ket-qua-trung-thuong/645?id=01165&nocatche=1,945a5d850a7226a26ad254d93f77664f392068b0b030ebc0a7357e5487dc10c6,2026-08-03T20:42:19+00:00
mega645,01166,2024-03-01,18:00:00,evening,number_set,20 22 24 26 28 37,,https://www.vietlott.vn/vi/trung-thuong/ket-qua-trung-thuong/645?id=01166&nocatche=1,e305b9698002d46007334c2525c54994fda90a3fa0b9e1f5afdadf91efd5f7c8,2026-08-03T20:42:19+00:00
mega645,01167,2024-03-03,18:00:00,evening,number_set,3 10 17 20 22 27,,https://www.vietlott.vn/vi/trung-thuong/ket-qua-trung-thuong/645?id=01167&nocatche=1,aca9bdd268d57212e767be2a36e0ce90a8f40e9605bb9a890b33193fbf398414,2026-08-03T20:42:19+00:00
mega645,01168,2024-03-06,18:00:00,evening,number_set,11 15 34 39 41 43,,https://www.vietlott.vn/vi/trung-thuong/ket-qua-trung-thuong/645?id=01168&nocatche=1,3f1985b7374c7cf4fed01319670c544cc9472b732186a3f838f53ffe75519b2c,2026-08-03T20:42:18+00:00
mega645,01169,2024-03-08,18:00:00,evening,number_set,2 26 28 40 41 45,,https://www.vietlott.vn/vi/trung-thuong/ket-qua-trung-thuong/645?id=01169&nocatche=1,a0a9925a65c59842b6a717091451499bb81448b4742ba6e8b799b6ee18ff9af6,2026-08-03T20:42:11+00:00
mega645,01170,2024-03-10,18:00:00,evening,number_set,4 12 19 23 36 41,,https://www.vietlott.vn/vi/trung-thuong/ket-qua-trung-thuong/645?id=01170&nocatche=1,c9ae81004ce0e3a20705fd32a16c271c01e18454b18028aabcb94e5f26d98bf3,2026-08-03T20:42:11+00:00
mega645,01171,2024-03-13,18:00:00,evening,number_set,1 13 25 30 34 40,,https://www.vietlott.vn/vi/trung-thuong/ket-qua-trung-thuong/645?id=01171&nocatche=1,43a4eaff28e4fbd504528035e82d25618a1961064d2cb68f25c08c0f7be5cf56,2026-08-03T20:42:11+00:00
mega645,01172,2024-03-15,18:00:00,evening,number_set,9 11 16 29 31 33,,https://www.vietlott.vn/vi/trung-thuong/ket-qua-trung-thuong/645?id=01172&nocatche=1,f7f90e31d267853edad651464969075ccec2abaf1e13026aec6bd7d4eab96635,2026-08-03T20:42:11+00:00
mega645,01173,2024-03-17,18:00:00,evening,number_set,1 3 5 26 30 42,,https://www.vietlott.vn/vi/trung-thuong/ket-qua-trung-thuong/645?id=01173&nocatche=1,7345f1097ed0b861234b7ee41dda57ad203d18db7f54df86b30d82072363f582,2026-08-03T20:42:10+00:00
mega645,01174,2024-03-20,18:00:00,evening,number_set,8 14 26 28 43 45,,https://www.vietlott.vn/vi/trung-thuong/ket-qua-trung-thuong/645?id=01174&nocatche=1,dbcd661a6d72834cdfe81ff04990c5cb6315d277589b672a1c8d658e33740274,2026-08-03T20:42:10+00:00
mega645,01175,2024-03-22,18:00:00,evening,number_set,5 6 11 20 24 45,,https://www.vietlott.vn/vi/trung-thuong/ket-qua-trung-thuong/645?id=01175&nocatche=1,94da58cb86b0a28bbe9593ded74b36f3cb75e6357baff5eeb0a0df9e02940386,2026-08-03T20:42:10+00:00
mega645,01176,2024-03-24,18:00:00,evening,number_set,1 14 22 28 32 42,,https://www.vietlott.vn/vi/trung-thuong/ket-qua-trung-thuong/645?id=01176&nocatche=1,ab99e80115a51d285dd6c8709e2eae2e5e184f25c0389e3afc10d95cb58e8981,2026-08-03T20:42:10+00:00
mega645,01177,2024-03-27,18:00:00,evening,number_set,6 29 31 35 42 44,,https://www.vietlott.vn/vi/trung-thuong/ket-qua-trung-thuong/645?id=01177&nocatche=1,81d5ba4d214e7c2e7d05fbbd1b0fc012b9e4aaa2bec966be9a657a682db3ede1,2026-08-03T20:42:09+00:00
mega645,01178,2024-03-29,18:00:00,evening,number_set,4 7 25 34 35 38,,https://www.vietlott.vn/vi/trung-thuong/ket-qua-trung-thuong/645?id=01178&nocatche=1,f35e3341af33cf105c97a7656c93f3269acf818177bfdb578470e5854d4d370c,2026-08-03T20:42:09+00:00
mega645,01179,2024-03-31,18:00:00,evening,number_set,5 12 13 17 40 41,,https://www.vietlott.vn/vi/trung-thuong/ket-qua-trung-thuong/645?id=01179&nocatche=1,46f0cf864dbe486b5a422de8278b811dc2e1e74420220bf16cb2d61b6cd22774,2026-08-03T20:42:09+00:00
mega645,01180,2024-04-03,18:00:00,evening,number_set,7 11 14 22 29 34,,https://www.vietlott.vn/vi/trung-thuong/ket-qua-trung-thuong/645?id=01180&nocatche=1,a53e0e429c0bc8cd2b12b7f7c9c9ea58aae1bcd26e049b0680a6a344b9506aee,2026-08-03T20:42:09+00:00
mega645,01181,2024-04-05,18:00:00,evening,number_set,14 18 22 29 36 37,,https://www.vietlott.vn/vi/trung-thuong/ket-qua-trung-thuong/645?id=01181&nocatche=1,b3ee4cc83fe5c19ac28ceebe0916fece38a9c2679f41c6a23a4df9d10799b1c1,2026-08-03T20:42:08+00:00
mega645,01182,2024-04-07,18:00:00,evening,number_set,3 11 15 17 24 35,,https://www.vietlott.vn/vi/trung-thuong/ket-qua-trung-thuong/645?id=01182&nocatche=1,4f8aaef216db51d00ce35c242d6f4267e1b94c81cf79d11a090520fb03c917d9,2026-08-03T20:42:09+00:00
mega645,01183,2024-04-10,18:00:00,evening,number_set,2 10 30 33 34 40,,https://www.vietlott.vn/vi/trung-thuong/ket-qua-trung-thuong/645?id=01183&nocatche=1,cef78fe7d307f62e336f4c23244c51866fbca141f8794c9f3ab20f75205d1ce6,2026-08-03T20:42:08+00:00
mega645,01184,2024-04-12,18:00:00,evening,number_set,6 17 18 26 43 45,,https://www.vietlott.vn/vi/trung-thuong/ket-qua-trung-thuong/645?id=01184&nocatche=1,81015410cea840d0a208d7ce6f23080a6e5ad113892e7a04eb25673d0f28ecc3,2026-08-03T20:42:07+00:00
mega645,01185,2024-04-14,18:00:00,evening,number_set,7 12 16 29 42 45,,https://www.vietlott.vn/vi/trung-thuong/ket-qua-trung-thuong/645?id=01185&nocatche=1,33edc6006d1a206cbe338aa8ad69bf6b7aff721df9acc18311b3b850506cb533,2026-08-03T20:42:17+00:00
mega645,01186,2024-04-17,18:00:00,evening,number_set,9 16 26 27 32 41,,https://www.vietlott.vn/vi/trung-thuong/ket-qua-trung-thuong/645?id=01186&nocatche=1,f3fe0d72dd234dc87371fcf8f4e73bb0fababaa21343e275b4cb6bfb1f9fe476,2026-08-03T20:42:17+00:00
mega645,01187,2024-04-19,18:00:00,evening,number_set,2 3 20 21 32 33,,https://www.vietlott.vn/vi/trung-thuong/ket-qua-trung-thuong/645?id=01187&nocatche=1,0a65d72d7e8968968ab56a935a714d6582863bfac66f8fada809aa2e9c459a14,2026-08-03T20:42:17+00:00
mega645,01188,2024-04-21,18:00:00,evening,number_set,7 21 36 38 40 45,,https://www.vietlott.vn/vi/trung-thuong/ket-qua-trung-thuong/645?id=01188&nocatche=1,abaa382f3faf1cd267c4145f01d7ad56acd1aa9952711b8192c0b7a7e97f369c,2026-08-03T20:42:17+00:00
mega645,01189,2024-04-24,18:00:00,evening,number_set,7 21 30 33 38 39,,https://www.vietlott.vn/vi/trung-thuong/ket-qua-trung-thuong/645?id=01189&nocatche=1,c6a01ab6e26b52219d50615ec492401568877c5e89ec30ea73e93e3798b0c1ce,2026-08-03T20:42:16+00:00
mega645,01190,2024-04-26,18:00:00,evening,number_set,2 3 25 34 35 38,,https://www.vietlott.vn/vi/trung-thuong/ket-qua-trung-thuong/645?id=01190&nocatche=1,5c98c0f7892f7d936890f3d90bbbcccd9695a0314fb47b97e703eb6e7e1a6a3a,2026-08-03T20:42:16+00:00
mega645,01191,2024-04-28,18:00:00,evening,number_set,1 13 14 22 23 37,,https://www.vietlott.vn/vi/trung-thuong/ket-qua-trung-thuong/645?id=01191&nocatche=1,7546afdef109f4d17ca409ac6520125f1191a18d6e73a766674cc7decb973262,2026-08-03T20:42:16+00:00
mega645,01192,2024-05-01,18:00:00,evening,number_set,7 9 17 20 25 29,,https://www.vietlott.vn/vi/trung-thuong/ket-qua-trung-thuong/645?id=01192&nocatche=1,ad700c0f036e41efce4a6bd81e0c9e546651830ed59489035af09303ab9c79e0,2026-08-03T20:42:16+00:00
mega645,01193,2024-05-03,18:00:00,evening,number_set,1 13 14 21 27 43,,https://www.vietlott.vn/vi/trung-thuong/ket-qua-trung-thuong/645?id=01193&nocatche=1,46e3f74a9bbcac8e8e98d0ee9283c131417c9b7afba5c14f1493a8ba64b632be,2026-08-03T20:42:13+00:00
mega645,01194,2024-05-05,18:00:00,evening,number_set,10 12 14 16 21 39,,https://www.vietlott.vn/vi/trung-thuong/ket-qua-trung-thuong/645?id=01194&nocatche=1,8ab97d4cb8ddbea7d3228eb914cd11883b11770001495fe000d68bfa2c9fdf9e,2026-08-03T20:42:13+00:00
mega645,01195,2024-05-08,18:00:00,evening,number_set,2 10 13 22 30 34,,https://www.vietlott.vn/vi/trung-thuong/ket-qua-trung-thuong/645?id=01195&nocatche=1,bf679ce0906060344e769aa9e007e41aa384e46bf6e437515f1216ed83aed94d,2026-08-03T20:42:13+00:00
mega645,01196,2024-05-10,18:00:00,evening,number_set,12 13 31 38 42 43,,https://www.vietlott.vn/vi/trung-thuong/ket-qua-trung-thuong/645?id=01196&nocatche=1,a24f268469de212fee0f3c5b453722e5926e1c627b806d0098b1525d2b4599dd,2026-08-03T20:42:12+00:00
mega645,01197,2024-05-12,18:00:00,evening,number_set,3 5 6 9 32 45,,https://www.vietlott.vn/vi/trung-thuong/ket-qua-trung-thuong/645?id=01197&nocatche=1,ae3c63495a70a42361ff0c2a97feb4d26ac6dcc544b4686c636ccd2e32c92be1,2026-08-03T20:42:12+00:00
mega645,01198,2024-05-15,18:00:00,evening,number_set,3 11 13 21 24 34,,https://www.vietlott.vn/vi/trung-thuong/ket-qua-trung-thuong/645?id=01198&nocatche=1,0eda4669ba0870225de7efaba9f91e26604967c61b5f1cda15c7800827272c09,2026-08-03T20:42:12+00:00
mega645,01199,2024-05-17,18:00:00,evening,number_set,8 22 27 29 39 43,,https://www.vietlott.vn/vi/trung-thuong/ket-qua-trung-thuong/645?id=01199&nocatche=1,2bf2f4af7bb08729d3a2c8af354a1db20eec2c6f457fe841d3769b700be41181,2026-08-03T20:42:12+00:00
mega645,01200,2024-05-19,18:00:00,evening,number_set,5 19 25 35 37 39,,https://www.vietlott.vn/vi/trung-thuong/ket-qua-trung-thuong/645?id=01200&nocatche=1,924d0da66bb8d123a8d10dae6706032c953bf99e56025e770fb294457b019c85,2026-08-03T20:42:12+00:00
mega645,01201,2024-05-22,18:00:00,evening,number_set,2 3 10 22 41 43,,https://www.vietlott.vn/vi/trung-thuong/ket-qua-trung-thuong/645?id=01201&nocatche=1,0a8fd2acb734048710ca231ac8bf5f9187a1abde28aca19577cef00567bb80fb,2026-08-03T20:42:07+00:00
mega645,01202,2024-05-24,18:00:00,evening,number_set,2 14 15 17 23 40,,https://www.vietlott.vn/vi/trung-thuong/ket-qua-trung-thuong/645?id=01202&nocatche=1,0cea887d3b13ca33bde2294acd14612594a353e3bd5cfc5a312e89d8833d7fb9,2026-08-03T20:42:07+00:00
mega645,01203,2024-05-26,18:00:00,evening,number_set,4 9 11 14 19 27,,https://www.vietlott.vn/vi/trung-thuong/ket-qua-trung-thuong/645?id=01203&nocatche=1,795f404ec1a1033ef5fbbb170d4c9a892f762470001683ff6ca46a12b2345f05,2026-08-03T20:42:07+00:00
mega645,01204,2024-05-29,18:00:00,evening,number_set,4 21 25 27 35 39,,https://www.vietlott.vn/vi/trung-thuong/ket-qua-trung-thuong/645?id=01204&nocatche=1,abbee782cf06d3fcb1c1a190e01c2011b6063a3cd89a2225d46500a9fd76fab5,2026-08-03T20:42:06+00:00
mega645,01205,2024-05-31,18:00:00,evening,number_set,4 8 15 23 31 40,,https://www.vietlott.vn/vi/trung-thuong/ket-qua-trung-thuong/645?id=01205&nocatche=1,14b6119e030a49d75116003182744a43df14c36fc42027ca16d3ba57ef988c93,2026-08-03T20:42:06+00:00
mega645,01206,2024-06-02,18:00:00,evening,number_set,2 7 13 23 25 45,,https://www.vietlott.vn/vi/trung-thuong/ket-qua-trung-thuong/645?id=01206&nocatche=1,5a414898a8acb58f6ab96fd3eb54d3957fe7b4f90c901197262eda1a2665af5b,2026-08-03T20:42:06+00:00
mega645,01207,2024-06-05,18:00:00,evening,number_set,11 25 28 33 34 45,,https://www.vietlott.vn/vi/trung-thuong/ket-qua-trung-thuong/645?id=01207&nocatche=1,b1ab55cb04335a7da5a54aa3a59154f5f0bb1c5b38067f51c508580288139e08,2026-08-03T20:42:06+00:00
mega645,01208,2024-06-07,18:00:00,evening,number_set,15 19 24 25 27 39,,https://www.vietlott.vn/vi/trung-thuong/ket-qua-trung-thuong/645?id=01208&nocatche=1,0203743389cf7d5ccc815dca5dc23d32d40974d3291c6f851f3190f2b94f46a4,2026-08-03T20:41:58+00:00
mega645,01209,2024-06-09,18:00:00,evening,number_set,4 5 28 32 37 42,,https://www.vietlott.vn/vi/trung-thuong/ket-qua-trung-thuong/645?id=01209&nocatche=1,22135af2090c3385cb8b92694da5ac2539693e3c0b96a3e5d6fd64f0c7bc2c42,2026-08-03T20:41:58+00:00
mega645,01210,2024-06-12,18:00:00,evening,number_set,1 2 8 13 26 34,,https://www.vietlott.vn/vi/trung-thuong/ket-qua-trung-thuong/645?id=01210&nocatche=1,9f181216faab2a8f39f09dafa96478d48289a6599ae18ff5444ce91fd4bc67ad,2026-08-03T20:41:58+00:00
mega645,01211,2024-06-14,18:00:00,evening,number_set,10 24 25 26 30 41,,https://www.vietlott.vn/vi/trung-thuong/ket-qua-trung-thuong/645?id=01211&nocatche=1,5bb92af96d6601848f2afeb45fc8486c9d8978d56ed7501bbcb65528ae6684b8,2026-08-03T20:41:57+00:00
mega645,01212,2024-06-16,18:00:00,evening,number_set,3 16 17 18 25 37,,https://www.vietlott.vn/vi/trung-thuong/ket-qua-trung-thuong/645?id=01212&nocatche=1,5a8f887eeef4d9a63f291f8e92f8b04a4a103d1d6100fbbc2543ca6eca44f8c2,2026-08-03T20:41:58+00:00
mega645,01213,2024-06-19,18:00:00,evening,number_set,8 12 17 23 26 27,,https://www.vietlott.vn/vi/trung-thuong/ket-qua-trung-thuong/645?id=01213&nocatche=1,bffb44a506f66fb68a4035382410b271621b1cff022050495ad514ce869713d7,2026-08-03T20:41:57+00:00
mega645,01214,2024-06-21,18:00:00,evening,number_set,3 7 11 16 19 35,,https://www.vietlott.vn/vi/trung-thuong/ket-qua-trung-thuong/645?id=01214&nocatche=1,6bc779f7d0941bfe22afb419eebb324a1df58ba8a46099dcc1100f59b1fcfbba,2026-08-03T20:41:57+00:00
mega645,01215,2024-06-23,18:00:00,evening,number_set,9 11 19 29 31 44,,https://www.vietlott.vn/vi/trung-thuong/ket-qua-trung-thuong/645?id=01215&nocatche=1,a396ccf65a25a75451beaf2b08cf283ed7d8c2fc492c437c4010e0593ef36baa,2026-08-03T20:41:55+00:00
mega645,01216,2024-06-26,18:00:00,evening,number_set,8 10 29 30 33 40,,https://www.vietlott.vn/vi/trung-thuong/ket-qua-trung-thuong/645?id=01216&nocatche=1,cac91d3e7b8db6f176d68238422c100613075a6cc28085ce799f87eadf0b668a,2026-08-03T20:41:55+00:00
mega645,01217,2024-06-28,18:00:00,evening,number_set,4 6 16 32 41 44,,https://www.vietlott.vn/vi/trung-thuong/ket-qua-trung-thuong/645?id=01217&nocatche=1,fb4a92107c841f2febbb679043889c7aa2ac7b7f83d52161f906d7d1de97a227,2026-08-03T20:42:15+00:00
mega645,01218,2024-06-30,18:00:00,evening,number_set,5 23 25 28 30 43,,https://www.vietlott.vn/vi/trung-thuong/ket-qua-trung-thuong/645?id=01218&nocatche=1,2956234ae77e34d4d2a0a99601c8b8c198a7d09d97700e5a512c80edf43b68b7,2026-08-03T20:42:15+00:00
mega645,01219,2024-07-03,18:00:00,evening,number_set,11 18 24 34 38 43,,https://www.vietlott.vn/vi/trung-thuong/ket-qua-trung-thuong/645?id=01219&nocatche=1,2d95f3a6196ed9b9c48361b58808a4565602174e749bed73c78a38e3e4a2d074,2026-08-03T20:42:15+00:00
mega645,01220,2024-07-05,18:00:00,evening,number_set,4 23 33 38 40 44,,https://www.vietlott.vn/vi/trung-thuong/ket-qua-trung-thuong/645?id=01220&nocatche=1,cb0b10b16d6389050be95134806df352bc5ef38413567580e92d28605903ce06,2026-08-03T20:42:14+00:00
mega645,01221,2024-07-07,18:00:00,evening,number_set,4 8 22 23 26 45,,https://www.vietlott.vn/vi/trung-thuong/ket-qua-trung-thuong/645?id=01221&nocatche=1,82876bfb09504c66f8def80445cb9e0f021f5ac4994be7cf57a3219f5242a4b0,2026-08-03T20:42:15+00:00
mega645,01222,2024-07-10,18:00:00,evening,number_set,23 24 36 37 40 45,,https://www.vietlott.vn/vi/trung-thuong/ket-qua-trung-thuong/645?id=01222&nocatche=1,fa9326ad1c7529ce827183fd71ad4ec42e0d7da3a5501e231b18610b991c3582,2026-08-03T20:42:14+00:00
mega645,01223,2024-07-12,18:00:00,evening,number_set,11 17 25 26 28 29,,https://www.vietlott.vn/vi/trung-thuong/ket-qua-trung-thuong/645?id=01223&nocatche=1,2881758391cb216c1cbf4a97f971f92b8d31ee5217a36d80ce642ed9ba6fc5a9,2026-08-03T20:42:14+00:00
mega645,01224,2024-07-14,18:00:00,evening,number_set,9 18 33 37 38 43,,https://www.vietlott.vn/vi/trung-thuong/ket-qua-trung-thuong/645?id=01224&nocatche=1,aafd54d3553dd707bc5d4d3ea2ed639b6b31939c14c14182292c669659a7a6cb,2026-08-03T20:42:14+00:00
mega645,01225,2024-07-17,18:00:00,evening,number_set,9 10 11 16 21 30,,https://www.vietlott.vn/vi/trung-thuong/ket-qua-trung-thuong/645?id=01225&nocatche=1,8d154f0b1b39b0873a8f6ef2453b2ce2ed7e47ebe44da1220def6380bd2903df,2026-08-03T20:41:55+00:00
mega645,01226,2024-07-19,18:00:00,evening,number_set,1 10 20 25 34 35,,https://www.vietlott.vn/vi/trung-thuong/ket-qua-trung-thuong/645?id=01226&nocatche=1,9c08676aa03c348af7f9bbd5e67fcc7d56bee91f14f711c7535178feeedecaba,2026-08-03T20:41:55+00:00
mega645,01227,2024-07-21,18:00:00,evening,number_set,9 10 23 25 28 38,,https://www.vietlott.vn/vi/trung-thuong/ket-qua-trung-thuong/645?id=01227&nocatche=1,bea39405b170438297e825066468e6318ef8cd144a768ad5634085144a7184b0,2026-08-03T20:41:48+00:00
mega645,01228,2024-07-24,18:00:00,evening,number_set,7 8 20 27 32 34,,https://www.vietlott.vn/vi/trung-thuong/ket-qua-trung-thuong/645?id=01228&nocatche=1,2c05704110bbee75767bd07390d69dbf7c5329ecb7296556b210dfc9d81d8451,2026-08-03T20:41:48+00:00
mega645,01229,2024-07-26,18:00:00,evening,number_set,18 20 28 31 39 45,,https://www.vietlott.vn/vi/trung-thuong/ket-qua-trung-thuong/645?id=01229&nocatche=1,048929848063b809369eb8bba299cef0b500ad0470963fe1f20be61e604f4da1,2026-08-03T20:41:48+00:00
mega645,01230,2024-07-28,18:00:00,evening,number_set,1 13 21 25 31 39,,https://www.vietlott.vn/vi/trung-thuong/ket-qua-trung-thuong/645?id=01230&nocatche=1,ef4fce407dad094921e3700b07dd8eb0a7603516e068bf3bd104b524ff5d007c,2026-08-03T20:41:48+00:00
mega645,01231,2024-07-31,18:00:00,evening,number_set,2 4 12 16 18 42,,https://www.vietlott.vn/vi/trung-thuong/ket-qua-trung-thuong/645?id=01231&nocatche=1,e7a0649bb4eda4482d062ad57c20d42f5037e50ba7b51ef6ee2673acf01ec1a5,2026-08-03T20:41:38+00:00
mega645,01232,2024-08-02,18:00:00,evening,number_set,9 14 19 34 37 41,,https://www.vietlott.vn/vi/trung-thuong/ket-qua-trung-thuong/645?id=01232&nocatche=1,62cc483e0831a1c1f2b0d064ec8cf4688329d71131295e3bc3fb29721d234188,2026-08-03T20:41:38+00:00
mega645,01233,2024-08-04,18:00:00,evening,number_set,1 4 16 18 20 32,,https://www.vietlott.vn/vi/trung-thuong/ket-qua-trung-thuong/645?id=01233&nocatche=1,3acde5fef62cf8cebe3e3783e4a22237ab348bea998aa00ea04f88ae7fcd6920,2026-08-03T20:41:38+00:00
mega645,01234,2024-08-07,18:00:00,evening,number_set,11 19 22 29 40 44,,https://www.vietlott.vn/vi/trung-thuong/ket-qua-trung-thuong/645?id=01234&nocatche=1,b0d6b187a0690c1188421dbcd477c940dca2c4c37aca4961b8fbf9b73e16e443,2026-08-03T20:41:37+00:00
mega645,01235,2024-08-09,18:00:00,evening,number_set,6 14 15 24 26 39,,https://www.vietlott.vn/vi/trung-thuong/ket-qua-trung-thuong/645?id=01235&nocatche=1,6be731f9b9b8e55cdad5c2be9fde28d9bd6dccad57b5651703830d8394f0cc37,2026-08-03T20:41:37+00:00
mega645,01236,2024-08-11,18:00:00,evening,number_set,17 18 19 33 35 37,,https://www.vietlott.vn/vi/trung-thuong/ket-qua-trung-thuong/645?id=01236&nocatche=1,3f1a84a9a76eee90762c4d7f780f9f08afa9f5a5387e8b04c55a33dd21887a66,2026-08-03T20:41:36+00:00
mega645,01237,2024-08-14,18:00:00,evening,number_set,1 6 9 21 43 44,,https://www.vietlott.vn/vi/trung-thuong/ket-qua-trung-thuong/645?id=01237&nocatche=1,d88dda041eac5533d627fd67d66d5637139b0281ab950e1dd88131f9f8070a6b,2026-08-03T20:41:36+00:00
mega645,01238,2024-08-16,18:00:00,evening,number_set,16 22 23 30 34 41,,https://www.vietlott.vn/vi/trung-thuong/ket-qua-trung-thuong/645?id=01238&nocatche=1,42a92a8cd2bea783ceffaecfdacef25fd7a186f816a17a8815ce211df70f2ba9,2026-08-03T20:41:38+00:00
mega645,01239,2024-08-18,18:00:00,evening,number_set,4 13 28 33 35 38,,https://www.vietlott.vn/vi/trung-thuong/ket-qua-trung-thuong/645?id=01239&nocatche=1,8ba51cfa8d63788c1554be6d267aa636ac31e7c0169ac234c2b9044147081cc7,2026-08-03T20:41:37+00:00
mega645,01240,2024-08-21,18:00:00,evening,number_set,7 8 9 15 22 30,,https://www.vietlott.vn/vi/trung-thuong/ket-qua-trung-thuong/645?id=01240&nocatche=1,977740122696a8a79fd3670c66e95f986e577415ce207a74e580b4d479845200,2026-08-03T20:41:35+00:00
mega645,01241,2024-08-23,18:00:00,evening,number_set,7 13 26 28 35 41,,https://www.vietlott.vn/vi/trung-thuong/ket-qua-trung-thuong/645?id=01241&nocatche=1,46b4137ec366f6b5fcb96e23d0f82466075585bacc2a42b49419e21a26c61b53,2026-08-03T20:41:23+00:00
mega645,01242,2024-08-25,18:00:00,evening,number_set,6 10 15 17 40 42,,https://www.vietlott.vn/vi/trung-thuong/ket-qua-trung-thuong/645?id=01242&nocatche=1,0fc75b5d4cf814975bc4047e1d849b88f79e1d08e5595918c437c3e49258f341,2026-08-03T20:41:23+00:00
mega645,01243,2024-08-28,18:00:00,evening,number_set,4 5 17 25 39 41,,https://www.vietlott.vn/vi/trung-thuong/ket-qua-trung-thuong/645?id=01243&nocatche=1,07c91acdabf36ad14281c14caf67797365e082f1067939d523feb88a9076630b,2026-08-03T20:41:22+00:00
mega645,01244,2024-08-30,18:00:00,evening,number_set,2 15 19 26 34 36,,https://www.vietlott.vn/vi/trung-thuong/ket-qua-trung-thuong/645?id=01244&nocatche=1,3c4e84b22429fa06159d2d3a88305391f2c4cdd2c9f3db6b5c06a92d64a2c35d,2026-08-03T20:41:22+00:00
mega645,01245,2024-09-01,18:00:00,evening,number_set,30 31 33 38 42 43,,https://www.vietlott.vn/vi/trung-thuong/ket-qua-trung-thuong/645?id=01245&nocatche=1,e9010c4495cac1165203cf179cfd7673848ff190a46280ec52f55dfba4e697e4,2026-08-03T20:41:21+00:00
mega645,01246,2024-09-04,18:00:00,evening,number_set,2 7 15 18 24 33,,https://www.vietlott.vn/vi/trung-thuong/ket-qua-trung-thuong/645?id=01246&nocatche=1,ff3bfb2df05ee035a76bf02be1ffa2bed92acfa1f1184c1e6d30d089ad8e11ae,2026-08-03T20:41:21+00:00
mega645,01247,2024-09-06,18:00:00,evening,number_set,5 25 28 32 36 41,,https://www.vietlott.vn/vi/trung-thuong/ket-qua-trung-thuong/645?id=01247&nocatche=1,4a781276a691287c701d4b35d5192539528c12b0cf4a39a4943e314cda721b4b,2026-08-03T20:41:21+00:00
mega645,01248,2024-09-08,18:00:00,evening,number_set,3 8 10 26 34 37,,https://www.vietlott.vn/vi/trung-thuong/ket-qua-trung-thuong/645?id=01248&nocatche=1,67bf96c65d761e46d8a1b3905c5f7b2cf1c8eb5a8d244c8f268b036b5250dca2,2026-08-03T20:41:21+00:00
mega645,01249,2024-09-11,18:00:00,evening,number_set,6 11 19 23 34 37,,https://www.vietlott.vn/vi/trung-thuong/ket-qua-trung-thuong/645?id=01249&nocatche=1,acedd1fe7b4d5db381dbfb6d8ec8fdd208448a8e031a322998598a315845a1d6,2026-08-03T20:41:20+00:00
mega645,01250,2024-09-13,18:00:00,evening,number_set,6 12 27 34 41 42,,https://www.vietlott.vn/vi/trung-thuong/ket-qua-trung-thuong/645?id=01250&nocatche=1,a4788d4ba752dda202ae32841e4e5abea6b14777e5ee9fc52fc1221b49a098d7,2026-08-03T20:41:20+00:00
mega645,01251,2024-09-15,18:00:00,evening,number_set,3 11 28 32 33 35,,https://www.vietlott.vn/vi/trung-thuong/ket-qua-trung-thuong/645?id=01251&nocatche=1,4af445db304d6d0e393db8f6d94a651d2a14a6ad21e3ac0cf331bf5c130e4750,2026-08-03T20:41:20+00:00
mega645,01252,2024-09-18,18:00:00,evening,number_set,4 8 27 28 35 36,,https://www.vietlott.vn/vi/trung-thuong/ket-qua-trung-thuong/645?id=01252&nocatche=1,c3d0f696410440ab98746fe813fd6cfad7c0aee0f219bec1c8617a2845e313ed,2026-08-03T20:41:19+00:00
mega645,01253,2024-09-20,18:00:00,evening,number_set,13 14 19 20 30 33,,https://www.vietlott.vn/vi/trung-thuong/ket-qua-trung-thuong/645?id=01253&nocatche=1,b6b176559cf06c1ffd4fcc9100a7711f3178c9b89676ce9b8e5f9f21c665a753,2026-08-03T20:41:18+00:00
mega645,01254,2024-09-22,18:00:00,evening,number_set,20 23 28 36 40 42,,https://www.vietlott.vn/vi/trung-thuong/ket-qua-trung-thuong/645?id=01254&nocatche=1,6b3a2ea5b35fee0a6716cc1c92b63e35ed0224381743b61fc165ed2923dabb63,2026-08-03T20:41:19+00:00
mega645,01255,2024-09-25,18:00:00,evening,number_set,10 23 25 27 31 37,,https://www.vietlott.vn/vi/trung-thuong/ket-qua-trung-thuong/645?id=01255&nocatche=1,6ec54a8fe080c7eb0d68ecbe78d4afd7aa34a5070dbe4d275581166a419c6423,2026-08-03T20:41:19+00:00
mega645,01256,2024-09-27,18:00:00,evening,number_set,1 6 18 25 39 44,,https://www.vietlott.vn/vi/trung-thuong/ket-qua-trung-thuong/645?id=01256&nocatche=1,89a76c65cf0ffe508781abf315de784ea5d2db9e0df5734ccefd00d6804063b4,2026-08-03T20:41:18+00:00
mega645,01257,2024-09-29,18:00:00,evening,number_set,3 7 16 17 41 42,,https://www.vietlott.vn/vi/trung-thuong/ket-qua-trung-thuong/645?id=01257&nocatche=1,75cce1fc437cca97cd5e1c5c53922f9ba2af5190291ac578fdcc45a2f21e5155,2026-08-03T20:41:34+00:00
mega645,01258,2024-10-02,18:00:00,evening,number_set,5 6 11 23 31 36,,https://www.vietlott.vn/vi/trung-thuong/ket-qua-trung-thuong/645?id=01258&nocatche=1,e6d8c2f78e430549b96cd0fa9cd2d4e17a54310f9ffc793106013a96c3cf8c86,2026-08-03T20:41:34+00:00
mega645,01259,2024-10-04,18:00:00,evening,number_set,8 10 21 32 39 44,,https://www.vietlott.vn/vi/trung-thuong/ket-qua-trung-thuong/645?id=01259&nocatche=1,c69bf217e2d8f225107e7065e9ccf3fd5ac7c53ac783a55f2fe4a1617b0d3f4e,2026-08-03T20:41:34+00:00
mega645,01260,2024-10-06,18:00:00,evening,number_set,7 14 33 36 42 43,,https://www.vietlott.vn/vi/trung-thuong/ket-qua-trung-thuong/645?id=01260&nocatche=1,bb9e7dcf319da3cba1a618dd2748fb6a0beb6407de793a3b7cc63761ed9f6fbb,2026-08-03T20:41:34+00:00
mega645,01261,2024-10-09,18:00:00,evening,number_set,14 18 20 22 34 45,,https://www.vietlott.vn/vi/trung-thuong/ket-qua-trung-thuong/645?id=01261&nocatche=1,5354f033eb780a3be56a98df80a5066d1a685376957b87c54788558c3f53a379,2026-08-03T20:41:26+00:00
mega645,01262,2024-10-11,18:00:00,evening,number_set,11 19 26 28 29 43,,https://www.vietlott.vn/vi/trung-thuong/ket-qua-trung-thuong/645?id=01262&nocatche=1,4c1c9faf541a8782f2caa09ef284b52b48d4c70219f9a59bcf16596f5943791d,2026-08-03T20:41:26+00:00
mega645,01263,2024-10-13,18:00:00,evening,number_set,7 10 13 17 21 45,,https://www.vietlott.vn/vi/trung-thuong/ket-qua-trung-thuong/645?id=01263&nocatche=1,7244f41dfe0215a2d09c7724c40332acbdfc031c29111f8f8e1ebca83689be1b,2026-08-03T20:41:26+00:00
mega645,01264,2024-10-16,18:00:00,evening,number_set,4 14 19 23 24 37,,https://www.vietlott.vn/vi/trung-thuong/ket-qua-trung-thuong/645?id=01264&nocatche=1,d5833a61e97c97eaf99381171413363f26333873996e7e73934b740271b6e957,2026-08-03T20:41:25+00:00
mega645,01265,2024-10-18,18:00:00,evening,number_set,13 19 20 22 24 37,,https://www.vietlott.vn/vi/trung-thuong/ket-qua-trung-thuong/645?id=01265&nocatche=1,1a5d29e99d543cdd934155d14b394a80e723e94e43b071954d3f4892b2803891,2026-08-03T20:41:25+00:00
mega645,01266,2024-10-20,18:00:00,evening,number_set,6 23 24 25 26 34,,https://www.vietlott.vn/vi/trung-thuong/ket-qua-trung-thuong/645?id=01266&nocatche=1,799339a9298da5fae2efe9c9721f003b3b04840d4c1ec185e3dca6a29e96832a,2026-08-03T20:41:25+00:00
mega645,01267,2024-10-23,18:00:00,evening,number_set,22 27 28 31 37 44,,https://www.vietlott.vn/vi/trung-thuong/ket-qua-trung-thuong/645?id=01267&nocatche=1,a83d838dbc06c169f53196a34425a14d11d6df89d2144409442aafe6293a3385,2026-08-03T20:41:25+00:00
mega645,01268,2024-10-25,18:00:00,evening,number_set,3 10 31 32 34 40,,https://www.vietlott.vn/vi/trung-thuong/ket-qua-trung-thuong/645?id=01268&nocatche=1,d0261c181a7f9c5ad476bcf66962935a47111ebc67d4c40fd5d3a71fc47a83c2,2026-08-03T20:41:24+00:00
mega645,01269,2024-10-27,18:00:00,evening,number_set,18 21 28 29 33 45,,https://www.vietlott.vn/vi/trung-thuong/ket-qua-trung-thuong/645?id=01269&nocatche=1,b869fbcafc2c8f9af9de152b4954b091405d0519e9a2771a66065f8c1aa3ecb3,2026-08-03T20:41:24+00:00
mega645,01270,2024-10-30,18:00:00,evening,number_set,4 13 20 29 32 37,,https://www.vietlott.vn/vi/trung-thuong/ket-qua-trung-thuong/645?id=01270&nocatche=1,b81a3fb2fb02bcc03d81f06a34b8bc5bae458fffd8d54a12c6caede609ab7451,2026-08-03T20:41:23+00:00
mega645,01271,2024-11-01,18:00:00,evening,number_set,20 22 23 32 35 40,,https://www.vietlott.vn/vi/trung-thuong/ket-qua-trung-thuong/645?id=01271&nocatche=1,d7a8e23383337e4eac3dc6fac619b61e764a80a29eeaaeb12a775987625c334f,2026-08-03T20:41:24+00:00
mega645,01272,2024-11-03,18:00:00,evening,number_set,1 4 5 16 20 22,,https://www.vietlott.vn/vi/trung-thuong/ket-qua-trung-thuong/645?id=01272&nocatche=1,45e853ebb5736ec37f3c2a29cfb7a55be5330f0260c4326c454ed4406d7c9e4c,2026-08-03T20:41:23+00:00
mega645,01273,2024-11-06,18:00:00,evening,number_set,1 2 3 11 25 37,,https://www.vietlott.vn/vi/trung-thuong/ket-qua-trung-thuong/645?id=01273&nocatche=1,7972f486ec8b31976f8902d1b78daaa6552a39bea823d851cb9e89c6a3180d75,2026-08-02T20:20:29+00:00
mega645,01274,2024-11-08,18:00:00,evening,number_set,11 15 18 27 34 37,,https://www.vietlott.vn/vi/trung-thuong/ket-qua-trung-thuong/645?id=01274&nocatche=1,006238310c5ee1fe239f9fe2facfb45a0ef00765beabab77b0cab960175e42e2,2026-08-02T20:20:30+00:00
mega645,01275,2024-11-10,18:00:00,evening,number_set,3 7 11 12 13 40,,https://www.vietlott.vn/vi/trung-thuong/ket-qua-trung-thuong/645?id=01275&nocatche=1,36ce01938d162157cdcbe12380968c1a4d0536411991ea7f4ee52df39c131159,2026-08-02T20:20:28+00:00
mega645,01276,2024-11-13,18:00:00,evening,number_set,3 23 28 35 39 42,,https://www.vietlott.vn/vi/trung-thuong/ket-qua-trung-thuong/645?id=01276&nocatche=1,66e465b43b8840b08d87d2cd9611efa429861b3fd3ccd3cac3db64c731224d92,2026-08-02T20:20:30+00:00
mega645,01277,2024-11-15,18:00:00,evening,number_set,8 13 31 36 37 40,,https://www.vietlott.vn/vi/trung-thuong/ket-qua-trung-thuong/645?id=01277&nocatche=1,e96efaa5e212285d5621ae03500d6c934e2c85f3a306c9a4cf46aedbe6ec5c6b,2026-08-02T20:20:29+00:00
mega645,01278,2024-11-17,18:00:00,evening,number_set,11 17 29 31 38 42,,https://www.vietlott.vn/vi/trung-thuong/ket-qua-trung-thuong/645?id=01278&nocatche=1,23e45821a1ee58190073e8a444840f74569d7c2762596328322bf4734e5f6c51,2026-08-02T20:20:27+00:00
mega645,01279,2024-11-20,18:00:00,evening,number_set,4 16 24 29 31 37,,https://www.vietlott.vn/vi/trung-thuong/ket-qua-trung-thuong/645?id=01279&nocatche=1,310f694a2bf26608f096cdc6b8e888aef357d34f54b892f529c97cfccaae1606,2026-08-02T20:20:26+00:00
mega645,01280,2024-11-22,18:00:00,evening,number_set,1 14 15 19 38 40,,https://www.vietlott.vn/vi/trung-thuong/ket-qua-trung-thuong/645?id=01280&nocatche=1,f2050bc19ef3e448b8b7a4b7fda9a9330e4f7581aa776e6dd5eca11f66fecbb0,2026-08-02T20:20:28+00:00
mega645,01281,2024-11-24,18:00:00,evening,number_set,5 14 15 21 33 36,,https://www.vietlott.vn/vi/trung-thuong/ket-qua-trung-thuong/645?id=01281&nocatche=1,094ee0482737434bc05007a4ebb90366ec7dc5328c15c83bf840d345b1cf1fce,2026-08-02T20:20:25+00:00
mega645,01282,2024-11-27,18:00:00,evening,number_set,6 21 24 31 42 44,,https://www.vietlott.vn/vi/trung-thuong/ket-qua-trung-thuong/645?id=01282&nocatche=1,98136f0a6f9db7738318be5fcb80f3647c890c769c8814305be86c392406178d,2026-08-02T20:20:27+00:00
mega645,01283,2024-11-29,18:00:00,evening,number_set,12 15 33 35 37 45,,https://www.vietlott.vn/vi/trung-thuong/ket-qua-trung-thuong/645?id=01283&nocatche=1,2c66948e1ae0d3a4b0c84aad4553fd07f79f6915ef21b3532db012ab0702ceda,2026-08-02T20:20:24+00:00
mega645,01284,2024-12-01,18:00:00,evening,number_set,15 17 25 29 33 35,,https://www.vietlott.vn/vi/trung-thuong/ket-qua-trung-thuong/645?id=01284&nocatche=1,4bd0f68da87e2af044413c54b697bf372d5a97dd98bb6a013ad42e59bf499854,2026-08-02T20:20:25+00:00
mega645,01285,2024-12-04,18:00:00,evening,number_set,7 14 19 24 34 36,,https://www.vietlott.vn/vi/trung-thuong/ket-qua-trung-thuong/645?id=01285&nocatche=1,6555a91382f300e39468328efe0a304b3c1408e228f3a57b1e50c83f43caa2b1,2026-08-02T20:20:24+00:00
mega645,01286,2024-12-06,18:00:00,evening,number_set,8 14 18 26 34 42,,https://www.vietlott.vn/vi/trung-thuong/ket-qua-trung-thuong/645?id=01286&nocatche=1,76e439885833a707b9ba71c5ab59db6f6e2b7842dc6afff6598254a3967055ed,2026-08-02T20:20:24+00:00
mega645,01287,2024-12-08,18:00:00,evening,number_set,1 13 24 26 27 37,,https://www.vietlott.vn/vi/trung-thuong/ket-qua-trung-thuong/645?id=01287&nocatche=1,79985a80759e4875986c22338523193741d0f984d2143940982d324c5663d0c1,2026-08-02T20:20:24+00:00
mega645,01288,2024-12-11,18:00:00,evening,number_set,2 10 17 23 29 33,,https://www.vietlott.vn/vi/trung-thuong/ket-qua-trung-thuong/645?id=01288&nocatche=1,52decfafe208003c6835265884a6e6e84985d41a3409fff0ad4b28bc4581a6d4,2026-08-02T20:20:24+00:00
mega645,01289,2024-12-13,18:00:00,evening,number_set,3 7 29 36 37 44,,https://www.vietlott.vn/vi/trung-thuong/ket-qua-trung-thuong/645?id=01289&nocatche=1,4ae9fae3f8cd18908b21b650655ea20a45bebf8e49ddaff0cdcb7fbe156af8db,2026-08-02T20:20:23+00:00
mega645,01290,2024-12-15,18:00:00,evening,number_set,1 10 20 22 23 36,,https://www.vietlott.vn/vi/trung-thuong/ket-qua-trung-thuong/645?id=01290&nocatche=1,b70d0d7e9d32800ab13aa09814b27c5e5c991789f6bf42061922d549f3da3bdb,2026-08-02T20:20:21+00:00
mega645,01291,2024-12-18,18:00:00,evening,number_set,3 7 12 16 26 34,,https://www.vietlott.vn/vi/trung-thuong/ket-qua-trung-thuong/645?id=01291&nocatche=1,be9378b823839a9c6e830af868672d1299f1c4dcc67a63c5409cdcbe638f7606,2026-08-02T20:20:21+00:00
mega645,01292,2024-12-20,18:00:00,evening,number_set,6 9 12 21 28 33,,https://www.vietlott.vn/vi/trung-thuong/ket-qua-trung-thuong/645?id=01292&nocatche=1,740fe8c21c5df91971183e02fdea86114a5f3ee79f48c42e246ace80c0d273dc,2026-08-02T20:20:21+00:00
mega645,01293,2024-12-22,18:00:00,evening,number_set,15 16 24 27 31 44,,https://www.vietlott.vn/vi/trung-thuong/ket-qua-trung-thuong/645?id=01293&nocatche=1,6bc08de9539f6ad614e8cea8beb1873a5e5d12c27e78edfaa97c2b60d2aaa26d,2026-08-02T20:20:21+00:00
mega645,01294,2024-12-25,18:00:00,evening,number_set,8 13 20 25 28 39,,https://www.vietlott.vn/vi/trung-thuong/ket-qua-trung-thuong/645?id=01294&nocatche=1,7d43d245f6e7ed63307220eba7208c6051d8bd1a2c7806aaa2677e3fec08e10a,2026-08-02T20:20:19+00:00
mega645,01295,2024-12-27,18:00:00,evening,number_set,1 10 13 24 25 33,,https://www.vietlott.vn/vi/trung-thuong/ket-qua-trung-thuong/645?id=01295&nocatche=1,6d64a937efb70effca9ab46e20357b1b5838070980658508f183708e78682344,2026-08-02T20:20:18+00:00
mega645,01296,2024-12-29,18:00:00,evening,number_set,5 8 19 31 34 43,,https://www.vietlott.vn/vi/trung-thuong/ket-qua-trung-thuong/645?id=01296&nocatche=1,8e4f98d32b9409bff7f0ec6171743220fc37c59428236ee583f4116dea5a7c9a,2026-08-02T20:20:19+00:00
mega645,01297,2025-01-01,18:00:00,evening,number_set,14 20 25 28 36 40,,https://www.vietlott.vn/vi/trung-thuong/ket-qua-trung-thuong/645?id=01297&nocatche=1,8a401e101ffad1d5f37a229e3eec0052b107e250587ec68b4d0f6633398792ad,2026-08-02T20:20:19+00:00
mega645,01298,2025-01-03,18:00:00,evening,number_set,6 12 21 27 34 41,,https://www.vietlott.vn/vi/trung-thuong/ket-qua-trung-thuong/645?id=01298&nocatche=1,5db1a91f84190f3796b6789017b695af4568e6b3658c0c40fe16c509111e83e7,2026-08-02T20:20:18+00:00
mega645,01299,2025-01-05,18:00:00,evening,number_set,2 7 15 37 41 42,,https://www.vietlott.vn/vi/trung-thuong/ket-qua-trung-thuong/645?id=01299&nocatche=1,2a7b2888a40e40837d987a74e80c4cd6d0404f44f2b42b5534860cd2bb446529,2026-08-02T20:20:17+00:00
mega645,01300,2025-01-08,18:00:00,evening,number_set,2 3 17 33 37 38,,https://www.vietlott.vn/vi/trung-thuong/ket-qua-trung-thuong/645?id=01300&nocatche=1,cde7635224b875f20ccf13c5bd6c51a488bfb8ad24951443c9eae571854cc5ed,2026-08-02T20:20:16+00:00
mega645,01301,2025-01-10,18:00:00,evening,number_set,2 4 8 28 42 44,,https://www.vietlott.vn/vi/trung-thuong/ket-qua-trung-thuong/645?id=01301&nocatche=1,98d57595516c4b7ae9b6f6ba0710eb3a48011439a5f382c653b826213e7a3f19,2026-08-02T20:20:17+00:00
mega645,01302,2025-01-12,18:00:00,evening,number_set,2 9 12 14 41 44,,https://www.vietlott.vn/vi/trung-thuong/ket-qua-trung-thuong/645?id=01302&nocatche=1,3d48298293477389aae74a77cacb2393a860068b17e03856b76b548eac47b954,2026-08-02T20:20:15+00:00
mega645,01303,2025-01-15,18:00:00,evening,number_set,2 6 8 10 23 33,,https://www.vietlott.vn/vi/trung-thuong/ket-qua-trung-thuong/645?id=01303&nocatche=1,68a2ca38c6d77f473385c13c8a969348ca8458e885ded522549d59a082cc6fe4,2026-08-02T20:20:15+00:00
mega645,01304,2025-01-17,18:00:00,evening,number_set,2 12 22 31 34 35,,https://www.vietlott.vn/vi/trung-thuong/ket-qua-trung-thuong/645?id=01304&nocatche=1,5836d5bbfce1251eab5f3f0e450773cfbc143f9bbaf90320ac4ce3cad8dbf669,2026-08-02T20:20:15+00:00
mega645,01305,2025-01-19,18:00:00,evening,number_set,5 6 10 19 32 38,,https://www.vietlott.vn/vi/trung-thuong/ket-qua-trung-thuong/645?id=01305&nocatche=1,82a6429ab58aca48fbbfcf47ea5faacc633348c06b53d4cf662b2e48694c6fb8,2026-08-02T20:20:15+00:00
mega645,01306,2025-01-22,18:00:00,evening,number_set,3 21 26 29 32 33,,https://www.vietlott.vn/vi/trung-thuong/ket-qua-trung-thuong/645?id=01306&nocatche=1,e128bc75a604055ca597d0866e43120a99f3f9c562b52114ec6146f739ffe0a1,2026-08-02T20:20:14+00:00
mega645,01307,2025-01-24,18:00:00,evening,number_set,1 7 11 22 31 34,,https://www.vietlott.vn/vi/trung-thuong/ket-qua-trung-thuong/645?id=01307&nocatche=1,aaee52cc7d150dcb95d2027ab84c34d4d1137b41ab2433d439fdd9e04ac1767e,2026-08-02T20:20:13+00:00
mega645,01308,2025-01-26,18:00:00,evening,number_set,5 8 9 11 20 29,,https://www.vietlott.vn/vi/trung-thuong/ket-qua-trung-thuong/645?id=01308&nocatche=1,3751dcc956afcd31af6cb98b4313b7de6026dbc8db9dcbf9d55507d4f8632e12,2026-08-02T20:20:12+00:00
mega645,01309,2025-01-31,18:00:00,evening,number_set,2 15 16 32 42 45,,https://www.vietlott.vn/vi/trung-thuong/ket-qua-trung-thuong/645?id=01309&nocatche=1,e3e1340d17662d28be8115432f7be019e7d29d961450e719bfe58e6d9eebda72,2026-08-02T20:20:13+00:00
mega645,01310,2025-02-02,18:00:00,evening,number_set,15 20 22 29 32 36,,https://www.vietlott.vn/vi/trung-thuong/ket-qua-trung-thuong/645?id=01310&nocatche=1,f1eec2b1558a378aa5e1dbeff88845af38c1d165f5d5a63404593aa7bb2655e8,2026-08-02T20:20:12+00:00
mega645,01311,2025-02-05,18:00:00,evening,number_set,4 6 9 14 25 41,,https://www.vietlott.vn/vi/trung-thuong/ket-qua-trung-thuong/645?id=01311&nocatche=1,d47c55dd7b941c9243a6135901833be6dd328b21cb34caca5acc77916f3f9bea,2026-08-02T20:20:11+00:00
mega645,01312,2025-02-07,18:00:00,evening,number_set,4 5 25 27 35 39,,https://www.vietlott.vn/vi/trung-thuong/ket-qua-trung-thuong/645?id=01312&nocatche=1,ecc5af4972ae842f1b425e9dd62f3918c8609f3214d4d8735ddc48b7689888a0,2026-08-02T20:20:10+00:00
mega645,01313,2025-02-09,18:00:00,evening,number_set,8 16 22 27 31 34,,https://www.vietlott.vn/vi/trung-thuong/ket-qua-trung-thuong/645?id=01313&nocatche=1,afee4620cbe994ce8436b00604ddb4b1f0b7e05ffd8318badd37915564475895,2026-08-02T20:20:10+00:00
mega645,01314,2025-02-12,18:00:00,evening,number_set,7 19 31 39 42 43,,https://www.vietlott.vn/vi/trung-thuong/ket-qua-trung-thuong/645?id=01314&nocatche=1,fa48c6a8db1750ce185bb85e60fed8c030219f07c0bf74c5b1529335c2567a64,2026-08-02T20:20:10+00:00
mega645,01315,2025-02-14,18:00:00,evening,number_set,6 8 10 27 28 32,,https://www.vietlott.vn/vi/trung-thuong/ket-qua-trung-thuong/645?id=01315&nocatche=1,5b02f3b1bcc7a8af61218d513e24009f3fdc3b6127f5d92347674ce7a7f79f35,2026-08-02T20:20:12+00:00
mega645,01316,2025-02-16,18:00:00,evening,number_set,11 19 26 28 35 40,,https://www.vietlott.vn/vi/trung-thuong/ket-qua-trung-thuong/645?id=01316&nocatche=1,cfc014a6b5375adffb6cb877eca68aa42b950dd623335b16ce12da0de75ec1fe,2026-08-02T20:20:09+00:00
mega645,01317,2025-02-19,18:00:00,evening,number_set,1 6 10 11 25 29,,https://www.vietlott.vn/vi/trung-thuong/ket-qua-trung-thuong/645?id=01317&nocatche=1,7b711660ac5ab0ff350233f74ae2e8236612b8eb96730b8efcf60a34f7670790,2026-08-02T20:20:09+00:00
mega645,01318,2025-02-21,18:00:00,evening,number_set,4 9 19 20 30 42,,https://www.vietlott.vn/vi/trung-thuong/ket-qua-trung-thuong/645?id=01318&nocatche=1,1994ca756dd7d5ad2921410dae8b2b588c23abc9144ab3ea49c32338774f0446,2026-08-02T20:20:09+00:00
mega645,01319,2025-02-23,18:00:00,evening,number_set,10 12 15 17 24 33,,https://www.vietlott.vn/vi/trung-thuong/ket-qua-trung-thuong/645?id=01319&nocatche=1,38d3fe3fca47d8c9a4371fd934f77c31951f1d3d3c1e597e38a9fa76912b2139,2026-08-02T20:20:08+00:00
mega645,01320,2025-02-26,18:00:00,evening,number_set,2 13 15 16 18 20,,https://www.vietlott.vn/vi/trung-thuong/ket-qua-trung-thuong/645?id=01320&nocatche=1,a1ae5729c635f2d340ddca334cade65f27f4a554323f9514b28f9c64d0251933,2026-08-02T20:20:08+00:00
mega645,01321,2025-02-28,18:00:00,evening,number_set,10 11 14 16 21 29,,https://www.vietlott.vn/vi/trung-thuong/ket-qua-trung-thuong/645?id=01321&nocatche=1,92632854a7fb75e33a6c502c9ac2761d622099e7e3cf5b4c284cf554e01879aa,2026-08-02T20:20:07+00:00
mega645,01322,2025-03-02,18:00:00,evening,number_set,8 24 30 33 42 45,,https://www.vietlott.vn/vi/trung-thuong/ket-qua-trung-thuong/645?id=01322&nocatche=1,d1b53a9d216c0eafb4ea9c52507498051945c0b98d57ad9500444397f6ebb4a0,2026-08-02T20:20:06+00:00
mega645,01323,2025-03-05,18:00:00,evening,number_set,10 22 32 37 41 43,,https://www.vietlott.vn/vi/trung-thuong/ket-qua-trung-thuong/645?id=01323&nocatche=1,6b740e07aee7ab082b2baee9fa721c1036896db1a5a8456f4b2663d8cd914002,2026-08-02T20:20:04+00:00
mega645,01324,2025-03-07,18:00:00,evening,number_set,8 11 12 20 25 32,,https://www.vietlott.vn/vi/trung-thuong/ket-qua-trung-thuong/645?id=01324&nocatche=1,a5190055dcbbdaccf7451571309f715ae65aff4cf39845eb780955bd90819638,2026-08-02T20:20:03+00:00
mega645,01325,2025-03-09,18:00:00,evening,number_set,10 11 30 33 44 45,,https://www.vietlott.vn/vi/trung-thuong/ket-qua-trung-thuong/645?id=01325&nocatche=1,863600aa9b803b7d15922b4bb482d28613a104f450c5c4cd6c3ebb98693cdb41,2026-08-02T20:20:07+00:00
mega645,01326,2025-03-12,18:00:00,evening,number_set,19 26 30 32 36 42,,https://www.vietlott.vn/vi/trung-thuong/ket-qua-trung-thuong/645?id=01326&nocatche=1,fd28f94ea1c4da5fa259f2707a2ec1b39d6606741dc5adbabdcf8b634a0debf1,2026-08-02T20:20:06+00:00
mega645,01327,2025-03-14,18:00:00,evening,number_set,7 11 13 16 28 30,,https://www.vietlott.vn/vi/trung-thuong/ket-qua-trung-thuong/645?id=01327&nocatche=1,6aa979a9cbb7555b137e97c0c205593925d40b49a169b6aff05c9c08754198fb,2026-08-02T20:20:06+00:00
mega645,01328,2025-03-16,18:00:00,evening,number_set,2 12 14 16 38 45,,https://www.vietlott.vn/vi/trung-thuong/ket-qua-trung-thuong/645?id=01328&nocatche=1,2bc885e195c12fd1711d3b0b08b389ea1036e5409eb03e0a8741ceba554ec2e7,2026-08-02T20:20:00+00:00
mega645,01329,2025-03-19,18:00:00,evening,number_set,12 23 27 28 29 43,,https://www.vietlott.vn/vi/trung-thuong/ket-qua-trung-thuong/645?id=01329&nocatche=1,0162e341ab668b3e7fadef4f5cd2ff743bbdb42426610375a52ea8d898d145a3,2026-08-02T20:20:00+00:00
mega645,01330,2025-03-21,18:00:00,evening,number_set,31 32 34 41 42 45,,https://www.vietlott.vn/vi/trung-thuong/ket-qua-trung-thuong/645?id=01330&nocatche=1,8c2d380743a5172ee837092e95821fcea8b1a3a2f124bcb2871134173ac7924e,2026-08-02T20:19:59+00:00
mega645,01331,2025-03-23,18:00:00,evening,number_set,5 6 8 9 36 45,,https://www.vietlott.vn/vi/trung-thuong/ket-qua-trung-thuong/645?id=01331&nocatche=1,85988a33a93075cc8babf7d7254bc8e50d08dbf947235f484b30bbd00f220f0c,2026-08-02T20:19:59+00:00
mega645,01332,2025-03-26,18:00:00,evening,number_set,17 24 25 30 35 39,,https://www.vietlott.vn/vi/trung-thuong/ket-qua-trung-thuong/645?id=01332&nocatche=1,5961798bb8e779e9fce4dc60aad61fabbe15bcd372d0ee554efedd6e1e351183,2026-08-02T20:19:58+00:00
mega645,01333,2025-03-28,18:00:00,evening,number_set,5 7 22 28 29 34,,https://www.vietlott.vn/vi/trung-thuong/ket-qua-trung-thuong/645?id=01333&nocatche=1,fa76c5621d2d18fef35cbc6f2b2340227cd3cec07ff2cfd70d7028d1951b9971,2026-08-02T20:19:58+00:00
mega645,01334,2025-03-30,18:00:00,evening,number_set,14 15 33 38 42 45,,https://www.vietlott.vn/vi/trung-thuong/ket-qua-trung-thuong/645?id=01334&nocatche=1,eea52788d555f7fc33ec9ebcc84d97b1b09de2d60966d4135c73832e4e93210a,2026-08-02T20:19:58+00:00
mega645,01335,2025-04-02,18:00:00,evening,number_set,8 14 15 22 31 34,,https://www.vietlott.vn/vi/trung-thuong/ket-qua-trung-thuong/645?id=01335&nocatche=1,46b7499aa61045607d0736b29c754287299fa6a6c63c6b1b5dc6ed83bfab1ded,2026-08-02T20:19:56+00:00
mega645,01336,2025-04-04,18:00:00,evening,number_set,2 13 24 25 28 38,,https://www.vietlott.vn/vi/trung-thuong/ket-qua-trung-thuong/645?id=01336&nocatche=1,b22506b6906f3b78b83fa2f080f03666951ff550de55c294c739ee518b08b41a,2026-08-02T20:19:57+00:00
mega645,01337,2025-04-06,18:00:00,evening,number_set,3 5 6 13 18 22,,https://www.vietlott.vn/vi/trung-thuong/ket-qua-trung-thuong/645?id=01337&nocatche=1,aef65b9edb02ac6a3b12a382a5442755be34368a0423ae9e1122e24b0dcc56a3,2026-08-02T20:19:56+00:00
mega645,01338,2025-04-09,18:00:00,evening,number_set,5 8 11 22 41 44,,https://www.vietlott.vn/vi/trung-thuong/ket-qua-trung-thuong/645?id=01338&nocatche=1,af87f073be13f719411c1351a501beaf4a61595c16c286075621cc1debfa5e7d,2026-08-02T20:19:56+00:00
mega645,01339,2025-04-11,18:00:00,evening,number_set,1 13 14 26 37 43,,https://www.vietlott.vn/vi/trung-thuong/ket-qua-trung-thuong/645?id=01339&nocatche=1,13d6cbac5593e8e346f2ed5ca02a2f54e8e27ed7136f8a2802d0e2f69f4874e1,2026-08-02T20:19:55+00:00
mega645,01340,2025-04-13,18:00:00,evening,number_set,13 14 18 25 30 32,,https://www.vietlott.vn/vi/trung-thuong/ket-qua-trung-thuong/645?id=01340&nocatche=1,7032029b00dc0b782cc17b7e4084e320d224f677bc4380d4d70cb839fd7db674,2026-08-02T20:19:55+00:00
mega645,01341,2025-04-16,18:00:00,evening,number_set,5 8 12 16 28 32,,https://www.vietlott.vn/vi/trung-thuong/ket-qua-trung-thuong/645?id=01341&nocatche=1,ca28de4b649430b7cb9a83cbf3926dd72f180d2f45bd669704a7f12e671ad3e4,2026-08-02T20:19:55+00:00
mega645,01342,2025-04-18,18:00:00,evening,number_set,5 20 21 22 29 44,,https://www.vietlott.vn/vi/trung-thuong/ket-qua-trung-thuong/645?id=01342&nocatche=1,e407e8f71397f3129fada973f13a84c0482b71043f995bf3eb1c30b167d2d6b4,2026-08-02T20:19:54+00:00
mega645,01343,2025-04-20,18:00:00,evening,number_set,5 7 14 26 29 44,,https://www.vietlott.vn/vi/trung-thuong/ket-qua-trung-thuong/645?id=01343&nocatche=1,a45a7b54271aa3fe5d83e4e4026d2e1f941591d417c4e6b3774962f442611b72,2026-08-02T20:19:53+00:00
mega645,01344,2025-04-23,18:00:00,evening,number_set,7 12 23 34 42 43,,https://www.vietlott.vn/vi/trung-thuong/ket-qua-trung-thuong/645?id=01344&nocatche=1,7049a75c25e333a58d5128a2714cc1d140e4702c2457db3bf16dbc9cda710cb4,2026-08-02T20:19:53+00:00
mega645,01345,2025-04-25,18:00:00,evening,number_set,4 8 9 10 20 34,,https://www.vietlott.vn/vi/trung-thuong/ket-qua-trung-thuong/645?id=01345&nocatche=1,df506e03f0ea20de48c396ffbdf21baae96a4ea5808eea72794c9f86a5a46441,2026-08-02T20:19:52+00:00
mega645,01346,2025-04-27,18:00:00,evening,number_set,8 11 31 35 36 45,,https://www.vietlott.vn/vi/trung-thuong/ket-qua-trung-thuong/645?id=01346&nocatche=1,668a25af90dfe687ce78be383c815730e3c11d5aba0f495311154347b6f1db31,2026-08-02T20:19:53+00:00
mega645,01347,2025-04-30,18:00:00,evening,number_set,1 17 26 33 36 44,,https://www.vietlott.vn/vi/trung-thuong/ket-qua-trung-thuong/645?id=01347&nocatche=1,e64c04279c130c75b7af3abf0f0f4248b40809fc0ab2a0e8be7a5f64c816f831,2026-08-02T20:19:51+00:00
mega645,01348,2025-05-02,18:00:00,evening,number_set,3 7 32 37 42 45,,https://www.vietlott.vn/vi/trung-thuong/ket-qua-trung-thuong/645?id=01348&nocatche=1,048cc43c82cce85316471b0b9be8fb79fe1a2e678a6a6383f5ac0f5ef6ea008b,2026-08-02T20:19:50+00:00
mega645,01349,2025-05-04,18:00:00,evening,number_set,6 7 8 9 12 29,,https://www.vietlott.vn/vi/trung-thuong/ket-qua-trung-thuong/645?id=01349&nocatche=1,09508b53e21f7f5da420da90925e8ab562290feab2a3f3e6291ddca4578f137e,2026-08-02T20:19:50+00:00
mega645,01350,2025-05-07,18:00:00,evening,number_set,8 27 28 31 34 40,,https://www.vietlott.vn/vi/trung-thuong/ket-qua-trung-thuong/645?id=01350&nocatche=1,3f9a75c512d6b3c85f9c80859908cb7d6c67cb1688f5a7c1fb728ef82708a848,2026-08-02T20:19:50+00:00
mega645,01351,2025-05-09,18:00:00,evening,number_set,1 7 9 34 40 42,,https://www.vietlott.vn/vi/trung-thuong/ket-qua-trung-thuong/645?id=01351&nocatche=1,0e220c7554f819b2b189cca6339cc5f8cb68fb01144b98c41afcd446effb5a35,2026-08-02T20:19:48+00:00
mega645,01352,2025-05-11,18:00:00,evening,number_set,13 15 17 22 28 43,,https://www.vietlott.vn/vi/trung-thuong/ket-qua-trung-thuong/645?id=01352&nocatche=1,ea59b114ed0c756c0d526c4b0e1ade0e21b09aac895cbfa03f62ebab24da2a98,2026-08-02T20:19:50+00:00
mega645,01353,2025-05-14,18:00:00,evening,number_set,19 24 27 37 44 45,,https://www.vietlott.vn/vi/trung-thuong/ket-qua-trung-thuong/645?id=01353&nocatche=1,35c45d74f9fb534fd0218a5523f1f2cfb2747e7408eadf360bf72e5431620060,2026-08-02T20:19:49+00:00
mega645,01354,2025-05-16,18:00:00,evening,number_set,5 9 14 22 32 44,,https://www.vietlott.vn/vi/trung-thuong/ket-qua-trung-thuong/645?id=01354&nocatche=1,edd240a81b8f6b0ebf4bb52c758300768a6585920dfd47d8ae41f70c125ed38a,2026-08-02T20:19:48+00:00
mega645,01355,2025-05-18,18:00:00,evening,number_set,6 7 17 27 30 42,,https://www.vietlott.vn/vi/trung-thuong/ket-qua-trung-thuong/645?id=01355&nocatche=1,4cd02de0017a4bcdd5443a586f5d33013080171675c618c635a83047608fa04f,2026-08-02T20:19:47+00:00
mega645,01356,2025-05-21,18:00:00,evening,number_set,2 13 14 21 24 30,,https://www.vietlott.vn/vi/trung-thuong/ket-qua-trung-thuong/645?id=01356&nocatche=1,c7b88d097bc3bfca2d542a3629d4d835551d5378ab2eef4fea94720f32e96fca,2026-08-02T20:19:47+00:00
mega645,01357,2025-05-23,18:00:00,evening,number_set,2 4 15 16 29 43,,https://www.vietlott.vn/vi/trung-thuong/ket-qua-trung-thuong/645?id=01357&nocatche=1,79b31f1d644cb637eb4c237b50a9aff0df1abc025393643451fc30e198f0a3a3,2026-08-02T20:19:47+00:00
mega645,01358,2025-05-25,18:00:00,evening,number_set,5 14 23 24 28 44,,https://www.vietlott.vn/vi/trung-thuong/ket-qua-trung-thuong/645?id=01358&nocatche=1,d057ba7e53ca526537f522ea67138b27d7f26e3e5bc0206db0b6645e34d1cb32,2026-08-02T20:19:46+00:00
mega645,01359,2025-05-28,18:00:00,evening,number_set,17 22 23 28 31 41,,https://www.vietlott.vn/vi/trung-thuong/ket-qua-trung-thuong/645?id=01359&nocatche=1,93381b7f2acac554de7561600700267d3d2efb52162111f52fdcdfcefd9d44be,2026-08-02T20:19:46+00:00
mega645,01360,2025-05-30,18:00:00,evening,number_set,4 7 12 35 37 41,,https://www.vietlott.vn/vi/trung-thuong/ket-qua-trung-thuong/645?id=01360&nocatche=1,6c9ad59218e962bed67f2ad82f77a18c02f16bbfddf3de77c4c6ffd8d8ce9490,2026-08-02T20:19:45+00:00
mega645,01361,2025-06-01,18:00:00,evening,number_set,9 24 29 37 42 44,,https://www.vietlott.vn/vi/trung-thuong/ket-qua-trung-thuong/645?id=01361&nocatche=1,3c1e12d75961b007c91278d27696bd283c0ab2755488db06c197b809d60ff1b3,2026-08-02T20:19:44+00:00
mega645,01362,2025-06-04,18:00:00,evening,number_set,11 23 26 27 29 32,,https://www.vietlott.vn/vi/trung-thuong/ket-qua-trung-thuong/645?id=01362&nocatche=1,cebf5a32152df0b42be2f0ed670e15bd2caf3795929534286d8b9329cc28a67b,2026-08-02T20:19:45+00:00
mega645,01363,2025-06-06,18:00:00,evening,number_set,24 26 35 39 41 45,,https://www.vietlott.vn/vi/trung-thuong/ket-qua-trung-thuong/645?id=01363&nocatche=1,2b3033da27a490453c8126cdd9c26d8604d3b6f29c366e75838ec131d1eaac1d,2026-08-02T20:19:44+00:00
mega645,01364,2025-06-08,18:00:00,evening,number_set,6 17 18 19 31 37,,https://www.vietlott.vn/vi/trung-thuong/ket-qua-trung-thuong/645?id=01364&nocatche=1,17c10e54b37145eca0fe8f6290201da604b591ea5eb5bbfc8c5e5c640e8fa772,2026-08-02T20:19:43+00:00
mega645,01365,2025-06-11,18:00:00,evening,number_set,10 13 22 27 41 45,,https://www.vietlott.vn/vi/trung-thuong/ket-qua-trung-thuong/645?id=01365&nocatche=1,acd86d805d57ed0dccc9ff3bb003de2c2b1d2f3c303838f977ed7f6f51313bd9,2026-08-02T20:19:43+00:00
mega645,01366,2025-06-13,18:00:00,evening,number_set,1 13 19 28 30 36,,https://www.vietlott.vn/vi/trung-thuong/ket-qua-trung-thuong/645?id=01366&nocatche=1,12f2470f6b5d1e796235e0ce61cdd253490ae434c34d08efe36b1246694a6495,2026-08-02T20:19:43+00:00
mega645,01367,2025-06-15,18:00:00,evening,number_set,15 16 22 23 29 32,,https://www.vietlott.vn/vi/trung-thuong/ket-qua-trung-thuong/645?id=01367&nocatche=1,e3cbad09f1a343405e3e8588ed18e8791cb60877bc99cc07d23654456a3e189d,2026-08-02T20:19:40+00:00
mega645,01368,2025-06-18,18:00:00,evening,number_set,19 23 24 26 36 41,,https://www.vietlott.vn/vi/trung-thuong/ket-qua-trung-thuong/645?id=01368&nocatche=1,8eb5cd1c5241e9263c4243cd97b4d0e430ebaf91d54280629846d257e3a44a12,2026-08-02T20:19:42+00:00
mega645,01369,2025-06-20,18:00:00,evening,number_set,2 8 18 22 26 29,,https://www.vietlott.vn/vi/trung-thuong/ket-qua-trung-thuong/645?id=01369&nocatche=1,c9744a971aa932e5118df3ab0c0f166ba2d9201897d01ccf59762e278fb6af98,2026-08-02T20:19:41+00:00
mega645,01370,2025-06-22,18:00:00,evening,number_set,1 9 14 20 34 41,,https://www.vietlott.vn/vi/trung-thuong/ket-qua-trung-thuong/645?id=01370&nocatche=1,060160e824bce4ea8994e6f4d931edcaaae0a6b70265d3326b079ccb4eb1e2fa,2026-08-02T20:19:40+00:00
mega645,01371,2025-06-25,18:00:00,evening,number_set,8 10 26 29 35 39,,https://www.vietlott.vn/vi/trung-thuong/ket-qua-trung-thuong/645?id=01371&nocatche=1,156c9d112883311cac71c0757872b379d120d7f06c2b97b6f4de80fd458a91d3,2026-08-02T20:19:40+00:00
mega645,01372,2025-06-27,18:00:00,evening,number_set,9 14 26 30 44 45,,https://www.vietlott.vn/vi/trung-thuong/ket-qua-trung-thuong/645?id=01372&nocatche=1,4517dbe8003472c0c492dda80fd492c9b8749c3986bead20be97cd7e8d55f8ed,2026-08-02T20:19:40+00:00
mega645,01373,2025-06-29,18:00:00,evening,number_set,10 23 25 26 27 28,,https://www.vietlott.vn/vi/trung-thuong/ket-qua-trung-thuong/645?id=01373&nocatche=1,65c11d228967cbe8c4b2bbd650da58c31419c1d7d2270631a34ffe1d1ce6d8fe,2026-08-02T20:19:38+00:00
mega645,01374,2025-07-02,18:00:00,evening,number_set,12 16 21 28 34 41,,https://www.vietlott.vn/vi/trung-thuong/ket-qua-trung-thuong/645?id=01374&nocatche=1,fd0bac3c7075408b483231400724439c9249bf4ceb4318b407c7a3db1d7f1bab,2026-08-02T20:19:40+00:00
mega645,01375,2025-07-04,18:00:00,evening,number_set,7 9 21 29 41 45,,https://www.vietlott.vn/vi/trung-thuong/ket-qua-trung-thuong/645?id=01375&nocatche=1,60e15c88589eb18e6299f6047c206a00e93036205738bdd1df607cd26439dd98,2026-08-02T20:19:37+00:00
mega645,01376,2025-07-06,18:00:00,evening,number_set,5 8 13 23 36 45,,https://www.vietlott.vn/vi/trung-thuong/ket-qua-trung-thuong/645?id=01376&nocatche=1,cbb2e069e707ad3855b5ea40b3c67eaac288d6b6f7784ad798706f6232dca8a4,2026-08-02T20:19:37+00:00
mega645,01377,2025-07-09,18:00:00,evening,number_set,7 8 30 32 33 44,,https://www.vietlott.vn/vi/trung-thuong/ket-qua-trung-thuong/645?id=01377&nocatche=1,bb8323bc42e5c1121f1863d8bd6a85e6f28375b4a935f2ed165190d534b30cd4,2026-08-02T20:19:37+00:00
mega645,01378,2025-07-11,18:00:00,evening,number_set,11 20 22 24 43 45,,https://www.vietlott.vn/vi/trung-thuong/ket-qua-trung-thuong/645?id=01378&nocatche=1,2ef5f172e9e28962ae633172d97addff5ea131950fc859173fad8f5c6564546d,2026-08-02T20:19:37+00:00
mega645,01379,2025-07-13,18:00:00,evening,number_set,9 17 22 27 35 36,,https://www.vietlott.vn/vi/trung-thuong/ket-qua-trung-thuong/645?id=01379&nocatche=1,ddac9a1c786b2a9b88efafdcdcc371e68e75a27d925508781389b6b7628dbb9e,2026-08-02T20:19:35+00:00
mega645,01380,2025-07-16,18:00:00,evening,number_set,6 11 14 19 21 42,,https://www.vietlott.vn/vi/trung-thuong/ket-qua-trung-thuong/645?id=01380&nocatche=1,8ab1f155ed520183277b89a277eca5b69a998310364552e468bbaf6a11bdc63e,2026-08-02T20:19:35+00:00
mega645,01381,2025-07-18,18:00:00,evening,number_set,7 22 24 28 42 45,,https://www.vietlott.vn/vi/trung-thuong/ket-qua-trung-thuong/645?id=01381&nocatche=1,0c26d43949bf3d77c0997e8a89973f2a1a368cd108020a7deeb7d21f0ae309f4,2026-08-02T20:19:34+00:00
mega645,01382,2025-07-20,18:00:00,evening,number_set,11 13 14 20 37 42,,https://www.vietlott.vn/vi/trung-thuong/ket-qua-trung-thuong/645?id=01382&nocatche=1,6812c045c61f9d2d91d8be562e9ad3f7f0571be823b0951300153895f0d58b86,2026-08-02T20:19:33+00:00
mega645,01383,2025-07-23,18:00:00,evening,number_set,24 26 29 32 37 44,,https://www.vietlott.vn/vi/trung-thuong/ket-qua-trung-thuong/645?id=01383&nocatche=1,dcf3709ed5c0f4b42d95e0a144d27756517cc7b78d945df7ce2b1227a930bb23,2026-08-02T20:19:33+00:00
mega645,01384,2025-07-25,18:00:00,evening,number_set,20 30 34 35 38 39,,https://www.vietlott.vn/vi/trung-thuong/ket-qua-trung-thuong/645?id=01384&nocatche=1,0e56b28184acbd38b8d7adbc67c6a87d9842f24c575d5ac4daafad8e2c47013c,2026-08-02T20:19:33+00:00
mega645,01385,2025-07-27,18:00:00,evening,number_set,1 9 12 27 39 45,,https://www.vietlott.vn/vi/trung-thuong/ket-qua-trung-thuong/645?id=01385&nocatche=1,3b876fe82af03a205051772ef304e85fc5ae38dfb6056ccdb6492167faf87cc5,2026-08-02T20:19:31+00:00
mega645,01386,2025-07-30,18:00:00,evening,number_set,2 3 6 16 26 34,,https://www.vietlott.vn/vi/trung-thuong/ket-qua-trung-thuong/645?id=01386&nocatche=1,2ffbd6fecc3a589fd55e7e7a496ad9f4e05be0bc8a47ae04fae42991b1195323,2026-08-02T20:19:31+00:00
mega645,01387,2025-08-01,18:00:00,evening,number_set,5 29 30 31 36 38,,https://www.vietlott.vn/vi/trung-thuong/ket-qua-trung-thuong/645?id=01387&nocatche=1,5431e309674b0cf48a6af6881c5ac82a122be212e4f3a5e339cb03223c560593,2026-08-02T20:19:33+00:00
mega645,01388,2025-08-03,18:00:00,evening,number_set,5 14 24 26 37 43,,https://www.vietlott.vn/vi/trung-thuong/ket-qua-trung-thuong/645?id=01388&nocatche=1,eb727541118d2a0d930bd7fd0d502699b21fd33581b568fcd689508134ddb2ad,2026-08-02T20:19:31+00:00
mega645,01389,2025-08-06,18:00:00,evening,number_set,3 12 14 18 29 34,,https://www.vietlott.vn/vi/trung-thuong/ket-qua-trung-thuong/645?id=01389&nocatche=1,ccb621f494005dc2884af15cf654769853cc2e7a90200ecbf0a229f277aff19c,2026-08-02T20:19:30+00:00
mega645,01390,2025-08-08,18:00:00,evening,number_set,11 17 20 26 27 38,,https://www.vietlott.vn/vi/trung-thuong/ket-qua-trung-thuong/645?id=01390&nocatche=1,92863560dfe9e8f6ef55817ce2d698192cab1c4ef020c8493bf7b4dadfe7e634,2026-08-02T20:19:31+00:00
mega645,01391,2025-08-10,18:00:00,evening,number_set,13 21 26 28 31 35,,https://www.vietlott.vn/vi/trung-thuong/ket-qua-trung-thuong/645?id=01391&nocatche=1,17b8e075f87f4472cd1880715c3ca16c2202764e287c4c112ec5ad906024d5dc,2026-08-02T20:19:30+00:00
mega645,01392,2025-08-13,18:00:00,evening,number_set,10 15 28 30 35 45,,https://www.vietlott.vn/vi/trung-thuong/ket-qua-trung-thuong/645?id=01392&nocatche=1,180b87013c3fa0113ae1ccf227667c0e79b56853ce29da57ac827d451ef9f0a5,2026-08-02T20:19:28+00:00
mega645,01393,2025-08-15,18:00:00,evening,number_set,5 22 27 36 43 45,,https://www.vietlott.vn/vi/trung-thuong/ket-qua-trung-thuong/645?id=01393&nocatche=1,f8089871c00d9dd70de83954687652768301fb9f08fc006f6ba217bb86e2697a,2026-08-02T20:19:30+00:00
mega645,01394,2025-08-17,18:00:00,evening,number_set,15 24 26 29 31 42,,https://www.vietlott.vn/vi/trung-thuong/ket-qua-trung-thuong/645?id=01394&nocatche=1,114e21f23b6562b5cbc404203044b40abd8a8b31d705df28e6a9d2d304dffbf5,2026-08-02T20:19:28+00:00
mega645,01395,2025-08-20,18:00:00,evening,number_set,4 9 27 32 38 42,,https://www.vietlott.vn/vi/trung-thuong/ket-qua-trung-thuong/645?id=01395&nocatche=1,5af8d13ffb12ffe01a58aaf9343bf8b3e856ce40795c777685b20a768daaa518,2026-08-02T20:19:28+00:00
mega645,01396,2025-08-22,18:00:00,evening,number_set,1 9 10 13 37 39,,https://www.vietlott.vn/vi/trung-thuong/ket-qua-trung-thuong/645?id=01396&nocatche=1,1bf659dde4adef2836fd1af907a23bf0d1ea853266acecf7fc2c5dfc3961fdf0,2026-08-02T20:19:27+00:00
mega645,01397,2025-08-24,18:00:00,evening,number_set,2 9 20 28 32 43,,https://www.vietlott.vn/vi/trung-thuong/ket-qua-trung-thuong/645?id=01397&nocatche=1,638d7b56a15781cb7df42b26c5bd82de89e701c73b373d00c66436fa2121739e,2026-08-02T20:19:27+00:00
mega645,01398,2025-08-27,18:00:00,evening,number_set,3 11 18 39 40 42,,https://www.vietlott.vn/vi/trung-thuong/ket-qua-trung-thuong/645?id=01398&nocatche=1,e30380aa54b2587aeccdb39558b6c8f4d96a10db6947adf0a478878045af1de4,2026-08-02T20:19:26+00:00
mega645,01399,2025-08-29,18:00:00,evening,number_set,2 4 10 24 35 36,,https://www.vietlott.vn/vi/trung-thuong/ket-qua-trung-thuong/645?id=01399&nocatche=1,5b52dacfab408d2c030615362bfa4c38530318573b993ec6dce0e0e5d7b57850,2026-08-02T20:19:25+00:00
mega645,01400,2025-08-31,18:00:00,evening,number_set,3 4 14 30 32 38,,https://www.vietlott.vn/vi/trung-thuong/ket-qua-trung-thuong/645?id=01400&nocatche=1,942c09aaab3c9f081b27b2206b2fb7cb7372f3c63c044751174324606c476656,2026-08-02T20:19:27+00:00
mega645,01401,2025-09-03,18:00:00,evening,number_set,14 21 23 28 44 45,,https://www.vietlott.vn/vi/trung-thuong/ket-qua-trung-thuong/645?id=01401&nocatche=1,bed07f02455897bec833aa020bb53f74f1f3441637957351e0de1689aee5f5b1,2026-08-02T20:19:25+00:00
mega645,01402,2025-09-05,18:00:00,evening,number_set,1 10 20 22 41 43,,https://www.vietlott.vn/vi/trung-thuong/ket-qua-trung-thuong/645?id=01402&nocatche=1,738ce8341934bfeea010b178abff8d2e6ebc8460187ac02fb4cf08c7c73b20e8,2026-08-02T20:19:25+00:00
mega645,01403,2025-09-07,18:00:00,evening,number_set,6 29 30 39 42 44,,https://www.vietlott.vn/vi/trung-thuong/ket-qua-trung-thuong/645?id=01403&nocatche=1,829e09aec37f05ef3e716429cc84019a2721772f506e390e41d4cb885c60de93,2026-08-02T20:19:24+00:00
mega645,01404,2025-09-10,18:00:00,evening,number_set,7 10 18 20 24 36,,https://www.vietlott.vn/vi/trung-thuong/ket-qua-trung-thuong/645?id=01404&nocatche=1,af3d61b9d5c84a04531dd4b17d204c60d8a3096ffe96978313f132ee901f97b8,2026-08-02T20:19:24+00:00
mega645,01405,2025-09-12,18:00:00,evening,number_set,17 22 24 37 42 43,,https://www.vietlott.vn/vi/trung-thuong/ket-qua-trung-thuong/645?id=01405&nocatche=1,b548cc8b5df020a8d7b82eafa684523abcf35e2765a27b3541fcda4edde67c64,2026-08-02T20:19:23+00:00
mega645,01406,2025-09-14,18:00:00,evening,number_set,3 6 9 10 30 37,,https://www.vietlott.vn/vi/trung-thuong/ket-qua-trung-thuong/645?id=01406&nocatche=1,ef5dc474709b023609e605e0df253f49ccc1ed2d33226f5809296a9d0a7c7f6f,2026-08-02T20:19:24+00:00
mega645,01407,2025-09-17,18:00:00,evening,number_set,11 23 25 35 38 45,,https://www.vietlott.vn/vi/trung-thuong/ket-qua-trung-thuong/645?id=01407&nocatche=1,f23014a861d3d4d072db06a11afca39fd6c7b3e76d6a0354fc1abc7cb6a98a53,2026-08-02T20:19:22+00:00
mega645,01408,2025-09-19,18:00:00,evening,number_set,4 6 17 18 28 41,,https://www.vietlott.vn/vi/trung-thuong/ket-qua-trung-thuong/645?id=01408&nocatche=1,ca5e107a2e550be6475b8ba757b1661ad592867971f80de396a75e80e31a9559,2026-08-02T20:19:22+00:00
mega645,01409,2025-09-21,18:00:00,evening,number_set,2 3 6 21 28 38,,https://www.vietlott.vn/vi/trung-thuong/ket-qua-trung-thuong/645?id=01409&nocatche=1,69ea14ff639fc43e67110e12c26b75ce26471eba91f852418bf8a30433d8d53a,2026-08-02T20:19:22+00:00
mega645,01410,2025-09-24,18:00:00,evening,number_set,3 5 17 31 32 40,,https://www.vietlott.vn/vi/trung-thuong/ket-qua-trung-thuong/645?id=01410&nocatche=1,63941f1c1200046a49c9ee3fbb04c546ee3965786326fee15dbc014463c2f3d4,2026-08-02T20:19:21+00:00
mega645,01411,2025-09-26,18:00:00,evening,number_set,12 17 19 27 28 36,,https://www.vietlott.vn/vi/trung-thuong/ket-qua-trung-thuong/645?id=01411&nocatche=1,936f9be9653c48010caee85dcdbaf10acb398516875d0a644ebe3f4bc50d2824,2026-08-02T20:19:20+00:00
mega645,01412,2025-09-28,18:00:00,evening,number_set,8 13 18 26 36 39,,https://www.vietlott.vn/vi/trung-thuong/ket-qua-trung-thuong/645?id=01412&nocatche=1,78c6c8ccf4184b92241b171cb8ad1e97925cfbfd3e8b00b597d613b5946bce91,2026-08-02T20:19:20+00:00
mega645,01413,2025-10-01,18:00:00,evening,number_set,3 6 7 19 30 35,,https://www.vietlott.vn/vi/trung-thuong/ket-qua-trung-thuong/645?id=01413&nocatche=1,2243464facf44dfbe2fb04796395a9bc7a00b4ccdc748f4844e3fc480756c97b,2026-08-02T20:19:20+00:00
mega645,01414,2025-10-03,18:00:00,evening,number_set,29 31 32 33 34 35,,https://www.vietlott.vn/vi/trung-thuong/ket-qua-trung-thuong/645?id=01414&nocatche=1,040be52575435b24e696ad96213d324ffeaf90d259be3116a2350d5fc74018b1,2026-08-02T20:19:20+00:00
mega645,01415,2025-10-05,18:00:00,evening,number_set,5 14 22 28 32 39,,https://www.vietlott.vn/vi/trung-thuong/ket-qua-trung-thuong/645?id=01415&nocatche=1,89affe96236d9bedd86b3751bafd58b0ab3b3258c3714af228c31e5ee379ce10,2026-08-02T20:19:18+00:00
mega645,01416,2025-10-08,18:00:00,evening,number_set,8 10 11 18 23 32,,https://www.vietlott.vn/vi/trung-thuong/ket-qua-trung-thuong/645?id=01416&nocatche=1,9740149de5117ab0f10dafb8f7481f99b0f7160bc7a7a4e024cec3f66ad2203e,2026-08-02T20:19:17+00:00
mega645,01417,2025-10-10,18:00:00,evening,number_set,4 5 25 34 39 43,,https://www.vietlott.vn/vi/trung-thuong/ket-qua-trung-thuong/645?id=01417&nocatche=1,b773269069386137cd0ad12382043c90fb0db8deb9d1d9d05f6d8afd2ad5a517,2026-08-02T20:19:18+00:00
mega645,01418,2025-10-12,18:00:00,evening,number_set,4 10 16 20 28 34,,https://www.vietlott.vn/vi/trung-thuong/ket-qua-trung-thuong/645?id=01418&nocatche=1,21b23698ca9a2866d725ba9da1a97178ebd5568a56dc62b9337077578d51ad98,2026-08-02T20:19:18+00:00
mega645,01419,2025-10-15,18:00:00,evening,number_set,1 6 18 20 29 40,,https://www.vietlott.vn/vi/trung-thuong/ket-qua-trung-thuong/645?id=01419&nocatche=1,907841447d61e7add6e5a726baa7b671410980dff2f0e0cd897a1d99fdf78be1,2026-08-02T20:19:17+00:00
mega645,01420,2025-10-17,18:00:00,evening,number_set,15 17 18 26 31 42,,https://www.vietlott.vn/vi/trung-thuong/ket-qua-trung-thuong/645?id=01420&nocatche=1,e557a6fd93fb5e104e3e0b471135e9d6fdb3f7b2cb4d27bb15ae2c41fb724c18,2026-08-02T20:19:16+00:00
mega645,01421,2025-10-19,18:00:00,evening,number_set,16 17 25 26 28 37,,https://www.vietlott.vn/vi/trung-thuong/ket-qua-trung-thuong/645?id=01421&nocatche=1,3ace4cd33c63b62d3f6c9bcd74cca61e520e1dbd8e359a41c5651239dc18a740,2026-08-02T20:19:16+00:00
mega645,01422,2025-10-22,18:00:00,evening,number_set,5 11 12 24 28 44,,https://www.vietlott.vn/vi/trung-thuong/ket-qua-trung-thuong/645?id=01422&nocatche=1,eff823e4d261c9d6d2fb88da16430921c8dcbe5b722036e3abb9d8464eec762d,2026-08-02T20:19:16+00:00
mega645,01423,2025-10-24,18:00:00,evening,number_set,2 11 24 31 32 38,,https://www.vietlott.vn/vi/trung-thuong/ket-qua-trung-thuong/645?id=01423&nocatche=1,4ada88064406221386ebdc724d20df62aba744cbb7acf111f273873c7e1471ec,2026-08-02T20:19:16+00:00
mega645,01424,2025-10-26,18:00:00,evening,number_set,18 30 34 42 43 45,,https://www.vietlott.vn/vi/trung-thuong/ket-qua-trung-thuong/645?id=01424&nocatche=1,f36c48b09befa1920e50a2fbf508bd3d142223deafb9c20ed53097f978bc799e,2026-08-02T20:19:15+00:00
mega645,01425,2025-10-29,18:00:00,evening,number_set,7 26 35 39 41 42,,https://www.vietlott.vn/vi/trung-thuong/ket-qua-trung-thuong/645?id=01425&nocatche=1,e6898ca2bf75b8aa2b2660b3370aab5c2074fb2073613de0050c1f7c79380f0a,2026-08-02T20:19:14+00:00
mega645,01426,2025-10-31,18:00:00,evening,number_set,3 10 31 34 36 43,,https://www.vietlott.vn/vi/trung-thuong/ket-qua-trung-thuong/645?id=01426&nocatche=1,57e6aa96ca41ae9376b3806e745254a015051a09e59d0a44f4543e4537795b0c,2026-08-02T20:19:14+00:00
mega645,01427,2025-11-02,18:00:00,evening,number_set,3 7 12 20 30 44,,https://www.vietlott.vn/vi/trung-thuong/ket-qua-trung-thuong/645?id=01427&nocatche=1,2eccecf0863752b00f73c013fd283e474b33fc72917b3324fa20f8e799ee3dd5,2026-08-02T20:19:14+00:00
mega645,01428,2025-11-05,18:00:00,evening,number_set,2 9 18 25 30 31,,https://www.vietlott.vn/vi/trung-thuong/ket-qua-trung-thuong/645?id=01428&nocatche=1,ddc1bafd24fbcdc2d85d5116b2bd2bf0748bb2518a22cf5a6ac2680bb0e2acf4,2026-08-02T20:19:05+00:00
mega645,01429,2025-11-07,18:00:00,evening,number_set,3 4 20 28 39 42,,https://www.vietlott.vn/vi/trung-thuong/ket-qua-trung-thuong/645?id=01429&nocatche=1,be02f511b04709905a085de436475abfbb3cc5754b66e88f083f2681c5b368cf,2026-08-02T20:19:05+00:00
mega645,01430,2025-11-09,18:00:00,evening,number_set,13 23 27 30 37 43,,https://www.vietlott.vn/vi/trung-thuong/ket-qua-trung-thuong/645?id=01430&nocatche=1,ff5fd03cd30a041af12d1cccb24531310e165d5ed6ca3150d5f24e3bf3e67e29,2026-08-02T20:19:14+00:00
mega645,01431,2025-11-12,18:00:00,evening,number_set,16 24 29 37 40 44,,https://www.vietlott.vn/vi/trung-thuong/ket-qua-trung-thuong/645?id=01431&nocatche=1,e811d73b4714c619157c6d96fda6bc5b30304a152e1ceb70180fffa733c9b4c6,2026-08-02T20:19:03+00:00
mega645,01432,2025-11-14,18:00:00,evening,number_set,3 10 15 27 41 42,,https://www.vietlott.vn/vi/trung-thuong/ket-qua-trung-thuong/645?id=01432&nocatche=1,31e4c3176127a9b2ed043cfb4d8538291757a3bd152d96b3f60912a88ac17f0d,2026-08-02T20:19:03+00:00
mega645,01433,2025-11-16,18:00:00,evening,number_set,15 20 31 33 34 45,,https://www.vietlott.vn/vi/trung-thuong/ket-qua-trung-thuong/645?id=01433&nocatche=1,a2a0a226379206ef838a6f70892cbeccca46f57ddfe7c623d5b184a9c41f9e54,2026-08-02T20:19:01+00:00
mega645,01434,2025-11-19,18:00:00,evening,number_set,9 12 19 30 40 43,,https://www.vietlott.vn/vi/trung-thuong/ket-qua-trung-thuong/645?id=01434&nocatche=1,646d9a5258678b5b6158d05b18ddf1b309cf4190ea104b3e1c93ed4a8130d979,2026-08-02T20:19:03+00:00
mega645,01435,2025-11-21,18:00:00,evening,number_set,8 11 18 25 28 35,,https://www.vietlott.vn/vi/trung-thuong/ket-qua-trung-thuong/645?id=01435&nocatche=1,cd1a6630caed5797f906ce7976794b8af749b2f44c0c881167170f28737cf7a2,2026-08-02T20:19:02+00:00
mega645,01436,2025-11-23,18:00:00,evening,number_set,4 12 19 42 43 44,,https://www.vietlott.vn/vi/trung-thuong/ket-qua-trung-thuong/645?id=01436&nocatche=1,a95866684b99af2cf95c53dfc92a78027451c6057b708d6a39dcf3935e7019f3,2026-08-02T20:19:05+00:00
mega645,01437,2025-11-26,18:00:00,evening,number_set,2 8 15 19 30 38,,https://www.vietlott.vn/vi/trung-thuong/ket-qua-trung-thuong/645?id=01437&nocatche=1,3c8a2c011bb790baa91b1cebc1bf634b64369ffa418cd8bfb6b581060f8078ba,2026-08-02T20:19:00+00:00
mega645,01438,2025-11-28,18:00:00,evening,number_set,2 9 17 23 39 41,,https://www.vietlott.vn/vi/trung-thuong/ket-qua-trung-thuong/645?id=01438&nocatche=1,aecd80c72a0ba273824e9fab96c1337f58d86b0cceb987e05e64eb750ed015e4,2026-08-02T20:18:59+00:00
mega645,01439,2025-11-30,18:00:00,evening,number_set,7 13 26 30 34 42,,https://www.vietlott.vn/vi/trung-thuong/ket-qua-trung-thuong/645?id=01439&nocatche=1,ea679395b8afd97108839e16bd1ee76f7c7cb47596c8aca2c0c1b78840103b76,2026-08-02T20:18:58+00:00
mega645,01440,2025-12-03,18:00:00,evening,number_set,8 15 20 23 31 34,,https://www.vietlott.vn/vi/trung-thuong/ket-qua-trung-thuong/645?id=01440&nocatche=1,b8e30d99ba3c433badd381421818664c4113c5b1afb1f41a67c77bdcef2085fc,2026-08-02T20:18:59+00:00
mega645,01441,2025-12-05,18:00:00,evening,number_set,2 19 23 37 42 43,,https://www.vietlott.vn/vi/trung-thuong/ket-qua-trung-thuong/645?id=01441&nocatche=1,4a0a5c66e43a09a9d75fd9ad3b054bab040834e5cf804894a46a8b9f54f672e9,2026-08-02T20:18:58+00:00
mega645,01442,2025-12-07,18:00:00,evening,number_set,1 5 23 28 29 43,,https://www.vietlott.vn/vi/trung-thuong/ket-qua-trung-thuong/645?id=01442&nocatche=1,36c8207bab7debf058d202403efc7400fef49db4fa3b3ad74161be7b0126704b,2026-08-02T20:18:58+00:00
mega645,01443,2025-12-10,18:00:00,evening,number_set,7 18 22 29 30 36,,https://www.vietlott.vn/vi/trung-thuong/ket-qua-trung-thuong/645?id=01443&nocatche=1,7b2c1c80d283cd629ffdd260336b84a5b23f637621a05d4de4a49e29b46c2565,2026-08-02T20:18:56+00:00
mega645,01444,2025-12-12,18:00:00,evening,number_set,3 7 13 17 38 44,,https://www.vietlott.vn/vi/trung-thuong/ket-qua-trung-thuong/645?id=01444&nocatche=1,80978a21886f36cff744cdcf4ab6323a4dd69fc4cfa920095b4c2af39878d34f,2026-08-02T20:18:57+00:00
mega645,01445,2025-12-14,18:00:00,evening,number_set,8 11 13 16 28 32,,https://www.vietlott.vn/vi/trung-thuong/ket-qua-trung-thuong/645?id=01445&nocatche=1,41fa617ab4949ccbfa9e029a50ad33673ce87d14bafcd280aaf875ff031cf38e,2026-08-02T20:18:56+00:00
mega645,01446,2025-12-17,18:00:00,evening,number_set,5 14 24 38 41 43,,https://www.vietlott.vn/vi/trung-thuong/ket-qua-trung-thuong/645?id=01446&nocatche=1,8fe859f20075a9e42f173eea792227503513afa3b91999b5d3390d6744e3c396,2026-08-02T20:18:56+00:00
mega645,01447,2025-12-19,18:00:00,evening,number_set,1 21 36 42 43 44,,https://www.vietlott.vn/vi/trung-thuong/ket-qua-trung-thuong/645?id=01447&nocatche=1,42f6a37bd9dcd6a5598a11a4afbfc902c3f92d42655325e3e76ec9e1bf2bb9e0,2026-08-02T20:18:55+00:00
mega645,01448,2025-12-21,18:00:00,evening,number_set,6 9 12 18 29 43,,https://www.vietlott.vn/vi/trung-thuong/ket-qua-trung-thuong/645?id=01448&nocatche=1,8238d328ebe3616f9f7426d9df88e17538e75ca7da5baf2e7e31673b9aee2815,2026-08-02T20:18:55+00:00
mega645,01449,2025-12-24,18:00:00,evening,number_set,15 19 31 35 43 45,,https://www.vietlott.vn/vi/trung-thuong/ket-qua-trung-thuong/645?id=01449&nocatche=1,6703ff9604907aa2b9692499591bbcd47e1a2d42e6d59f0173236c6f4d03766f,2026-08-02T20:18:55+00:00
mega645,01450,2025-12-26,18:00:00,evening,number_set,4 6 16 25 27 40,,https://www.vietlott.vn/vi/trung-thuong/ket-qua-trung-thuong/645?id=01450&nocatche=1,d02f7342b04ef16bfac681d50a501cc1e001953a12c61e7f87ce377d9243f990,2026-08-02T20:18:53+00:00
mega645,01451,2025-12-28,18:00:00,evening,number_set,1 2 7 16 31 37,,https://www.vietlott.vn/vi/trung-thuong/ket-qua-trung-thuong/645?id=01451&nocatche=1,3202d923f96857562c33f39d2cbe6dd3b23dff87a3346117c2543cb84cc269c8,2026-08-02T20:18:53+00:00
mega645,01452,2025-12-31,18:00:00,evening,number_set,1 25 35 36 37 45,,https://www.vietlott.vn/vi/trung-thuong/ket-qua-trung-thuong/645?id=01452&nocatche=1,2ae0c85470d53679bce5aeff7798527c35e544e8ccbe627b42267786425506c0,2026-08-02T20:18:53+00:00
mega645,01453,2026-01-02,18:00:00,evening,number_set,7 18 22 32 37 38,,https://www.vietlott.vn/vi/trung-thuong/ket-qua-trung-thuong/645?id=01453&nocatche=1,01ae6f4bb16e7ad3efa37d41fe641ad8f809845c1baf75a6bddab677bd4f9bbc,2026-08-02T20:18:53+00:00
mega645,01454,2026-01-04,18:00:00,evening,number_set,2 12 21 29 35 44,,https://www.vietlott.vn/vi/trung-thuong/ket-qua-trung-thuong/645?id=01454&nocatche=1,e0e0beeadb527aec7bf715642ee42c0033c25268b474dc6bc851af618cf725e4,2026-08-02T20:18:51+00:00
mega645,01455,2026-01-07,18:00:00,evening,number_set,1 5 7 28 31 43,,https://www.vietlott.vn/vi/trung-thuong/ket-qua-trung-thuong/645?id=01455&nocatche=1,f92446e8e7503afc9c6cc88e3a4978af0942286ff1f454e39568a9a91247b735,2026-08-02T20:18:51+00:00
mega645,01456,2026-01-09,18:00:00,evening,number_set,8 9 17 21 36 45,,https://www.vietlott.vn/vi/trung-thuong/ket-qua-trung-thuong/645?id=01456&nocatche=1,ea87260e01320863c4dd2c83b87f4e7a189912e8465d10a9e0a7816d42831a4e,2026-08-02T20:18:50+00:00
mega645,01457,2026-01-11,18:00:00,evening,number_set,8 10 21 25 31 38,,https://www.vietlott.vn/vi/trung-thuong/ket-qua-trung-thuong/645?id=01457&nocatche=1,fe90b1fd354ac94bf922c37a8db796277dbc7dd54e6ef360d8bf07eac937861e,2026-08-02T20:18:49+00:00
mega645,01458,2026-01-14,18:00:00,evening,number_set,1 22 23 28 39 45,,https://www.vietlott.vn/vi/trung-thuong/ket-qua-trung-thuong/645?id=01458&nocatche=1,ac139c13499d3cbbbf70c432538a550b85f0177d55f711fa785c9c692798464c,2026-08-02T20:18:49+00:00
mega645,01459,2026-01-16,18:00:00,evening,number_set,2 10 21 31 34 40,,https://www.vietlott.vn/vi/trung-thuong/ket-qua-trung-thuong/645?id=01459&nocatche=1,189e536620a7291ccd1b81dc94abc1b7245610488b0ebac25428cafa67cd2255,2026-08-02T20:18:50+00:00
mega645,01460,2026-01-18,18:00:00,evening,number_set,2 5 15 26 39 42,,https://www.vietlott.vn/vi/trung-thuong/ket-qua-trung-thuong/645?id=01460&nocatche=1,a46e104d55899952a00634612f19dae7e5a7fe8a0a26bdd5c97281b4a72b3ae8,2026-08-02T20:18:48+00:00
mega645,01461,2026-01-21,18:00:00,evening,number_set,1 18 23 24 29 37,,https://www.vietlott.vn/vi/trung-thuong/ket-qua-trung-thuong/645?id=01461&nocatche=1,3180bb868e5d8114c52c0df70c120a422dbe9838602cc118c851e7fa2d2b99d3,2026-08-02T20:18:48+00:00
mega645,01462,2026-01-23,18:00:00,evening,number_set,9 15 16 20 22 31,,https://www.vietlott.vn/vi/trung-thuong/ket-qua-trung-thuong/645?id=01462&nocatche=1,83d1c35a75ff4a3d3b02326c1064dcb5a0d190a99534277d37ed8b064db219b8,2026-08-02T20:18:47+00:00
mega645,01463,2026-01-25,18:00:00,evening,number_set,2 19 20 24 33 34,,https://www.vietlott.vn/vi/trung-thuong/ket-qua-trung-thuong/645?id=01463&nocatche=1,adfc99a8ddb8e5803d8d149b55776e8b6c01a669cc841c38734c2d9dd0367765,2026-08-02T20:18:47+00:00
mega645,01464,2026-01-28,18:00:00,evening,number_set,4 10 16 19 27 40,,https://www.vietlott.vn/vi/trung-thuong/ket-qua-trung-thuong/645?id=01464&nocatche=1,0e32bef69475dc3f3acd1d4140de881a3ae3fbc26380559f26a5ee1efbb5b5f4,2026-08-02T20:18:45+00:00
mega645,01465,2026-01-30,18:00:00,evening,number_set,16 17 30 41 42 45,,https://www.vietlott.vn/vi/trung-thuong/ket-qua-trung-thuong/645?id=01465&nocatche=1,109af458d95eac833a85dd72f268190a7abff92bbdbb2cf5d2bcd67e5a5d4aca,2026-08-02T20:18:44+00:00
mega645,01466,2026-02-01,18:00:00,evening,number_set,1 18 21 23 30 36,,https://www.vietlott.vn/vi/trung-thuong/ket-qua-trung-thuong/645?id=01466&nocatche=1,d091f48937afc3f94001c8857b14c51bfff341c07e9ba842ca54ff2b8f542898,2026-08-02T20:18:45+00:00
mega645,01467,2026-02-04,18:00:00,evening,number_set,2 12 14 17 39 43,,https://www.vietlott.vn/vi/trung-thuong/ket-qua-trung-thuong/645?id=01467&nocatche=1,c1849ac3b036ff5c0d40594510315c4d3e887609ff41ec17cc7760a76d347732,2026-08-02T20:18:43+00:00
mega645,01468,2026-02-06,18:00:00,evening,number_set,2 7 13 17 42 45,,https://www.vietlott.vn/vi/trung-thuong/ket-qua-trung-thuong/645?id=01468&nocatche=1,98475bd38914bb623ca64fb5b98c92dc732a23a738e49ccbf335d369ce08ca66,2026-08-02T20:18:41+00:00
mega645,01469,2026-02-08,18:00:00,evening,number_set,6 13 16 20 23 38,,https://www.vietlott.vn/vi/trung-thuong/ket-qua-trung-thuong/645?id=01469&nocatche=1,f8629ac50bd0c570dd8b750f40a7d475bed914b88e6a8dba038460ce9e15b5d9,2026-08-02T20:18:44+00:00
mega645,01470,2026-02-11,18:00:00,evening,number_set,15 20 35 40 44 45,,https://www.vietlott.vn/vi/trung-thuong/ket-qua-trung-thuong/645?id=01470&nocatche=1,1763ad1e1ea754580d742ad51e8bfd32e3ac8f145c8c8eca52eb2343ceec7d4d,2026-08-02T20:18:43+00:00
mega645,01471,2026-02-13,18:00:00,evening,number_set,8 12 31 36 42 43,,https://www.vietlott.vn/vi/trung-thuong/ket-qua-trung-thuong/645?id=01471&nocatche=1,ef88a89d0bcb7ea625db1488cc2aa9d4f8ce6324629b4e20c619975f6ab7dc28,2026-08-02T20:18:43+00:00
mega645,01472,2026-02-15,18:00:00,evening,number_set,4 6 7 20 28 43,,https://www.vietlott.vn/vi/trung-thuong/ket-qua-trung-thuong/645?id=01472&nocatche=1,6f9a58b270d23895e31441c490524ea35c01e5fd0cc3dd5f09f3af89a06d9553,2026-08-02T20:18:40+00:00
mega645,01473,2026-02-18,18:00:00,evening,number_set,1 7 19 23 26 44,,https://www.vietlott.vn/vi/trung-thuong/ket-qua-trung-thuong/645?id=01473&nocatche=1,a860f8ef380ddf9cfe37a519026027b93b5245ffc03bd97c9f525f452f0c5aab,2026-08-02T20:18:30+00:00
mega645,01474,2026-02-20,18:00:00,evening,number_set,4 25 28 33 34 45,,https://www.vietlott.vn/vi/trung-thuong/ket-qua-trung-thuong/645?id=01474&nocatche=1,2a250661634fb22d19bc96e8c490074fc859b0572e9ed7b306201119679af11b,2026-08-02T20:18:31+00:00
mega645,01475,2026-02-22,18:00:00,evening,number_set,7 23 24 36 38 40,,https://www.vietlott.vn/vi/trung-thuong/ket-qua-trung-thuong/645?id=01475&nocatche=1,335d388421ea5a62cf85653caa235097704586eb4a10d2de601cb7d73b33c60c,2026-08-02T20:18:29+00:00
mega645,01476,2026-02-25,18:00:00,evening,number_set,4 13 20 22 23 29,,https://www.vietlott.vn/vi/trung-thuong/ket-qua-trung-thuong/645?id=01476&nocatche=1,b2ae29947d486c9c3b35fed4401d87b4f72f0c37c517890ffffc26a344ea04f5,2026-08-02T20:18:28+00:00
mega645,01477,2026-02-27,18:00:00,evening,number_set,2 4 8 15 17 28,,https://www.vietlott.vn/vi/trung-thuong/ket-qua-trung-thuong/645?id=01477&nocatche=1,ab9866abb4c1b84a385513d1db45cde1ad610a87b4153fe4c48a39fc1f6346c6,2026-08-02T20:18:28+00:00
mega645,01478,2026-03-01,18:00:00,evening,number_set,16 22 23 35 44 45,,https://www.vietlott.vn/vi/trung-thuong/ket-qua-trung-thuong/645?id=01478&nocatche=1,56ac1b9dd6059b3751b544ef4279b0eec4d2771862ed55430a5ccb6ace9234d0,2026-08-02T20:18:27+00:00
mega645,01479,2026-03-04,18:00:00,evening,number_set,1 4 6 9 13 44,,https://www.vietlott.vn/vi/trung-thuong/ket-qua-trung-thuong/645?id=01479&nocatche=1,b9c75cb63321087bab5c08bb471f5dc8bb10f49e6809fa64ad7039f0d108e5ce,2026-08-02T20:18:27+00:00
mega645,01480,2026-03-06,18:00:00,evening,number_set,2 10 12 21 32 37,,https://www.vietlott.vn/vi/trung-thuong/ket-qua-trung-thuong/645?id=01480&nocatche=1,a4db39eef620d0ede6732c953e475b457087b51ab2f422aafc9d52922b07280d,2026-08-02T20:18:26+00:00
mega645,01481,2026-03-08,18:00:00,evening,number_set,6 12 13 25 31 32,,https://www.vietlott.vn/vi/trung-thuong/ket-qua-trung-thuong/645?id=01481&nocatche=1,f642580e54e102db1cfc5337c6e088a74244446855cc067aa4a370f5c2e265e0,2026-08-02T20:18:26+00:00
mega645,01482,2026-03-11,18:00:00,evening,number_set,16 18 19 28 31 44,,https://www.vietlott.vn/vi/trung-thuong/ket-qua-trung-thuong/645?id=01482&nocatche=1,de4da91353d6d6c3c76cdd38764f3ee764b486a6ae116909a9bf23dd91b4dbbc,2026-08-02T20:18:25+00:00
mega645,01483,2026-03-13,18:00:00,evening,number_set,11 12 20 22 31 33,,https://www.vietlott.vn/vi/trung-thuong/ket-qua-trung-thuong/645?id=01483&nocatche=1,2e2d3c93c43cf38f3b3b573572c73d17b617f73bc90effa1f7ac5bb1853a2697,2026-08-02T20:18:24+00:00
mega645,01484,2026-03-15,18:00:00,evening,number_set,4 7 11 26 42 44,,https://www.vietlott.vn/vi/trung-thuong/ket-qua-trung-thuong/645?id=01484&nocatche=1,f02f67fb1caec8fc9b6c6ac744a2821f1448b9ad18ecd4bf4da7e25c190a6ba7,2026-08-02T20:18:23+00:00
mega645,01485,2026-03-18,18:00:00,evening,number_set,14 20 33 35 36 44,,https://www.vietlott.vn/vi/trung-thuong/ket-qua-trung-thuong/645?id=01485&nocatche=1,345abfaee78ad73dfb526f932dc0d771c8b03acba77149a1ce9e8db8439cde66,2026-08-02T20:18:24+00:00
mega645,01486,2026-03-20,18:00:00,evening,number_set,8 11 22 23 38 43,,https://www.vietlott.vn/vi/trung-thuong/ket-qua-trung-thuong/645?id=01486&nocatche=1,21b44e0b5ce4b1404295bb00be6ae274647d9ec97ce20eda7b4253338c2b6cc7,2026-08-02T20:18:23+00:00
mega645,01487,2026-03-22,18:00:00,evening,number_set,5 10 22 26 31 36,,https://www.vietlott.vn/vi/trung-thuong/ket-qua-trung-thuong/645?id=01487&nocatche=1,19a2bdb122ca06850d42d0e86a4526325b90d61b3d643b1acb765de2bf072315,2026-08-02T20:18:22+00:00
mega645,01488,2026-03-25,18:00:00,evening,number_set,16 22 24 29 35 36,,https://www.vietlott.vn/vi/trung-thuong/ket-qua-trung-thuong/645?id=01488&nocatche=1,9fae7da8bd1bcee09e98f90387d88eaf170da6124930ebd0fc17de8881acbddc,2026-08-02T20:18:23+00:00
mega645,01489,2026-03-27,18:00:00,evening,number_set,5 7 13 19 38 45,,https://www.vietlott.vn/vi/trung-thuong/ket-qua-trung-thuong/645?id=01489&nocatche=1,0a13aad45f58743a4c2989cf7810ca1f715c09befd35010cdb56639e66addb14,2026-08-02T20:18:40+00:00
mega645,01490,2026-03-29,18:00:00,evening,number_set,5 8 18 30 37 45,,https://www.vietlott.vn/vi/trung-thuong/ket-qua-trung-thuong/645?id=01490&nocatche=1,a68a5637ab08a3673b4be65493febc22d8e3442a1a508d7ec1e86c43dd1894e5,2026-08-02T20:18:40+00:00
mega645,01491,2026-04-01,18:00:00,evening,number_set,6 30 34 36 37 44,,https://www.vietlott.vn/vi/trung-thuong/ket-qua-trung-thuong/645?id=01491&nocatche=1,05638238348f2430822f9febc1fee01f48011b880608273451badc1fd5c7c75b,2026-08-02T20:18:39+00:00
mega645,01492,2026-04-03,18:00:00,evening,number_set,2 4 23 24 35 41,,https://www.vietlott.vn/vi/trung-thuong/ket-qua-trung-thuong/645?id=01492&nocatche=1,9f4cb203c17be5ba163e1550e14eadeae48a4fc76d0b18188bdf002ca0c252d8,2026-08-02T20:18:40+00:00
mega645,01493,2026-04-05,18:00:00,evening,number_set,2 9 23 30 32 42,,https://www.vietlott.vn/vi/trung-thuong/ket-qua-trung-thuong/645?id=01493&nocatche=1,7b75ed33c9b70cd7244cd03abe6b680eae12a1cd18330d0cc218b0dc14c79043,2026-08-02T20:18:38+00:00
mega645,01494,2026-04-08,18:00:00,evening,number_set,5 8 23 26 38 41,,https://www.vietlott.vn/vi/trung-thuong/ket-qua-trung-thuong/645?id=01494&nocatche=1,cbdb790278859353bab7c06057e311a1d7a7e0cb52698cf47f08c9e782d1ba5e,2026-08-02T20:18:38+00:00
mega645,01495,2026-04-10,18:00:00,evening,number_set,7 8 10 16 28 35,,https://www.vietlott.vn/vi/trung-thuong/ket-qua-trung-thuong/645?id=01495&nocatche=1,cefc12ec8d21dd8859fc10f9a60320b80e31bc1ff011a938c0e28d47825486ab,2026-08-02T20:18:38+00:00
mega645,01496,2026-04-12,18:00:00,evening,number_set,1 10 11 32 39 42,,https://www.vietlott.vn/vi/trung-thuong/ket-qua-trung-thuong/645?id=01496&nocatche=1,e34735e581843d7e02d33091e3529aea3435cf2d877ef00c5649819738221034,2026-08-02T20:18:36+00:00
mega645,01497,2026-04-15,18:00:00,evening,number_set,21 22 33 35 36 43,,https://www.vietlott.vn/vi/trung-thuong/ket-qua-trung-thuong/645?id=01497&nocatche=1,86ea9c7189f954eb4fdaa8e9e7cb56a0b66a5ea1542acd3604e225bf7cf20e64,2026-08-02T20:18:37+00:00
mega645,01498,2026-04-17,18:00:00,evening,number_set,1 10 19 31 36 38,,https://www.vietlott.vn/vi/trung-thuong/ket-qua-trung-thuong/645?id=01498&nocatche=1,6fba07800a04085436d59f9fbd618b497b3f10803e8f01ca2f9b4eb434027a87,2026-08-02T20:18:37+00:00
mega645,01499,2026-04-19,18:00:00,evening,number_set,7 10 15 27 33 35,,https://www.vietlott.vn/vi/trung-thuong/ket-qua-trung-thuong/645?id=01499&nocatche=1,3d2084c7636c8165249bf7a87a163f3e502727dec4125820c43680ec68c2a409,2026-08-02T20:18:34+00:00
mega645,01500,2026-04-22,18:00:00,evening,number_set,2 6 15 16 17 37,,https://www.vietlott.vn/vi/trung-thuong/ket-qua-trung-thuong/645?id=01500&nocatche=1,eb229357741bbe3ba352373e364949ede4d1f3f2c6d76cc796f9826dc9a71d3d,2026-08-02T20:18:33+00:00
mega645,01501,2026-04-24,18:00:00,evening,number_set,20 29 33 36 41 42,,https://www.vietlott.vn/vi/trung-thuong/ket-qua-trung-thuong/645?id=01501&nocatche=1,b413c49b41fc8a3f3fe991f12e98834101a04a8f1b92d06b178b48994af68e82,2026-08-02T20:18:33+00:00
mega645,01502,2026-04-26,18:00:00,evening,number_set,12 18 22 25 31 41,,https://www.vietlott.vn/vi/trung-thuong/ket-qua-trung-thuong/645?id=01502&nocatche=1,2bb3369c64daf1875521e60c7cf8a503e3bb2af15b7593d4fa55dd1f29178ee3,2026-08-02T20:18:35+00:00
mega645,01503,2026-04-29,18:00:00,evening,number_set,4 14 15 16 17 25,,https://www.vietlott.vn/vi/trung-thuong/ket-qua-trung-thuong/645?id=01503&nocatche=1,44dfd176f9db8af7668e8310c6937bddd06976761e6a4b1bc2f7067696c8765a,2026-08-02T20:18:32+00:00
mega645,01504,2026-05-01,18:00:00,evening,number_set,4 21 25 31 41 43,,https://www.vietlott.vn/vi/trung-thuong/ket-qua-trung-thuong/645?id=01504&nocatche=1,9f5a5a136d782c55987e422ebd57c6dd39456e9d1a8fdddbe8a382dfacd610c8,2026-08-02T20:18:30+00:00
mega645,01505,2026-05-03,18:00:00,evening,number_set,7 9 14 24 38 39,,https://www.vietlott.vn/vi/trung-thuong/ket-qua-trung-thuong/645?id=01505&nocatche=1,036ad320201ee58f3c577c08c1ecf3beba4f014f75eb2f44d54b81e3d7d65729,2026-08-02T20:18:18+00:00
mega645,01506,2026-05-06,18:00:00,evening,number_set,9 12 28 36 37 40,,https://www.vietlott.vn/vi/trung-thuong/ket-qua-trung-thuong/645?id=01506&nocatche=1,d0edfd818b5c984b9b332ad93a9dc85e017c4600a9115cc7207faa8eb0375d20,2026-08-02T20:18:17+00:00
mega645,01507,2026-05-08,18:00:00,evening,number_set,4 16 17 26 34 42,,https://www.vietlott.vn/vi/trung-thuong/ket-qua-trung-thuong/645?id=01507&nocatche=1,c3a313f10cfe1f8e421f40cec2299be321dd5146f845fac8fbd018a09edbac71,2026-08-02T20:18:16+00:00
mega645,01508,2026-05-10,18:00:00,evening,number_set,3 4 10 11 27 42,,https://www.vietlott.vn/vi/trung-thuong/ket-qua-trung-thuong/645?id=01508&nocatche=1,1bb9d9a4a22deb9064f4e8ea31c111866e7e46c947e48c54195f372edb65231b,2026-08-02T20:18:16+00:00
mega645,01509,2026-05-13,18:00:00,evening,number_set,8 10 15 32 35 43,,https://www.vietlott.vn/vi/trung-thuong/ket-qua-trung-thuong/645?id=01509&nocatche=1,9264ac001864e377559694c6c4245994940744230cae1989071ccb3ab4099087,2026-08-02T20:18:15+00:00
mega645,01510,2026-05-15,18:00:00,evening,number_set,6 14 20 22 23 44,,https://www.vietlott.vn/vi/trung-thuong/ket-qua-trung-thuong/645?id=01510&nocatche=1,c87d2c778961da43f0af3975eff282425f8c62b565d7b3c9e94d4296b1b3ec32,2026-08-02T20:18:15+00:00
mega645,01511,2026-05-17,18:00:00,evening,number_set,4 8 13 15 27 31,,https://www.vietlott.vn/vi/trung-thuong/ket-qua-trung-thuong/645?id=01511&nocatche=1,b6567062f4b4b94ec21218e782949eba1506eb2997bc5c72c3d6dc285874b140,2026-08-02T20:18:16+00:00
mega645,01512,2026-05-20,18:00:00,evening,number_set,16 28 29 37 40 45,,https://www.vietlott.vn/vi/trung-thuong/ket-qua-trung-thuong/645?id=01512&nocatche=1,dee5d005609e56c4ca797339485a541fb6a17f629d1630d7427b41a12f2dd724,2026-08-02T20:18:14+00:00
mega645,01513,2026-05-22,18:00:00,evening,number_set,2 3 14 28 41 44,,https://www.vietlott.vn/vi/trung-thuong/ket-qua-trung-thuong/645?id=01513&nocatche=1,48fe30c92f3f622eb27c512fe42310bc24e934f121b3c68d61f29aff975ce8b5,2026-08-02T20:18:20+00:00
mega645,01514,2026-05-24,18:00:00,evening,number_set,4 8 9 14 25 42,,https://www.vietlott.vn/vi/trung-thuong/ket-qua-trung-thuong/645?id=01514&nocatche=1,f45472740eb6b32b1b4211442d8e16ea6309be5ed682920328e44f055e3f586c,2026-08-02T20:18:20+00:00
mega645,01515,2026-05-27,18:00:00,evening,number_set,2 13 17 18 31 37,,https://www.vietlott.vn/vi/trung-thuong/ket-qua-trung-thuong/645?id=01515&nocatche=1,26a89eabf31f07be2d8f34f52c7725394721c354689b89f8aa7be89ac6b4cec1,2026-08-02T20:18:21+00:00
mega645,01516,2026-05-29,18:00:00,evening,number_set,13 14 24 28 30 42,,https://www.vietlott.vn/vi/trung-thuong/ket-qua-trung-thuong/645?id=01516&nocatche=1,6c99fa47a4676e007df39781ef803d1a04d8497957d7cebabe015cb221032e9c,2026-08-02T20:18:20+00:00
mega645,01517,2026-05-31,18:00:00,evening,number_set,1 12 16 21 24 41,,https://www.vietlott.vn/vi/trung-thuong/ket-qua-trung-thuong/645?id=01517&nocatche=1,6263477790f395d811cbb9c112e889fc98f26c1ea5b823a6146a45c836a8cc2b,2026-08-02T20:18:18+00:00
mega645,01518,2026-06-03,18:00:00,evening,number_set,3 11 26 33 36 38,,https://www.vietlott.vn/vi/trung-thuong/ket-qua-trung-thuong/645?id=01518&nocatche=1,6c10927d9aaaf612a42b9b7bb4581a49abb4226006ae6e2bf4cda352dfaaa6e8,2026-08-02T20:18:18+00:00
mega645,01519,2026-06-05,18:00:00,evening,number_set,13 16 19 32 36 39,,https://www.vietlott.vn/vi/trung-thuong/ket-qua-trung-thuong/645?id=01519&nocatche=1,fb429072ba5338b752137bb261d5af4689e3bd4aecd8ea5d95565e23fb5be7d5,2026-08-02T20:18:19+00:00
mega645,01520,2026-06-07,18:00:00,evening,number_set,14 21 26 30 34 35,,https://www.vietlott.vn/vi/trung-thuong/ket-qua-trung-thuong/645?id=01520&nocatche=1,b7376ed60a27c07ee3f539fad8b0334e1776d156511f5f634ccd36bccb9ff21e,2026-08-02T05:41:33+00:00
mega645,01521,2026-06-10,18:00:00,evening,number_set,3 9 17 22 27 32,,https://www.vietlott.vn/vi/trung-thuong/ket-qua-trung-thuong/645?id=01521&nocatche=1,c7b3708784ffc9e403031131bc650c0a3069dde0b3caae7d797441da58802149,2026-08-02T05:41:34+00:00
mega645,01522,2026-06-12,18:00:00,evening,number_set,5 15 30 34 37 38,,https://www.vietlott.vn/vi/trung-thuong/ket-qua-trung-thuong/645?id=01522&nocatche=1,74d8d739e47f0562bf5a94505c4883f9d7297667fb321b2c5aa8d6e9f50f930c,2026-08-02T05:41:33+00:00
mega645,01523,2026-06-14,18:00:00,evening,number_set,7 16 20 22 24 38,,https://www.vietlott.vn/vi/trung-thuong/ket-qua-trung-thuong/645?id=01523&nocatche=1,d175929a06f806251fca2ce3dc982ada8e50c684a1ed7b0ec2ddf064cd47491c,2026-08-02T05:41:36+00:00
mega645,01524,2026-06-17,18:00:00,evening,number_set,5 6 16 28 35 39,,https://www.vietlott.vn/vi/trung-thuong/ket-qua-trung-thuong/645?id=01524&nocatche=1,2a0088f46b5c04083849d3411327d3fdda95e87742b60cd471c836e317ae57af,2026-08-02T05:41:31+00:00
mega645,01525,2026-06-19,18:00:00,evening,number_set,6 9 19 29 30 36,,https://www.vietlott.vn/vi/trung-thuong/ket-qua-trung-thuong/645?id=01525&nocatche=1,d438c141e8b39b0d418242f459d67f759b6ea0fa8c775eecad7668402b21c038,2026-08-02T05:41:31+00:00
mega645,01526,2026-06-21,18:00:00,evening,number_set,3 8 19 27 41 45,,https://www.vietlott.vn/vi/trung-thuong/ket-qua-trung-thuong/645?id=01526&nocatche=1,28f20fa5d1462948b266ee741376414230facf4fbae49129c1d164125126077f,2026-08-02T05:41:31+00:00
mega645,01527,2026-06-24,18:00:00,evening,number_set,3 11 17 19 30 32,,https://www.vietlott.vn/vi/trung-thuong/ket-qua-trung-thuong/645?id=01527&nocatche=1,761b832958c1f071bb1082721951710f129e603590ff67db0795c7d196cb6966,2026-08-02T05:41:32+00:00
mega645,01528,2026-06-26,18:00:00,evening,number_set,9 14 31 36 41 45,,https://vietlott.vn/vi/trung-thuong/ket-qua-trung-thuong/645?id=01528&nocatche=1,b3b6bbd31300fc0209a7444a976e86c15161187af6ffc07e62db071c763c1cf8,2026-08-01T12:44:19+00:00
mega645,01529,2026-06-28,18:00:00,evening,number_set,2 11 18 33 42 45,,https://www.vietlott.vn/vi/trung-thuong/ket-qua-trung-thuong/645?id=01529&nocatche=1,02de54c40bec3b2a71f82c88da284dbab39df5d0a63199997a5b2a48f0e63a1d,2026-08-02T20:17:09+00:00
mega645,01530,2026-07-01,18:00:00,evening,number_set,20 24 25 29 40 44,,https://www.vietlott.vn/vi/trung-thuong/ket-qua-trung-thuong/645?id=01530&nocatche=1,b2695f7fb36dfcd719ec9a1e501885de97487d0db20ad66e6924044c66440c0e,2026-08-02T20:17:09+00:00
mega645,01531,2026-07-03,18:00:00,evening,number_set,6 20 21 28 30 39,,https://www.vietlott.vn/vi/trung-thuong/ket-qua-trung-thuong/645?id=01531&nocatche=1,7a6675c25e20101add63707107f9278dcac4c3aa30286d4fffb2516d5fb1f08d,2026-08-02T20:17:08+00:00
mega645,01532,2026-07-05,18:00:00,evening,number_set,1 5 13 29 32 35,,https://www.vietlott.vn/vi/trung-thuong/ket-qua-trung-thuong/645?id=01532&nocatche=1,e68094215c408f7dfbb22520a3f6fe3b549c21218d16bf5dea2bbddeb3bd7146,2026-08-02T20:17:09+00:00
mega645,01533,2026-07-08,18:00:00,evening,number_set,13 14 22 26 37 44,,https://www.vietlott.vn/vi/trung-thuong/ket-qua-trung-thuong/645?id=01533&nocatche=1,15be074296a72b553d18f492375c784aaafa43fa7cd9f3cee55803cfad502b1e,2026-08-02T20:17:08+00:00
mega645,01534,2026-07-10,18:00:00,evening,number_set,9 17 23 26 42 44,,https://www.vietlott.vn/vi/trung-thuong/ket-qua-trung-thuong/645?id=01534&nocatche=1,8cced3ee1187e5e175005aab5445a1e0f9364621acbcaacaac2aefce091a864b,2026-08-02T20:17:07+00:00
mega645,01535,2026-07-12,18:00:00,evening,number_set,6 9 11 17 35 44,,https://www.vietlott.vn/vi/trung-thuong/ket-qua-trung-thuong/645?id=01535&nocatche=1,9e3abd85ba88455a2ed777608a2c45493aa5306b87ead6f3ef1a501dccd3909c,2026-08-02T20:17:05+00:00
mega645,01536,2026-07-15,18:00:00,evening,number_set,7 11 29 37 43 45,,https://www.vietlott.vn/vi/trung-thuong/ket-qua-trung-thuong/645?id=01536&nocatche=1,4ba66cca52b6c850db167132edb59202c7f5bf220a0898e9d016828dd2df76e4,2026-08-02T05:38:28+00:00
mega645,01537,2026-07-17,18:00:00,evening,number_set,9 18 30 31 39 45,,https://www.vietlott.vn/vi/trung-thuong/ket-qua-trung-thuong/645?id=01537&nocatche=1,d1cd790fa24337af5bdcc56c261806514835bc29713ec5a1e4f416fc19e48251,2026-08-02T05:38:28+00:00
mega645,01538,2026-07-19,18:00:00,evening,number_set,12 22 24 26 31 37,,https://www.vietlott.vn/vi/trung-thuong/ket-qua-trung-thuong/645?id=01538&nocatche=1,a99c66c15e6b8af8470734d6f96ed6c05cb11fd6c1be9b2f3ce9d0a7e2c97847,2026-08-02T05:38:28+00:00
mega645,01539,2026-07-22,18:00:00,evening,number_set,3 32 33 34 39 43,,https://www.vietlott.vn/vi/trung-thuong/ket-qua-trung-thuong/645?id=01539&nocatche=1,29ca379fb0af84be4f24f8097230d4516303a0e63f9649293924774b5f2c062d,2026-08-02T05:38:28+00:00
mega645,01540,2026-07-24,18:00:00,evening,number_set,12 16 36 38 41 45,,https://www.vietlott.vn/vi/trung-thuong/ket-qua-trung-thuong/645?id=01540&nocatche=1,07d783fafba5f0afb7fcefb5f4a7ac32fc80aeaae7b6608ed627221c73ff1e3a,2026-08-02T05:38:26+00:00
mega645,01541,2026-07-26,18:00:00,evening,number_set,13 16 27 33 41 44,,https://www.vietlott.vn/vi/trung-thuong/ket-qua-trung-thuong/645?id=01541&nocatche=1,949812dedbcec63a2cf0862fe85fbbd66bce72bcc7aaabb31d87f3ca1cfbac99,2026-08-02T05:38:26+00:00
mega645,01542,2026-07-29,18:00:00,evening,number_set,2 6 21 31 36 45,,https://www.vietlott.vn/vi/trung-thuong/ket-qua-trung-thuong/645?id=01542&nocatche=1,e51644510a07f84b402e09f95c25c53fef78df8ba10b571866a79ad4aa5a830b,2026-08-02T05:38:27+00:00
mega645,01543,2026-07-31,18:00:00,evening,number_set,6 16 24 25 38 43,,https://www.vietlott.vn/vi/trung-thuong/ket-qua-trung-thuong/645?id=01543&nocatche=1,5ddb019603701dcc348fc70f87748165737056529a04544db56c0ce466755e25,2026-08-02T05:38:26+00:00
mega645,01544,2026-08-02,18:00:00,evening,number_set,3 12 20 25 27 37,,https://www.vietlott.vn/vi/trung-thuong/ket-qua-trung-thuong/645?id=01544&nocatche=1,0aa7629d4b75612d13417ab07d0d8abe7882abcbcd41bed7a321ae2e55f0cc59,2026-08-03T13:01:24+00:00
