game,draw_id,prize_code,prize_name,amount_vnd,winner_count,jackpot_vnd
power655,00637,jackpot-1,Jackpot 1,,0,88377473100
power655,00637,jackpot-2,Jackpot 2,,1,3603944700
power655,00637,giai-nhat,Giải Nhất,40000000,22,
power655,00637,giai-nhi,Giải Nhì,500000,1274,
power655,00637,giai-ba,Giải Ba,50000,22995,
power655,00638,jackpot-1,Jackpot 1,,0,91883861400
power655,00638,jackpot-2,Jackpot 2,,0,3389598700
power655,00638,giai-nhat,Giải Nhất,40000000,15,
power655,00638,giai-nhi,Giải Nhì,500000,874,
power655,00638,giai-ba,Giải Ba,50000,19933,
power655,00639,jackpot-1,Jackpot 1,,0,95299509900
power655,00639,jackpot-2,Jackpot 2,,0,3769115200
power655,00639,giai-nhat,Giải Nhất,40000000,12,
power655,00639,giai-nhi,Giải Nhì,500000,977,
power655,00639,giai-ba,Giải Ba,50000,20779,
power655,00640,jackpot-1,Jackpot 1,,0,99230089800
power655,00640,jackpot-2,Jackpot 2,,1,4205846300
power655,00640,giai-nhat,Giải Nhất,40000000,11,
power655,00640,giai-nhi,Giải Nhì,500000,796,
power655,00640,giai-ba,Giải Ba,50000,17634,
power655,00641,jackpot-1,Jackpot 1,,0,103358105400
power655,00641,jackpot-2,Jackpot 2,,0,3458668400
power655,00641,giai-nhat,Giải Nhất,40000000,20,
power655,00641,giai-nhi,Giải Nhì,500000,1067,
power655,00641,giai-ba,Giải Ba,50000,23712,
power655,00642,jackpot-1,Jackpot 1,,0,106907224800
power655,00642,jackpot-2,Jackpot 2,,1,3853015000
power655,00642,giai-nhat,Giải Nhất,40000000,27,
power655,00642,giai-nhi,Giải Nhì,500000,1183,
power655,00642,giai-ba,Giải Ba,50000,27090,
power655,00643,jackpot-1,Jackpot 1,,0,111103646250
power655,00643,jackpot-2,Jackpot 2,,0,3466269050
power655,00643,giai-nhat,Giải Nhất,40000000,23,
power655,00643,giai-nhi,Giải Nhì,500000,1072,
power655,00643,giai-ba,Giải Ba,50000,23043,
power655,00644,jackpot-1,Jackpot 1,,0,115517111250
power655,00644,jackpot-2,Jackpot 2,,1,3956654050
power655,00644,giai-nhat,Giải Nhất,40000000,23,
power655,00644,giai-nhi,Giải Nhì,500000,1259,
power655,00644,giai-ba,Giải Ba,50000,26928,
power655,00645,jackpot-1,Jackpot 1,,0,119987868900
power655,00645,jackpot-2,Jackpot 2,,1,3496750850
power655,00645,giai-nhat,Giải Nhất,40000000,13,
power655,00645,giai-nhi,Giải Nhì,500000,994,
power655,00645,giai-ba,Giải Ba,50000,23672,
power655,00646,jackpot-1,Jackpot 1,,0,124370953500
power655,00646,jackpot-2,Jackpot 2,,0,3487009400
power655,00646,giai-nhat,Giải Nhất,40000000,13,
power655,00646,giai-nhi,Giải Nhì,500000,1238,
power655,00646,giai-ba,Giải Ba,50000,25242,
power655,00647,jackpot-1,Jackpot 1,,0,127938125100
power655,00647,jackpot-2,Jackpot 2,,0,3883361800
power655,00647,giai-nhat,Giải Nhất,40000000,42,
power655,00647,giai-nhi,Giải Nhì,500000,1555,
power655,00647,giai-ba,Giải Ba,50000,29973,
power655,00648,jackpot-1,Jackpot 1,,0,132079733400
power655,00648,jackpot-2,Jackpot 2,,0,4343540500
power655,00648,giai-nhat,Giải Nhất,40000000,22,
power655,00648,giai-nhi,Giải Nhì,500000,1166,
power655,00648,giai-ba,Giải Ba,50000,24324,
power655,00649,jackpot-1,Jackpot 1,,0,136474196700
power655,00649,jackpot-2,Jackpot 2,,0,4831814200
power655,00649,giai-nhat,Giải Nhất,40000000,16,
power655,00649,giai-nhi,Giải Nhì,500000,1174,
power655,00649,giai-ba,Giải Ba,50000,26127,
power655,00650,jackpot-1,Jackpot 1,,0,140284425000
power655,00650,jackpot-2,Jackpot 2,,1,5255172900
power655,00650,giai-nhat,Giải Nhất,40000000,25,
power655,00650,giai-nhi,Giải Nhì,500000,1926,
power655,00650,giai-ba,Giải Ba,50000,35632,
power655,00651,jackpot-1,Jackpot 1,,0,144675020100
power655,00651,jackpot-2,Jackpot 2,,0,3487843900
power655,00651,giai-nhat,Giải Nhất,40000000,16,
power655,00651,giai-nhi,Giải Nhì,500000,1177,
power655,00651,giai-ba,Giải Ba,50000,26734,
power655,00652,jackpot-1,Jackpot 1,,0,148567285200
power655,00652,jackpot-2,Jackpot 2,,1,3920317800
power655,00652,giai-nhat,Giải Nhất,40000000,29,
power655,00652,giai-nhi,Giải Nhì,500000,1541,
power655,00652,giai-ba,Giải Ba,50000,30173,
power655,00653,jackpot-1,Jackpot 1,,0,152992255350
power655,00653,jackpot-2,Jackpot 2,,0,3491663350
power655,00653,giai-nhat,Giải Nhất,40000000,23,
power655,00653,giai-nhi,Giải Nhì,500000,1249,
power655,00653,giai-ba,Giải Ba,50000,27954,
power655,00654,jackpot-1,Jackpot 1,,0,157547327700
power655,00654,jackpot-2,Jackpot 2,,0,3997782500
power655,00654,giai-nhat,Giải Nhất,40000000,10,
power655,00654,giai-nhi,Giải Nhì,500000,1127,
power655,00654,giai-ba,Giải Ba,50000,24516,
power655,00655,jackpot-1,Jackpot 1,,0,162010540200
power655,00655,jackpot-2,Jackpot 2,,0,4493695000
power655,00655,giai-nhat,Giải Nhất,40000000,14,
power655,00655,giai-nhi,Giải Nhì,500000,1259,
power655,00655,giai-ba,Giải Ba,50000,27258,
power655,00656,jackpot-1,Jackpot 1,,0,167297139300
power655,00656,jackpot-2,Jackpot 2,,1,5081094900
power655,00656,giai-nhat,Giải Nhất,40000000,16,
power655,00656,giai-nhi,Giải Nhì,500000,1240,
power655,00656,giai-ba,Giải Ba,50000,28884,
power655,00657,jackpot-1,Jackpot 1,,0,172318645650
power655,00657,jackpot-2,Jackpot 2,,1,3557945150
power655,00657,giai-nhat,Giải Nhất,40000000,18,
power655,00657,giai-nhi,Giải Nhì,500000,1097,
power655,00657,giai-ba,Giải Ba,50000,26717,
power655,00658,jackpot-1,Jackpot 1,,0,177193640100
power655,00658,jackpot-2,Jackpot 2,,1,3541666050
power655,00658,giai-nhat,Giải Nhất,40000000,20,
power655,00658,giai-nhi,Giải Nhì,500000,1521,
power655,00658,giai-ba,Giải Ba,50000,33217,
power655,00659,jackpot-1,Jackpot 1,,0,182330633100
power655,00659,jackpot-2,Jackpot 2,,0,3570777000
power655,00659,giai-nhat,Giải Nhất,40000000,27,
power655,00659,giai-nhi,Giải Nhì,500000,1810,
power655,00659,giai-ba,Giải Ba,50000,37036,
power655,00660,jackpot-1,Jackpot 1,,0,187387466700
power655,00660,jackpot-2,Jackpot 2,,1,4132647400
power655,00660,giai-nhat,Giải Nhất,40000000,25,
power655,00660,giai-nhi,Giải Nhì,500000,1374,
power655,00660,giai-ba,Giải Ba,50000,29169,
power655,00661,jackpot-1,Jackpot 1,,0,192650416500
power655,00661,jackpot-2,Jackpot 2,,2,1792386100
power655,00661,giai-nhat,Giải Nhất,40000000,21,
power655,00661,giai-nhi,Giải Nhì,500000,1363,
power655,00661,giai-ba,Giải Ba,50000,31878,
power655,00662,jackpot-1,Jackpot 1,,0,198581827350
power655,00662,jackpot-2,Jackpot 2,,0,3659045650
power655,00662,giai-nhat,Giải Nhất,40000000,25,
power655,00662,giai-nhi,Giải Nhì,500000,1717,
power655,00662,giai-ba,Giải Ba,50000,38071,
power655,00663,jackpot-1,Jackpot 1,,0,204118789350
power655,00663,jackpot-2,Jackpot 2,,0,4274263650
power655,00663,giai-nhat,Giải Nhất,40000000,19,
power655,00663,giai-nhi,Giải Nhì,500000,1878,
power655,00663,giai-ba,Giải Ba,50000,35188,
power655,00664,jackpot-1,Jackpot 1,,1,214130470800
power655,00664,jackpot-2,Jackpot 2,,2,2693336350
power655,00664,giai-nhat,Giải Nhất,40000000,20,
power655,00664,giai-nhi,Giải Nhì,500000,1676,
power655,00664,giai-ba,Giải Ba,50000,35622,
power655,00665,jackpot-1,Jackpot 1,,0,32003504400
power655,00665,jackpot-2,Jackpot 2,,0,3222611600
power655,00665,giai-nhat,Giải Nhất,40000000,9,
power655,00665,giai-nhi,Giải Nhì,500000,512,
power655,00665,giai-ba,Giải Ba,50000,12092,
power655,00666,jackpot-1,Jackpot 1,,0,33605699250
power655,00666,jackpot-2,Jackpot 2,,0,3400633250
power655,00666,giai-nhat,Giải Nhất,40000000,11,
power655,00666,giai-nhi,Giải Nhì,500000,622,
power655,00666,giai-ba,Giải Ba,50000,12419,
power655,00667,jackpot-1,Jackpot 1,,0,35927361300
power655,00667,jackpot-2,Jackpot 2,,0,3658595700
power655,00667,giai-nhat,Giải Nhất,40000000,3,
power655,00667,giai-nhi,Giải Nhì,500000,500,
power655,00667,giai-ba,Giải Ba,50000,11925,
power655,00668,jackpot-1,Jackpot 1,,0,38074658250
power655,00668,jackpot-2,Jackpot 2,,1,3897184250
power655,00668,giai-nhat,Giải Nhất,40000000,12,
power655,00668,giai-nhi,Giải Nhì,500000,803,
power655,00668,giai-ba,Giải Ba,50000,16136,
power655,00669,jackpot-1,Jackpot 1,,1,40268451000
power655,00669,jackpot-2,Jackpot 2,,0,3243754750
power655,00669,giai-nhat,Giải Nhất,40000000,8,
power655,00669,giai-nhi,Giải Nhì,500000,589,
power655,00669,giai-ba,Giải Ba,50000,12808,
power655,00670,jackpot-1,Jackpot 1,,0,32041280550
power655,00670,jackpot-2,Jackpot 2,,0,3470563700
power655,00670,giai-nhat,Giải Nhất,40000000,5,
power655,00670,giai-nhi,Giải Nhì,500000,488,
power655,00670,giai-ba,Giải Ba,50000,10830,
power655,00671,jackpot-1,Jackpot 1,,0,34313096550
power655,00671,jackpot-2,Jackpot 2,,0,3722987700
power655,00671,giai-nhat,Giải Nhất,40000000,7,
power655,00671,giai-nhi,Giải Nhì,500000,668,
power655,00671,giai-ba,Giải Ba,50000,15316,
power655,00672,jackpot-1,Jackpot 1,,0,36143063400
power655,00672,jackpot-2,Jackpot 2,,0,3926317350
power655,00672,giai-nhat,Giải Nhất,40000000,13,
power655,00672,giai-nhi,Giải Nhì,500000,719,
power655,00672,giai-ba,Giải Ba,50000,13837,
power655,00673,jackpot-1,Jackpot 1,,0,38394271200
power655,00673,jackpot-2,Jackpot 2,,0,4176451550
power655,00673,giai-nhat,Giải Nhất,40000000,12,
power655,00673,giai-nhi,Giải Nhì,500000,473,
power655,00673,giai-ba,Giải Ba,50000,10831,
power655,00674,jackpot-1,Jackpot 1,,0,40661845500
power655,00674,jackpot-2,Jackpot 2,,0,4428404250
power655,00674,giai-nhat,Giải Nhất,40000000,15,
power655,00674,giai-nhi,Giải Nhì,500000,721,
power655,00674,giai-ba,Giải Ba,50000,15339,
power655,00675,jackpot-1,Jackpot 1,,0,42691966950
power655,00675,jackpot-2,Jackpot 2,,0,4653973300
power655,00675,giai-nhat,Giải Nhất,40000000,15,
power655,00675,giai-nhi,Giải Nhì,500000,662,
power655,00675,giai-ba,Giải Ba,50000,13202,
power655,00676,jackpot-1,Jackpot 1,,0,44903463150
power655,00676,jackpot-2,Jackpot 2,,0,4899695100
power655,00676,giai-nhat,Giải Nhất,40000000,12,
power655,00676,giai-nhi,Giải Nhì,500000,684,
power655,00676,giai-ba,Giải Ba,50000,14534,
power655,00677,jackpot-1,Jackpot 1,,0,47714037600
power655,00677,jackpot-2,Jackpot 2,,0,5211981150
power655,00677,giai-nhat,Giải Nhất,40000000,13,
power655,00677,giai-nhi,Giải Nhì,500000,724,
power655,00677,giai-ba,Giải Ba,50000,16146,
power655,00678,jackpot-1,Jackpot 1,,0,50363385150
power655,00678,jackpot-2,Jackpot 2,,0,5506353100
power655,00678,giai-nhat,Giải Nhất,40000000,9,
power655,00678,giai-nhi,Giải Nhì,500000,521,
power655,00678,giai-ba,Giải Ba,50000,12651,
power655,00679,jackpot-1,Jackpot 1,,0,52742566200
power655,00679,jackpot-2,Jackpot 2,,1,5770706550
power655,00679,giai-nhat,Giải Nhất,40000000,13,
power655,00679,giai-nhi,Giải Nhì,500000,918,
power655,00679,giai-ba,Giải Ba,50000,18491,
power655,00680,jackpot-1,Jackpot 1,,0,55150857750
power655,00680,jackpot-2,Jackpot 2,,0,3267587950
power655,00680,giai-nhat,Giải Nhất,40000000,13,
power655,00680,giai-nhi,Giải Nhì,500000,919,
power655,00680,giai-ba,Giải Ba,50000,17356,
power655,00681,jackpot-1,Jackpot 1,,0,57764215200
power655,00681,jackpot-2,Jackpot 2,,0,3557961000
power655,00681,giai-nhat,Giải Nhất,40000000,6,
power655,00681,giai-nhi,Giải Nhì,500000,620,
power655,00681,giai-ba,Giải Ba,50000,14108,
power655,00682,jackpot-1,Jackpot 1,,0,60562731900
power655,00682,jackpot-2,Jackpot 2,,1,3868907300
power655,00682,giai-nhat,Giải Nhất,40000000,27,
power655,00682,giai-nhi,Giải Nhì,500000,1042,
power655,00682,giai-ba,Giải Ba,50000,21698,
power655,00683,jackpot-1,Jackpot 1,,0,63474225600
power655,00683,jackpot-2,Jackpot 2,,0,3323499300
power655,00683,giai-nhat,Giải Nhất,40000000,19,
power655,00683,giai-nhi,Giải Nhì,500000,918,
power655,00683,giai-ba,Giải Ba,50000,19154,
power655,00684,jackpot-1,Jackpot 1,,0,66252857250
power655,00684,jackpot-2,Jackpot 2,,0,3632236150
power655,00684,giai-nhat,Giải Nhất,40000000,9,
power655,00684,giai-nhi,Giải Nhì,500000,730,
power655,00684,giai-ba,Giải Ba,50000,17048,
power655,00685,jackpot-1,Jackpot 1,,0,68434304250
power655,00685,jackpot-2,Jackpot 2,,1,3874619150
power655,00685,giai-nhat,Giải Nhất,40000000,29,
power655,00685,giai-nhi,Giải Nhì,500000,1207,
power655,00685,giai-ba,Giải Ba,50000,22274,
power655,00686,jackpot-1,Jackpot 1,,0,71367341700
power655,00686,jackpot-2,Jackpot 2,,0,3325893050
power655,00686,giai-nhat,Giải Nhất,40000000,11,
power655,00686,giai-nhi,Giải Nhì,500000,686,
power655,00686,giai-ba,Giải Ba,50000,15567,
power655,00687,jackpot-1,Jackpot 1,,0,74540296200
power655,00687,jackpot-2,Jackpot 2,,0,3678443550
power655,00687,giai-nhat,Giải Nhất,40000000,8,
power655,00687,giai-nhi,Giải Nhì,500000,643,
power655,00687,giai-ba,Giải Ba,50000,15915,
power655,00688,jackpot-1,Jackpot 1,,0,76942780500
power655,00688,jackpot-2,Jackpot 2,,1,3945386250
power655,00688,giai-nhat,Giải Nhất,40000000,27,
power655,00688,giai-nhi,Giải Nhì,500000,1387,
power655,00688,giai-ba,Giải Ba,50000,26195,
power655,00689,jackpot-1,Jackpot 1,,1,78554607600
power655,00689,jackpot-2,Jackpot 2,,6,529848650
power655,00689,giai-nhat,Giải Nhất,40000000,43,
power655,00689,giai-nhi,Giải Nhì,500000,1181,
power655,00689,giai-ba,Giải Ba,50000,18515,
power655,00690,jackpot-1,Jackpot 1,,0,31793086200
power655,00690,jackpot-2,Jackpot 2,,0,3199231800
power655,00690,giai-nhat,Giải Nhất,40000000,5,
power655,00690,giai-nhi,Giải Nhì,500000,514,
power655,00690,giai-ba,Giải Ba,50000,10111,
power655,00691,jackpot-1,Jackpot 1,,0,33707650350
power655,00691,jackpot-2,Jackpot 2,,0,3411961150
power655,00691,giai-nhat,Giải Nhất,40000000,11,
power655,00691,giai-nhi,Giải Nhì,500000,556,
power655,00691,giai-ba,Giải Ba,50000,11837,
power655,00692,jackpot-1,Jackpot 1,,0,35512784850
power655,00692,jackpot-2,Jackpot 2,,0,3612531650
power655,00692,giai-nhat,Giải Nhất,40000000,9,
power655,00692,giai-nhi,Giải Nhì,500000,593,
power655,00692,giai-ba,Giải Ba,50000,12754,
power655,00693,jackpot-1,Jackpot 1,,0,36581622600
power655,00693,jackpot-2,Jackpot 2,,0,3731291400
power655,00693,giai-nhat,Giải Nhất,40000000,19,
power655,00693,giai-nhi,Giải Nhì,500000,1505,
power655,00693,giai-ba,Giải Ba,50000,13785,
power655,00694,jackpot-1,Jackpot 1,,0,38675385750
power655,00694,jackpot-2,Jackpot 2,,0,3963931750
power655,00694,giai-nhat,Giải Nhất,40000000,13,
power655,00694,giai-nhi,Giải Nhì,500000,659,
power655,00694,giai-ba,Giải Ba,50000,14959,
power655,00695,jackpot-1,Jackpot 1,,0,40440003150
power655,00695,jackpot-2,Jackpot 2,,0,4160000350
power655,00695,giai-nhat,Giải Nhất,40000000,10,
power655,00695,giai-nhi,Giải Nhì,500000,812,
power655,00695,giai-ba,Giải Ba,50000,14827,
power655,00696,jackpot-1,Jackpot 1,,0,42568127400
power655,00696,jackpot-2,Jackpot 2,,0,4396458600
power655,00696,giai-nhat,Giải Nhất,40000000,6,
power655,00696,giai-nhi,Giải Nhì,500000,656,
power655,00696,giai-ba,Giải Ba,50000,13413,
power655,00697,jackpot-1,Jackpot 1,,0,44742716400
power655,00697,jackpot-2,Jackpot 2,,1,4638079600
power655,00697,giai-nhat,Giải Nhất,40000000,14,
power655,00697,giai-nhi,Giải Nhì,500000,834,
power655,00697,giai-ba,Giải Ba,50000,17015,
power655,00698,jackpot-1,Jackpot 1,,0,47074116000
power655,00698,jackpot-2,Jackpot 2,,0,3259044400
power655,00698,giai-nhat,Giải Nhất,40000000,8,
power655,00698,giai-nhi,Giải Nhì,500000,584,
power655,00698,giai-ba,Giải Ba,50000,13664,
power655,00699,jackpot-1,Jackpot 1,,0,49301038650
power655,00699,jackpot-2,Jackpot 2,,0,3506480250
power655,00699,giai-nhat,Giải Nhất,40000000,12,
power655,00699,giai-nhi,Giải Nhì,500000,614,
power655,00699,giai-ba,Giải Ba,50000,13112,
power655,00700,jackpot-1,Jackpot 1,,0,51751645500
power655,00700,jackpot-2,Jackpot 2,,1,3778769900
power655,00700,giai-nhat,Giải Nhất,40000000,15,
power655,00700,giai-nhi,Giải Nhì,500000,654,
power655,00700,giai-ba,Giải Ba,50000,14047,
power655,00701,jackpot-1,Jackpot 1,,0,53906255400
power655,00701,jackpot-2,Jackpot 2,,0,3239401100
power655,00701,giai-nhat,Giải Nhất,40000000,10,
power655,00701,giai-nhi,Giải Nhì,500000,809,
power655,00701,giai-ba,Giải Ba,50000,16337,
power655,00702,jackpot-1,Jackpot 1,,0,56307304200
power655,00702,jackpot-2,Jackpot 2,,1,3506184300
power655,00702,giai-nhat,Giải Nhất,40000000,12,
power655,00702,giai-nhi,Giải Nhì,500000,647,
power655,00702,giai-ba,Giải Ba,50000,13940,
power655,00703,jackpot-1,Jackpot 1,,0,58908623700
power655,00703,jackpot-2,Jackpot 2,,0,3289035500
power655,00703,giai-nhat,Giải Nhất,40000000,11,
power655,00703,giai-nhi,Giải Nhì,500000,805,
power655,00703,giai-ba,Giải Ba,50000,16338,
power655,00704,jackpot-1,Jackpot 1,,0,61525768350
power655,00704,jackpot-2,Jackpot 2,,0,3579829350
power655,00704,giai-nhat,Giải Nhất,40000000,9,
power655,00704,giai-nhi,Giải Nhì,500000,651,
power655,00704,giai-ba,Giải Ba,50000,14505,
power655,00705,jackpot-1,Jackpot 1,,0,64691708250
power655,00705,jackpot-2,Jackpot 2,,0,3931600450
power655,00705,giai-nhat,Giải Nhất,40000000,4,
power655,00705,giai-nhi,Giải Nhì,500000,596,
power655,00705,giai-ba,Giải Ba,50000,14065,
power655,00706,jackpot-1,Jackpot 1,,0,67331602650
power655,00706,jackpot-2,Jackpot 2,,0,4224922050
power655,00706,giai-nhat,Giải Nhất,40000000,18,
power655,00706,giai-nhi,Giải Nhì,500000,960,
power655,00706,giai-ba,Giải Ba,50000,19492,
power655,00707,jackpot-1,Jackpot 1,,0,69988955700
power655,00707,jackpot-2,Jackpot 2,,1,4520183500
power655,00707,giai-nhat,Giải Nhất,40000000,13,
power655,00707,giai-nhi,Giải Nhì,500000,886,
power655,00707,giai-ba,Giải Ba,50000,19061,
power655,00708,jackpot-1,Jackpot 1,,0,72264577800
power655,00708,jackpot-2,Jackpot 2,,0,3252846900
power655,00708,giai-nhat,Giải Nhất,40000000,22,
power655,00708,giai-nhi,Giải Nhì,500000,959,
power655,00708,giai-ba,Giải Ba,50000,19529,
power655,00709,jackpot-1,Jackpot 1,,0,75356765400
power655,00709,jackpot-2,Jackpot 2,,0,3596423300
power655,00709,giai-nhat,Giải Nhất,40000000,17,
power655,00709,giai-nhi,Giải Nhì,500000,921,
power655,00709,giai-ba,Giải Ba,50000,19411,
power655,00710,jackpot-1,Jackpot 1,,0,77809523700
power655,00710,jackpot-2,Jackpot 2,,0,3868952000
power655,00710,giai-nhat,Giải Nhất,40000000,25,
power655,00710,giai-nhi,Giải Nhì,500000,894,
power655,00710,giai-ba,Giải Ba,50000,19516,
power655,00711,jackpot-1,Jackpot 1,,0,80758885350
power655,00711,jackpot-2,Jackpot 2,,0,4196658850
power655,00711,giai-nhat,Giải Nhất,40000000,18,
power655,00711,giai-nhi,Giải Nhì,500000,890,
power655,00711,giai-ba,Giải Ba,50000,18846,
power655,00712,jackpot-1,Jackpot 1,,0,84160173900
power655,00712,jackpot-2,Jackpot 2,,0,4574579800
power655,00712,giai-nhat,Giải Nhất,40000000,15,
power655,00712,giai-nhi,Giải Nhì,500000,1089,
power655,00712,giai-ba,Giải Ba,50000,22844,
power655,00713,jackpot-1,Jackpot 1,,0,87502919250
power655,00713,jackpot-2,Jackpot 2,,0,4945995950
power655,00713,giai-nhat,Giải Nhất,40000000,10,
power655,00713,giai-nhi,Giải Nhì,500000,938,
power655,00713,giai-ba,Giải Ba,50000,20112,
power655,00714,jackpot-1,Jackpot 1,,1,92575628850
power655,00714,jackpot-2,Jackpot 2,,0,5509630350
power655,00714,giai-nhat,Giải Nhất,40000000,21,
power655,00714,giai-nhi,Giải Nhì,500000,951,
power655,00714,giai-ba,Giải Ba,50000,20234,
power655,00715,jackpot-1,Jackpot 1,,0,31953142200
power655,00715,jackpot-2,Jackpot 2,,1,5726646150
power655,00715,giai-nhat,Giải Nhất,40000000,5,
power655,00715,giai-nhi,Giải Nhì,500000,409,
power655,00715,giai-ba,Giải Ba,50000,10232,
power655,00716,jackpot-1,Jackpot 1,,0,33412538550
power655,00716,jackpot-2,Jackpot 2,,1,3162155150
power655,00716,giai-nhat,Giải Nhất,40000000,7,
power655,00716,giai-nhi,Giải Nhì,500000,511,
power655,00716,giai-ba,Giải Ba,50000,10138,
power655,00717,jackpot-1,Jackpot 1,,0,35131524600
power655,00717,jackpot-2,Jackpot 2,,0,3190998450
power655,00717,giai-nhat,Giải Nhất,40000000,3,
power655,00717,giai-nhi,Giải Nhì,500000,482,
power655,00717,giai-ba,Giải Ba,50000,8632,
power655,00718,jackpot-1,Jackpot 1,,0,37087734000
power655,00718,jackpot-2,Jackpot 2,,0,3408355050
power655,00718,giai-nhat,Giải Nhất,40000000,8,
power655,00718,giai-nhi,Giải Nhì,500000,492,
power655,00718,giai-ba,Giải Ba,50000,10482,
power655,00719,jackpot-1,Jackpot 1,,0,38990566200
power655,00719,jackpot-2,Jackpot 2,,0,3619780850
power655,00719,giai-nhat,Giải Nhất,40000000,8,
power655,00719,giai-nhi,Giải Nhì,500000,488,
power655,00719,giai-ba,Giải Ba,50000,11191,
power655,00720,jackpot-1,Jackpot 1,,0,40960429950
power655,00720,jackpot-2,Jackpot 2,,0,3838654600
power655,00720,giai-nhat,Giải Nhất,40000000,10,
power655,00720,giai-nhi,Giải Nhì,500000,450,
power655,00720,giai-ba,Giải Ba,50000,11186,
power655,00721,jackpot-1,Jackpot 1,,0,43368051000
power655,00721,jackpot-2,Jackpot 2,,0,4106168050
power655,00721,giai-nhat,Giải Nhất,40000000,10,
power655,00721,giai-nhi,Giải Nhì,500000,518,
power655,00721,giai-ba,Giải Ba,50000,12730,
power655,00722,jackpot-1,Jackpot 1,,0,45524219700
power655,00722,jackpot-2,Jackpot 2,,0,4345742350
power655,00722,giai-nhat,Giải Nhất,40000000,10,
power655,00722,giai-nhi,Giải Nhì,500000,600,
power655,00722,giai-ba,Giải Ba,50000,13433,
power655,00723,jackpot-1,Jackpot 1,,0,48237615300
power655,00723,jackpot-2,Jackpot 2,,2,2323615375
power655,00723,giai-nhat,Giải Nhất,40000000,6,
power655,00723,giai-nhi,Giải Nhì,500000,524,
power655,00723,giai-ba,Giải Ba,50000,12180,
power655,00724,jackpot-1,Jackpot 1,,0,50454523200
power655,00724,jackpot-2,Jackpot 2,,0,3246323100
power655,00724,giai-nhat,Giải Nhất,40000000,16,
power655,00724,giai-nhi,Giải Nhì,500000,805,
power655,00724,giai-ba,Giải Ba,50000,16641,
power655,00725,jackpot-1,Jackpot 1,,0,52849603650
power655,00725,jackpot-2,Jackpot 2,,0,3512443150
power655,00725,giai-nhat,Giải Nhất,40000000,10,
power655,00725,giai-nhi,Giải Nhì,500000,623,
power655,00725,giai-ba,Giải Ba,50000,12909,
power655,00726,jackpot-1,Jackpot 1,,0,55087218300
power655,00726,jackpot-2,Jackpot 2,,0,3761067000
power655,00726,giai-nhat,Giải Nhất,40000000,12,
power655,00726,giai-nhi,Giải Nhì,500000,732,
power655,00726,giai-ba,Giải Ba,50000,13751,
power655,00727,jackpot-1,Jackpot 1,,0,57772834500
power655,00727,jackpot-2,Jackpot 2,,0,4059468800
power655,00727,giai-nhat,Giải Nhất,40000000,11,
power655,00727,giai-nhi,Giải Nhì,500000,622,
power655,00727,giai-ba,Giải Ba,50000,14714,
power655,00728,jackpot-1,Jackpot 1,,0,60427002000
power655,00728,jackpot-2,Jackpot 2,,0,4354376300
power655,00728,giai-nhat,Giải Nhất,40000000,7,
power655,00728,giai-nhi,Giải Nhì,500000,599,
power655,00728,giai-ba,Giải Ba,50000,13789,
power655,00729,jackpot-1,Jackpot 1,,0,62757436800
power655,00729,jackpot-2,Jackpot 2,,0,4613313500
power655,00729,giai-nhat,Giải Nhất,40000000,18,
power655,00729,giai-nhi,Giải Nhì,500000,756,
power655,00729,giai-ba,Giải Ba,50000,14865,
power655,00730,jackpot-1,Jackpot 1,,0,65600832450
power655,00730,jackpot-2,Jackpot 2,,1,4929246350
power655,00730,giai-nhat,Giải Nhất,40000000,13,
power655,00730,giai-nhi,Giải Nhì,500000,791,
power655,00730,giai-ba,Giải Ba,50000,17151,
power655,00731,jackpot-1,Jackpot 1,,0,67823715000
power655,00731,jackpot-2,Jackpot 2,,0,3246986950
power655,00731,giai-nhat,Giải Nhất,40000000,19,
power655,00731,giai-nhi,Giải Nhì,500000,787,
power655,00731,giai-ba,Giải Ba,50000,15500,
power655,00732,jackpot-1,Jackpot 1,,0,70506838200
power655,00732,jackpot-2,Jackpot 2,,0,3545111750
power655,00732,giai-nhat,Giải Nhất,40000000,10,
power655,00732,giai-nhi,Giải Nhì,500000,800,
power655,00732,giai-ba,Giải Ba,50000,17001,
power655,00733,jackpot-1,Jackpot 1,,0,74335915200
power655,00733,jackpot-2,Jackpot 2,,0,3970564750
power655,00733,giai-nhat,Giải Nhất,40000000,20,
power655,00733,giai-nhi,Giải Nhì,500000,930,
power655,00733,giai-ba,Giải Ba,50000,18298,
power655,00734,jackpot-1,Jackpot 1,,0,79919472900
power655,00734,jackpot-2,Jackpot 2,,0,4590960050
power655,00734,giai-nhat,Giải Nhất,40000000,14,
power655,00734,giai-nhi,Giải Nhì,500000,699,
power655,00734,giai-ba,Giải Ba,50000,16202,
power655,00735,jackpot-1,Jackpot 1,,0,85597658400
power655,00735,jackpot-2,Jackpot 2,,0,5221869550
power655,00735,giai-nhat,Giải Nhất,40000000,18,
power655,00735,giai-nhi,Giải Nhì,500000,1035,
power655,00735,giai-ba,Giải Ba,50000,21866,
power655,00736,jackpot-1,Jackpot 1,,0,92299663650
power655,00736,jackpot-2,Jackpot 2,,0,5966536800
power655,00736,giai-nhat,Giải Nhất,40000000,16,
power655,00736,giai-nhi,Giải Nhì,500000,1044,
power655,00736,giai-ba,Giải Ba,50000,23230,
power655,00737,jackpot-1,Jackpot 1,,0,99398788050
power655,00737,jackpot-2,Jackpot 2,,0,6755328400
power655,00737,giai-nhat,Giải Nhất,40000000,15,
power655,00737,giai-nhi,Giải Nhì,500000,936,
power655,00737,giai-ba,Giải Ba,50000,21336,
power655,00738,jackpot-1,Jackpot 1,,0,107146231950
power655,00738,jackpot-2,Jackpot 2,,1,7616155500
power655,00738,giai-nhat,Giải Nhất,40000000,13,
power655,00738,giai-nhi,Giải Nhì,500000,1100,
power655,00738,giai-ba,Giải Ba,50000,25139,
power655,00739,jackpot-1,Jackpot 1,,0,112724914800
power655,00739,jackpot-2,Jackpot 2,,0,3619853650
power655,00739,giai-nhat,Giải Nhất,40000000,17,
power655,00739,giai-nhi,Giải Nhì,500000,1387,
power655,00739,giai-ba,Giải Ba,50000,28067,
power655,00740,jackpot-1,Jackpot 1,,0,120359597700
power655,00740,jackpot-2,Jackpot 2,,0,4468151750
power655,00740,giai-nhat,Giải Nhất,40000000,26,
power655,00740,giai-nhi,Giải Nhì,500000,1251,
power655,00740,giai-ba,Giải Ba,50000,26671,
power655,00741,jackpot-1,Jackpot 1,,0,128468041500
power655,00741,jackpot-2,Jackpot 2,,0,5369089950
power655,00741,giai-nhat,Giải Nhất,40000000,24,
power655,00741,giai-nhi,Giải Nhì,500000,1100,
power655,00741,giai-ba,Giải Ba,50000,24718,
power655,00742,jackpot-1,Jackpot 1,,0,137360420850
power655,00742,jackpot-2,Jackpot 2,,0,6357132100
power655,00742,giai-nhat,Giải Nhất,40000000,19,
power655,00742,giai-nhi,Giải Nhì,500000,1321,
power655,00742,giai-ba,Giải Ba,50000,30096,
power655,00743,jackpot-1,Jackpot 1,,0,145146456750
power655,00743,jackpot-2,Jackpot 2,,0,7222247200
power655,00743,giai-nhat,Giải Nhất,40000000,30,
power655,00743,giai-nhi,Giải Nhì,500000,1428,
power655,00743,giai-ba,Giải Ba,50000,29397,
power655,00744,jackpot-1,Jackpot 1,,0,153712284600
power655,00744,jackpot-2,Jackpot 2,,0,8174005850
power655,00744,giai-nhat,Giải Nhất,40000000,23,
power655,00744,giai-nhi,Giải Nhì,500000,1491,
power655,00744,giai-ba,Giải Ba,50000,29365,
power655,00745,jackpot-1,Jackpot 1,,0,162630330150
power655,00745,jackpot-2,Jackpot 2,,0,9164899800
power655,00745,giai-nhat,Giải Nhất,40000000,45,
power655,00745,giai-nhi,Giải Nhì,500000,2143,
power655,00745,giai-ba,Giải Ba,50000,38596,
power655,00746,jackpot-1,Jackpot 1,,0,172448183100
power655,00746,jackpot-2,Jackpot 2,,0,10255772350
power655,00746,giai-nhat,Giải Nhất,40000000,29,
power655,00746,giai-nhi,Giải Nhì,500000,1662,
power655,00746,giai-ba,Giải Ba,50000,32784,
power655,00747,jackpot-1,Jackpot 1,,0,183948645900
power655,00747,jackpot-2,Jackpot 2,,0,11533601550
power655,00747,giai-nhat,Giải Nhất,40000000,17,
power655,00747,giai-nhi,Giải Nhì,500000,1497,
power655,00747,giai-ba,Giải Ba,50000,32603,
power655,00748,jackpot-1,Jackpot 1,,0,195504840300
power655,00748,jackpot-2,Jackpot 2,,1,12817623150
power655,00748,giai-nhat,Giải Nhất,40000000,47,
power655,00748,giai-nhi,Giải Nhì,500000,1959,
power655,00748,giai-ba,Giải Ba,50000,41395,
power655,00749,jackpot-1,Jackpot 1,,1,205143192300
power655,00749,jackpot-2,Jackpot 2,,1,4070928000
power655,00749,giai-nhat,Giải Nhất,40000000,29,
power655,00749,giai-nhi,Giải Nhì,500000,1929,
power655,00749,giai-ba,Giải Ba,50000,43636,
power655,00750,jackpot-1,Jackpot 1,,0,31962266400
power655,00750,jackpot-2,Jackpot 2,,0,3218029600
power655,00750,giai-nhat,Giải Nhất,40000000,5,
power655,00750,giai-nhi,Giải Nhì,500000,636,
power655,00750,giai-ba,Giải Ba,50000,12363,
power655,00751,jackpot-1,Jackpot 1,,0,33952631250
power655,00751,jackpot-2,Jackpot 2,,0,3439181250
power655,00751,giai-nhat,Giải Nhất,40000000,13,
power655,00751,giai-nhi,Giải Nhì,500000,570,
power655,00751,giai-ba,Giải Ba,50000,12884,
power655,00752,jackpot-1,Jackpot 1,,0,35972954400
power655,00752,jackpot-2,Jackpot 2,,0,3663661600
power655,00752,giai-nhat,Giải Nhất,40000000,8,
power655,00752,giai-nhi,Giải Nhì,500000,460,
power655,00752,giai-ba,Giải Ba,50000,11164,
power655,00753,jackpot-1,Jackpot 1,,0,38195566050
power655,00753,jackpot-2,Jackpot 2,,0,3910618450
power655,00753,giai-nhat,Giải Nhất,40000000,5,
power655,00753,giai-nhi,Giải Nhì,500000,546,
power655,00753,giai-ba,Giải Ba,50000,11883,
power655,00754,jackpot-1,Jackpot 1,,0,40513467450
power655,00754,jackpot-2,Jackpot 2,,0,4168163050
power655,00754,giai-nhat,Giải Nhất,40000000,8,
power655,00754,giai-nhi,Giải Nhì,500000,765,
power655,00754,giai-ba,Giải Ba,50000,16548,
power655,00755,jackpot-1,Jackpot 1,,1,42178630800
power655,00755,jackpot-2,Jackpot 2,,0,4353181200
power655,00755,giai-nhat,Giải Nhất,40000000,16,
power655,00755,giai-nhi,Giải Nhì,500000,871,
power655,00755,giai-ba,Giải Ba,50000,16135,
power655,00756,jackpot-1,Jackpot 1,,0,31865574450
power655,00756,jackpot-2,Jackpot 2,,0,4560467250
power655,00756,giai-nhat,Giải Nhất,40000000,5,
power655,00756,giai-nhi,Giải Nhì,500000,440,
power655,00756,giai-ba,Giải Ba,50000,9790,
power655,00757,jackpot-1,Jackpot 1,,0,34019568300
power655,00757,jackpot-2,Jackpot 2,,0,4799799900
power655,00757,giai-nhat,Giải Nhất,40000000,10,
power655,00757,giai-nhi,Giải Nhì,500000,588,
power655,00757,giai-ba,Giải Ba,50000,12263,
power655,00758,jackpot-1,Jackpot 1,,0,36032949300
power655,00758,jackpot-2,Jackpot 2,,0,5023508900
power655,00758,giai-nhat,Giải Nhất,40000000,8,
power655,00758,giai-nhi,Giải Nhì,500000,528,
power655,00758,giai-ba,Giải Ba,50000,11873,
power655,00759,jackpot-1,Jackpot 1,,0,38170136550
power655,00759,jackpot-2,Jackpot 2,,0,5260974150
power655,00759,giai-nhat,Giải Nhất,40000000,5,
power655,00759,giai-nhi,Giải Nhì,500000,552,
power655,00759,giai-ba,Giải Ba,50000,11049,
power655,00760,jackpot-1,Jackpot 1,,0,40722247650
power655,00760,jackpot-2,Jackpot 2,,0,5544542050
power655,00760,giai-nhat,Giải Nhất,40000000,3,
power655,00760,giai-nhi,Giải Nhì,500000,610,
power655,00760,giai-ba,Giải Ba,50000,13389,
power655,00761,jackpot-1,Jackpot 1,,0,42823778700
power655,00761,jackpot-2,Jackpot 2,,0,5778045500
power655,00761,giai-nhat,Giải Nhất,40000000,13,
power655,00761,giai-nhi,Giải Nhì,500000,594,
power655,00761,giai-ba,Giải Ba,50000,12081,
power655,00762,jackpot-1,Jackpot 1,,0,45228896850
power655,00762,jackpot-2,Jackpot 2,,0,6045280850
power655,00762,giai-nhat,Giải Nhất,40000000,8,
power655,00762,giai-nhi,Giải Nhì,500000,610,
power655,00762,giai-ba,Giải Ba,50000,13664,
power655,00763,jackpot-1,Jackpot 1,,0,47953145550
power655,00763,jackpot-2,Jackpot 2,,1,6347975150
power655,00763,giai-nhat,Giải Nhất,40000000,6,
power655,00763,giai-nhi,Giải Nhì,500000,659,
power655,00763,giai-ba,Giải Ba,50000,14367,
power655,00764,jackpot-1,Jackpot 1,,0,50094066900
power655,00764,jackpot-2,Jackpot 2,,0,3237880150
power655,00764,giai-nhat,Giải Nhất,40000000,9,
power655,00764,giai-nhi,Giải Nhì,500000,712,
power655,00764,giai-ba,Giải Ba,50000,14763,
power655,00765,jackpot-1,Jackpot 1,,0,52524475500
power655,00765,jackpot-2,Jackpot 2,,2,1753962775
power655,00765,giai-nhat,Giải Nhất,40000000,14,
power655,00765,giai-nhi,Giải Nhì,500000,671,
power655,00765,giai-ba,Giải Ba,50000,15164,
power655,00766,jackpot-1,Jackpot 1,,0,55279408350
power655,00766,jackpot-2,Jackpot 2,,0,3306103650
power655,00766,giai-nhat,Giải Nhất,40000000,11,
power655,00766,giai-nhi,Giải Nhì,500000,739,
power655,00766,giai-ba,Giải Ba,50000,15517,
power655,00767,jackpot-1,Jackpot 1,,0,57912621600
power655,00767,jackpot-2,Jackpot 2,,0,3598682900
power655,00767,giai-nhat,Giải Nhất,40000000,11,
power655,00767,giai-nhi,Giải Nhì,500000,676,
power655,00767,giai-ba,Giải Ba,50000,14408,
power655,00768,jackpot-1,Jackpot 1,,0,60479670450
power655,00768,jackpot-2,Jackpot 2,,0,3883910550
power655,00768,giai-nhat,Giải Nhất,40000000,13,
power655,00768,giai-nhi,Giải Nhì,500000,980,
power655,00768,giai-ba,Giải Ba,50000,19178,
power655,00769,jackpot-1,Jackpot 1,,0,63748396650
power655,00769,jackpot-2,Jackpot 2,,0,4247102350
power655,00769,giai-nhat,Giải Nhất,40000000,10,
power655,00769,giai-nhi,Giải Nhì,500000,776,
power655,00769,giai-ba,Giải Ba,50000,19671,
power655,00770,jackpot-1,Jackpot 1,,0,66183821850
power655,00770,jackpot-2,Jackpot 2,,0,4517705150
power655,00770,giai-nhat,Giải Nhất,40000000,19,
power655,00770,giai-nhi,Giải Nhì,500000,907,
power655,00770,giai-ba,Giải Ba,50000,17958,
power655,00771,jackpot-1,Jackpot 1,,0,68862978750
power655,00771,jackpot-2,Jackpot 2,,0,4815389250
power655,00771,giai-nhat,Giải Nhất,40000000,11,
power655,00771,giai-nhi,Giải Nhì,500000,1013,
power655,00771,giai-ba,Giải Ba,50000,20522,
power655,00772,jackpot-1,Jackpot 1,,0,72622537050
power655,00772,jackpot-2,Jackpot 2,,0,5233117950
power655,00772,giai-nhat,Giải Nhất,40000000,10,
power655,00772,giai-nhi,Giải Nhì,500000,850,
power655,00772,giai-ba,Giải Ba,50000,19240,
power655,00773,jackpot-1,Jackpot 1,,0,75315934650
power655,00773,jackpot-2,Jackpot 2,,1,5532384350
power655,00773,giai-nhat,Giải Nhất,40000000,19,
power655,00773,giai-nhi,Giải Nhì,500000,1016,
power655,00773,giai-ba,Giải Ba,50000,21348,
power655,00774,jackpot-1,Jackpot 1,,0,77139433650
power655,00774,jackpot-2,Jackpot 2,,1,3202611000
power655,00774,giai-nhat,Giải Nhất,40000000,35,
power655,00774,giai-nhi,Giải Nhì,500000,1706,
power655,00774,giai-ba,Giải Ba,50000,27185,
power655,00775,jackpot-1,Jackpot 1,,0,80468982300
power655,00775,jackpot-2,Jackpot 2,,0,3369949850
power655,00775,giai-nhat,Giải Nhất,40000000,23,
power655,00775,giai-nhi,Giải Nhì,500000,995,
power655,00775,giai-ba,Giải Ba,50000,22559,
power655,00776,jackpot-1,Jackpot 1,,0,83847890100
power655,00776,jackpot-2,Jackpot 2,,0,3745384050
power655,00776,giai-nhat,Giải Nhất,40000000,17,
power655,00776,giai-nhi,Giải Nhì,500000,1022,
power655,00776,giai-ba,Giải Ba,50000,21739,
power655,00777,jackpot-1,Jackpot 1,,0,87421889100
power655,00777,jackpot-2,Jackpot 2,,0,4142495050
power655,00777,giai-nhat,Giải Nhất,40000000,13,
power655,00777,giai-nhi,Giải Nhì,500000,1064,
power655,00777,giai-ba,Giải Ba,50000,22581,
power655,00778,jackpot-1,Jackpot 1,,0,91614070200
power655,00778,jackpot-2,Jackpot 2,,0,4608292950
power655,00778,giai-nhat,Giải Nhất,40000000,13,
power655,00778,giai-nhi,Giải Nhì,500000,1102,
power655,00778,giai-ba,Giải Ba,50000,23530,
power655,00779,jackpot-1,Jackpot 1,,1,98674641750
power655,00779,jackpot-2,Jackpot 2,,2,2696400450
power655,00779,giai-nhat,Giải Nhất,40000000,20,
power655,00779,giai-nhi,Giải Nhì,500000,1218,
power655,00779,giai-ba,Giải Ba,50000,25672,
power655,00780,jackpot-1,Jackpot 1,,0,31902787650
power655,00780,jackpot-2,Jackpot 2,,0,3211420850
power655,00780,giai-nhat,Giải Nhất,40000000,5,
power655,00780,giai-nhi,Giải Nhì,500000,379,
power655,00780,giai-ba,Giải Ba,50000,9757,
power655,00781,jackpot-1,Jackpot 1,,0,33257062650
power655,00781,jackpot-2,Jackpot 2,,0,3361895850
power655,00781,giai-nhat,Giải Nhất,40000000,21,
power655,00781,giai-nhi,Giải Nhì,500000,784,
power655,00781,giai-ba,Giải Ba,50000,14439,
power655,00782,jackpot-1,Jackpot 1,,0,35206530150
power655,00782,jackpot-2,Jackpot 2,,0,3578503350
power655,00782,giai-nhat,Giải Nhất,40000000,8,
power655,00782,giai-nhi,Giải Nhì,500000,504,
power655,00782,giai-ba,Giải Ba,50000,10993,
power655,00783,jackpot-1,Jackpot 1,,1,37241100750
power655,00783,jackpot-2,Jackpot 2,,0,3804566750
power655,00783,giai-nhat,Giải Nhất,40000000,10,
power655,00783,giai-nhi,Giải Nhì,500000,559,
power655,00783,giai-ba,Giải Ba,50000,12319,
power655,00784,jackpot-1,Jackpot 1,,0,31658106000
power655,00784,jackpot-2,Jackpot 2,,0,3988800750
power655,00784,giai-nhat,Giải Nhất,40000000,13,
power655,00784,giai-nhi,Giải Nhì,500000,743,
power655,00784,giai-ba,Giải Ba,50000,14479,
power655,00785,jackpot-1,Jackpot 1,,0,33330821700
power655,00785,jackpot-2,Jackpot 2,,0,4174658050
power655,00785,giai-nhat,Giải Nhất,40000000,11,
power655,00785,giai-nhi,Giải Nhì,500000,661,
power655,00785,giai-ba,Giải Ba,50000,13805,
power655,00786,jackpot-1,Jackpot 1,,0,35350914000
power655,00786,jackpot-2,Jackpot 2,,0,4399112750
power655,00786,giai-nhat,Giải Nhất,40000000,8,
power655,00786,giai-nhi,Giải Nhì,500000,567,
power655,00786,giai-ba,Giải Ba,50000,12657,
power655,00787,jackpot-1,Jackpot 1,,0,37672072050
power655,00787,jackpot-2,Jackpot 2,,0,4657019200
power655,00787,giai-nhat,Giải Nhất,40000000,9,
power655,00787,giai-nhi,Giải Nhì,500000,650,
power655,00787,giai-ba,Giải Ba,50000,13234,
power655,00788,jackpot-1,Jackpot 1,,0,39847692900
power655,00788,jackpot-2,Jackpot 2,,1,4898754850
power655,00788,giai-nhat,Giải Nhất,40000000,10,
power655,00788,giai-nhi,Giải Nhì,500000,545,
power655,00788,giai-ba,Giải Ba,50000,12148,
power655,00789,jackpot-1,Jackpot 1,,0,41892390300
power655,00789,jackpot-2,Jackpot 2,,0,3227188600
power655,00789,giai-nhat,Giải Nhất,40000000,11,
power655,00789,giai-nhi,Giải Nhì,500000,733,
power655,00789,giai-ba,Giải Ba,50000,14697,
power655,00790,jackpot-1,Jackpot 1,,0,44628997800
power655,00790,jackpot-2,Jackpot 2,,0,3531256100
power655,00790,giai-nhat,Giải Nhất,40000000,6,
power655,00790,giai-nhi,Giải Nhì,500000,629,
power655,00790,giai-ba,Giải Ba,50000,15075,
power655,00791,jackpot-1,Jackpot 1,,0,46869729600
power655,00791,jackpot-2,Jackpot 2,,0,3780226300
power655,00791,giai-nhat,Giải Nhất,40000000,11,
power655,00791,giai-nhi,Giải Nhì,500000,625,
power655,00791,giai-ba,Giải Ba,50000,14219,
power655,00792,jackpot-1,Jackpot 1,,0,49411290450
power655,00792,jackpot-2,Jackpot 2,,0,4062621950
power655,00792,giai-nhat,Giải Nhất,40000000,11,
power655,00792,giai-nhi,Giải Nhì,500000,687,
power655,00792,giai-ba,Giải Ba,50000,16013,
power655,00793,jackpot-1,Jackpot 1,,0,51961066050
power655,00793,jackpot-2,Jackpot 2,,2,2172965175
power655,00793,giai-nhat,Giải Nhất,40000000,17,
power655,00793,giai-nhi,Giải Nhì,500000,792,
power655,00793,giai-ba,Giải Ba,50000,17146,
power655,00794,jackpot-1,Jackpot 1,,0,53993736750
power655,00794,jackpot-2,Jackpot 2,,0,3225852300
power655,00794,giai-nhat,Giải Nhất,40000000,16,
power655,00794,giai-nhi,Giải Nhì,500000,1081,
power655,00794,giai-ba,Giải Ba,50000,18718,
power655,00795,jackpot-1,Jackpot 1,,0,55574880150
power655,00795,jackpot-2,Jackpot 2,,0,3401534900
power655,00795,giai-nhat,Giải Nhất,40000000,35,
power655,00795,giai-nhi,Giải Nhì,500000,1220,
power655,00795,giai-ba,Giải Ba,50000,21623,
power655,00796,jackpot-1,Jackpot 1,,0,58584185850
power655,00796,jackpot-2,Jackpot 2,,1,3735902200
power655,00796,giai-nhat,Giải Nhất,40000000,10,
power655,00796,giai-nhi,Giải Nhì,500000,819,
power655,00796,giai-ba,Giải Ba,50000,18932,
power655,00797,jackpot-1,Jackpot 1,,0,61167452700
power655,00797,jackpot-2,Jackpot 2,,0,3287029650
power655,00797,giai-nhat,Giải Nhất,40000000,11,
power655,00797,giai-nhi,Giải Nhì,500000,858,
power655,00797,giai-ba,Giải Ba,50000,17579,
power655,00798,jackpot-1,Jackpot 1,,0,63987346200
power655,00798,jackpot-2,Jackpot 2,,0,3600351150
power655,00798,giai-nhat,Giải Nhất,40000000,9,
power655,00798,giai-nhi,Giải Nhì,500000,924,
power655,00798,giai-ba,Giải Ba,50000,18874,
power655,00799,jackpot-1,Jackpot 1,,0,67427850900
power655,00799,jackpot-2,Jackpot 2,,1,3982629450
power655,00799,giai-nhat,Giải Nhất,40000000,10,
power655,00799,giai-nhi,Giải Nhì,500000,811,
power655,00799,giai-ba,Giải Ba,50000,18541,
power655,00800,jackpot-1,Jackpot 1,,0,69642327900
power655,00800,jackpot-2,Jackpot 2,,1,3246053000
power655,00800,giai-nhat,Giải Nhất,40000000,26,
power655,00800,giai-nhi,Giải Nhì,500000,1103,
power655,00800,giai-ba,Giải Ba,50000,24287,
power655,00801,jackpot-1,Jackpot 1,,0,72525177750
power655,00801,jackpot-2,Jackpot 2,,0,3320316650
power655,00801,giai-nhat,Giải Nhất,40000000,10,
power655,00801,giai-nhi,Giải Nhì,500000,884,
power655,00801,giai-ba,Giải Ba,50000,18904,
power655,00802,jackpot-1,Jackpot 1,,0,76296698850
power655,00802,jackpot-2,Jackpot 2,,1,3739374550
power655,00802,giai-nhat,Giải Nhất,40000000,13,
power655,00802,giai-nhi,Giải Nhì,500000,982,
power655,00802,giai-ba,Giải Ba,50000,21877,
power655,00803,jackpot-1,Jackpot 1,,0,79814616150
power655,00803,jackpot-2,Jackpot 2,,1,3390879700
power655,00803,giai-nhat,Giải Nhất,40000000,12,
power655,00803,giai-nhi,Giải Nhì,500000,1010,
power655,00803,giai-ba,Giải Ba,50000,21729,
power655,00804,jackpot-1,Jackpot 1,,0,83273763450
power655,00804,jackpot-2,Jackpot 2,,1,3384349700
power655,00804,giai-nhat,Giải Nhất,40000000,13,
power655,00804,giai-nhi,Giải Nhì,500000,1137,
power655,00804,giai-ba,Giải Ba,50000,24479,
power655,00805,jackpot-1,Jackpot 1,,0,86829283650
power655,00805,jackpot-2,Jackpot 2,,1,3395057800
power655,00805,giai-nhat,Giải Nhất,40000000,23,
power655,00805,giai-nhi,Giải Nhì,500000,1374,
power655,00805,giai-ba,Giải Ba,50000,27540,
power655,00806,jackpot-1,Jackpot 1,,0,90352111350
power655,00806,jackpot-2,Jackpot 2,,0,3391425300
power655,00806,giai-nhat,Giải Nhất,40000000,25,
power655,00806,giai-nhi,Giải Nhì,500000,1167,
power655,00806,giai-ba,Giải Ba,50000,25093,
power655,00807,jackpot-1,Jackpot 1,,0,94333835100
power655,00807,jackpot-2,Jackpot 2,,0,3833839050
power655,00807,giai-nhat,Giải Nhất,40000000,22,
power655,00807,giai-nhi,Giải Nhì,500000,1074,
power655,00807,giai-ba,Giải Ba,50000,23690,
power655,00808,jackpot-1,Jackpot 1,,0,98824703250
power655,00808,jackpot-2,Jackpot 2,,1,4332824400
power655,00808,giai-nhat,Giải Nhất,40000000,25,
power655,00808,giai-nhi,Giải Nhì,500000,1328,
power655,00808,giai-ba,Giải Ba,50000,28763,
power655,00809,jackpot-1,Jackpot 1,,0,103576368900
power655,00809,jackpot-2,Jackpot 2,,0,3527962850
power655,00809,giai-nhat,Giải Nhất,40000000,16,
power655,00809,giai-nhi,Giải Nhì,500000,1176,
power655,00809,giai-ba,Giải Ba,50000,27323,
power655,00810,jackpot-1,Jackpot 1,,0,108784806600
power655,00810,jackpot-2,Jackpot 2,,0,4106678150
power655,00810,giai-nhat,Giải Nhất,40000000,18,
power655,00810,giai-nhi,Giải Nhì,500000,1282,
power655,00810,giai-ba,Giải Ba,50000,28205,
power655,00811,jackpot-1,Jackpot 1,,0,116145205500
power655,00811,jackpot-2,Jackpot 2,,0,4924500250
power655,00811,giai-nhat,Giải Nhất,40000000,20,
power655,00811,giai-nhi,Giải Nhì,500000,1392,
power655,00811,giai-ba,Giải Ba,50000,32136,
power655,00812,jackpot-1,Jackpot 1,,0,126455985750
power655,00812,jackpot-2,Jackpot 2,,2,3035071250
power655,00812,giai-nhat,Giải Nhất,40000000,19,
power655,00812,giai-nhi,Giải Nhì,500000,1349,
power655,00812,giai-ba,Giải Ba,50000,30139,
power655,00813,jackpot-1,Jackpot 1,,0,134599851300
power655,00813,jackpot-2,Jackpot 2,,0,3904873950
power655,00813,giai-nhat,Giải Nhất,40000000,20,
power655,00813,giai-nhi,Giải Nhì,500000,1502,
power655,00813,giai-ba,Giải Ba,50000,35069,
power655,00814,jackpot-1,Jackpot 1,,0,146920318050
power655,00814,jackpot-2,Jackpot 2,,1,5273814700
power655,00814,giai-nhat,Giải Nhất,40000000,15,
power655,00814,giai-nhi,Giải Nhì,500000,1572,
power655,00814,giai-ba,Giải Ba,50000,37574,
power655,00815,jackpot-1,Jackpot 1,,0,155290691550
power655,00815,jackpot-2,Jackpot 2,,0,3930041500
power655,00815,giai-nhat,Giải Nhất,40000000,34,
power655,00815,giai-nhi,Giải Nhì,500000,1727,
power655,00815,giai-ba,Giải Ba,50000,34399,
power655,00816,jackpot-1,Jackpot 1,,1,167391079950
power655,00816,jackpot-2,Jackpot 2,,0,5274529100
power655,00816,giai-nhat,Giải Nhất,40000000,10,
power655,00816,giai-nhi,Giải Nhì,500000,1358,
power655,00816,giai-ba,Giải Ba,50000,31221,
power655,00817,jackpot-1,Jackpot 1,,0,32248036650
power655,00817,jackpot-2,Jackpot 2,,1,5524310950
power655,00817,giai-nhat,Giải Nhất,40000000,7,
power655,00817,giai-nhi,Giải Nhì,500000,744,
power655,00817,giai-ba,Giải Ba,50000,15627,
power655,00818,jackpot-1,Jackpot 1,,0,34469658750
power655,00818,jackpot-2,Jackpot 2,,0,3246846900
power655,00818,giai-nhat,Giải Nhất,40000000,6,
power655,00818,giai-nhi,Giải Nhì,500000,557,
power655,00818,giai-ba,Giải Ba,50000,11691,
power655,00819,jackpot-1,Jackpot 1,,0,36098421150
power655,00819,jackpot-2,Jackpot 2,,0,3427820500
power655,00819,giai-nhat,Giải Nhất,40000000,21,
power655,00819,giai-nhi,Giải Nhì,500000,771,
power655,00819,giai-ba,Giải Ba,50000,14867,
power655,00820,jackpot-1,Jackpot 1,,0,38626793850
power655,00820,jackpot-2,Jackpot 2,,0,3708750800
power655,00820,giai-nhat,Giải Nhất,40000000,10,
power655,00820,giai-nhi,Giải Nhì,500000,692,
power655,00820,giai-ba,Giải Ba,50000,15663,
power655,00821,jackpot-1,Jackpot 1,,0,40919760750
power655,00821,jackpot-2,Jackpot 2,,0,3963524900
power655,00821,giai-nhat,Giải Nhất,40000000,7,
power655,00821,giai-nhi,Giải Nhì,500000,717,
power655,00821,giai-ba,Giải Ba,50000,14341,
power655,00822,jackpot-1,Jackpot 1,,0,43191318000
power655,00822,jackpot-2,Jackpot 2,,1,4215920150
power655,00822,giai-nhat,Giải Nhất,40000000,12,
power655,00822,giai-nhi,Giải Nhì,500000,678,
power655,00822,giai-ba,Giải Ba,50000,15098,
power655,00823,jackpot-1,Jackpot 1,,0,45442629750
power655,00823,jackpot-2,Jackpot 2,,0,3250145750
power655,00823,giai-nhat,Giải Nhất,40000000,15,
power655,00823,giai-nhi,Giải Nhì,500000,720,
power655,00823,giai-ba,Giải Ba,50000,15390,
power655,00824,jackpot-1,Jackpot 1,,0,47581312800
power655,00824,jackpot-2,Jackpot 2,,1,3487777200
power655,00824,giai-nhat,Giải Nhất,40000000,12,
power655,00824,giai-nhi,Giải Nhì,500000,625,
power655,00824,giai-ba,Giải Ba,50000,13368,
power655,00825,jackpot-1,Jackpot 1,,0,49544227650
power655,00825,jackpot-2,Jackpot 2,,0,3218101650
power655,00825,giai-nhat,Giải Nhất,40000000,16,
power655,00825,giai-nhi,Giải Nhì,500000,697,
power655,00825,giai-ba,Giải Ba,50000,14990,
power655,00826,jackpot-1,Jackpot 1,,0,51992583600
power655,00826,jackpot-2,Jackpot 2,,0,3490141200
power655,00826,giai-nhat,Giải Nhất,40000000,11,
power655,00826,giai-nhi,Giải Nhì,500000,733,
power655,00826,giai-ba,Giải Ba,50000,16298,
power655,00827,jackpot-1,Jackpot 1,,0,54479037450
power655,00827,jackpot-2,Jackpot 2,,0,3766413850
power655,00827,giai-nhat,Giải Nhất,40000000,10,
power655,00827,giai-nhi,Giải Nhì,500000,640,
power655,00827,giai-ba,Giải Ba,50000,14449,
power655,00828,jackpot-1,Jackpot 1,,0,56793486450
power655,00828,jackpot-2,Jackpot 2,,1,4023574850
power655,00828,giai-nhat,Giải Nhất,40000000,22,
power655,00828,giai-nhi,Giải Nhì,500000,807,
power655,00828,giai-ba,Giải Ba,50000,16275,
power655,00829,jackpot-1,Jackpot 1,,0,59818408950
power655,00829,jackpot-2,Jackpot 2,,0,3336102500
power655,00829,giai-nhat,Giải Nhất,40000000,12,
power655,00829,giai-nhi,Giải Nhì,500000,866,
power655,00829,giai-ba,Giải Ba,50000,18669,
power655,00830,jackpot-1,Jackpot 1,,0,62304180150
power655,00830,jackpot-2,Jackpot 2,,0,3612299300
power655,00830,giai-nhat,Giải Nhất,40000000,12,
power655,00830,giai-nhi,Giải Nhì,500000,791,
power655,00830,giai-ba,Giải Ba,50000,16980,
power655,00831,jackpot-1,Jackpot 1,,0,64877769750
power655,00831,jackpot-2,Jackpot 2,,0,3898253700
power655,00831,giai-nhat,Giải Nhất,40000000,21,
power655,00831,giai-nhi,Giải Nhì,500000,1342,
power655,00831,giai-ba,Giải Ba,50000,24714,
power655,00832,jackpot-1,Jackpot 1,,0,67293412500
power655,00832,jackpot-2,Jackpot 2,,0,4166658450
power655,00832,giai-nhat,Giải Nhất,40000000,10,
power655,00832,giai-nhi,Giải Nhì,500000,727,
power655,00832,giai-ba,Giải Ba,50000,16315,
power655,00833,jackpot-1,Jackpot 1,,0,69843950850
power655,00833,jackpot-2,Jackpot 2,,1,4450051600
power655,00833,giai-nhat,Giải Nhất,40000000,17,
power655,00833,giai-nhi,Giải Nhì,500000,1021,
power655,00833,giai-ba,Giải Ba,50000,19927,
power655,00834,jackpot-1,Jackpot 1,,0,73618027050
power655,00834,jackpot-2,Jackpot 2,,0,3419341800
power655,00834,giai-nhat,Giải Nhất,40000000,29,
power655,00834,giai-nhi,Giải Nhì,500000,1571,
power655,00834,giai-ba,Giải Ba,50000,28703,
power655,00835,jackpot-1,Jackpot 1,,0,79652814150
power655,00835,jackpot-2,Jackpot 2,,0,4089873700
power655,00835,giai-nhat,Giải Nhất,40000000,15,
power655,00835,giai-nhi,Giải Nhì,500000,899,
power655,00835,giai-ba,Giải Ba,50000,19788,
power655,00836,jackpot-1,Jackpot 1,,0,85835025750
power655,00836,jackpot-2,Jackpot 2,,0,4776786100
power655,00836,giai-nhat,Giải Nhất,40000000,9,
power655,00836,giai-nhi,Giải Nhì,500000,794,
power655,00836,giai-ba,Giải Ba,50000,20372,
power655,00837,jackpot-1,Jackpot 1,,1,92507434050
power655,00837,jackpot-2,Jackpot 2,,1,5518164800
power655,00837,giai-nhat,Giải Nhất,40000000,25,
power655,00837,giai-nhi,Giải Nhì,500000,1105,
power655,00837,giai-ba,Giải Ba,50000,25047,
power655,00838,jackpot-1,Jackpot 1,,0,31790453700
power655,00838,jackpot-2,Jackpot 2,,0,3198939300
power655,00838,giai-nhat,Giải Nhất,40000000,2,
power655,00838,giai-nhi,Giải Nhì,500000,439,
power655,00838,giai-ba,Giải Ba,50000,9081,
power655,00839,jackpot-1,Jackpot 1,,0,33529908900
power655,00839,jackpot-2,Jackpot 2,,0,3392212100
power655,00839,giai-nhat,Giải Nhất,40000000,6,
power655,00839,giai-nhi,Giải Nhì,500000,422,
power655,00839,giai-ba,Giải Ba,50000,9369,
power655,00840,jackpot-1,Jackpot 1,,0,35534625600
power655,00840,jackpot-2,Jackpot 2,,1,3614958400
power655,00840,giai-nhat,Giải Nhất,40000000,8,
power655,00840,giai-nhi,Giải Nhì,500000,531,
power655,00840,giai-ba,Giải Ba,50000,11859,
power655,00841,jackpot-1,Jackpot 1,,0,36591358350
power655,00841,jackpot-2,Jackpot 2,,0,3117414750
power655,00841,giai-nhat,Giải Nhất,40000000,19,
power655,00841,giai-nhi,Giải Nhì,500000,942,
power655,00841,giai-ba,Giải Ba,50000,15197,
power655,00842,jackpot-1,Jackpot 1,,0,38396133300
power655,00842,jackpot-2,Jackpot 2,,0,3317945300
power655,00842,giai-nhat,Giải Nhất,40000000,7,
power655,00842,giai-nhi,Giải Nhì,500000,515,
power655,00842,giai-ba,Giải Ba,50000,11659,
power655,00843,jackpot-1,Jackpot 1,,0,40163155050
power655,00843,jackpot-2,Jackpot 2,,0,3514281050
power655,00843,giai-nhat,Giải Nhất,40000000,13,
power655,00843,giai-nhi,Giải Nhì,500000,758,
power655,00843,giai-ba,Giải Ba,50000,14170,
power655,00844,jackpot-1,Jackpot 1,,0,41760073200
power655,00844,jackpot-2,Jackpot 2,,0,3691716400
power655,00844,giai-nhat,Giải Nhất,40000000,15,
power655,00844,giai-nhi,Giải Nhì,500000,528,
power655,00844,giai-ba,Giải Ba,50000,11269,
power655,00845,jackpot-1,Jackpot 1,,0,43516873650
power655,00845,jackpot-2,Jackpot 2,,0,3886916450
power655,00845,giai-nhat,Giải Nhất,40000000,12,
power655,00845,giai-nhi,Giải Nhì,500000,501,
power655,00845,giai-ba,Giải Ba,50000,10921,
power655,00846,jackpot-1,Jackpot 1,,0,45830729550
power655,00846,jackpot-2,Jackpot 2,,1,4144011550
power655,00846,giai-nhat,Giải Nhất,40000000,6,
power655,00846,giai-nhi,Giải Nhì,500000,569,
power655,00846,giai-ba,Giải Ba,50000,12437,
power655,00847,jackpot-1,Jackpot 1,,0,47768959650
power655,00847,jackpot-2,Jackpot 2,,0,3215358900
power655,00847,giai-nhat,Giải Nhất,40000000,9,
power655,00847,giai-nhi,Giải Nhì,500000,590,
power655,00847,giai-ba,Giải Ba,50000,13363,
power655,00848,jackpot-1,Jackpot 1,,0,49872652950
power655,00848,jackpot-2,Jackpot 2,,0,3449102600
power655,00848,giai-nhat,Giải Nhất,40000000,9,
power655,00848,giai-nhi,Giải Nhì,500000,657,
power655,00848,giai-ba,Giải Ba,50000,14912,
power655,00849,jackpot-1,Jackpot 1,,0,52053289050
power655,00849,jackpot-2,Jackpot 2,,0,3691395500
power655,00849,giai-nhat,Giải Nhất,40000000,19,
power655,00849,giai-nhi,Giải Nhì,500000,846,
power655,00849,giai-ba,Giải Ba,50000,16361,
power655,00850,jackpot-1,Jackpot 1,,0,54468180300
power655,00850,jackpot-2,Jackpot 2,,0,3959716750
power655,00850,giai-nhat,Giải Nhất,40000000,10,
power655,00850,giai-nhi,Giải Nhì,500000,593,
power655,00850,giai-ba,Giải Ba,50000,14227,
power655,00851,jackpot-1,Jackpot 1,,0,56487021150
power655,00851,jackpot-2,Jackpot 2,,0,4184032400
power655,00851,giai-nhat,Giải Nhất,40000000,20,
power655,00851,giai-nhi,Giải Nhì,500000,841,
power655,00851,giai-ba,Giải Ba,50000,16495,
power655,00852,jackpot-1,Jackpot 1,,0,59309461650
power655,00852,jackpot-2,Jackpot 2,,0,4497636900
power655,00852,giai-nhat,Giải Nhất,40000000,9,
power655,00852,giai-nhi,Giải Nhì,500000,850,
power655,00852,giai-ba,Giải Ba,50000,18681,
power655,00853,jackpot-1,Jackpot 1,,0,62243461200
power655,00853,jackpot-2,Jackpot 2,,1,4823636850
power655,00853,giai-nhat,Giải Nhất,40000000,8,
power655,00853,giai-nhi,Giải Nhì,500000,616,
power655,00853,giai-ba,Giải Ba,50000,14140,
power655,00854,jackpot-1,Jackpot 1,,0,65383604850
power655,00854,jackpot-2,Jackpot 2,,1,3348904850
power655,00854,giai-nhat,Giải Nhất,40000000,4,
power655,00854,giai-nhi,Giải Nhì,500000,668,
power655,00854,giai-ba,Giải Ba,50000,15243,
power655,00855,jackpot-1,Jackpot 1,,0,68288184300
power655,00855,jackpot-2,Jackpot 2,,0,3322731050
power655,00855,giai-nhat,Giải Nhất,40000000,12,
power655,00855,giai-nhi,Giải Nhì,500000,834,
power655,00855,giai-ba,Giải Ba,50000,17796,
power655,00856,jackpot-1,Jackpot 1,,1,71024943450
power655,00856,jackpot-2,Jackpot 2,,0,3626815400
power655,00856,giai-nhat,Giải Nhất,40000000,13,
power655,00856,giai-nhi,Giải Nhì,500000,660,
power655,00856,giai-ba,Giải Ba,50000,14859,
power655,00857,jackpot-1,Jackpot 1,,0,31734697800
power655,00857,jackpot-2,Jackpot 2,,0,3819559600
power655,00857,giai-nhat,Giải Nhất,40000000,2,
power655,00857,giai-nhi,Giải Nhì,500000,344,
power655,00857,giai-ba,Giải Ba,50000,8107,
power655,00858,jackpot-1,Jackpot 1,,0,33425088600
power655,00858,jackpot-2,Jackpot 2,,0,4007380800
power655,00858,giai-nhat,Giải Nhất,40000000,12,
power655,00858,giai-nhi,Giải Nhì,500000,423,
power655,00858,giai-ba,Giải Ba,50000,9501,
power655,00859,jackpot-1,Jackpot 1,,0,35002371900
power655,00859,jackpot-2,Jackpot 2,,0,4182634500
power655,00859,giai-nhat,Giải Nhất,40000000,7,
power655,00859,giai-nhi,Giải Nhì,500000,476,
power655,00859,giai-ba,Giải Ba,50000,10469,
power655,00860,jackpot-1,Jackpot 1,,0,36853249350
power655,00860,jackpot-2,Jackpot 2,,0,4388287550
power655,00860,giai-nhat,Giải Nhất,40000000,3,
power655,00860,giai-nhi,Giải Nhì,500000,467,
power655,00860,giai-ba,Giải Ba,50000,9782,
power655,00861,jackpot-1,Jackpot 1,,0,38918931150
power655,00861,jackpot-2,Jackpot 2,,0,4617807750
power655,00861,giai-nhat,Giải Nhất,40000000,5,
power655,00861,giai-nhi,Giải Nhì,500000,479,
power655,00861,giai-ba,Giải Ba,50000,10509,
power655,00862,jackpot-1,Jackpot 1,,0,40461283650
power655,00862,jackpot-2,Jackpot 2,,0,4789180250
power655,00862,giai-nhat,Giải Nhất,40000000,10,
power655,00862,giai-nhi,Giải Nhì,500000,593,
power655,00862,giai-ba,Giải Ba,50000,11271,
power655,00863,jackpot-1,Jackpot 1,,0,42137944050
power655,00863,jackpot-2,Jackpot 2,,0,4975475850
power655,00863,giai-nhat,Giải Nhất,40000000,12,
power655,00863,giai-nhi,Giải Nhì,500000,469,
power655,00863,giai-ba,Giải Ba,50000,9807,
power655,00864,jackpot-1,Jackpot 1,,0,44227963200
power655,00864,jackpot-2,Jackpot 2,,0,5207700200
power655,00864,giai-nhat,Giải Nhất,40000000,8,
power655,00864,giai-nhi,Giải Nhì,500000,535,
power655,00864,giai-ba,Giải Ba,50000,12123,
power655,00865,jackpot-1,Jackpot 1,,0,46173445950
power655,00865,jackpot-2,Jackpot 2,,1,5423864950
power655,00865,giai-nhat,Giải Nhất,40000000,7,
power655,00865,giai-nhi,Giải Nhì,500000,609,
power655,00865,giai-ba,Giải Ba,50000,12101,
power655,00866,jackpot-1,Jackpot 1,,0,48248431500
power655,00866,jackpot-2,Jackpot 2,,0,3230553950
power655,00866,giai-nhat,Giải Nhất,40000000,10,
power655,00866,giai-nhi,Giải Nhì,500000,476,
power655,00866,giai-ba,Giải Ba,50000,10730,
power655,00867,jackpot-1,Jackpot 1,,0,50805088500
power655,00867,jackpot-2,Jackpot 2,,1,3514626950
power655,00867,giai-nhat,Giải Nhất,40000000,8,
power655,00867,giai-nhi,Giải Nhì,500000,591,
power655,00867,giai-ba,Giải Ba,50000,12970,
power655,00868,jackpot-1,Jackpot 1,,0,53021964900
power655,00868,jackpot-2,Jackpot 2,,0,3246319600
power655,00868,giai-nhat,Giải Nhất,40000000,12,
power655,00868,giai-nhi,Giải Nhì,500000,667,
power655,00868,giai-ba,Giải Ba,50000,13906,
power655,00869,jackpot-1,Jackpot 1,,0,54316474500
power655,00869,jackpot-2,Jackpot 2,,1,3390154000
power655,00869,giai-nhat,Giải Nhất,40000000,32,
power655,00869,giai-nhi,Giải Nhì,500000,917,
power655,00869,giai-ba,Giải Ba,50000,15898,
power655,00870,jackpot-1,Jackpot 1,,0,56226657900
power655,00870,jackpot-2,Jackpot 2,,0,3212242600
power655,00870,giai-nhat,Giải Nhất,40000000,19,
power655,00870,giai-nhi,Giải Nhì,500000,1053,
power655,00870,giai-ba,Giải Ba,50000,20633,
power655,00871,jackpot-1,Jackpot 1,,0,58514317950
power655,00871,jackpot-2,Jackpot 2,,1,3466427050
power655,00871,giai-nhat,Giải Nhất,40000000,11,
power655,00871,giai-nhi,Giải Nhì,500000,804,
power655,00871,giai-ba,Giải Ba,50000,16507,
power655,00872,jackpot-1,Jackpot 1,,0,60866703300
power655,00872,jackpot-2,Jackpot 2,,1,3261376150
power655,00872,giai-nhat,Giải Nhất,40000000,6,
power655,00872,giai-nhi,Giải Nhì,500000,805,
power655,00872,giai-ba,Giải Ba,50000,15787,
power655,00873,jackpot-1,Jackpot 1,,0,62962637700
power655,00873,jackpot-2,Jackpot 2,,0,3232881600
power655,00873,giai-nhat,Giải Nhất,40000000,16,
power655,00873,giai-nhi,Giải Nhì,500000,994,
power655,00873,giai-ba,Giải Ba,50000,17489,
power655,00874,jackpot-1,Jackpot 1,,0,65811324900
power655,00874,jackpot-2,Jackpot 2,,2,1774701200
power655,00874,giai-nhat,Giải Nhất,40000000,4,
power655,00874,giai-nhi,Giải Nhì,500000,656,
power655,00874,giai-ba,Giải Ba,50000,15422,
power655,00875,jackpot-1,Jackpot 1,,0,68127043350
power655,00875,jackpot-2,Jackpot 2,,0,3257302050
power655,00875,giai-nhat,Giải Nhất,40000000,22,
power655,00875,giai-nhi,Giải Nhì,500000,794,
power655,00875,giai-ba,Giải Ba,50000,17826,
power655,00876,jackpot-1,Jackpot 1,,0,70842375750
power655,00876,jackpot-2,Jackpot 2,,0,3559005650
power655,00876,giai-nhat,Giải Nhất,40000000,19,
power655,00876,giai-nhi,Giải Nhì,500000,918,
power655,00876,giai-ba,Giải Ba,50000,20734,
power655,00877,jackpot-1,Jackpot 1,,0,73659305100
power655,00877,jackpot-2,Jackpot 2,,0,3871997800
power655,00877,giai-nhat,Giải Nhất,40000000,17,
power655,00877,giai-nhi,Giải Nhì,500000,739,
power655,00877,giai-ba,Giải Ba,50000,17299,
power655,00878,jackpot-1,Jackpot 1,,1,76361538900
power655,00878,jackpot-2,Jackpot 2,,0,4172246000
power655,00878,giai-nhat,Giải Nhất,40000000,17,
power655,00878,giai-nhi,Giải Nhì,500000,848,
power655,00878,giai-ba,Giải Ba,50000,17848,
power655,00879,jackpot-1,Jackpot 1,,0,31705358250
power655,00879,jackpot-2,Jackpot 2,,0,4361730250
power655,00879,giai-nhat,Giải Nhất,40000000,4,
power655,00879,giai-nhi,Giải Nhì,500000,522,
power655,00879,giai-ba,Giải Ba,50000,10023,
power655,00880,jackpot-1,Jackpot 1,,0,32942141850
power655,00880,jackpot-2,Jackpot 2,,0,4499150650
power655,00880,giai-nhat,Giải Nhất,40000000,12,
power655,00880,giai-nhi,Giải Nhì,500000,491,
power655,00880,giai-ba,Giải Ba,50000,9032,
power655,00881,jackpot-1,Jackpot 1,,0,34404588750
power655,00881,jackpot-2,Jackpot 2,,1,4661644750
power655,00881,giai-nhat,Giải Nhất,40000000,11,
power655,00881,giai-nhi,Giải Nhì,500000,384,
power655,00881,giai-ba,Giải Ba,50000,7958,
power655,00882,jackpot-1,Jackpot 1,,0,36233149800
power655,00882,jackpot-2,Jackpot 2,,0,3203173450
power655,00882,giai-nhat,Giải Nhất,40000000,3,
power655,00882,giai-nhi,Giải Nhì,500000,435,
power655,00882,giai-ba,Giải Ba,50000,9593,
power655,00883,jackpot-1,Jackpot 1,,0,37840372050
power655,00883,jackpot-2,Jackpot 2,,0,3381753700
power655,00883,giai-nhat,Giải Nhất,40000000,4,
power655,00883,giai-nhi,Giải Nhì,500000,483,
power655,00883,giai-ba,Giải Ba,50000,9329,
power655,00884,jackpot-1,Jackpot 1,,0,38990916300
power655,00884,jackpot-2,Jackpot 2,,0,3509591950
power655,00884,giai-nhat,Giải Nhất,40000000,15,
power655,00884,giai-nhi,Giải Nhì,500000,679,
power655,00884,giai-ba,Giải Ba,50000,12314,
power655,00885,jackpot-1,Jackpot 1,,0,41223910350
power655,00885,jackpot-2,Jackpot 2,,0,3757702400
power655,00885,giai-nhat,Giải Nhất,40000000,3,
power655,00885,giai-nhi,Giải Nhì,500000,498,
power655,00885,giai-ba,Giải Ba,50000,10897,
power655,00886,jackpot-1,Jackpot 1,,0,43522243950
power655,00886,jackpot-2,Jackpot 2,,0,4013072800
power655,00886,giai-nhat,Giải Nhất,40000000,2,
power655,00886,giai-nhi,Giải Nhì,500000,379,
power655,00886,giai-ba,Giải Ba,50000,9437,
power655,00887,jackpot-1,Jackpot 1,,0,45597828900
power655,00887,jackpot-2,Jackpot 2,,0,4243693350
power655,00887,giai-nhat,Giải Nhất,40000000,9,
power655,00887,giai-nhi,Giải Nhì,500000,538,
power655,00887,giai-ba,Giải Ba,50000,12190,
power655,00888,jackpot-1,Jackpot 1,,0,48285119100
power655,00888,jackpot-2,Jackpot 2,,0,4542281150
power655,00888,giai-nhat,Giải Nhất,40000000,4,
power655,00888,giai-nhi,Giải Nhì,500000,628,
power655,00888,giai-ba,Giải Ba,50000,14040,
power655,00889,jackpot-1,Jackpot 1,,0,50491951050
power655,00889,jackpot-2,Jackpot 2,,0,4787484700
power655,00889,giai-nhat,Giải Nhất,40000000,11,
power655,00889,giai-nhi,Giải Nhì,500000,582,
power655,00889,giai-ba,Giải Ba,50000,13574,
power655,00890,jackpot-1,Jackpot 1,,0,52877718300
power655,00890,jackpot-2,Jackpot 2,,0,5052569950
power655,00890,giai-nhat,Giải Nhất,40000000,12,
power655,00890,giai-nhi,Giải Nhì,500000,639,
power655,00890,giai-ba,Giải Ba,50000,14350,
power655,00891,jackpot-1,Jackpot 1,,0,55603213950
power655,00891,jackpot-2,Jackpot 2,,0,5355402800
power655,00891,giai-nhat,Giải Nhất,40000000,8,
power655,00891,giai-nhi,Giải Nhì,500000,787,
power655,00891,giai-ba,Giải Ba,50000,16587,
power655,00892,jackpot-1,Jackpot 1,,0,58005385050
power655,00892,jackpot-2,Jackpot 2,,1,5622310700
power655,00892,giai-nhat,Giải Nhất,40000000,10,
power655,00892,giai-nhi,Giải Nhì,500000,764,
power655,00892,giai-ba,Giải Ba,50000,16805,
power655,00893,jackpot-1,Jackpot 1,,0,60314116350
power655,00893,jackpot-2,Jackpot 2,,1,3256525700
power655,00893,giai-nhat,Giải Nhất,40000000,14,
power655,00893,giai-nhi,Giải Nhì,500000,718,
power655,00893,giai-ba,Giải Ba,50000,15575,
power655,00894,jackpot-1,Jackpot 1,,0,63040925550
power655,00894,jackpot-2,Jackpot 2,,0,3302978800
power655,00894,giai-nhat,Giải Nhất,40000000,14,
power655,00894,giai-nhi,Giải Nhì,500000,875,
power655,00894,giai-ba,Giải Ba,50000,18957,
power655,00895,jackpot-1,Jackpot 1,,0,65034265800
power655,00895,jackpot-2,Jackpot 2,,0,3524461050
power655,00895,giai-nhat,Giải Nhất,40000000,26,
power655,00895,giai-nhi,Giải Nhì,500000,1188,
power655,00895,giai-ba,Giải Ba,50000,18961,
power655,00896,jackpot-1,Jackpot 1,,0,66932714550
power655,00896,jackpot-2,Jackpot 2,,1,3735399800
power655,00896,giai-nhat,Giải Nhất,40000000,30,
power655,00896,giai-nhi,Giải Nhì,500000,1352,
power655,00896,giai-ba,Giải Ba,50000,21521,
power655,00897,jackpot-1,Jackpot 1,,0,69936872700
power655,00897,jackpot-2,Jackpot 2,,0,3333795350
power655,00897,giai-nhat,Giải Nhất,40000000,17,
power655,00897,giai-nhi,Giải Nhì,500000,996,
power655,00897,giai-ba,Giải Ba,50000,22626,
power655,00898,jackpot-1,Jackpot 1,,0,72625274850
power655,00898,jackpot-2,Jackpot 2,,0,3632506700
power655,00898,giai-nhat,Giải Nhất,40000000,16,
power655,00898,giai-nhi,Giải Nhì,500000,777,
power655,00898,giai-ba,Giải Ba,50000,16859,
power655,00899,jackpot-1,Jackpot 1,,0,77160756450
power655,00899,jackpot-2,Jackpot 2,,1,4136449100
power655,00899,giai-nhat,Giải Nhất,40000000,14,
power655,00899,giai-nhi,Giải Nhì,500000,789,
power655,00899,giai-ba,Giải Ba,50000,17825,
power655,00900,jackpot-1,Jackpot 1,,0,80894008650
power655,00900,jackpot-2,Jackpot 2,,0,3414805800
power655,00900,giai-nhat,Giải Nhất,40000000,9,
power655,00900,giai-nhi,Giải Nhì,500000,1007,
power655,00900,giai-ba,Giải Ba,50000,21759,
power655,00901,jackpot-1,Jackpot 1,,0,86968735500
power655,00901,jackpot-2,Jackpot 2,,0,4089775450
power655,00901,giai-nhat,Giải Nhất,40000000,19,
power655,00901,giai-nhi,Giải Nhì,500000,1118,
power655,00901,giai-ba,Giải Ba,50000,22091,
power655,00902,jackpot-1,Jackpot 1,,0,93737419050
power655,00902,jackpot-2,Jackpot 2,,0,4841851400
power655,00902,giai-nhat,Giải Nhất,40000000,16,
power655,00902,giai-nhi,Giải Nhì,500000,1190,
power655,00902,giai-ba,Giải Ba,50000,25814,
power655,00903,jackpot-1,Jackpot 1,,0,103333058400
power655,00903,jackpot-2,Jackpot 2,,1,5908033550
power655,00903,giai-nhat,Giải Nhất,40000000,10,
power655,00903,giai-nhi,Giải Nhì,500000,987,
power655,00903,giai-ba,Giải Ba,50000,23666,
power655,00904,jackpot-1,Jackpot 1,,0,109923542850
power655,00904,jackpot-2,Jackpot 2,,0,3732276050
power655,00904,giai-nhat,Giải Nhất,40000000,16,
power655,00904,giai-nhi,Giải Nhì,500000,1227,
power655,00904,giai-ba,Giải Ba,50000,27339,
power655,00905,jackpot-1,Jackpot 1,,0,119322221250
power655,00905,jackpot-2,Jackpot 2,,0,4776573650
power655,00905,giai-nhat,Giải Nhất,40000000,15,
power655,00905,giai-nhi,Giải Nhì,500000,1372,
power655,00905,giai-ba,Giải Ba,50000,28126,
power655,00906,jackpot-1,Jackpot 1,,0,129014374350
power655,00906,jackpot-2,Jackpot 2,,0,5853479550
power655,00906,giai-nhat,Giải Nhất,40000000,29,
power655,00906,giai-nhi,Giải Nhì,500000,1756,
power655,00906,giai-ba,Giải Ba,50000,38080,
power655,00907,jackpot-1,Jackpot 1,,0,138815469750
power655,00907,jackpot-2,Jackpot 2,,0,6942490150
power655,00907,giai-nhat,Giải Nhất,40000000,23,
power655,00907,giai-nhi,Giải Nhì,500000,1449,
power655,00907,giai-ba,Giải Ba,50000,30445,
power655,00908,jackpot-1,Jackpot 1,,0,147710573850
power655,00908,jackpot-2,Jackpot 2,,0,7930835050
power655,00908,giai-nhat,Giải Nhất,40000000,44,
power655,00908,giai-nhi,Giải Nhì,500000,1852,
power655,00908,giai-ba,Giải Ba,50000,38078,
power655,00909,jackpot-1,Jackpot 1,,0,159476961450
power655,00909,jackpot-2,Jackpot 2,,1,9238211450
power655,00909,giai-nhat,Giải Nhất,40000000,22,
power655,00909,giai-nhi,Giải Nhì,500000,1666,
power655,00909,giai-ba,Giải Ba,50000,38373,
power655,00910,jackpot-1,Jackpot 1,,0,166915926750
power655,00910,jackpot-2,Jackpot 2,,1,3826551700
power655,00910,giai-nhat,Giải Nhất,40000000,34,
power655,00910,giai-nhi,Giải Nhì,500000,2037,
power655,00910,giai-ba,Giải Ba,50000,39398,
power655,00911,jackpot-1,Jackpot 1,,0,174697190850
power655,00911,jackpot-2,Jackpot 2,,1,3864584900
power655,00911,giai-nhat,Giải Nhất,40000000,32,
power655,00911,giai-nhi,Giải Nhì,500000,1811,
power655,00911,giai-ba,Giải Ba,50000,35148,
power655,00912,jackpot-1,Jackpot 1,,0,184720792350
power655,00912,jackpot-2,Jackpot 2,,0,4113733500
power655,00912,giai-nhat,Giải Nhất,40000000,23,
power655,00912,giai-nhi,Giải Nhì,500000,1754,
power655,00912,giai-ba,Giải Ba,50000,39756,
power655,00913,jackpot-1,Jackpot 1,,0,196667264100
power655,00913,jackpot-2,Jackpot 2,,0,5441119250
power655,00913,giai-nhat,Giải Nhất,40000000,27,
power655,00913,giai-nhi,Giải Nhì,500000,2232,
power655,00913,giai-ba,Giải Ba,50000,43325,
power655,00914,jackpot-1,Jackpot 1,,0,210802558800
power655,00914,jackpot-2,Jackpot 2,,0,7011707550
power655,00914,giai-nhat,Giải Nhất,40000000,20,
power655,00914,giai-nhi,Giải Nhì,500000,1739,
power655,00914,giai-ba,Giải Ba,50000,37812,
power655,00915,jackpot-1,Jackpot 1,,0,226138479600
power655,00915,jackpot-2,Jackpot 2,,0,8715698750
power655,00915,giai-nhat,Giải Nhất,40000000,37,
power655,00915,giai-nhi,Giải Nhì,500000,2512,
power655,00915,giai-ba,Giải Ba,50000,52664,
power655,00916,jackpot-1,Jackpot 1,,0,242211415350
power655,00916,jackpot-2,Jackpot 2,,0,10501580500
power655,00916,giai-nhat,Giải Nhất,40000000,26,
power655,00916,giai-nhi,Giải Nhì,500000,1828,
power655,00916,giai-ba,Giải Ba,50000,41740,
power655,00917,jackpot-1,Jackpot 1,,1,256972522350
power655,00917,jackpot-2,Jackpot 2,,0,12141703500
power655,00917,giai-nhat,Giải Nhất,40000000,43,
power655,00917,giai-nhi,Giải Nhì,500000,2491,
power655,00917,giai-ba,Giải Ba,50000,53739,
power655,00918,jackpot-1,Jackpot 1,,0,31860737850
power655,00918,jackpot-2,Jackpot 2,,0,12348452150
power655,00918,giai-nhat,Giải Nhất,40000000,21,
power655,00918,giai-nhi,Giải Nhì,500000,772,
power655,00918,giai-ba,Giải Ba,50000,15816,
power655,00919,jackpot-1,Jackpot 1,,0,34033462950
power655,00919,jackpot-2,Jackpot 2,,0,12589866050
power655,00919,giai-nhat,Giải Nhất,40000000,9,
power655,00919,giai-nhi,Giải Nhì,500000,510,
power655,00919,giai-ba,Giải Ba,50000,12375,
power655,00920,jackpot-1,Jackpot 1,,0,35774937300
power655,00920,jackpot-2,Jackpot 2,,0,12783363200
power655,00920,giai-nhat,Giải Nhất,40000000,16,
power655,00920,giai-nhi,Giải Nhì,500000,979,
power655,00920,giai-ba,Giải Ba,50000,17072,
power655,00921,jackpot-1,Jackpot 1,,0,38459304300
power655,00921,jackpot-2,Jackpot 2,,0,13081626200
power655,00921,giai-nhat,Giải Nhất,40000000,10,
power655,00921,giai-nhi,Giải Nhì,500000,700,
power655,00921,giai-ba,Giải Ba,50000,15800,
power655,00922,jackpot-1,Jackpot 1,,0,40752858900
power655,00922,jackpot-2,Jackpot 2,,1,13336465600
power655,00922,giai-nhat,Giải Nhất,40000000,16,
power655,00922,giai-nhi,Giải Nhì,500000,629,
power655,00922,giai-ba,Giải Ba,50000,13878,
power655,00923,jackpot-1,Jackpot 1,,0,42714713100
power655,00923,jackpot-2,Jackpot 2,,0,3217983800
power655,00923,giai-nhat,Giải Nhất,40000000,9,
power655,00923,giai-nhi,Giải Nhì,500000,610,
power655,00923,giai-ba,Giải Ba,50000,12926,
power655,00924,jackpot-1,Jackpot 1,,0,44834259900
power655,00924,jackpot-2,Jackpot 2,,0,3453489000
power655,00924,giai-nhat,Giải Nhất,40000000,12,
power655,00924,giai-nhi,Giải Nhì,500000,552,
power655,00924,giai-ba,Giải Ba,50000,13076,
power655,00925,jackpot-1,Jackpot 1,,0,46578147150
power655,00925,jackpot-2,Jackpot 2,,0,3647254250
power655,00925,giai-nhat,Giải Nhất,40000000,11,
power655,00925,giai-nhi,Giải Nhì,500000,564,
power655,00925,giai-ba,Giải Ba,50000,13021,
power655,00926,jackpot-1,Jackpot 1,,0,48434457450
power655,00926,jackpot-2,Jackpot 2,,0,3853510950
power655,00926,giai-nhat,Giải Nhất,40000000,7,
power655,00926,giai-nhi,Giải Nhì,500000,494,
power655,00926,giai-ba,Giải Ba,50000,10534,
power655,00927,jackpot-1,Jackpot 1,,0,50166294600
power655,00927,jackpot-2,Jackpot 2,,0,4045937300
power655,00927,giai-nhat,Giải Nhất,40000000,18,
power655,00927,giai-nhi,Giải Nhì,500000,606,
power655,00927,giai-ba,Giải Ba,50000,13334,
power655,00928,jackpot-1,Jackpot 1,,0,52423299300
power655,00928,jackpot-2,Jackpot 2,,1,4296715600
power655,00928,giai-nhat,Giải Nhất,40000000,6,
power655,00928,giai-nhi,Giải Nhì,500000,550,
power655,00928,giai-ba,Giải Ba,50000,12410,
power655,00929,jackpot-1,Jackpot 1,,0,54554601450
power655,00929,jackpot-2,Jackpot 2,,0,3236811350
power655,00929,giai-nhat,Giải Nhất,40000000,10,
power655,00929,giai-nhi,Giải Nhì,500000,584,
power655,00929,giai-ba,Giải Ba,50000,12414,
power655,00930,jackpot-1,Jackpot 1,,0,56990967600
power655,00930,jackpot-2,Jackpot 2,,0,3507518700
power655,00930,giai-nhat,Giải Nhất,40000000,9,
power655,00930,giai-nhi,Giải Nhì,500000,563,
power655,00930,giai-ba,Giải Ba,50000,13789,
power655,00931,jackpot-1,Jackpot 1,,0,59333976300
power655,00931,jackpot-2,Jackpot 2,,0,3767853000
power655,00931,giai-nhat,Giải Nhất,40000000,1,
power655,00931,giai-nhi,Giải Nhì,500000,642,
power655,00931,giai-ba,Giải Ba,50000,13037,
power655,00932,jackpot-1,Jackpot 1,,0,61815809550
power655,00932,jackpot-2,Jackpot 2,,0,4043612250
power655,00932,giai-nhat,Giải Nhất,40000000,6,
power655,00932,giai-nhi,Giải Nhì,500000,584,
power655,00932,giai-ba,Giải Ba,50000,12178,
power655,00933,jackpot-1,Jackpot 1,,0,64650236700
power655,00933,jackpot-2,Jackpot 2,,0,4358548600
power655,00933,giai-nhat,Giải Nhất,40000000,4,
power655,00933,giai-nhi,Giải Nhì,500000,555,
power655,00933,giai-ba,Giải Ba,50000,13751,
power655,00934,jackpot-1,Jackpot 1,,0,67899735300
power655,00934,jackpot-2,Jackpot 2,,0,4719604000
power655,00934,giai-nhat,Giải Nhất,40000000,8,
power655,00934,giai-nhi,Giải Nhì,500000,676,
power655,00934,giai-ba,Giải Ba,50000,13877,
power655,00935,jackpot-1,Jackpot 1,,0,72457474800
power655,00935,jackpot-2,Jackpot 2,,0,5226019500
power655,00935,giai-nhat,Giải Nhất,40000000,5,
power655,00935,giai-nhi,Giải Nhì,500000,635,
power655,00935,giai-ba,Giải Ba,50000,14725,
power655,00936,jackpot-1,Jackpot 1,,0,77347149150
power655,00936,jackpot-2,Jackpot 2,,0,5769316650
power655,00936,giai-nhat,Giải Nhất,40000000,11,
power655,00936,giai-nhi,Giải Nhì,500000,822,
power655,00936,giai-ba,Giải Ba,50000,15397,
power655,00937,jackpot-1,Jackpot 1,,0,82096341600
power655,00937,jackpot-2,Jackpot 2,,0,6297004700
power655,00937,giai-nhat,Giải Nhất,40000000,12,
power655,00937,giai-nhi,Giải Nhì,500000,746,
power655,00937,giai-ba,Giải Ba,50000,15150,
power655,00938,jackpot-1,Jackpot 1,,0,87320545500
power655,00938,jackpot-2,Jackpot 2,,1,6877471800
power655,00938,giai-nhat,Giải Nhất,40000000,14,
power655,00938,giai-nhi,Giải Nhì,500000,1001,
power655,00938,giai-ba,Giải Ba,50000,19647,
power655,00939,jackpot-1,Jackpot 1,,0,90070410900
power655,00939,jackpot-2,Jackpot 2,,0,3305540600
power655,00939,giai-nhat,Giải Nhất,40000000,22,
power655,00939,giai-nhi,Giải Nhì,500000,898,
power655,00939,giai-ba,Giải Ba,50000,19423,
power655,00940,jackpot-1,Jackpot 1,,0,95566397700
power655,00940,jackpot-2,Jackpot 2,,0,3916205800
power655,00940,giai-nhat,Giải Nhất,40000000,25,
power655,00940,giai-nhi,Giải Nhì,500000,1328,
power655,00940,giai-ba,Giải Ba,50000,21903,
power655,00941,jackpot-1,Jackpot 1,,0,101882095950
power655,00941,jackpot-2,Jackpot 2,,1,4617950050
power655,00941,giai-nhat,Giải Nhất,40000000,27,
power655,00941,giai-nhi,Giải Nhì,500000,1576,
power655,00941,giai-ba,Giải Ba,50000,24959,
power655,00942,jackpot-1,Jackpot 1,,0,106511719800
power655,00942,jackpot-2,Jackpot 2,,0,3514402650
power655,00942,giai-nhat,Giải Nhất,40000000,19,
power655,00942,giai-nhi,Giải Nhì,500000,1351,
power655,00942,giai-ba,Giải Ba,50000,26333,
power655,00943,jackpot-1,Jackpot 1,,0,112991932200
power655,00943,jackpot-2,Jackpot 2,,0,4234426250
power655,00943,giai-nhat,Giải Nhất,40000000,26,
power655,00943,giai-nhi,Giải Nhì,500000,1342,
power655,00943,giai-ba,Giải Ba,50000,27404,
power655,00944,jackpot-1,Jackpot 1,,0,120243618750
power655,00944,jackpot-2,Jackpot 2,,1,5040169200
power655,00944,giai-nhat,Giải Nhất,40000000,20,
power655,00944,giai-nhi,Giải Nhì,500000,1231,
power655,00944,giai-ba,Giải Ba,50000,25555,
power655,00945,jackpot-1,Jackpot 1,,0,126033393900
power655,00945,jackpot-2,Jackpot 2,,0,3643308350
power655,00945,giai-nhat,Giải Nhất,40000000,20,
power655,00945,giai-nhi,Giải Nhì,500000,1214,
power655,00945,giai-ba,Giải Ba,50000,26177,
power655,00946,jackpot-1,Jackpot 1,,0,134594405850
power655,00946,jackpot-2,Jackpot 2,,0,4594531900
power655,00946,giai-nhat,Giải Nhất,40000000,17,
power655,00946,giai-nhi,Giải Nhì,500000,1241,
power655,00946,giai-ba,Giải Ba,50000,25928,
power655,00947,jackpot-1,Jackpot 1,,0,142854653550
power655,00947,jackpot-2,Jackpot 2,,0,5512337200
power655,00947,giai-nhat,Giải Nhất,40000000,14,
power655,00947,giai-nhi,Giải Nhì,500000,1280,
power655,00947,giai-ba,Giải Ba,50000,26040,
power655,00948,jackpot-1,Jackpot 1,,0,152183678700
power655,00948,jackpot-2,Jackpot 2,,1,6548895550
power655,00948,giai-nhat,Giải Nhất,40000000,18,
power655,00948,giai-nhi,Giải Nhì,500000,1534,
power655,00948,giai-ba,Giải Ba,50000,31359,
power655,00949,jackpot-1,Jackpot 1,,0,157447377750
power655,00949,jackpot-2,Jackpot 2,,0,3584855450
power655,00949,giai-nhat,Giải Nhất,40000000,30,
power655,00949,giai-nhi,Giải Nhì,500000,1592,
power655,00949,giai-ba,Giải Ba,50000,29929,
power655,00950,jackpot-1,Jackpot 1,,0,166603401750
power655,00950,jackpot-2,Jackpot 2,,1,4602191450
power655,00950,giai-nhat,Giải Nhất,40000000,9,
power655,00950,giai-nhi,Giải Nhì,500000,1226,
power655,00950,giai-ba,Giải Ba,50000,26742,
power655,00951,jackpot-1,Jackpot 1,,1,173149875300
power655,00951,jackpot-2,Jackpot 2,,1,3727385950
power655,00951,giai-nhat,Giải Nhất,40000000,20,
power655,00951,giai-nhi,Giải Nhì,500000,1613,
power655,00951,giai-ba,Giải Ba,50000,33139,
power655,00952,jackpot-1,Jackpot 1,,0,31605069000
power655,00952,jackpot-2,Jackpot 2,,0,3178341000
power655,00952,giai-nhat,Giải Nhất,40000000,3,
power655,00952,giai-nhi,Giải Nhì,500000,544,
power655,00952,giai-ba,Giải Ba,50000,11173,
power655,00953,jackpot-1,Jackpot 1,,0,33414096900
power655,00953,jackpot-2,Jackpot 2,,0,3379344100
power655,00953,giai-nhat,Giải Nhất,40000000,4,
power655,00953,giai-nhi,Giải Nhì,500000,410,
power655,00953,giai-ba,Giải Ba,50000,9029,
power655,00954,jackpot-1,Jackpot 1,,1,35075545050
power655,00954,jackpot-2,Jackpot 2,,0,3563949450
power655,00954,giai-nhat,Giải Nhất,40000000,12,
power655,00954,giai-nhi,Giải Nhì,500000,616,
power655,00954,giai-ba,Giải Ba,50000,12286,
power655,00955,jackpot-1,Jackpot 1,,0,31420540650
power655,00955,jackpot-2,Jackpot 2,,0,3721787300
power655,00955,giai-nhat,Giải Nhất,40000000,7,
power655,00955,giai-nhi,Giải Nhì,500000,429,
power655,00955,giai-ba,Giải Ba,50000,9408,
power655,00956,jackpot-1,Jackpot 1,,0,32810830500
power655,00956,jackpot-2,Jackpot 2,,0,3876263950
power655,00956,giai-nhat,Giải Nhất,40000000,13,
power655,00956,giai-nhi,Giải Nhì,500000,461,
power655,00956,giai-ba,Giải Ba,50000,10208,
power655,00957,jackpot-1,Jackpot 1,,0,34196392650
power655,00957,jackpot-2,Jackpot 2,,0,4030215300
power655,00957,giai-nhat,Giải Nhất,40000000,13,
power655,00957,giai-nhi,Giải Nhì,500000,754,
power655,00957,giai-ba,Giải Ba,50000,13994,
power655,00958,jackpot-1,Jackpot 1,,0,35952406950
power655,00958,jackpot-2,Jackpot 2,,1,4225328000
power655,00958,giai-nhat,Giải Nhất,40000000,3,
power655,00958,giai-nhi,Giải Nhì,500000,461,
power655,00958,giai-ba,Giải Ba,50000,10564,
power655,00959,jackpot-1,Jackpot 1,,0,37188068250
power655,00959,jackpot-2,Jackpot 2,,1,3137295700
power655,00959,giai-nhat,Giải Nhất,40000000,13,
power655,00959,giai-nhi,Giải Nhì,500000,667,
power655,00959,giai-ba,Giải Ba,50000,12430,
power655,00960,jackpot-1,Jackpot 1,,0,38984117250
power655,00960,jackpot-2,Jackpot 2,,0,3199561000
power655,00960,giai-nhat,Giải Nhất,40000000,8,
power655,00960,giai-nhi,Giải Nhì,500000,608,
power655,00960,giai-ba,Giải Ba,50000,12852,
power655,00961,jackpot-1,Jackpot 1,,0,40785765150
power655,00961,jackpot-2,Jackpot 2,,0,3399744100
power655,00961,giai-nhat,Giải Nhất,40000000,5,
power655,00961,giai-nhi,Giải Nhì,500000,413,
power655,00961,giai-ba,Giải Ba,50000,9819,
power655,00962,jackpot-1,Jackpot 1,,0,42235023000
power655,00962,jackpot-2,Jackpot 2,,0,3560772750
power655,00962,giai-nhat,Giải Nhất,40000000,13,
power655,00962,giai-nhi,Giải Nhì,500000,687,
power655,00962,giai-ba,Giải Ba,50000,14059,
power655,00963,jackpot-1,Jackpot 1,,0,44717168550
power655,00963,jackpot-2,Jackpot 2,,0,3836566700
power655,00963,giai-nhat,Giải Nhất,40000000,7,
power655,00963,giai-nhi,Giải Nhì,500000,527,
power655,00963,giai-ba,Giải Ba,50000,11951,
power655,00964,jackpot-1,Jackpot 1,,0,46969203000
power655,00964,jackpot-2,Jackpot 2,,0,4086792750
power655,00964,giai-nhat,Giải Nhất,40000000,7,
power655,00964,giai-nhi,Giải Nhì,500000,562,
power655,00964,giai-ba,Giải Ba,50000,12592,
power655,00965,jackpot-1,Jackpot 1,,0,48458017200
power655,00965,jackpot-2,Jackpot 2,,0,4252216550
power655,00965,giai-nhat,Giải Nhất,40000000,23,
power655,00965,giai-nhi,Giải Nhì,500000,1033,
power655,00965,giai-ba,Giải Ba,50000,15666,
power655,00966,jackpot-1,Jackpot 1,,1,50531713500
power655,00966,jackpot-2,Jackpot 2,,0,4482627250
power655,00966,giai-nhat,Giải Nhất,40000000,20,
power655,00966,giai-nhi,Giải Nhì,500000,826,
power655,00966,giai-ba,Giải Ba,50000,17445,
power655,00967,jackpot-1,Jackpot 1,,0,31401323850
power655,00967,jackpot-2,Jackpot 2,,0,4638329900
power655,00967,giai-nhat,Giải Nhất,40000000,11,
power655,00967,giai-nhi,Giải Nhì,500000,507,
power655,00967,giai-ba,Giải Ba,50000,9651,
power655,00968,jackpot-1,Jackpot 1,,0,32990974950
power655,00968,jackpot-2,Jackpot 2,,0,4814957800
power655,00968,giai-nhat,Giải Nhất,40000000,9,
power655,00968,giai-nhi,Giải Nhì,500000,619,
power655,00968,giai-ba,Giải Ba,50000,11708,
power655,00969,jackpot-1,Jackpot 1,,0,35173302600
power655,00969,jackpot-2,Jackpot 2,,2,2528719325
power655,00969,giai-nhat,Giải Nhất,40000000,5,
power655,00969,giai-nhi,Giải Nhì,500000,507,
power655,00969,giai-ba,Giải Ba,50000,11806,
power655,00970,jackpot-1,Jackpot 1,,0,36585760800
power655,00970,jackpot-2,Jackpot 2,,0,3156939800
power655,00970,giai-nhat,Giải Nhất,40000000,16,
power655,00970,giai-nhi,Giải Nhì,500000,638,
power655,00970,giai-ba,Giải Ba,50000,11755,
power655,00971,jackpot-1,Jackpot 1,,0,38380011600
power655,00971,jackpot-2,Jackpot 2,,0,3356301000
power655,00971,giai-nhat,Giải Nhất,40000000,9,
power655,00971,giai-nhi,Giải Nhì,500000,534,
power655,00971,giai-ba,Giải Ba,50000,11577,
power655,00972,jackpot-1,Jackpot 1,,0,40527961950
power655,00972,jackpot-2,Jackpot 2,,0,3594962150
power655,00972,giai-nhat,Giải Nhất,40000000,9,
power655,00972,giai-nhi,Giải Nhì,500000,601,
power655,00972,giai-ba,Giải Ba,50000,12830,
power655,00973,jackpot-1,Jackpot 1,,0,42761793000
power655,00973,jackpot-2,Jackpot 2,,0,3843165600
power655,00973,giai-nhat,Giải Nhất,40000000,6,
power655,00973,giai-nhi,Giải Nhì,500000,502,
power655,00973,giai-ba,Giải Ba,50000,11762,
power655,00974,jackpot-1,Jackpot 1,,0,45088940550
power655,00974,jackpot-2,Jackpot 2,,0,4101737550
power655,00974,giai-nhat,Giải Nhất,40000000,7,
power655,00974,giai-nhi,Giải Nhì,500000,499,
power655,00974,giai-ba,Giải Ba,50000,10781,
power655,00975,jackpot-1,Jackpot 1,,0,47615531700
power655,00975,jackpot-2,Jackpot 2,,0,4382469900
power655,00975,giai-nhat,Giải Nhất,40000000,5,
power655,00975,giai-nhi,Giải Nhì,500000,700,
power655,00975,giai-ba,Giải Ba,50000,15581,
power655,00976,jackpot-1,Jackpot 1,,0,50014908300
power655,00976,jackpot-2,Jackpot 2,,0,4649067300
power655,00976,giai-nhat,Giải Nhất,40000000,7,
power655,00976,giai-nhi,Giải Nhì,500000,595,
power655,00976,giai-ba,Giải Ba,50000,13500,
power655,00977,jackpot-1,Jackpot 1,,0,52129102800
power655,00977,jackpot-2,Jackpot 2,,2,2441988900
power655,00977,giai-nhat,Giải Nhất,40000000,19,
power655,00977,giai-nhi,Giải Nhì,500000,770,
power655,00977,giai-ba,Giải Ba,50000,15450,
power655,00978,jackpot-1,Jackpot 1,,0,54632301150
power655,00978,jackpot-2,Jackpot 2,,1,3278133150
power655,00978,giai-nhat,Giải Nhất,40000000,10,
power655,00978,giai-nhi,Giải Nhì,500000,868,
power655,00978,giai-ba,Giải Ba,50000,17756,
power655,00979,jackpot-1,Jackpot 1,,0,57063120600
power655,00979,jackpot-2,Jackpot 2,,0,3270091050
power655,00979,giai-nhat,Giải Nhất,40000000,11,
power655,00979,giai-nhi,Giải Nhì,500000,817,
power655,00979,giai-ba,Giải Ba,50000,15084,
power655,00980,jackpot-1,Jackpot 1,,0,59785265550
power655,00980,jackpot-2,Jackpot 2,,0,3572551600
power655,00980,giai-nhat,Giải Nhất,40000000,7,
power655,00980,giai-nhi,Giải Nhì,500000,701,
power655,00980,giai-ba,Giải Ba,50000,16020,
power655,00981,jackpot-1,Jackpot 1,,0,62968732950
power655,00981,jackpot-2,Jackpot 2,,0,3926270200
power655,00981,giai-nhat,Giải Nhất,40000000,8,
power655,00981,giai-nhi,Giải Nhì,500000,673,
power655,00981,giai-ba,Giải Ba,50000,16100,
power655,00982,jackpot-1,Jackpot 1,,0,65509647150
power655,00982,jackpot-2,Jackpot 2,,1,4208594000
power655,00982,giai-nhat,Giải Nhất,40000000,19,
power655,00982,giai-nhi,Giải Nhì,500000,757,
power655,00982,giai-ba,Giải Ba,50000,16460,
power655,00983,jackpot-1,Jackpot 1,,0,68166525450
power655,00983,jackpot-2,Jackpot 2,,1,3295208700
power655,00983,giai-nhat,Giải Nhất,40000000,12,
power655,00983,giai-nhi,Giải Nhì,500000,900,
power655,00983,giai-ba,Giải Ba,50000,18901,
power655,00984,jackpot-1,Jackpot 1,,0,70984974900
power655,00984,jackpot-2,Jackpot 2,,1,3313161050
power655,00984,giai-nhat,Giải Nhất,40000000,14,
power655,00984,giai-nhi,Giải Nhì,500000,1132,
power655,00984,giai-ba,Giải Ba,50000,22865,
power655,00985,jackpot-1,Jackpot 1,,0,73702820550
power655,00985,jackpot-2,Jackpot 2,,0,3301982850
power655,00985,giai-nhat,Giải Nhất,40000000,18,
power655,00985,giai-nhi,Giải Nhì,500000,869,
power655,00985,giai-ba,Giải Ba,50000,17793,
power655,00986,jackpot-1,Jackpot 1,,0,77023764300
power655,00986,jackpot-2,Jackpot 2,,1,3670976600
power655,00986,giai-nhat,Giải Nhất,40000000,8,
power655,00986,giai-nhi,Giải Nhì,500000,802,
power655,00986,giai-ba,Giải Ba,50000,17994,
power655,00987,jackpot-1,Jackpot 1,,0,80681771550
power655,00987,jackpot-2,Jackpot 2,,0,3406445250
power655,00987,giai-nhat,Giải Nhất,40000000,14,
power655,00987,giai-nhi,Giải Nhì,500000,888,
power655,00987,giai-ba,Giải Ba,50000,19417,
power655,00988,jackpot-1,Jackpot 1,,0,83810646300
power655,00988,jackpot-2,Jackpot 2,,1,3754098000
power655,00988,giai-nhat,Giải Nhất,40000000,17,
power655,00988,giai-nhi,Giải Nhì,500000,930,
power655,00988,giai-ba,Giải Ba,50000,19259,
power655,00989,jackpot-1,Jackpot 1,,0,87295773450
power655,00989,jackpot-2,Jackpot 2,,0,3387236350
power655,00989,giai-nhat,Giải Nhất,40000000,17,
power655,00989,giai-nhi,Giải Nhì,500000,901,
power655,00989,giai-ba,Giải Ba,50000,19654,
power655,00990,jackpot-1,Jackpot 1,,0,91320972600
power655,00990,jackpot-2,Jackpot 2,,0,3834480700
power655,00990,giai-nhat,Giải Nhất,40000000,19,
power655,00990,giai-nhi,Giải Nhì,500000,1148,
power655,00990,giai-ba,Giải Ba,50000,24000,
power655,00991,jackpot-1,Jackpot 1,,0,95065337100
power655,00991,jackpot-2,Jackpot 2,,0,4250521200
power655,00991,giai-nhat,Giải Nhất,40000000,20,
power655,00991,giai-nhi,Giải Nhì,500000,1139,
power655,00991,giai-ba,Giải Ba,50000,24469,
power655,00992,jackpot-1,Jackpot 1,,0,98887965600
power655,00992,jackpot-2,Jackpot 2,,1,4675257700
power655,00992,giai-nhat,Giải Nhất,40000000,20,
power655,00992,giai-nhi,Giải Nhì,500000,1324,
power655,00992,giai-ba,Giải Ba,50000,27044,
power655,00993,jackpot-1,Jackpot 1,,0,103161578250
power655,00993,jackpot-2,Jackpot 2,,0,3474845850
power655,00993,giai-nhat,Giải Nhất,40000000,28,
power655,00993,giai-nhi,Giải Nhì,500000,1549,
power655,00993,giai-ba,Giải Ba,50000,30460,
power655,00994,jackpot-1,Jackpot 1,,0,107397479550
power655,00994,jackpot-2,Jackpot 2,,0,3945501550
power655,00994,giai-nhat,Giải Nhất,40000000,21,
power655,00994,giai-nhi,Giải Nhì,500000,1225,
power655,00994,giai-ba,Giải Ba,50000,26108,
power655,00995,jackpot-1,Jackpot 1,,0,112343407950
power655,00995,jackpot-2,Jackpot 2,,0,4495049150
power655,00995,giai-nhat,Giải Nhất,40000000,19,
power655,00995,giai-nhi,Giải Nhì,500000,1305,
power655,00995,giai-ba,Giải Ba,50000,27701,
power655,00996,jackpot-1,Jackpot 1,,0,116463068400
power655,00996,jackpot-2,Jackpot 2,,0,4952789200
power655,00996,giai-nhat,Giải Nhất,40000000,27,
power655,00996,giai-nhi,Giải Nhì,500000,1590,
power655,00996,giai-ba,Giải Ba,50000,33383,
power655,00997,jackpot-1,Jackpot 1,,0,120893318850
power655,00997,jackpot-2,Jackpot 2,,3,1815013083
power655,00997,giai-nhat,Giải Nhất,40000000,22,
power655,00997,giai-nhi,Giải Nhì,500000,1568,
power655,00997,giai-ba,Giải Ba,50000,33396,
power655,00998,jackpot-1,Jackpot 1,,0,126553729800
power655,00998,jackpot-2,Jackpot 2,,1,3628934550
power655,00998,giai-nhat,Giải Nhất,40000000,27,
power655,00998,giai-nhi,Giải Nhì,500000,1586,
power655,00998,giai-ba,Giải Ba,50000,30486,
power655,00999,jackpot-1,Jackpot 1,,0,130331185950
power655,00999,jackpot-2,Jackpot 2,,1,3419717350
power655,00999,giai-nhat,Giải Nhất,40000000,48,
power655,00999,giai-nhi,Giải Nhì,500000,1511,
power655,00999,giai-ba,Giải Ba,50000,30793,
power655,01000,jackpot-1,Jackpot 1,,0,135452799750
power655,01000,jackpot-2,Jackpot 2,,1,3569068200
power655,01000,giai-nhat,Giải Nhất,40000000,15,
power655,01000,giai-nhi,Giải Nhì,500000,1569,
power655,01000,giai-ba,Giải Ba,50000,29741,
power655,01001,jackpot-1,Jackpot 1,,0,142673643750
power655,01001,jackpot-2,Jackpot 2,,0,3802316000
power655,01001,giai-nhat,Giải Nhất,40000000,17,
power655,01001,giai-nhi,Giải Nhì,500000,2068,
power655,01001,giai-ba,Giải Ba,50000,36946,
power655,01002,jackpot-1,Jackpot 1,,0,153346722600
power655,01002,jackpot-2,Jackpot 2,,0,4988213650
power655,01002,giai-nhat,Giải Nhất,40000000,17,
power655,01002,giai-nhi,Giải Nhì,500000,1435,
power655,01002,giai-ba,Giải Ba,50000,31785,
power655,01003,jackpot-1,Jackpot 1,,0,164593876350
power655,01003,jackpot-2,Jackpot 2,,0,6237897400
power655,01003,giai-nhat,Giải Nhất,40000000,15,
power655,01003,giai-nhi,Giải Nhì,500000,1622,
power655,01003,giai-ba,Giải Ba,50000,31683,
power655,01004,jackpot-1,Jackpot 1,,0,177059760600
power655,01004,jackpot-2,Jackpot 2,,1,7622995650
power655,01004,giai-nhat,Giải Nhất,40000000,27,
power655,01004,giai-nhi,Giải Nhì,500000,2012,
power655,01004,giai-ba,Giải Ba,50000,43558,
power655,01005,jackpot-1,Jackpot 1,,0,186792773700
power655,01005,jackpot-2,Jackpot 2,,0,4081445900
power655,01005,giai-nhat,Giải Nhất,40000000,23,
power655,01005,giai-nhi,Giải Nhì,500000,1647,
power655,01005,giai-ba,Giải Ba,50000,36841,
power655,01006,jackpot-1,Jackpot 1,,0,199484306400
power655,01006,jackpot-2,Jackpot 2,,0,5491616200
power655,01006,giai-nhat,Giải Nhất,40000000,22,
power655,01006,giai-nhi,Giải Nhì,500000,1743,
power655,01006,giai-ba,Giải Ba,50000,38373,
power655,01007,jackpot-1,Jackpot 1,,0,213559310100
power655,01007,jackpot-2,Jackpot 2,,0,7055505500
power655,01007,giai-nhat,Giải Nhất,40000000,34,
power655,01007,giai-nhi,Giải Nhì,500000,2559,
power655,01007,giai-ba,Giải Ba,50000,51357,
power655,01008,jackpot-1,Jackpot 1,,0,228468952650
power655,01008,jackpot-2,Jackpot 2,,0,8712132450
power655,01008,giai-nhat,Giải Nhất,40000000,26,
power655,01008,giai-nhi,Giải Nhì,500000,1938,
power655,01008,giai-ba,Giải Ba,50000,43585,
power655,01009,jackpot-1,Jackpot 1,,0,243884025300
power655,01009,jackpot-2,Jackpot 2,,1,10424918300
power655,01009,giai-nhat,Giải Nhất,40000000,19,
power655,01009,giai-nhi,Giải Nhì,500000,1973,
power655,01009,giai-ba,Giải Ba,50000,46293,
power655,01010,jackpot-1,Jackpot 1,,0,257677415400
power655,01010,jackpot-2,Jackpot 2,,1,4532598900
power655,01010,giai-nhat,Giải Nhất,40000000,37,
power655,01010,giai-nhi,Giải Nhì,500000,2240,
power655,01010,giai-ba,Giải Ba,50000,49299,
power655,01011,jackpot-1,Jackpot 1,,0,270263424450
power655,01011,jackpot-2,Jackpot 2,,1,4398445450
power655,01011,giai-nhat,Giải Nhất,40000000,36,
power655,01011,giai-nhi,Giải Nhì,500000,2194,
power655,01011,giai-ba,Giải Ba,50000,46911,
power655,01012,jackpot-1,Jackpot 1,,0,281084510550
power655,01012,jackpot-2,Jackpot 2,,1,4202342900
power655,01012,giai-nhat,Giải Nhất,40000000,104,
power655,01012,giai-nhi,Giải Nhì,500000,2880,
power655,01012,giai-ba,Giải Ba,50000,55887,
power655,01013,jackpot-1,Jackpot 1,,0,297045137100
power655,01013,jackpot-2,Jackpot 2,,1,4773402950
power655,01013,giai-nhat,Giải Nhất,40000000,42,
power655,01013,giai-nhi,Giải Nhì,500000,2734,
power655,01013,giai-ba,Giải Ba,50000,63321,
power655,01014,jackpot-1,Jackpot 1,,0,300000000000
power655,01014,jackpot-2,Jackpot 2,,2,7915123550
power655,01014,giai-nhat,Giải Nhất,40000000,71,
power655,01014,giai-nhi,Giải Nhì,500000,3289,
power655,01014,giai-ba,Giải Ba,50000,61928,
power655,01015,jackpot-1,Jackpot 1,,0,300000000000
power655,01015,jackpot-2,Jackpot 2,,2,10983938000
power655,01015,giai-nhat,Giải Nhất,40000000,31,
power655,01015,giai-nhi,Giải Nhì,500000,2901,
power655,01015,giai-ba,Giải Ba,50000,62094,
power655,01016,jackpot-1,Jackpot 1,,0,317948300400
power655,01016,jackpot-2,Jackpot 2,,0,4994255600
power655,01016,giai-nhat,Giải Nhất,40000000,43,
power655,01016,giai-nhi,Giải Nhì,500000,3182,
power655,01016,giai-ba,Giải Ba,50000,66871,
power655,01017,jackpot-1,Jackpot 1,,0,337543447350
power655,01017,jackpot-2,Jackpot 2,,0,7171494150
power655,01017,giai-nhat,Giải Nhất,40000000,32,
power655,01017,giai-nhi,Giải Nhì,500000,3348,
power655,01017,giai-ba,Giải Ba,50000,67843,
power655,01018,jackpot-1,Jackpot 1,,0,300000000000
power655,01018,jackpot-2,Jackpot 2,,1,67784892000
power655,01018,giai-nhat,Giải Nhất,40000000,47,
power655,01018,giai-nhi,Giải Nhì,500000,3272,
power655,01018,giai-ba,Giải Ba,50000,73555,
power655,01019,jackpot-1,Jackpot 1,,0,300000000000
power655,01019,jackpot-2,Jackpot 2,,1,25409725000
power655,01019,giai-nhat,Giải Nhất,40000000,41,
power655,01019,giai-nhi,Giải Nhì,500000,3112,
power655,01019,giai-ba,Giải Ba,50000,69136,
power655,01020,jackpot-1,Jackpot 1,,2,157093357425
power655,01020,jackpot-2,Jackpot 2,,2,2288150825
power655,01020,giai-nhat,Giải Nhất,40000000,103,
power655,01020,giai-nhi,Giải Nhì,500000,4108,
power655,01020,giai-ba,Giải Ba,50000,72534,
power655,01021,jackpot-1,Jackpot 1,,0,33007128150
power655,01021,jackpot-2,Jackpot 2,,1,3334125350
power655,01021,giai-nhat,Giải Nhất,40000000,9,
power655,01021,giai-nhi,Giải Nhì,500000,787,
power655,01021,giai-ba,Giải Ba,50000,16665,
power655,01022,jackpot-1,Jackpot 1,,0,36274024650
power655,01022,jackpot-2,Jackpot 2,,0,3362988500
power655,01022,giai-nhat,Giải Nhất,40000000,12,
power655,01022,giai-nhi,Giải Nhì,500000,741,
power655,01022,giai-ba,Giải Ba,50000,16464,
power655,01023,jackpot-1,Jackpot 1,,0,38633758050
power655,01023,jackpot-2,Jackpot 2,,1,3625181100
power655,01023,giai-nhat,Giải Nhất,40000000,18,
power655,01023,giai-nhi,Giải Nhì,500000,729,
power655,01023,giai-ba,Giải Ba,50000,14634,
power655,01024,jackpot-1,Jackpot 1,,0,41561844600
power655,01024,jackpot-2,Jackpot 2,,0,3325342950
power655,01024,giai-nhat,Giải Nhất,40000000,8,
power655,01024,giai-nhi,Giải Nhì,500000,670,
power655,01024,giai-ba,Giải Ba,50000,15900,
power655,01025,jackpot-1,Jackpot 1,,0,45053287500
power655,01025,jackpot-2,Jackpot 2,,0,3713281050
power655,01025,giai-nhat,Giải Nhất,40000000,12,
power655,01025,giai-nhi,Giải Nhì,500000,758,
power655,01025,giai-ba,Giải Ba,50000,17482,
power655,01026,jackpot-1,Jackpot 1,,0,47354753100
power655,01026,jackpot-2,Jackpot 2,,0,3968999450
power655,01026,giai-nhat,Giải Nhất,40000000,23,
power655,01026,giai-nhi,Giải Nhì,500000,1049,
power655,01026,giai-ba,Giải Ba,50000,20236,
power655,01027,jackpot-1,Jackpot 1,,0,49665978300
power655,01027,jackpot-2,Jackpot 2,,0,4225802250
power655,01027,giai-nhat,Giải Nhất,40000000,23,
power655,01027,giai-nhi,Giải Nhì,500000,896,
power655,01027,giai-ba,Giải Ba,50000,18181,
power655,01028,jackpot-1,Jackpot 1,,0,52411684800
power655,01028,jackpot-2,Jackpot 2,,0,4530880750
power655,01028,giai-nhat,Giải Nhất,40000000,17,
power655,01028,giai-nhi,Giải Nhì,500000,774,
power655,01028,giai-ba,Giải Ba,50000,15862,
power655,01029,jackpot-1,Jackpot 1,,0,55439469300
power655,01029,jackpot-2,Jackpot 2,,0,4867301250
power655,01029,giai-nhat,Giải Nhất,40000000,10,
power655,01029,giai-nhi,Giải Nhì,500000,597,
power655,01029,giai-ba,Giải Ba,50000,14270,
power655,01030,jackpot-1,Jackpot 1,,0,58191976650
power655,01030,jackpot-2,Jackpot 2,,0,5173135400
power655,01030,giai-nhat,Giải Nhất,40000000,12,
power655,01030,giai-nhi,Giải Nhì,500000,1120,
power655,01030,giai-ba,Giải Ba,50000,17823,
power655,01031,jackpot-1,Jackpot 1,,0,61542131250
power655,01031,jackpot-2,Jackpot 2,,0,5545374800
power655,01031,giai-nhat,Giải Nhất,40000000,13,
power655,01031,giai-nhi,Giải Nhì,500000,912,
power655,01031,giai-ba,Giải Ba,50000,19585,
power655,01032,jackpot-1,Jackpot 1,,1,62575096350
power655,01032,jackpot-2,Jackpot 2,,1,5660148700
power655,01032,giai-nhat,Giải Nhất,40000000,66,
power655,01032,giai-nhi,Giải Nhì,500000,888,
power655,01032,giai-ba,Giải Ba,50000,17709,
power655,01033,jackpot-1,Jackpot 1,,0,31730182500
power655,01033,jackpot-2,Jackpot 2,,0,3192242500
power655,01033,giai-nhat,Giải Nhất,40000000,12,
power655,01033,giai-nhi,Giải Nhì,500000,546,
power655,01033,giai-ba,Giải Ba,50000,11770,
power655,01034,jackpot-1,Jackpot 1,,0,33986568900
power655,01034,jackpot-2,Jackpot 2,,1,3442952100
power655,01034,giai-nhat,Giải Nhất,40000000,13,
power655,01034,giai-nhi,Giải Nhì,500000,554,
power655,01034,giai-ba,Giải Ba,50000,12448,
power655,01035,jackpot-1,Jackpot 1,,0,35985134550
power655,01035,jackpot-2,Jackpot 2,,0,3222062850
power655,01035,giai-nhat,Giải Nhất,40000000,8,
power655,01035,giai-nhi,Giải Nhì,500000,538,
power655,01035,giai-ba,Giải Ba,50000,12439,
power655,01036,jackpot-1,Jackpot 1,,0,37855412400
power655,01036,jackpot-2,Jackpot 2,,0,3429871500
power655,01036,giai-nhat,Giải Nhất,40000000,12,
power655,01036,giai-nhi,Giải Nhì,500000,740,
power655,01036,giai-ba,Giải Ba,50000,14703,
power655,01037,jackpot-1,Jackpot 1,,0,40422908100
power655,01037,jackpot-2,Jackpot 2,,0,3715148800
power655,01037,giai-nhat,Giải Nhất,40000000,11,
power655,01037,giai-nhi,Giải Nhì,500000,640,
power655,01037,giai-ba,Giải Ba,50000,14585,
power655,01038,jackpot-1,Jackpot 1,,0,42733638750
power655,01038,jackpot-2,Jackpot 2,,0,3971896650
power655,01038,giai-nhat,Giải Nhất,40000000,11,
power655,01038,giai-nhi,Giải Nhì,500000,627,
power655,01038,giai-ba,Giải Ba,50000,14273,
power655,01039,jackpot-1,Jackpot 1,,0,44500277100
power655,01039,jackpot-2,Jackpot 2,,0,4168189800
power655,01039,giai-nhat,Giải Nhất,40000000,8,
power655,01039,giai-nhi,Giải Nhì,500000,547,
power655,01039,giai-ba,Giải Ba,50000,12607,
power655,01040,jackpot-1,Jackpot 1,,0,47522322750
power655,01040,jackpot-2,Jackpot 2,,0,4503972650
power655,01040,giai-nhat,Giải Nhất,40000000,11,
power655,01040,giai-nhi,Giải Nhì,500000,628,
power655,01040,giai-ba,Giải Ba,50000,15067,
power655,01041,jackpot-1,Jackpot 1,,0,49053378900
power655,01041,jackpot-2,Jackpot 2,,1,4674090000
power655,01041,giai-nhat,Giải Nhất,40000000,29,
power655,01041,giai-nhi,Giải Nhì,500000,1092,
power655,01041,giai-ba,Giải Ba,50000,19617,
power655,01042,jackpot-1,Jackpot 1,,0,51723546150
power655,01042,jackpot-2,Jackpot 2,,0,3296685250
power655,01042,giai-nhat,Giải Nhất,40000000,8,
power655,01042,giai-nhi,Giải Nhì,500000,706,
power655,01042,giai-ba,Giải Ba,50000,14445,
power655,01043,jackpot-1,Jackpot 1,,0,54037387650
power655,01043,jackpot-2,Jackpot 2,,1,3553778750
power655,01043,giai-nhat,Giải Nhất,40000000,18,
power655,01043,giai-nhi,Giải Nhì,500000,1221,
power655,01043,giai-ba,Giải Ba,50000,21813,
power655,01044,jackpot-1,Jackpot 1,,0,56657129250
power655,01044,jackpot-2,Jackpot 2,,0,3291082400
power655,01044,giai-nhat,Giải Nhất,40000000,18,
power655,01044,giai-nhi,Giải Nhì,500000,772,
power655,01044,giai-ba,Giải Ba,50000,17171,
power655,01045,jackpot-1,Jackpot 1,,0,59286413550
power655,01045,jackpot-2,Jackpot 2,,1,3583225100
power655,01045,giai-nhat,Giải Nhất,40000000,12,
power655,01045,giai-nhi,Giải Nhì,500000,914,
power655,01045,giai-ba,Giải Ba,50000,17872,
power655,01046,jackpot-1,Jackpot 1,,0,62127460650
power655,01046,jackpot-2,Jackpot 2,,0,3315671900
power655,01046,giai-nhat,Giải Nhất,40000000,19,
power655,01046,giai-nhi,Giải Nhì,500000,887,
power655,01046,giai-ba,Giải Ba,50000,18295,
power655,01047,jackpot-1,Jackpot 1,,0,64999817400
power655,01047,jackpot-2,Jackpot 2,,0,3634822650
power655,01047,giai-nhat,Giải Nhất,40000000,16,
power655,01047,giai-nhi,Giải Nhì,500000,789,
power655,01047,giai-ba,Giải Ba,50000,16402,
power655,01048,jackpot-1,Jackpot 1,,0,67987995600
power655,01048,jackpot-2,Jackpot 2,,1,3966842450
power655,01048,giai-nhat,Giải Nhất,40000000,13,
power655,01048,giai-nhi,Giải Nhì,500000,927,
power655,01048,giai-ba,Giải Ba,50000,20160,
power655,01049,jackpot-1,Jackpot 1,,0,70914719100
power655,01049,jackpot-2,Jackpot 2,,0,3325191500
power655,01049,giai-nhat,Giải Nhất,40000000,21,
power655,01049,giai-nhi,Giải Nhì,500000,1184,
power655,01049,giai-ba,Giải Ba,50000,22913,
power655,01050,jackpot-1,Jackpot 1,,0,74105630400
power655,01050,jackpot-2,Jackpot 2,,0,3679737200
power655,01050,giai-nhat,Giải Nhất,40000000,16,
power655,01050,giai-nhi,Giải Nhì,500000,956,
power655,01050,giai-ba,Giải Ba,50000,19508,
power655,01051,jackpot-1,Jackpot 1,,0,76722113100
power655,01051,jackpot-2,Jackpot 2,,0,3970457500
power655,01051,giai-nhat,Giải Nhất,40000000,29,
power655,01051,giai-nhi,Giải Nhì,500000,1120,
power655,01051,giai-ba,Giải Ba,50000,21119,
power655,01052,jackpot-1,Jackpot 1,,0,80672952450
power655,01052,jackpot-2,Jackpot 2,,0,4409439650
power655,01052,giai-nhat,Giải Nhất,40000000,22,
power655,01052,giai-nhi,Giải Nhì,500000,1434,
power655,01052,giai-ba,Giải Ba,50000,27369,
power655,01053,jackpot-1,Jackpot 1,,0,87506345100
power655,01053,jackpot-2,Jackpot 2,,0,5168705500
power655,01053,giai-nhat,Giải Nhất,40000000,21,
power655,01053,giai-nhi,Giải Nhì,500000,1017,
power655,01053,giai-ba,Giải Ba,50000,21877,
power655,01054,jackpot-1,Jackpot 1,,0,94939428000
power655,01054,jackpot-2,Jackpot 2,,0,5994603600
power655,01054,giai-nhat,Giải Nhất,40000000,15,
power655,01054,giai-nhi,Giải Nhì,500000,1055,
power655,01054,giai-ba,Giải Ba,50000,22771,
power655,01055,jackpot-1,Jackpot 1,,0,103450239300
power655,01055,jackpot-2,Jackpot 2,,1,6940249300
power655,01055,giai-nhat,Giải Nhất,40000000,20,
power655,01055,giai-nhi,Giải Nhì,500000,1361,
power655,01055,giai-ba,Giải Ba,50000,25227,
power655,01056,jackpot-1,Jackpot 1,,0,108455115900
power655,01056,jackpot-2,Jackpot 2,,1,3556097400
power655,01056,giai-nhat,Giải Nhất,40000000,21,
power655,01056,giai-nhi,Giải Nhì,500000,1287,
power655,01056,giai-ba,Giải Ba,50000,27533,
power655,01057,jackpot-1,Jackpot 1,,0,113275605450
power655,01057,jackpot-2,Jackpot 2,,2,1767804975
power655,01057,giai-nhat,Giải Nhất,40000000,33,
power655,01057,giai-nhi,Giải Nhì,500000,1607,
power655,01057,giai-ba,Giải Ba,50000,32178,
power655,01058,jackpot-1,Jackpot 1,,0,119737487100
power655,01058,jackpot-2,Jackpot 2,,0,3717986850
power655,01058,giai-nhat,Giải Nhất,40000000,15,
power655,01058,giai-nhi,Giải Nhì,500000,1735,
power655,01058,giai-ba,Giải Ba,50000,35548,
power655,01059,jackpot-1,Jackpot 1,,0,126939109350
power655,01059,jackpot-2,Jackpot 2,,1,4518167100
power655,01059,giai-nhat,Giải Nhất,40000000,55,
power655,01059,giai-nhi,Giải Nhì,500000,1686,
power655,01059,giai-ba,Giải Ba,50000,31945,
power655,01060,jackpot-1,Jackpot 1,,0,132641850900
power655,01060,jackpot-2,Jackpot 2,,0,3633637950
power655,01060,giai-nhat,Giải Nhất,40000000,31,
power655,01060,giai-nhi,Giải Nhì,500000,1455,
power655,01060,giai-ba,Giải Ba,50000,30846,
power655,01061,jackpot-1,Jackpot 1,,0,143092525800
power655,01061,jackpot-2,Jackpot 2,,0,4794824050
power655,01061,giai-nhat,Giải Nhất,40000000,9,
power655,01061,giai-nhi,Giải Nhì,500000,1389,
power655,01061,giai-ba,Giải Ba,50000,29054,
power655,01062,jackpot-1,Jackpot 1,,0,152070473550
power655,01062,jackpot-2,Jackpot 2,,0,5792373800
power655,01062,giai-nhat,Giải Nhất,40000000,25,
power655,01062,giai-nhi,Giải Nhì,500000,1511,
power655,01062,giai-ba,Giải Ba,50000,30837,
power655,01063,jackpot-1,Jackpot 1,,0,162187998600
power655,01063,jackpot-2,Jackpot 2,,0,6916543250
power655,01063,giai-nhat,Giải Nhất,40000000,19,
power655,01063,giai-nhi,Giải Nhì,500000,1215,
power655,01063,giai-ba,Giải Ba,50000,27744,
power655,01064,jackpot-1,Jackpot 1,,0,173134617600
power655,01064,jackpot-2,Jackpot 2,,0,8132834250
power655,01064,giai-nhat,Giải Nhất,40000000,18,
power655,01064,giai-nhi,Giải Nhì,500000,1180,
power655,01064,giai-ba,Giải Ba,50000,27742,
power655,01065,jackpot-1,Jackpot 1,,0,182756987850
power655,01065,jackpot-2,Jackpot 2,,1,9201986500
power655,01065,giai-nhat,Giải Nhất,40000000,27,
power655,01065,giai-nhi,Giải Nhì,500000,1433,
power655,01065,giai-ba,Giải Ba,50000,31630,
power655,01066,jackpot-1,Jackpot 1,,0,189389158500
power655,01066,jackpot-2,Jackpot 2,,2,1868453925
power655,01066,giai-nhat,Giải Nhất,40000000,38,
power655,01066,giai-nhi,Giải Nhì,500000,1768,
power655,01066,giai-ba,Giải Ba,50000,34156,
power655,01067,jackpot-1,Jackpot 1,,0,197848321500
power655,01067,jackpot-2,Jackpot 2,,0,3939907000
power655,01067,giai-nhat,Giải Nhất,40000000,24,
power655,01067,giai-nhi,Giải Nhì,500000,1603,
power655,01067,giai-ba,Giải Ba,50000,35210,
power655,01068,jackpot-1,Jackpot 1,,0,208900641000
power655,01068,jackpot-2,Jackpot 2,,2,2583971250
power655,01068,giai-nhat,Giải Nhất,40000000,17,
power655,01068,giai-nhi,Giải Nhì,500000,1324,
power655,01068,giai-ba,Giải Ba,50000,30802,
power655,01069,jackpot-1,Jackpot 1,,0,216683739750
power655,01069,jackpot-2,Jackpot 2,,0,3864788750
power655,01069,giai-nhat,Giải Nhất,40000000,31,
power655,01069,giai-nhi,Giải Nhì,500000,1825,
power655,01069,giai-ba,Giải Ba,50000,36164,
power655,01070,jackpot-1,Jackpot 1,,1,228605423700
power655,01070,jackpot-2,Jackpot 2,,0,5189420300
power655,01070,giai-nhat,Giải Nhất,40000000,37,
power655,01070,giai-nhi,Giải Nhì,500000,1513,
power655,01070,giai-ba,Giải Ba,50000,35064,
power655,01071,jackpot-1,Jackpot 1,,0,32545913250
power655,01071,jackpot-2,Jackpot 2,,1,5472299550
power655,01071,giai-nhat,Giải Nhất,40000000,2,
power655,01071,giai-nhi,Giải Nhì,500000,464,
power655,01071,giai-ba,Giải Ba,50000,10212,
power655,01072,jackpot-1,Jackpot 1,,0,34647376800
power655,01072,jackpot-2,Jackpot 2,,1,3233495950
power655,01072,giai-nhat,Giải Nhất,40000000,8,
power655,01072,giai-nhi,Giải Nhì,500000,544,
power655,01072,giai-ba,Giải Ba,50000,11574,
power655,01073,jackpot-1,Jackpot 1,,0,37179227550
power655,01073,jackpot-2,Jackpot 2,,0,3281316750
power655,01073,giai-nhat,Giải Nhất,40000000,8,
power655,01073,giai-nhi,Giải Nhì,500000,624,
power655,01073,giai-ba,Giải Ba,50000,13718,
power655,01074,jackpot-1,Jackpot 1,,2,19620831975
power655,01074,jackpot-2,Jackpot 2,,1,3510476350
power655,01074,giai-nhat,Giải Nhất,40000000,14,
power655,01074,giai-nhi,Giải Nhì,500000,784,
power655,01074,giai-ba,Giải Ba,50000,17172,
power655,01075,jackpot-1,Jackpot 1,,0,31979607600
power655,01075,jackpot-2,Jackpot 2,,0,3219956400
power655,01075,giai-nhat,Giải Nhất,40000000,8,
power655,01075,giai-nhi,Giải Nhì,500000,672,
power655,01075,giai-ba,Giải Ba,50000,13778,
power655,01076,jackpot-1,Jackpot 1,,0,34384548450
power655,01076,jackpot-2,Jackpot 2,,0,3487172050
power655,01076,giai-nhat,Giải Nhất,40000000,11,
power655,01076,giai-nhi,Giải Nhì,500000,673,
power655,01076,giai-ba,Giải Ba,50000,15087,
power655,01077,jackpot-1,Jackpot 1,,0,36732966150
power655,01077,jackpot-2,Jackpot 2,,1,3748107350
power655,01077,giai-nhat,Giải Nhất,40000000,7,
power655,01077,giai-nhi,Giải Nhì,500000,577,
power655,01077,giai-ba,Giải Ba,50000,13300,
power655,01078,jackpot-1,Jackpot 1,,0,38721118800
power655,01078,jackpot-2,Jackpot 2,,0,3220905850
power655,01078,giai-nhat,Giải Nhất,40000000,14,
power655,01078,giai-nhi,Giải Nhì,500000,878,
power655,01078,giai-ba,Giải Ba,50000,16005,
power655,01079,jackpot-1,Jackpot 1,,0,41320607700
power655,01079,jackpot-2,Jackpot 2,,0,3509737950
power655,01079,giai-nhat,Giải Nhất,40000000,11,
power655,01079,giai-nhi,Giải Nhì,500000,660,
power655,01079,giai-ba,Giải Ba,50000,15048,
power655,01080,jackpot-1,Jackpot 1,,0,43365680850
power655,01080,jackpot-2,Jackpot 2,,0,3736968300
power655,01080,giai-nhat,Giải Nhất,40000000,16,
power655,01080,giai-nhi,Giải Nhì,500000,853,
power655,01080,giai-ba,Giải Ba,50000,17147,
power655,01081,jackpot-1,Jackpot 1,,0,46138454400
power655,01081,jackpot-2,Jackpot 2,,1,4045054250
power655,01081,giai-nhat,Giải Nhất,40000000,5,
power655,01081,giai-nhi,Giải Nhì,500000,738,
power655,01081,giai-ba,Giải Ba,50000,14329,
power655,01082,jackpot-1,Jackpot 1,,0,48757939050
power655,01082,jackpot-2,Jackpot 2,,0,3291053850
power655,01082,giai-nhat,Giải Nhất,40000000,10,
power655,01082,giai-nhi,Giải Nhì,500000,876,
power655,01082,giai-ba,Giải Ba,50000,18417,
power655,01083,jackpot-1,Jackpot 1,,0,50919272400
power655,01083,jackpot-2,Jackpot 2,,0,3531202000
power655,01083,giai-nhat,Giải Nhất,40000000,20,
power655,01083,giai-nhi,Giải Nhì,500000,876,
power655,01083,giai-ba,Giải Ba,50000,16846,
power655,01084,jackpot-1,Jackpot 1,,0,53279767650
power655,01084,jackpot-2,Jackpot 2,,0,3793479250
power655,01084,giai-nhat,Giải Nhất,40000000,14,
power655,01084,giai-nhi,Giải Nhì,500000,727,
power655,01084,giai-ba,Giải Ba,50000,15737,
power655,01085,jackpot-1,Jackpot 1,,0,55693842150
power655,01085,jackpot-2,Jackpot 2,,1,4061709750
power655,01085,giai-nhat,Giải Nhất,40000000,25,
power655,01085,giai-nhi,Giải Nhì,500000,930,
power655,01085,giai-ba,Giải Ba,50000,17611,
power655,01086,jackpot-1,Jackpot 1,,0,58348724700
power655,01086,jackpot-2,Jackpot 2,,0,3294986950
power655,01086,giai-nhat,Giải Nhất,40000000,15,
power655,01086,giai-nhi,Giải Nhì,500000,793,
power655,01086,giai-ba,Giải Ba,50000,18714,
power655,01087,jackpot-1,Jackpot 1,,0,60968881650
power655,01087,jackpot-2,Jackpot 2,,0,3586115500
power655,01087,giai-nhat,Giải Nhất,40000000,16,
power655,01087,giai-nhi,Giải Nhì,500000,923,
power655,01087,giai-ba,Giải Ba,50000,17958,
power655,01088,jackpot-1,Jackpot 1,,0,64498682550
power655,01088,jackpot-2,Jackpot 2,,0,3978315600
power655,01088,giai-nhat,Giải Nhất,40000000,9,
power655,01088,giai-nhi,Giải Nhì,500000,857,
power655,01088,giai-ba,Giải Ba,50000,17607,
power655,01089,jackpot-1,Jackpot 1,,0,67050862500
power655,01089,jackpot-2,Jackpot 2,,0,4261891150
power655,01089,giai-nhat,Giải Nhất,40000000,19,
power655,01089,giai-nhi,Giải Nhì,500000,1002,
power655,01089,giai-ba,Giải Ba,50000,20340,
power655,01090,jackpot-1,Jackpot 1,,0,69661431750
power655,01090,jackpot-2,Jackpot 2,,2,2275977200
power655,01090,giai-nhat,Giải Nhất,40000000,19,
power655,01090,giai-nhi,Giải Nhì,500000,1034,
power655,01090,giai-ba,Giải Ba,50000,21153,
power655,01091,jackpot-1,Jackpot 1,,0,72583734450
power655,01091,jackpot-2,Jackpot 2,,0,3324700300
power655,01091,giai-nhat,Giải Nhất,40000000,18,
power655,01091,giai-nhi,Giải Nhì,500000,1574,
power655,01091,giai-ba,Giải Ba,50000,22622,
power655,01092,jackpot-1,Jackpot 1,,0,75549116100
power655,01092,jackpot-2,Jackpot 2,,0,3654187150
power655,01092,giai-nhat,Giải Nhất,40000000,19,
power655,01092,giai-nhi,Giải Nhì,500000,908,
power655,01092,giai-ba,Giải Ba,50000,19365,
power655,01093,jackpot-1,Jackpot 1,,0,78817363500
power655,01093,jackpot-2,Jackpot 2,,1,4017325750
power655,01093,giai-nhat,Giải Nhất,40000000,17,
power655,01093,giai-nhi,Giải Nhì,500000,891,
power655,01093,giai-ba,Giải Ba,50000,18906,
power655,01094,jackpot-1,Jackpot 1,,0,82059437100
power655,01094,jackpot-2,Jackpot 2,,0,3360230400
power655,01094,giai-nhat,Giải Nhất,40000000,24,
power655,01094,giai-nhi,Giải Nhì,500000,1304,
power655,01094,giai-ba,Giải Ba,50000,24083,
power655,01095,jackpot-1,Jackpot 1,,0,86067388200
power655,01095,jackpot-2,Jackpot 2,,1,3805558300
power655,01095,giai-nhat,Giải Nhất,40000000,20,
power655,01095,giai-nhi,Giải Nhì,500000,1047,
power655,01095,giai-ba,Giải Ba,50000,22336,
power655,01096,jackpot-1,Jackpot 1,,0,89911590600
power655,01096,jackpot-2,Jackpot 2,,0,3427133600
power655,01096,giai-nhat,Giải Nhất,40000000,13,
power655,01096,giai-nhi,Giải Nhì,500000,1037,
power655,01096,giai-ba,Giải Ba,50000,23527,
power655,01097,jackpot-1,Jackpot 1,,0,94545136200
power655,01097,jackpot-2,Jackpot 2,,0,3941972000
power655,01097,giai-nhat,Giải Nhất,40000000,10,
power655,01097,giai-nhi,Giải Nhì,500000,1020,
power655,01097,giai-ba,Giải Ba,50000,23104,
power655,01098,jackpot-1,Jackpot 1,,0,98379136650
power655,01098,jackpot-2,Jackpot 2,,1,4367972050
power655,01098,giai-nhat,Giải Nhất,40000000,19,
power655,01098,giai-nhi,Giải Nhì,500000,1240,
power655,01098,giai-ba,Giải Ba,50000,26370,
power655,01099,jackpot-1,Jackpot 1,,0,102984137400
power655,01099,jackpot-2,Jackpot 2,,0,3511666750
power655,01099,giai-nhat,Giải Nhất,40000000,19,
power655,01099,giai-nhi,Giải Nhì,500000,971,
power655,01099,giai-ba,Giải Ba,50000,23075,
power655,01100,jackpot-1,Jackpot 1,,0,108078091050
power655,01100,jackpot-2,Jackpot 2,,0,4077661600
power655,01100,giai-nhat,Giải Nhất,40000000,22,
power655,01100,giai-nhi,Giải Nhì,500000,1297,
power655,01100,giai-ba,Giải Ba,50000,27127,
power655,01101,jackpot-1,Jackpot 1,,0,115151146950
power655,01101,jackpot-2,Jackpot 2,,0,4863556700
power655,01101,giai-nhat,Giải Nhất,40000000,26,
power655,01101,giai-nhi,Giải Nhì,500000,1618,
power655,01101,giai-ba,Giải Ba,50000,31501,
power655,01102,jackpot-1,Jackpot 1,,0,123535166700
power655,01102,jackpot-2,Jackpot 2,,0,5795114450
power655,01102,giai-nhat,Giải Nhất,40000000,23,
power655,01102,giai-nhi,Giải Nhì,500000,1523,
power655,01102,giai-ba,Giải Ba,50000,29902,
power655,01103,jackpot-1,Jackpot 1,,0,133000167000
power655,01103,jackpot-2,Jackpot 2,,0,6846781150
power655,01103,giai-nhat,Giải Nhất,40000000,24,
power655,01103,giai-nhi,Giải Nhì,500000,1468,
power655,01103,giai-ba,Giải Ba,50000,32359,
power655,01104,jackpot-1,Jackpot 1,,0,142136315400
power655,01104,jackpot-2,Jackpot 2,,1,7861908750
power655,01104,giai-nhat,Giải Nhất,40000000,23,
power655,01104,giai-nhi,Giải Nhì,500000,1446,
power655,01104,giai-ba,Giải Ba,50000,28338,
power655,01105,jackpot-1,Jackpot 1,,1,148717283700
power655,01105,jackpot-2,Jackpot 2,,0,3731218700
power655,01105,giai-nhat,Giải Nhất,40000000,19,
power655,01105,giai-nhi,Giải Nhì,500000,1318,
power655,01105,giai-ba,Giải Ba,50000,30964,
power655,01106,jackpot-1,Jackpot 1,,0,31944274950
power655,01106,jackpot-2,Jackpot 2,,1,3947249250
power655,01106,giai-nhat,Giải Nhất,40000000,22,
power655,01106,giai-nhi,Giải Nhì,500000,1031,
power655,01106,giai-ba,Giải Ba,50000,17915,
power655,01107,jackpot-1,Jackpot 1,,0,33829311900
power655,01107,jackpot-2,Jackpot 2,,1,3209448550
power655,01107,giai-nhat,Giải Nhất,40000000,10,
power655,01107,giai-nhi,Giải Nhì,500000,730,
power655,01107,giai-ba,Giải Ba,50000,15439,
power655,01108,jackpot-1,Jackpot 1,,0,35592679650
power655,01108,jackpot-2,Jackpot 2,,0,3195929750
power655,01108,giai-nhat,Giải Nhất,40000000,15,
power655,01108,giai-nhi,Giải Nhì,500000,803,
power655,01108,giai-ba,Giải Ba,50000,15578,
power655,01109,jackpot-1,Jackpot 1,,0,38354528100
power655,01109,jackpot-2,Jackpot 2,,0,3502801800
power655,01109,giai-nhat,Giải Nhất,40000000,8,
power655,01109,giai-nhi,Giải Nhì,500000,558,
power655,01109,giai-ba,Giải Ba,50000,13177,
power655,01110,jackpot-1,Jackpot 1,,0,40954938600
power655,01110,jackpot-2,Jackpot 2,,0,3791736300
power655,01110,giai-nhat,Giải Nhất,40000000,11,
power655,01110,giai-nhi,Giải Nhì,500000,610,
power655,01110,giai-ba,Giải Ba,50000,14503,
power655,01111,jackpot-1,Jackpot 1,,0,43415255550
power655,01111,jackpot-2,Jackpot 2,,0,4065104850
power655,01111,giai-nhat,Giải Nhất,40000000,10,
power655,01111,giai-nhi,Giải Nhì,500000,709,
power655,01111,giai-ba,Giải Ba,50000,16263,
power655,01112,jackpot-1,Jackpot 1,,0,46129206900
power655,01112,jackpot-2,Jackpot 2,,0,4366655000
power655,01112,giai-nhat,Giải Nhất,40000000,15,
power655,01112,giai-nhi,Giải Nhì,500000,786,
power655,01112,giai-ba,Giải Ba,50000,16684,
power655,01113,jackpot-1,Jackpot 1,,0,48362506500
power655,01113,jackpot-2,Jackpot 2,,0,4614799400
power655,01113,giai-nhat,Giải Nhất,40000000,18,
power655,01113,giai-nhi,Giải Nhì,500000,855,
power655,01113,giai-ba,Giải Ba,50000,15606,
power655,01114,jackpot-1,Jackpot 1,,0,51077854200
power655,01114,jackpot-2,Jackpot 2,,0,4916504700
power655,01114,giai-nhat,Giải Nhất,40000000,12,
power655,01114,giai-nhi,Giải Nhì,500000,834,
power655,01114,giai-ba,Giải Ba,50000,18358,
power655,01115,jackpot-1,Jackpot 1,,0,54820284600
power655,01115,jackpot-2,Jackpot 2,,1,5332330300
power655,01115,giai-nhat,Giải Nhất,40000000,16,
power655,01115,giai-nhi,Giải Nhì,500000,1000,
power655,01115,giai-ba,Giải Ba,50000,21674,
power655,01116,jackpot-1,Jackpot 1,,0,57805702500
power655,01116,jackpot-2,Jackpot 2,,0,3331713100
power655,01116,giai-nhat,Giải Nhất,40000000,12,
power655,01116,giai-nhi,Giải Nhì,500000,698,
power655,01116,giai-ba,Giải Ba,50000,16566,
power655,01117,jackpot-1,Jackpot 1,,0,60242121300
power655,01117,jackpot-2,Jackpot 2,,0,3602426300
power655,01117,giai-nhat,Giải Nhất,40000000,26,
power655,01117,giai-nhi,Giải Nhì,500000,919,
power655,01117,giai-ba,Giải Ba,50000,17553,
power655,01118,jackpot-1,Jackpot 1,,0,63109454250
power655,01118,jackpot-2,Jackpot 2,,1,3921018850
power655,01118,giai-nhat,Giải Nhất,40000000,21,
power655,01118,giai-nhi,Giải Nhì,500000,1343,
power655,01118,giai-ba,Giải Ba,50000,22146,
power655,01119,jackpot-1,Jackpot 1,,0,66033314400
power655,01119,jackpot-2,Jackpot 2,,0,3324873350
power655,01119,giai-nhat,Giải Nhất,40000000,21,
power655,01119,giai-nhi,Giải Nhì,500000,774,
power655,01119,giai-ba,Giải Ba,50000,18753,
power655,01120,jackpot-1,Jackpot 1,,0,69481767900
power655,01120,jackpot-2,Jackpot 2,,0,3708034850
power655,01120,giai-nhat,Giải Nhất,40000000,11,
power655,01120,giai-nhi,Giải Nhì,500000,884,
power655,01120,giai-ba,Giải Ba,50000,19127,
power655,01121,jackpot-1,Jackpot 1,,0,75376744950
power655,01121,jackpot-2,Jackpot 2,,0,4363032300
power655,01121,giai-nhat,Giải Nhất,40000000,23,
power655,01121,giai-nhi,Giải Nhì,500000,1109,
power655,01121,giai-ba,Giải Ba,50000,23940,
power655,01122,jackpot-1,Jackpot 1,,0,82155882450
power655,01122,jackpot-2,Jackpot 2,,0,5116269800
power655,01122,giai-nhat,Giải Nhất,40000000,11,
power655,01122,giai-nhi,Giải Nhì,500000,935,
power655,01122,giai-ba,Giải Ba,50000,19770,
power655,01123,jackpot-1,Jackpot 1,,0,89056708500
power655,01123,jackpot-2,Jackpot 2,,0,5883028250
power655,01123,giai-nhat,Giải Nhất,40000000,14,
power655,01123,giai-nhi,Giải Nhì,500000,1176,
power655,01123,giai-ba,Giải Ba,50000,24535,
power655,01124,jackpot-1,Jackpot 1,,0,96561728400
power655,01124,jackpot-2,Jackpot 2,,0,6716919350
power655,01124,giai-nhat,Giải Nhất,40000000,22,
power655,01124,giai-nhi,Giải Nhì,500000,1284,
power655,01124,giai-ba,Giải Ba,50000,26280,
power655,01125,jackpot-1,Jackpot 1,,0,104087275950
power655,01125,jackpot-2,Jackpot 2,,2,3776545650
power655,01125,giai-nhat,Giải Nhất,40000000,12,
power655,01125,giai-nhi,Giải Nhì,500000,1465,
power655,01125,giai-ba,Giải Ba,50000,29841,
power655,01126,jackpot-1,Jackpot 1,,0,108199429950
power655,01126,jackpot-2,Jackpot 2,,1,3456906000
power655,01126,giai-nhat,Giải Nhất,40000000,29,
power655,01126,giai-nhi,Giải Nhì,500000,1844,
power655,01126,giai-ba,Giải Ba,50000,32063,
power655,01127,jackpot-1,Jackpot 1,,0,114127792950
power655,01127,jackpot-2,Jackpot 2,,0,3658707000
power655,01127,giai-nhat,Giải Nhất,40000000,26,
power655,01127,giai-nhi,Giải Nhì,500000,1493,
power655,01127,giai-ba,Giải Ba,50000,28745,
power655,01128,jackpot-1,Jackpot 1,,0,121982452050
power655,01128,jackpot-2,Jackpot 2,,1,4531446900
power655,01128,giai-nhat,Giải Nhất,40000000,25,
power655,01128,giai-nhi,Giải Nhì,500000,1367,
power655,01128,giai-ba,Giải Ba,50000,28801,
power655,01129,jackpot-1,Jackpot 1,,0,128073792900
power655,01129,jackpot-2,Jackpot 2,,1,3676815650
power655,01129,giai-nhat,Giải Nhất,40000000,19,
power655,01129,giai-nhi,Giải Nhì,500000,1167,
power655,01129,giai-ba,Giải Ba,50000,26266,
power655,01130,jackpot-1,Jackpot 1,,1,135414821550
power655,01130,jackpot-2,Jackpot 2,,0,3815669850
power655,01130,giai-nhat,Giải Nhất,40000000,20,
power655,01130,giai-nhi,Giải Nhì,500000,1310,
power655,01130,giai-ba,Giải Ba,50000,28764,
power655,01131,jackpot-1,Jackpot 1,,0,31753393950
power655,01131,jackpot-2,Jackpot 2,,1,4010491400
power655,01131,giai-nhat,Giải Nhất,40000000,14,
power655,01131,giai-nhi,Giải Nhì,500000,550,
power655,01131,giai-ba,Giải Ba,50000,11846,
power655,01132,jackpot-1,Jackpot 1,,0,33763433250
power655,01132,jackpot-2,Jackpot 2,,0,3223337700
power655,01132,giai-nhat,Giải Nhất,40000000,8,
power655,01132,giai-nhi,Giải Nhì,500000,503,
power655,01132,giai-ba,Giải Ba,50000,11664,
power655,01133,jackpot-1,Jackpot 1,,0,36109769250
power655,01133,jackpot-2,Jackpot 2,,0,3484041700
power655,01133,giai-nhat,Giải Nhất,40000000,11,
power655,01133,giai-nhi,Giải Nhì,500000,974,
power655,01133,giai-ba,Giải Ba,50000,17354,
power655,01134,jackpot-1,Jackpot 1,,0,37793396100
power655,01134,jackpot-2,Jackpot 2,,1,3671111350
power655,01134,giai-nhat,Giải Nhất,40000000,19,
power655,01134,giai-nhi,Giải Nhì,500000,620,
power655,01134,giai-ba,Giải Ba,50000,13335,
power655,01135,jackpot-1,Jackpot 1,,0,39902397600
power655,01135,jackpot-2,Jackpot 2,,0,3234333500
power655,01135,giai-nhat,Giải Nhất,40000000,12,
power655,01135,giai-nhi,Giải Nhì,500000,542,
power655,01135,giai-ba,Giải Ba,50000,12251,
power655,01136,jackpot-1,Jackpot 1,,0,41746660050
power655,01136,jackpot-2,Jackpot 2,,0,3439251550
power655,01136,giai-nhat,Giải Nhất,40000000,19,
power655,01136,giai-nhi,Giải Nhì,500000,946,
power655,01136,giai-ba,Giải Ba,50000,18148,
power655,01137,jackpot-1,Jackpot 1,,0,44261572800
power655,01137,jackpot-2,Jackpot 2,,0,3718686300
power655,01137,giai-nhat,Giải Nhất,40000000,6,
power655,01137,giai-nhi,Giải Nhì,500000,563,
power655,01137,giai-ba,Giải Ba,50000,12733,
power655,01138,jackpot-1,Jackpot 1,,0,46209201600
power655,01138,jackpot-2,Jackpot 2,,0,3935089500
power655,01138,giai-nhat,Giải Nhất,40000000,18,
power655,01138,giai-nhi,Giải Nhì,500000,700,
power655,01138,giai-ba,Giải Ba,50000,14710,
power655,01139,jackpot-1,Jackpot 1,,1,48562514850
power655,01139,jackpot-2,Jackpot 2,,0,4196568750
power655,01139,giai-nhat,Giải Nhất,40000000,14,
power655,01139,giai-nhi,Giải Nhì,500000,974,
power655,01139,giai-ba,Giải Ba,50000,19000,
power655,01140,jackpot-1,Jackpot 1,,0,31876928850
power655,01140,jackpot-2,Jackpot 2,,0,4405116400
power655,01140,giai-nhat,Giải Nhất,40000000,8,
power655,01140,giai-nhi,Giải Nhì,500000,498,
power655,01140,giai-ba,Giải Ba,50000,10525,
power655,01141,jackpot-1,Jackpot 1,,0,33815698950
power655,01141,jackpot-2,Jackpot 2,,0,4620535300
power655,01141,giai-nhat,Giải Nhất,40000000,9,
power655,01141,giai-nhi,Giải Nhì,500000,498,
power655,01141,giai-ba,Giải Ba,50000,11541,
power655,01142,jackpot-1,Jackpot 1,,0,36193391850
power655,01142,jackpot-2,Jackpot 2,,0,4884723400
power655,01142,giai-nhat,Giải Nhất,40000000,8,
power655,01142,giai-nhi,Giải Nhì,500000,646,
power655,01142,giai-ba,Giải Ba,50000,14485,
power655,01143,jackpot-1,Jackpot 1,,0,38546257350
power655,01143,jackpot-2,Jackpot 2,,0,5146152900
power655,01143,giai-nhat,Giải Nhất,40000000,6,
power655,01143,giai-nhi,Giải Nhì,500000,566,
power655,01143,giai-ba,Giải Ba,50000,11494,
power655,01144,jackpot-1,Jackpot 1,,0,40900773450
power655,01144,jackpot-2,Jackpot 2,,0,5407765800
power655,01144,giai-nhat,Giải Nhất,40000000,12,
power655,01144,giai-nhi,Giải Nhì,500000,477,
power655,01144,giai-ba,Giải Ba,50000,11616,
power655,01145,jackpot-1,Jackpot 1,,0,43645177200
power655,01145,jackpot-2,Jackpot 2,,0,5712699550
power655,01145,giai-nhat,Giải Nhất,40000000,12,
power655,01145,giai-nhi,Giải Nhì,500000,854,
power655,01145,giai-ba,Giải Ba,50000,18938,
power655,01146,jackpot-1,Jackpot 1,,0,46018127550
power655,01146,jackpot-2,Jackpot 2,,0,5976360700
power655,01146,giai-nhat,Giải Nhất,40000000,11,
power655,01146,giai-nhi,Giải Nhì,500000,577,
power655,01146,giai-ba,Giải Ba,50000,13043,
power655,01147,jackpot-1,Jackpot 1,,0,49732972050
power655,01147,jackpot-2,Jackpot 2,,0,6389121200
power655,01147,giai-nhat,Giải Nhất,40000000,10,
power655,01147,giai-nhi,Giải Nhì,500000,858,
power655,01147,giai-ba,Giải Ba,50000,20213,
power655,01148,jackpot-1,Jackpot 1,,0,52747586850
power655,01148,jackpot-2,Jackpot 2,,0,6724078400
power655,01148,giai-nhat,Giải Nhất,40000000,13,
power655,01148,giai-nhi,Giải Nhì,500000,701,
power655,01148,giai-ba,Giải Ba,50000,15929,
power655,01149,jackpot-1,Jackpot 1,,0,55644928050
power655,01149,jackpot-2,Jackpot 2,,0,7046005200
power655,01149,giai-nhat,Giải Nhất,40000000,18,
power655,01149,giai-nhi,Giải Nhì,500000,856,
power655,01149,giai-ba,Giải Ba,50000,18134,
power655,01150,jackpot-1,Jackpot 1,,0,59319380550
power655,01150,jackpot-2,Jackpot 2,,0,7454277700
power655,01150,giai-nhat,Giải Nhất,40000000,8,
power655,01150,giai-nhi,Giải Nhì,500000,951,
power655,01150,giai-ba,Giải Ba,50000,22223,
power655,01151,jackpot-1,Jackpot 1,,0,62674223700
power655,01151,jackpot-2,Jackpot 2,,0,7827038050
power655,01151,giai-nhat,Giải Nhất,40000000,11,
power655,01151,giai-nhi,Giải Nhì,500000,924,
power655,01151,giai-ba,Giải Ba,50000,20906,
power655,01152,jackpot-1,Jackpot 1,,0,66365326200
power655,01152,jackpot-2,Jackpot 2,,0,8237160550
power655,01152,giai-nhat,Giải Nhất,40000000,9,
power655,01152,giai-nhi,Giải Nhì,500000,816,
power655,01152,giai-ba,Giải Ba,50000,19302,
power655,01153,jackpot-1,Jackpot 1,,0,70379762250
power655,01153,jackpot-2,Jackpot 2,,1,8683209000
power655,01153,giai-nhat,Giải Nhất,40000000,12,
power655,01153,giai-nhi,Giải Nhì,500000,912,
power655,01153,giai-ba,Giải Ba,50000,20665,
power655,01154,jackpot-1,Jackpot 1,,0,74036618400
power655,01154,jackpot-2,Jackpot 2,,0,3406317350
power655,01154,giai-nhat,Giải Nhất,40000000,7,
power655,01154,giai-nhi,Giải Nhì,500000,985,
power655,01154,giai-ba,Giải Ba,50000,21574,
power655,01155,jackpot-1,Jackpot 1,,0,77102412150
power655,01155,jackpot-2,Jackpot 2,,0,3746961100
power655,01155,giai-nhat,Giải Nhất,40000000,24,
power655,01155,giai-nhi,Giải Nhì,500000,1166,
power655,01155,giai-ba,Giải Ba,50000,23583,
power655,01156,jackpot-1,Jackpot 1,,0,79934678850
power655,01156,jackpot-2,Jackpot 2,,1,4061657400
power655,01156,giai-nhat,Giải Nhất,40000000,39,
power655,01156,giai-nhi,Giải Nhì,500000,1470,
power655,01156,giai-ba,Giải Ba,50000,26323,
power655,01157,jackpot-1,Jackpot 1,,0,84093740850
power655,01157,jackpot-2,Jackpot 2,,0,3462118000
power655,01157,giai-nhat,Giải Nhất,40000000,11,
power655,01157,giai-nhi,Giải Nhì,500000,1101,
power655,01157,giai-ba,Giải Ba,50000,23320,
power655,01158,jackpot-1,Jackpot 1,,0,91035300900
power655,01158,jackpot-2,Jackpot 2,,1,4233402450
power655,01158,giai-nhat,Giải Nhất,40000000,22,
power655,01158,giai-nhi,Giải Nhì,500000,1352,
power655,01158,giai-ba,Giải Ba,50000,26538,
power655,01159,jackpot-1,Jackpot 1,,0,96543610950
power655,01159,jackpot-2,Jackpot 2,,1,3612034450
power655,01159,giai-nhat,Giải Nhất,40000000,24,
power655,01159,giai-nhi,Giải Nhì,500000,1227,
power655,01159,giai-ba,Giải Ba,50000,27815,
power655,01160,jackpot-1,Jackpot 1,,0,101684818650
power655,01160,jackpot-2,Jackpot 2,,2,1785622650
power655,01160,giai-nhat,Giải Nhất,40000000,23,
power655,01160,giai-nhi,Giải Nhì,500000,1242,
power655,01160,giai-ba,Giải Ba,50000,26178,
power655,01161,jackpot-1,Jackpot 1,,0,107773238100
power655,01161,jackpot-2,Jackpot 2,,1,3676491050
power655,01161,giai-nhat,Giải Nhất,40000000,19,
power655,01161,giai-nhi,Giải Nhì,500000,1164,
power655,01161,giai-ba,Giải Ba,50000,26386,
power655,01162,jackpot-1,Jackpot 1,,0,115151239200
power655,01162,jackpot-2,Jackpot 2,,0,3819777900
power655,01162,giai-nhat,Giải Nhất,40000000,20,
power655,01162,giai-nhi,Giải Nhì,500000,1238,
power655,01162,giai-ba,Giải Ba,50000,30626,
power655,01163,jackpot-1,Jackpot 1,,0,123635113500
power655,01163,jackpot-2,Jackpot 2,,0,4762430600
power655,01163,giai-nhat,Giải Nhất,40000000,15,
power655,01163,giai-nhi,Giải Nhì,500000,1486,
power655,01163,giai-ba,Giải Ba,50000,29295,
power655,01164,jackpot-1,Jackpot 1,,0,133643776800
power655,01164,jackpot-2,Jackpot 2,,0,5874504300
power655,01164,giai-nhat,Giải Nhất,40000000,9,
power655,01164,giai-nhi,Giải Nhì,500000,1091,
power655,01164,giai-ba,Giải Ba,50000,25789,
power655,01165,jackpot-1,Jackpot 1,,0,143802230700
power655,01165,jackpot-2,Jackpot 2,,0,7003221400
power655,01165,giai-nhat,Giải Nhất,40000000,31,
power655,01165,giai-nhi,Giải Nhì,500000,1272,
power655,01165,giai-ba,Giải Ba,50000,30131,
power655,01166,jackpot-1,Jackpot 1,,0,153077300400
power655,01166,jackpot-2,Jackpot 2,,0,8033784700
power655,01166,giai-nhat,Giải Nhất,40000000,35,
power655,01166,giai-nhi,Giải Nhì,500000,1819,
power655,01166,giai-ba,Giải Ba,50000,35491,
power655,01167,jackpot-1,Jackpot 1,,0,164088133950
power655,01167,jackpot-2,Jackpot 2,,0,9257210650
power655,01167,giai-nhat,Giải Nhất,40000000,10,
power655,01167,giai-nhi,Giải Nhì,500000,1304,
power655,01167,giai-ba,Giải Ba,50000,30420,
power655,01168,jackpot-1,Jackpot 1,,0,175595022300
power655,01168,jackpot-2,Jackpot 2,,0,10535753800
power655,01168,giai-nhat,Giải Nhất,40000000,27,
power655,01168,giai-nhi,Giải Nhì,500000,1903,
power655,01168,giai-ba,Giải Ba,50000,37669,
power655,01169,jackpot-1,Jackpot 1,,1,186303633150
power655,01169,jackpot-2,Jackpot 2,,0,11725599450
power655,01169,giai-nhat,Giải Nhất,40000000,31,
power655,01169,giai-nhi,Giải Nhì,500000,1636,
power655,01169,giai-ba,Giải Ba,50000,35920,
power655,01170,jackpot-1,Jackpot 1,,0,32223916650
power655,01170,jackpot-2,Jackpot 2,,0,11972701300
power655,01170,giai-nhat,Giải Nhất,40000000,13,
power655,01170,giai-nhi,Giải Nhì,500000,628,
power655,01170,giai-ba,Giải Ba,50000,13454,
power655,01171,jackpot-1,Jackpot 1,,0,34854249450
power655,01171,jackpot-2,Jackpot 2,,1,12264960500
power655,01171,giai-nhat,Giải Nhất,40000000,11,
power655,01171,giai-nhi,Giải Nhì,500000,722,
power655,01171,giai-ba,Giải Ba,50000,16256,
power655,01172,jackpot-1,Jackpot 1,,0,37221951000
power655,01172,jackpot-2,Jackpot 2,,0,3263077950
power655,01172,giai-nhat,Giải Nhất,40000000,6,
power655,01172,giai-nhi,Giải Nhì,500000,600,
power655,01172,giai-ba,Giải Ba,50000,12383,
power655,01173,jackpot-1,Jackpot 1,,0,39367446600
power655,01173,jackpot-2,Jackpot 2,,0,3501466350
power655,01173,giai-nhat,Giải Nhất,40000000,11,
power655,01173,giai-nhi,Giải Nhì,500000,761,
power655,01173,giai-ba,Giải Ba,50000,15161,
power655,01174,jackpot-1,Jackpot 1,,0,41867135850
power655,01174,jackpot-2,Jackpot 2,,0,3779209600
power655,01174,giai-nhat,Giải Nhất,40000000,13,
power655,01174,giai-nhi,Giải Nhì,500000,764,
power655,01174,giai-ba,Giải Ba,50000,16662,
power655,01175,jackpot-1,Jackpot 1,,0,44401898100
power655,01175,jackpot-2,Jackpot 2,,0,4060849850
power655,01175,giai-nhat,Giải Nhất,40000000,13,
power655,01175,giai-nhi,Giải Nhì,500000,772,
power655,01175,giai-ba,Giải Ba,50000,16987,
power655,01176,jackpot-1,Jackpot 1,,0,47047684800
power655,01176,jackpot-2,Jackpot 2,,0,4354826150
power655,01176,giai-nhat,Giải Nhất,40000000,12,
power655,01176,giai-nhi,Giải Nhì,500000,774,
power655,01176,giai-ba,Giải Ba,50000,17092,
power655,01177,jackpot-1,Jackpot 1,,0,50285338500
power655,01177,jackpot-2,Jackpot 2,,0,4714565450
power655,01177,giai-nhat,Giải Nhất,40000000,7,
power655,01177,giai-nhi,Giải Nhì,500000,802,
power655,01177,giai-ba,Giải Ba,50000,18620,
power655,01178,jackpot-1,Jackpot 1,,0,53378153850
power655,01178,jackpot-2,Jackpot 2,,0,5058211600
power655,01178,giai-nhat,Giải Nhất,40000000,8,
power655,01178,giai-nhi,Giải Nhì,500000,718,
power655,01178,giai-ba,Giải Ba,50000,17489,
power655,01179,jackpot-1,Jackpot 1,,0,56252064000
power655,01179,jackpot-2,Jackpot 2,,0,5377534950
power655,01179,giai-nhat,Giải Nhất,40000000,14,
power655,01179,giai-nhi,Giải Nhì,500000,737,
power655,01179,giai-ba,Giải Ba,50000,17615,
power655,01180,jackpot-1,Jackpot 1,,0,59711369250
power655,01180,jackpot-2,Jackpot 2,,0,5761902200
power655,01180,giai-nhat,Giải Nhất,40000000,12,
power655,01180,giai-nhi,Giải Nhì,500000,848,
power655,01180,giai-ba,Giải Ba,50000,18939,
power655,01181,jackpot-1,Jackpot 1,,0,62979397950
power655,01181,jackpot-2,Jackpot 2,,0,6125016500
power655,01181,giai-nhat,Giải Nhất,40000000,9,
power655,01181,giai-nhi,Giải Nhì,500000,681,
power655,01181,giai-ba,Giải Ba,50000,15651,
power655,01182,jackpot-1,Jackpot 1,,0,68101773600
power655,01182,jackpot-2,Jackpot 2,,1,6694169350
power655,01182,giai-nhat,Giải Nhất,40000000,13,
power655,01182,giai-nhi,Giải Nhì,500000,795,
power655,01182,giai-ba,Giải Ba,50000,16867,
power655,01183,jackpot-1,Jackpot 1,,0,71571443250
power655,01183,jackpot-2,Jackpot 2,,0,3385518850
power655,01183,giai-nhat,Giải Nhất,40000000,21,
power655,01183,giai-nhi,Giải Nhì,500000,1117,
power655,01183,giai-ba,Giải Ba,50000,22961,
power655,01184,jackpot-1,Jackpot 1,,0,76782911700
power655,01184,jackpot-2,Jackpot 2,,0,3964570900
power655,01184,giai-nhat,Giải Nhất,40000000,14,
power655,01184,giai-nhi,Giải Nhì,500000,785,
power655,01184,giai-ba,Giải Ba,50000,16976,
power655,01185,jackpot-1,Jackpot 1,,0,82629952950
power655,01185,jackpot-2,Jackpot 2,,0,4614242150
power655,01185,giai-nhat,Giải Nhất,40000000,11,
power655,01185,giai-nhi,Giải Nhì,500000,861,
power655,01185,giai-ba,Giải Ba,50000,18830,
power655,01186,jackpot-1,Jackpot 1,,0,89374369800
power655,01186,jackpot-2,Jackpot 2,,1,5363621800
power655,01186,giai-nhat,Giải Nhất,40000000,12,
power655,01186,giai-nhi,Giải Nhì,500000,1288,
power655,01186,giai-ba,Giải Ba,50000,26608,
power655,01187,jackpot-1,Jackpot 1,,0,92683982550
power655,01187,jackpot-2,Jackpot 2,,0,3367734750
power655,01187,giai-nhat,Giải Nhất,40000000,21,
power655,01187,giai-nhi,Giải Nhì,500000,1043,
power655,01187,giai-ba,Giải Ba,50000,22466,
power655,01188,jackpot-1,Jackpot 1,,0,99353641350
power655,01188,jackpot-2,Jackpot 2,,0,4108807950
power655,01188,giai-nhat,Giải Nhất,40000000,17,
power655,01188,giai-nhi,Giải Nhì,500000,1128,
power655,01188,giai-ba,Giải Ba,50000,23698,
power655,01189,jackpot-1,Jackpot 1,,0,108136393500
power655,01189,jackpot-2,Jackpot 2,,0,5084669300
power655,01189,giai-nhat,Giải Nhất,40000000,13,
power655,01189,giai-nhi,Giải Nhì,500000,1166,
power655,01189,giai-ba,Giải Ba,50000,25786,
power655,01190,jackpot-1,Jackpot 1,,0,115812032250
power655,01190,jackpot-2,Jackpot 2,,0,5937518050
power655,01190,giai-nhat,Giải Nhất,40000000,30,
power655,01190,giai-nhi,Giải Nhì,500000,1530,
power655,01190,giai-ba,Giải Ba,50000,28393,
power655,01191,jackpot-1,Jackpot 1,,0,124379568750
power655,01191,jackpot-2,Jackpot 2,,0,6889466550
power655,01191,giai-nhat,Giải Nhất,40000000,21,
power655,01191,giai-nhi,Giải Nhì,500000,1238,
power655,01191,giai-ba,Giải Ba,50000,27586,
power655,01192,jackpot-1,Jackpot 1,,0,134006693250
power655,01192,jackpot-2,Jackpot 2,,1,7959147050
power655,01192,giai-nhat,Giải Nhất,40000000,27,
power655,01192,giai-nhi,Giải Nhì,500000,1468,
power655,01192,giai-ba,Giải Ba,50000,31099,
power655,01193,jackpot-1,Jackpot 1,,0,140519788050
power655,01193,jackpot-2,Jackpot 2,,1,3723677200
power655,01193,giai-nhat,Giải Nhất,40000000,15,
power655,01193,giai-nhi,Giải Nhì,500000,1140,
power655,01193,giai-ba,Giải Ba,50000,26438,
power655,01194,jackpot-1,Jackpot 1,,0,146813952000
power655,01194,jackpot-2,Jackpot 2,,1,3699351550
power655,01194,giai-nhat,Giải Nhất,40000000,24,
power655,01194,giai-nhi,Giải Nhì,500000,1428,
power655,01194,giai-ba,Giải Ba,50000,28463,
power655,01195,jackpot-1,Jackpot 1,,0,153441786900
power655,01195,jackpot-2,Jackpot 2,,1,3736426100
power655,01195,giai-nhat,Giải Nhất,40000000,44,
power655,01195,giai-nhi,Giải Nhì,500000,1873,
power655,01195,giai-ba,Giải Ba,50000,35708,
power655,01196,jackpot-1,Jackpot 1,,0,160738006800
power655,01196,jackpot-2,Jackpot 2,,0,3810691100
power655,01196,giai-nhat,Giải Nhất,40000000,13,
power655,01196,giai-nhi,Giải Nhì,500000,1085,
power655,01196,giai-ba,Giải Ba,50000,26409,
power655,01197,jackpot-1,Jackpot 1,,0,170827938300
power655,01197,jackpot-2,Jackpot 2,,0,4931794600
power655,01197,giai-nhat,Giải Nhất,40000000,21,
power655,01197,giai-nhi,Giải Nhì,500000,1280,
power655,01197,giai-ba,Giải Ba,50000,28062,
power655,01198,jackpot-1,Jackpot 1,,0,180795936450
power655,01198,jackpot-2,Jackpot 2,,0,6039349950
power655,01198,giai-nhat,Giải Nhất,40000000,36,
power655,01198,giai-nhi,Giải Nhì,500000,2155,
power655,01198,giai-ba,Giải Ba,50000,40851,
power655,01199,jackpot-1,Jackpot 1,,0,191760348000
power655,01199,jackpot-2,Jackpot 2,,0,7257617900
power655,01199,giai-nhat,Giải Nhất,40000000,21,
power655,01199,giai-nhi,Giải Nhì,500000,1338,
power655,01199,giai-ba,Giải Ba,50000,30258,
power655,01200,jackpot-1,Jackpot 1,,0,202986697350
power655,01200,jackpot-2,Jackpot 2,,0,8504990050
power655,01200,giai-nhat,Giải Nhất,40000000,25,
power655,01200,giai-nhi,Giải Nhì,500000,1588,
power655,01200,giai-ba,Giải Ba,50000,33570,
power655,01201,jackpot-1,Jackpot 1,,0,216184106550
power655,01201,jackpot-2,Jackpot 2,,2,4985684425
power655,01201,giai-nhat,Giải Nhất,40000000,30,
power655,01201,giai-nhi,Giải Nhì,500000,1876,
power655,01201,giai-ba,Giải Ba,50000,42047,
power655,01202,jackpot-1,Jackpot 1,,0,224635393650
power655,01202,jackpot-2,Jackpot 2,,1,3939031900
power655,01202,giai-nhat,Giải Nhất,40000000,39,
power655,01202,giai-nhi,Giải Nhì,500000,2230,
power655,01202,giai-ba,Giải Ba,50000,44001,
power655,01203,jackpot-1,Jackpot 1,,0,233787794700
power655,01203,jackpot-2,Jackpot 2,,2,2008466725
power655,01203,giai-nhat,Giải Nhất,40000000,31,
power655,01203,giai-nhi,Giải Nhì,500000,1941,
power655,01203,giai-ba,Giải Ba,50000,41486,
power655,01204,jackpot-1,Jackpot 1,,0,243233929650
power655,01204,jackpot-2,Jackpot 2,,1,4049570550
power655,01204,giai-nhat,Giải Nhất,40000000,49,
power655,01204,giai-nhi,Giải Nhì,500000,2366,
power655,01204,giai-ba,Giải Ba,50000,47122,
power655,01205,jackpot-1,Jackpot 1,,0,252732816750
power655,01205,jackpot-2,Jackpot 2,,1,4055431900
power655,01205,giai-nhat,Giải Nhất,40000000,25,
power655,01205,giai-nhi,Giải Nhì,500000,2050,
power655,01205,giai-ba,Giải Ba,50000,44479,
power655,01206,jackpot-1,Jackpot 1,,0,262386486300
power655,01206,jackpot-2,Jackpot 2,,0,4072629950
power655,01206,giai-nhat,Giải Nhất,40000000,27,
power655,01206,giai-nhi,Giải Nhì,500000,1847,
power655,01206,giai-ba,Giải Ba,50000,40518,
power655,01207,jackpot-1,Jackpot 1,,0,276667996350
power655,01207,jackpot-2,Jackpot 2,,0,5659464400
power655,01207,giai-nhat,Giải Nhất,40000000,23,
power655,01207,giai-nhi,Giải Nhì,500000,2148,
power655,01207,giai-ba,Giải Ba,50000,48015,
power655,01208,jackpot-1,Jackpot 1,,0,289868136600
power655,01208,jackpot-2,Jackpot 2,,0,7126146650
power655,01208,giai-nhat,Giải Nhất,40000000,37,
power655,01208,giai-nhi,Giải Nhì,500000,1884,
power655,01208,giai-ba,Giải Ba,50000,40176,
power655,01209,jackpot-1,Jackpot 1,,0,300000000000
power655,01209,jackpot-2,Jackpot 2,,2,6115269375
power655,01209,giai-nhat,Giải Nhất,40000000,37,
power655,01209,giai-nhi,Giải Nhì,500000,2132,
power655,01209,giai-ba,Giải Ba,50000,46933,
power655,01210,jackpot-1,Jackpot 1,,0,300000000000
power655,01210,jackpot-2,Jackpot 2,,1,16003987500
power655,01210,giai-nhat,Giải Nhất,40000000,58,
power655,01210,giai-nhi,Giải Nhì,500000,3121,
power655,01210,giai-ba,Giải Ba,50000,61717,
power655,01211,jackpot-1,Jackpot 1,,0,311454641100
power655,01211,jackpot-2,Jackpot 2,,0,4272737900
power655,01211,giai-nhat,Giải Nhất,40000000,44,
power655,01211,giai-nhi,Giải Nhì,500000,2623,
power655,01211,giai-ba,Giải Ba,50000,53471,
power655,01212,jackpot-1,Jackpot 1,,0,300000000000
power655,01212,jackpot-2,Jackpot 2,,1,32691122500
power655,01212,giai-nhat,Giải Nhất,40000000,26,
power655,01212,giai-nhi,Giải Nhì,500000,2298,
power655,01212,giai-ba,Giải Ba,50000,50556,
power655,01213,jackpot-1,Jackpot 1,,0,313594940100
power655,01213,jackpot-2,Jackpot 2,,0,4510548900
power655,01213,giai-nhat,Giải Nhất,40000000,39,
power655,01213,giai-nhi,Giải Nhì,500000,2457,
power655,01213,giai-ba,Giải Ba,50000,52359,
power655,01214,jackpot-1,Jackpot 1,,0,328889332200
power655,01214,jackpot-2,Jackpot 2,,0,6209925800
power655,01214,giai-nhat,Giải Nhất,40000000,52,
power655,01214,giai-nhi,Giải Nhì,500000,2431,
power655,01214,giai-ba,Giải Ba,50000,52195,
power655,01215,jackpot-1,Jackpot 1,,1,344987346900
power655,01215,jackpot-2,Jackpot 2,,2,3999297050
power655,01215,giai-nhat,Giải Nhất,40000000,27,
power655,01215,giai-nhi,Giải Nhì,500000,2348,
power655,01215,giai-ba,Giải Ba,50000,52037,
power655,01216,jackpot-1,Jackpot 1,,0,32585071800
power655,01216,jackpot-2,Jackpot 2,,0,3287230200
power655,01216,giai-nhat,Giải Nhất,40000000,7,
power655,01216,giai-nhi,Giải Nhì,500000,644,
power655,01216,giai-ba,Giải Ba,50000,14120,
power655,01217,jackpot-1,Jackpot 1,,0,34913854650
power655,01217,jackpot-2,Jackpot 2,,0,3545983850
power655,01217,giai-nhat,Giải Nhất,40000000,9,
power655,01217,giai-nhi,Giải Nhì,500000,469,
power655,01217,giai-ba,Giải Ba,50000,10814,
power655,01218,jackpot-1,Jackpot 1,,0,36575526450
power655,01218,jackpot-2,Jackpot 2,,0,3730614050
power655,01218,giai-nhat,Giải Nhất,40000000,14,
power655,01218,giai-nhi,Giải Nhì,500000,731,
power655,01218,giai-ba,Giải Ba,50000,15227,
power655,01219,jackpot-1,Jackpot 1,,0,38667639450
power655,01219,jackpot-2,Jackpot 2,,0,3963071050
power655,01219,giai-nhat,Giải Nhất,40000000,14,
power655,01219,giai-nhi,Giải Nhì,500000,921,
power655,01219,giai-ba,Giải Ba,50000,18220,
power655,01220,jackpot-1,Jackpot 1,,0,40691043300
power655,01220,jackpot-2,Jackpot 2,,1,4187893700
power655,01220,giai-nhat,Giải Nhất,40000000,12,
power655,01220,giai-nhi,Giải Nhì,500000,939,
power655,01220,giai-ba,Giải Ba,50000,16957,
power655,01221,jackpot-1,Jackpot 1,,0,43206543300
power655,01221,jackpot-2,Jackpot 2,,0,3279500000
power655,01221,giai-nhat,Giải Nhất,40000000,10,
power655,01221,giai-nhi,Giải Nhì,500000,694,
power655,01221,giai-ba,Giải Ba,50000,14910,
power655,01222,jackpot-1,Jackpot 1,,0,46027096050
power655,01222,jackpot-2,Jackpot 2,,0,3592894750
power655,01222,giai-nhat,Giải Nhất,40000000,6,
power655,01222,giai-nhi,Giải Nhì,500000,793,
power655,01222,giai-ba,Giải Ba,50000,17130,
power655,01223,jackpot-1,Jackpot 1,,0,48494261550
power655,01223,jackpot-2,Jackpot 2,,0,3867024250
power655,01223,giai-nhat,Giải Nhất,40000000,15,
power655,01223,giai-nhi,Giải Nhì,500000,643,
power655,01223,giai-ba,Giải Ba,50000,13542,
power655,01224,jackpot-1,Jackpot 1,,0,50929534650
power655,01224,jackpot-2,Jackpot 2,,1,4137610150
power655,01224,giai-nhat,Giải Nhất,40000000,10,
power655,01224,giai-nhi,Giải Nhì,500000,765,
power655,01224,giai-ba,Giải Ba,50000,16891,
power655,01225,jackpot-1,Jackpot 1,,0,53813039700
power655,01225,jackpot-2,Jackpot 2,,1,3320389450
power655,01225,giai-nhat,Giải Nhất,40000000,12,
power655,01225,giai-nhi,Giải Nhì,500000,772,
power655,01225,giai-ba,Giải Ba,50000,15953,
power655,01226,jackpot-1,Jackpot 1,,0,56313287400
power655,01226,jackpot-2,Jackpot 2,,0,3277805300
power655,01226,giai-nhat,Giải Nhất,40000000,15,
power655,01226,giai-nhi,Giải Nhì,500000,675,
power655,01226,giai-ba,Giải Ba,50000,15447,
power655,01227,jackpot-1,Jackpot 1,,0,58984238100
power655,01227,jackpot-2,Jackpot 2,,0,3574577600
power655,01227,giai-nhat,Giải Nhất,40000000,14,
power655,01227,giai-nhi,Giải Nhì,500000,778,
power655,01227,giai-ba,Giải Ba,50000,17956,
power655,01228,jackpot-1,Jackpot 1,,0,62224001850
power655,01228,jackpot-2,Jackpot 2,,1,3934551350
power655,01228,giai-nhat,Giải Nhất,40000000,8,
power655,01228,giai-nhi,Giải Nhì,500000,643,
power655,01228,giai-ba,Giải Ba,50000,15676,
power655,01229,jackpot-1,Jackpot 1,,0,64599673800
power655,01229,jackpot-2,Jackpot 2,,0,3263963550
power655,01229,giai-nhat,Giải Nhất,40000000,15,
power655,01229,giai-nhi,Giải Nhì,500000,898,
power655,01229,giai-ba,Giải Ba,50000,18351,
power655,01230,jackpot-1,Jackpot 1,,0,67268820900
power655,01230,jackpot-2,Jackpot 2,,4,890133863
power655,01230,giai-nhat,Giải Nhất,40000000,17,
power655,01230,giai-nhi,Giải Nhì,500000,907,
power655,01230,giai-ba,Giải Ba,50000,16795,
power655,01231,jackpot-1,Jackpot 1,,0,70743552150
power655,01231,jackpot-2,Jackpot 2,,1,3386081250
power655,01231,giai-nhat,Giải Nhất,40000000,8,
power655,01231,giai-nhi,Giải Nhì,500000,652,
power655,01231,giai-ba,Giải Ba,50000,15569,
power655,01232,jackpot-1,Jackpot 1,,0,73030078650
power655,01232,jackpot-2,Jackpot 2,,2,1627029250
power655,01232,giai-nhat,Giải Nhất,40000000,24,
power655,01232,giai-nhi,Giải Nhì,500000,987,
power655,01232,giai-ba,Giải Ba,50000,19890,
power655,01233,jackpot-1,Jackpot 1,,0,76136581650
power655,01233,jackpot-2,Jackpot 2,,0,3345167000
power655,01233,giai-nhat,Giải Nhất,40000000,14,
power655,01233,giai-nhi,Giải Nhì,500000,802,
power655,01233,giai-ba,Giải Ba,50000,17931,
power655,01234,jackpot-1,Jackpot 1,,0,79666261500
power655,01234,jackpot-2,Jackpot 2,,0,3737353650
power655,01234,giai-nhat,Giải Nhất,40000000,9,
power655,01234,giai-nhi,Giải Nhì,500000,721,
power655,01234,giai-ba,Giải Ba,50000,17376,
power655,01235,jackpot-1,Jackpot 1,,0,82146504900
power655,01235,jackpot-2,Jackpot 2,,0,4012936250
power655,01235,giai-nhat,Giải Nhất,40000000,29,
power655,01235,giai-nhi,Giải Nhì,500000,1032,
power655,01235,giai-ba,Giải Ba,50000,20188,
power655,01236,jackpot-1,Jackpot 1,,0,87579465150
power655,01236,jackpot-2,Jackpot 2,,1,4616598500
power655,01236,giai-nhat,Giải Nhất,40000000,14,
power655,01236,giai-nhi,Giải Nhì,500000,1090,
power655,01236,giai-ba,Giải Ba,50000,23259,
power655,01237,jackpot-1,Jackpot 1,,0,91324162650
power655,01237,jackpot-2,Jackpot 2,,0,3416077500
power655,01237,giai-nhat,Giải Nhất,40000000,15,
power655,01237,giai-nhi,Giải Nhì,500000,1082,
power655,01237,giai-ba,Giải Ba,50000,24842,
power655,01238,jackpot-1,Jackpot 1,,0,97840187850
power655,01238,jackpot-2,Jackpot 2,,0,4140080300
power655,01238,giai-nhat,Giải Nhất,40000000,15,
power655,01238,giai-nhi,Giải Nhì,500000,1055,
power655,01238,giai-ba,Giải Ba,50000,22069,
power655,01239,jackpot-1,Jackpot 1,,0,104453902200
power655,01239,jackpot-2,Jackpot 2,,2,2437468725
power655,01239,giai-nhat,Giải Nhất,40000000,18,
power655,01239,giai-nhi,Giải Nhì,500000,1827,
power655,01239,giai-ba,Giải Ba,50000,30779,
power655,01240,jackpot-1,Jackpot 1,,0,110073962550
power655,01240,jackpot-2,Jackpot 2,,0,3624451150
power655,01240,giai-nhat,Giải Nhất,40000000,13,
power655,01240,giai-nhi,Giải Nhì,500000,1085,
power655,01240,giai-ba,Giải Ba,50000,24023,
power655,01241,jackpot-1,Jackpot 1,,0,118117411500
power655,01241,jackpot-2,Jackpot 2,,0,4518167700
power655,01241,giai-nhat,Giải Nhất,40000000,21,
power655,01241,giai-nhi,Giải Nhì,500000,1207,
power655,01241,giai-ba,Giải Ba,50000,22828,
power655,01242,jackpot-1,Jackpot 1,,0,124998778200
power655,01242,jackpot-2,Jackpot 2,,0,5282764000
power655,01242,giai-nhat,Giải Nhất,40000000,30,
power655,01242,giai-nhi,Giải Nhì,500000,1716,
power655,01242,giai-ba,Giải Ba,50000,32638,
power655,01243,jackpot-1,Jackpot 1,,0,132914971200
power655,01243,jackpot-2,Jackpot 2,,1,6162341000
power655,01243,giai-nhat,Giải Nhất,40000000,39,
power655,01243,giai-nhi,Giải Nhì,500000,1783,
power655,01243,giai-ba,Giải Ba,50000,32074,
power655,01244,jackpot-1,Jackpot 1,,0,138551627550
power655,01244,jackpot-2,Jackpot 2,,1,3626295150
power655,01244,giai-nhat,Giải Nhất,40000000,13,
power655,01244,giai-nhi,Giải Nhì,500000,1384,
power655,01244,giai-ba,Giải Ba,50000,30166,
power655,01245,jackpot-1,Jackpot 1,,0,143697475200
power655,01245,jackpot-2,Jackpot 2,,0,3571760850
power655,01245,giai-nhat,Giải Nhất,40000000,22,
power655,01245,giai-nhi,Giải Nhì,500000,1485,
power655,01245,giai-ba,Giải Ba,50000,31243,
power655,01246,jackpot-1,Jackpot 1,,0,152898886650
power655,01246,jackpot-2,Jackpot 2,,0,4594139900
power655,01246,giai-nhat,Giải Nhất,40000000,29,
power655,01246,giai-nhi,Giải Nhì,500000,1512,
power655,01246,giai-ba,Giải Ba,50000,33235,
power655,01247,jackpot-1,Jackpot 1,,0,162106874400
power655,01247,jackpot-2,Jackpot 2,,0,5617249650
power655,01247,giai-nhat,Giải Nhất,40000000,16,
power655,01247,giai-nhi,Giải Nhì,500000,1276,
power655,01247,giai-ba,Giải Ba,50000,28015,
power655,01248,jackpot-1,Jackpot 1,,0,170181303150
power655,01248,jackpot-2,Jackpot 2,,0,6514408400
power655,01248,giai-nhat,Giải Nhất,40000000,34,
power655,01248,giai-nhi,Giải Nhì,500000,1566,
power655,01248,giai-ba,Giải Ba,50000,33153,
power655,01249,jackpot-1,Jackpot 1,,1,179058846000
power655,01249,jackpot-2,Jackpot 2,,2,3750401025
power655,01249,giai-nhat,Giải Nhất,40000000,39,
power655,01249,giai-nhi,Giải Nhì,500000,1792,
power655,01249,giai-ba,Giải Ba,50000,33985,
power655,01250,jackpot-1,Jackpot 1,,0,31587845700
power655,01250,jackpot-2,Jackpot 2,,1,3176427300
power655,01250,giai-nhat,Giải Nhất,40000000,10,
power655,01250,giai-nhi,Giải Nhì,500000,571,
power655,01250,giai-ba,Giải Ba,50000,11630,
power655,01251,jackpot-1,Jackpot 1,,0,33319528500
power655,01251,jackpot-2,Jackpot 2,,1,3192409200
power655,01251,giai-nhat,Giải Nhất,40000000,9,
power655,01251,giai-nhi,Giải Nhì,500000,559,
power655,01251,giai-ba,Giải Ba,50000,11218,
power655,01252,jackpot-1,Jackpot 1,,0,35025141900
power655,01252,jackpot-2,Jackpot 2,,0,3189512600
power655,01252,giai-nhat,Giải Nhất,40000000,14,
power655,01252,giai-nhi,Giải Nhì,500000,750,
power655,01252,giai-ba,Giải Ba,50000,14002,
power655,01253,jackpot-1,Jackpot 1,,1,36773066100
power655,01253,jackpot-2,Jackpot 2,,0,3383726400
power655,01253,giai-nhat,Giải Nhất,40000000,4,
power655,01253,giai-nhi,Giải Nhì,500000,761,
power655,01253,giai-ba,Giải Ba,50000,14080,
power655,01254,jackpot-1,Jackpot 1,,0,31626228000
power655,01254,jackpot-2,Jackpot 2,,1,3564418400
power655,01254,giai-nhat,Giải Nhất,40000000,9,
power655,01254,giai-nhi,Giải Nhì,500000,445,
power655,01254,giai-ba,Giải Ba,50000,10019,
power655,01255,jackpot-1,Jackpot 1,,0,33287273850
power655,01255,jackpot-2,Jackpot 2,,0,3184560650
power655,01255,giai-nhat,Giải Nhất,40000000,14,
power655,01255,giai-nhi,Giải Nhì,500000,642,
power655,01255,giai-ba,Giải Ba,50000,13449,
power655,01256,jackpot-1,Jackpot 1,,0,34989782700
power655,01256,jackpot-2,Jackpot 2,,0,3373728300
power655,01256,giai-nhat,Giải Nhất,40000000,7,
power655,01256,giai-nhi,Giải Nhì,500000,550,
power655,01256,giai-ba,Giải Ba,50000,11762,
power655,01257,jackpot-1,Jackpot 1,,0,36097198950
power655,01257,jackpot-2,Jackpot 2,,0,3496774550
power655,01257,giai-nhat,Giải Nhất,40000000,21,
power655,01257,giai-nhi,Giải Nhì,500000,754,
power655,01257,giai-ba,Giải Ba,50000,13531,
power655,01258,jackpot-1,Jackpot 1,,0,37705495800
power655,01258,jackpot-2,Jackpot 2,,0,3675474200
power655,01258,giai-nhat,Giải Nhất,40000000,14,
power655,01258,giai-nhi,Giải Nhì,500000,947,
power655,01258,giai-ba,Giải Ba,50000,16131,
power655,01259,jackpot-1,Jackpot 1,,0,39936636300
power655,01259,jackpot-2,Jackpot 2,,0,3923378700
power655,01259,giai-nhat,Giải Nhất,40000000,7,
power655,01259,giai-nhi,Giải Nhì,500000,504,
power655,01259,giai-ba,Giải Ba,50000,10610,
power655,01260,jackpot-1,Jackpot 1,,0,41488510800
power655,01260,jackpot-2,Jackpot 2,,1,4095809200
power655,01260,giai-nhat,Giải Nhất,40000000,14,
power655,01260,giai-nhi,Giải Nhì,500000,1036,
power655,01260,giai-ba,Giải Ba,50000,17911,
power655,01261,jackpot-1,Jackpot 1,,0,43789084050
power655,01261,jackpot-2,Jackpot 2,,1,3255619250
power655,01261,giai-nhat,Giải Nhất,40000000,8,
power655,01261,giai-nhi,Giải Nhì,500000,942,
power655,01261,giai-ba,Giải Ba,50000,18404,
power655,01262,jackpot-1,Jackpot 1,,0,46373178900
power655,01262,jackpot-2,Jackpot 2,,0,3287121650
power655,01262,giai-nhat,Giải Nhất,40000000,5,
power655,01262,giai-nhi,Giải Nhì,500000,511,
power655,01262,giai-ba,Giải Ba,50000,12595,
power655,01263,jackpot-1,Jackpot 1,,0,48225227700
power655,01263,jackpot-2,Jackpot 2,,1,3492904850
power655,01263,giai-nhat,Giải Nhất,40000000,16,
power655,01263,giai-nhi,Giải Nhì,500000,849,
power655,01263,giai-ba,Giải Ba,50000,17154,
power655,01264,jackpot-1,Jackpot 1,,0,50350993050
power655,01264,jackpot-2,Jackpot 2,,0,3236196150
power655,01264,giai-nhat,Giải Nhất,40000000,20,
power655,01264,giai-nhi,Giải Nhì,500000,1115,
power655,01264,giai-ba,Giải Ba,50000,18346,
power655,01265,jackpot-1,Jackpot 1,,0,52441587750
power655,01265,jackpot-2,Jackpot 2,,0,3468484450
power655,01265,giai-nhat,Giải Nhất,40000000,20,
power655,01265,giai-nhi,Giải Nhì,500000,866,
power655,01265,giai-ba,Giải Ba,50000,14551,
power655,01266,jackpot-1,Jackpot 1,,0,54754526550
power655,01266,jackpot-2,Jackpot 2,,1,3725477650
power655,01266,giai-nhat,Giải Nhất,40000000,13,
power655,01266,giai-nhi,Giải Nhì,500000,855,
power655,01266,giai-ba,Giải Ba,50000,17498,
power655,01267,jackpot-1,Jackpot 1,,0,57859966200
power655,01267,jackpot-2,Jackpot 2,,0,3345048850
power655,01267,giai-nhat,Giải Nhất,40000000,12,
power655,01267,giai-nhi,Giải Nhì,500000,769,
power655,01267,giai-ba,Giải Ba,50000,17553,
power655,01268,jackpot-1,Jackpot 1,,0,60698802000
power655,01268,jackpot-2,Jackpot 2,,0,3660475050
power655,01268,giai-nhat,Giải Nhất,40000000,9,
power655,01268,giai-nhi,Giải Nhì,500000,715,
power655,01268,giai-ba,Giải Ba,50000,15646,
power655,01269,jackpot-1,Jackpot 1,,0,63714494100
power655,01269,jackpot-2,Jackpot 2,,1,3995551950
power655,01269,giai-nhat,Giải Nhất,40000000,12,
power655,01269,giai-nhi,Giải Nhì,500000,640,
power655,01269,giai-ba,Giải Ba,50000,15463,
power655,01270,jackpot-1,Jackpot 1,,0,66647263800
power655,01270,jackpot-2,Jackpot 2,,0,3325863300
power655,01270,giai-nhat,Giải Nhất,40000000,12,
power655,01270,giai-nhi,Giải Nhì,500000,907,
power655,01270,giai-ba,Giải Ba,50000,20180,
power655,01271,jackpot-1,Jackpot 1,,0,69003198300
power655,01271,jackpot-2,Jackpot 2,,1,3587633800
power655,01271,giai-nhat,Giải Nhất,40000000,13,
power655,01271,giai-nhi,Giải Nhì,500000,1139,
power655,01271,giai-ba,Giải Ba,50000,20792,
power655,01272,jackpot-1,Jackpot 1,,0,71484993300
power655,01272,jackpot-2,Jackpot 2,,0,3275755000
power655,01272,giai-nhat,Giải Nhất,40000000,14,
power655,01272,giai-nhi,Giải Nhì,500000,1133,
power655,01272,giai-ba,Giải Ba,50000,20907,
power655,01273,jackpot-1,Jackpot 1,,0,74915017950
power655,01273,jackpot-2,Jackpot 2,,0,3656868850
power655,01273,giai-nhat,Giải Nhất,40000000,12,
power655,01273,giai-nhi,Giải Nhì,500000,731,
power655,01273,giai-ba,Giải Ba,50000,17328,
power655,01274,jackpot-1,Jackpot 1,,0,76934411400
power655,01274,jackpot-2,Jackpot 2,,0,3881245900
power655,01274,giai-nhat,Giải Nhất,40000000,25,
power655,01274,giai-nhi,Giải Nhì,500000,1233,
power655,01274,giai-ba,Giải Ba,50000,22941,
power655,01275,jackpot-1,Jackpot 1,,0,80418746100
power655,01275,jackpot-2,Jackpot 2,,0,4268394200
power655,01275,giai-nhat,Giải Nhất,40000000,7,
power655,01275,giai-nhi,Giải Nhì,500000,734,
power655,01275,giai-ba,Giải Ba,50000,16978,
power655,01276,jackpot-1,Jackpot 1,,0,84266750100
power655,01276,jackpot-2,Jackpot 2,,1,4695950200
power655,01276,giai-nhat,Giải Nhất,40000000,17,
power655,01276,giai-nhi,Giải Nhì,500000,877,
power655,01276,giai-ba,Giải Ba,50000,19908,
power655,01277,jackpot-1,Jackpot 1,,0,87887521200
power655,01277,jackpot-2,Jackpot 2,,0,3402307900
power655,01277,giai-nhat,Giải Nhất,40000000,9,
power655,01277,giai-nhi,Giải Nhì,500000,820,
power655,01277,giai-ba,Giải Ba,50000,19274,
power655,01278,jackpot-1,Jackpot 1,,0,91214740200
power655,01278,jackpot-2,Jackpot 2,,0,3771998900
power655,01278,giai-nhat,Giải Nhất,40000000,18,
power655,01278,giai-nhi,Giải Nhì,500000,1285,
power655,01278,giai-ba,Giải Ba,50000,23556,
power655,01279,jackpot-1,Jackpot 1,,0,94702633950
power655,01279,jackpot-2,Jackpot 2,,0,4159542650
power655,01279,giai-nhat,Giải Nhất,40000000,37,
power655,01279,giai-nhi,Giải Nhì,500000,1380,
power655,01279,giai-ba,Giải Ba,50000,28277,
power655,01280,jackpot-1,Jackpot 1,,0,98843019600
power655,01280,jackpot-2,Jackpot 2,,1,4619585500
power655,01280,giai-nhat,Giải Nhất,40000000,19,
power655,01280,giai-nhi,Giải Nhì,500000,1150,
power655,01280,giai-ba,Giải Ba,50000,24802,
power655,01281,jackpot-1,Jackpot 1,,0,101125122150
power655,01281,jackpot-2,Jackpot 2,,0,3253566950
power655,01281,giai-nhat,Giải Nhất,40000000,48,
power655,01281,giai-nhi,Giải Nhì,500000,2140,
power655,01281,giai-ba,Giải Ba,50000,36877,
power655,01282,jackpot-1,Jackpot 1,,0,106675498650
power655,01282,jackpot-2,Jackpot 2,,1,3870275450
power655,01282,giai-nhat,Giải Nhất,40000000,13,
power655,01282,giai-nhi,Giải Nhì,500000,1132,
power655,01282,giai-ba,Giải Ba,50000,28098,
power655,01283,jackpot-1,Jackpot 1,,0,110723398050
power655,01283,jackpot-2,Jackpot 2,,0,3449766600
power655,01283,giai-nhat,Giải Nhất,40000000,31,
power655,01283,giai-nhi,Giải Nhì,500000,1196,
power655,01283,giai-ba,Giải Ba,50000,27768,
power655,01284,jackpot-1,Jackpot 1,,0,115627287900
power655,01284,jackpot-2,Jackpot 2,,0,3994643250
power655,01284,giai-nhat,Giải Nhất,40000000,13,
power655,01284,giai-nhi,Giải Nhì,500000,1413,
power655,01284,giai-ba,Giải Ba,50000,29106,
power655,01285,jackpot-1,Jackpot 1,,0,117271471350
power655,01285,jackpot-2,Jackpot 2,,1,4177330300
power655,01285,giai-nhat,Giải Nhất,40000000,223,
power655,01285,giai-nhi,Giải Nhì,500000,1767,
power655,01285,giai-ba,Giải Ba,50000,34581,
power655,01286,jackpot-1,Jackpot 1,,0,123854457900
power655,01286,jackpot-2,Jackpot 2,,0,3731442950
power655,01286,giai-nhat,Giải Nhất,40000000,19,
power655,01286,giai-nhi,Giải Nhì,500000,1046,
power655,01286,giai-ba,Giải Ba,50000,25921,
power655,01287,jackpot-1,Jackpot 1,,0,133260892500
power655,01287,jackpot-2,Jackpot 2,,0,4776602350
power655,01287,giai-nhat,Giải Nhất,40000000,23,
power655,01287,giai-nhi,Giải Nhì,500000,1390,
power655,01287,giai-ba,Giải Ba,50000,29874,
power655,01288,jackpot-1,Jackpot 1,,0,144058214100
power655,01288,jackpot-2,Jackpot 2,,0,5976304750
power655,01288,giai-nhat,Giải Nhất,40000000,22,
power655,01288,giai-nhi,Giải Nhì,500000,1348,
power655,01288,giai-ba,Giải Ba,50000,31333,
power655,01289,jackpot-1,Jackpot 1,,0,153894010350
power655,01289,jackpot-2,Jackpot 2,,0,7069171000
power655,01289,giai-nhat,Giải Nhất,40000000,27,
power655,01289,giai-nhi,Giải Nhì,500000,1775,
power655,01289,giai-ba,Giải Ba,50000,35015,
power655,01290,jackpot-1,Jackpot 1,,0,164499610350
power655,01290,jackpot-2,Jackpot 2,,0,8247571000
power655,01290,giai-nhat,Giải Nhất,40000000,16,
power655,01290,giai-nhi,Giải Nhì,500000,1649,
power655,01290,giai-ba,Giải Ba,50000,36419,
power655,01291,jackpot-1,Jackpot 1,,0,176547951300
power655,01291,jackpot-2,Jackpot 2,,0,9586275550
power655,01291,giai-nhat,Giải Nhất,40000000,23,
power655,01291,giai-nhi,Giải Nhì,500000,1722,
power655,01291,giai-ba,Giải Ba,50000,38099,
power655,01292,jackpot-1,Jackpot 1,,0,188047526250
power655,01292,jackpot-2,Jackpot 2,,0,10864006100
power655,01292,giai-nhat,Giải Nhất,40000000,30,
power655,01292,giai-nhi,Giải Nhì,500000,1783,
power655,01292,giai-ba,Giải Ba,50000,36089,
power655,01293,jackpot-1,Jackpot 1,,0,199827244650
power655,01293,jackpot-2,Jackpot 2,,0,12172863700
power655,01293,giai-nhat,Giải Nhất,40000000,33,
power655,01293,giai-nhi,Giải Nhì,500000,2445,
power655,01293,giai-ba,Giải Ba,50000,46356,
power655,01294,jackpot-1,Jackpot 1,,0,213555593550
power655,01294,jackpot-2,Jackpot 2,,0,13698235800
power655,01294,giai-nhat,Giải Nhất,40000000,44,
power655,01294,giai-nhi,Giải Nhì,500000,2570,
power655,01294,giai-ba,Giải Ba,50000,50180,
power655,01295,jackpot-1,Jackpot 1,,0,226463116350
power655,01295,jackpot-2,Jackpot 2,,0,15132405000
power655,01295,giai-nhat,Giải Nhất,40000000,61,
power655,01295,giai-nhi,Giải Nhì,500000,2583,
power655,01295,giai-ba,Giải Ba,50000,46278,
power655,01296,jackpot-1,Jackpot 1,,0,241138005600
power655,01296,jackpot-2,Jackpot 2,,0,16762948250
power655,01296,giai-nhat,Giải Nhất,40000000,30,
power655,01296,giai-nhi,Giải Nhì,500000,1911,
power655,01296,giai-ba,Giải Ba,50000,40478,
power655,01297,jackpot-1,Jackpot 1,,1,257134188450
power655,01297,jackpot-2,Jackpot 2,,0,18540301900
power655,01297,giai-nhat,Giải Nhất,40000000,32,
power655,01297,giai-nhi,Giải Nhì,500000,2622,
power655,01297,giai-ba,Giải Ba,50000,56672,
power655,01298,jackpot-1,Jackpot 1,,0,32706781950
power655,01298,jackpot-2,Jackpot 2,,0,18841055450
power655,01298,giai-nhat,Giải Nhất,40000000,10,
power655,01298,giai-nhi,Giải Nhì,500000,645,
power655,01298,giai-ba,Giải Ba,50000,15087,
power655,01299,jackpot-1,Jackpot 1,,0,35167297350
power655,01299,jackpot-2,Jackpot 2,,0,19114446050
power655,01299,giai-nhat,Giải Nhất,40000000,12,
power655,01299,giai-nhi,Giải Nhì,500000,687,
power655,01299,giai-ba,Giải Ba,50000,14610,
power655,01300,jackpot-1,Jackpot 1,,0,38390740500
power655,01300,jackpot-2,Jackpot 2,,0,19472606400
power655,01300,giai-nhat,Giải Nhất,40000000,8,
power655,01300,giai-nhi,Giải Nhì,500000,730,
power655,01300,giai-ba,Giải Ba,50000,16035,
power655,01301,jackpot-1,Jackpot 1,,0,40895356350
power655,01301,jackpot-2,Jackpot 2,,0,19750897050
power655,01301,giai-nhat,Giải Nhất,40000000,16,
power655,01301,giai-nhi,Giải Nhì,500000,754,
power655,01301,giai-ba,Giải Ba,50000,16231,
power655,01302,jackpot-1,Jackpot 1,,0,43984742700
power655,01302,jackpot-2,Jackpot 2,,1,20094162200
power655,01302,giai-nhat,Giải Nhất,40000000,12,
power655,01302,giai-nhi,Giải Nhì,500000,643,
power655,01302,giai-ba,Giải Ba,50000,15643,
power655,01303,jackpot-1,Jackpot 1,,0,47302210650
power655,01303,jackpot-2,Jackpot 2,,0,3368607550
power655,01303,giai-nhat,Giải Nhất,40000000,6,
power655,01303,giai-nhi,Giải Nhì,500000,824,
power655,01303,giai-ba,Giải Ba,50000,17503,
power655,01304,jackpot-1,Jackpot 1,,0,50209887000
power655,01304,jackpot-2,Jackpot 2,,0,3691682700
power655,01304,giai-nhat,Giải Nhất,40000000,9,
power655,01304,giai-nhi,Giải Nhì,500000,782,
power655,01304,giai-ba,Giải Ba,50000,18822,
power655,01305,jackpot-1,Jackpot 1,,0,52944733200
power655,01305,jackpot-2,Jackpot 2,,0,3995554500
power655,01305,giai-nhat,Giải Nhất,40000000,18,
power655,01305,giai-nhi,Giải Nhì,500000,949,
power655,01305,giai-ba,Giải Ba,50000,19331,
power655,01306,jackpot-1,Jackpot 1,,0,56260371000
power655,01306,jackpot-2,Jackpot 2,,1,4363958700
power655,01306,giai-nhat,Giải Nhất,40000000,21,
power655,01306,giai-nhi,Giải Nhì,500000,1030,
power655,01306,giai-ba,Giải Ba,50000,21076,
power655,01307,jackpot-1,Jackpot 1,,0,59534608350
power655,01307,jackpot-2,Jackpot 2,,0,3363804150
power655,01307,giai-nhat,Giải Nhất,40000000,8,
power655,01307,giai-nhi,Giải Nhì,500000,893,
power655,01307,giai-ba,Giải Ba,50000,20071,
power655,01308,jackpot-1,Jackpot 1,,0,62316078150
power655,01308,jackpot-2,Jackpot 2,,0,3672856350
power655,01308,giai-nhat,Giải Nhất,40000000,19,
power655,01308,giai-nhi,Giải Nhì,500000,1135,
power655,01308,giai-ba,Giải Ba,50000,22484,
power655,01309,jackpot-1,Jackpot 1,,0,66543126150
power655,01309,jackpot-2,Jackpot 2,,0,4142528350
power655,01309,giai-nhat,Giải Nhất,40000000,11,
power655,01309,giai-nhi,Giải Nhì,500000,967,
power655,01309,giai-ba,Giải Ba,50000,21010,
power655,01310,jackpot-1,Jackpot 1,,0,72454898500
power655,01310,jackpot-2,Jackpot 2,,0,4799391950
power655,01310,giai-nhat,Giải Nhất,40000000,12,
power655,01310,giai-nhi,Giải Nhì,500000,1065,
power655,01310,giai-ba,Giải Ba,50000,22171,
power655,01311,jackpot-1,Jackpot 1,,0,80578203600
power655,01311,jackpot-2,Jackpot 2,,0,5701981400
power655,01311,giai-nhat,Giải Nhất,40000000,28,
power655,01311,giai-nhi,Giải Nhì,500000,1427,
power655,01311,giai-ba,Giải Ba,50000,30752,
power655,01312,jackpot-1,Jackpot 1,,0,88926650850
power655,01312,jackpot-2,Jackpot 2,,0,6629586650
power655,01312,giai-nhat,Giải Nhất,40000000,23,
power655,01312,giai-nhi,Giải Nhì,500000,1401,
power655,01312,giai-ba,Giải Ba,50000,28904,
power655,01313,jackpot-1,Jackpot 1,,0,96812470200
power655,01313,jackpot-2,Jackpot 2,,0,7505788800
power655,01313,giai-nhat,Giải Nhất,40000000,16,
power655,01313,giai-nhi,Giải Nhì,500000,894,
power655,01313,giai-ba,Giải Ba,50000,20557,
power655,01314,jackpot-1,Jackpot 1,,0,105694649850
power655,01314,jackpot-2,Jackpot 2,,0,8492697650
power655,01314,giai-nhat,Giải Nhất,40000000,26,
power655,01314,giai-nhi,Giải Nhì,500000,1449,
power655,01314,giai-ba,Giải Ba,50000,30515,
power655,01315,jackpot-1,Jackpot 1,,1,114662129250
power655,01315,jackpot-2,Jackpot 2,,0,9489084250
power655,01315,giai-nhat,Giải Nhất,40000000,20,
power655,01315,giai-nhi,Giải Nhì,500000,1401,
power655,01315,giai-ba,Giải Ba,50000,28653,
power655,01316,jackpot-1,Jackpot 1,,0,32524976100
power655,01316,jackpot-2,Jackpot 2,,0,9769637150
power655,01316,giai-nhat,Giải Nhất,40000000,10,
power655,01316,giai-nhi,Giải Nhì,500000,476,
power655,01316,giai-ba,Giải Ba,50000,11643,
power655,01317,jackpot-1,Jackpot 1,,0,35421960450
power655,01317,jackpot-2,Jackpot 2,,0,10091524300
power655,01317,giai-nhat,Giải Nhất,40000000,8,
power655,01317,giai-nhi,Giải Nhì,500000,730,
power655,01317,giai-ba,Giải Ba,50000,16251,
power655,01318,jackpot-1,Jackpot 1,,0,38227516950
power655,01318,jackpot-2,Jackpot 2,,0,10403252800
power655,01318,giai-nhat,Giải Nhất,40000000,10,
power655,01318,giai-nhi,Giải Nhì,500000,674,
power655,01318,giai-ba,Giải Ba,50000,15483,
power655,01319,jackpot-1,Jackpot 1,,0,41134772100
power655,01319,jackpot-2,Jackpot 2,,0,10726281150
power655,01319,giai-nhat,Giải Nhất,40000000,8,
power655,01319,giai-nhi,Giải Nhì,500000,807,
power655,01319,giai-ba,Giải Ba,50000,17551,
power655,01320,jackpot-1,Jackpot 1,,0,44307824700
power655,01320,jackpot-2,Jackpot 2,,1,11078842550
power655,01320,giai-nhat,Giải Nhất,40000000,14,
power655,01320,giai-nhi,Giải Nhì,500000,1023,
power655,01320,giai-ba,Giải Ba,50000,19932,
power655,01321,jackpot-1,Jackpot 1,,0,46605747450
power655,01321,jackpot-2,Jackpot 2,,0,3255324750
power655,01321,giai-nhat,Giải Nhất,40000000,18,
power655,01321,giai-nhi,Giải Nhì,500000,939,
power655,01321,giai-ba,Giải Ba,50000,19049,
power655,01322,jackpot-1,Jackpot 1,,0,49486876500
power655,01322,jackpot-2,Jackpot 2,,0,3575450200
power655,01322,giai-nhat,Giải Nhất,40000000,12,
power655,01322,giai-nhi,Giải Nhì,500000,614,
power655,01322,giai-ba,Giải Ba,50000,12732,
power655,01323,jackpot-1,Jackpot 1,,0,52121608950
power655,01323,jackpot-2,Jackpot 2,,0,3868198250
power655,01323,giai-nhat,Giải Nhất,40000000,16,
power655,01323,giai-nhi,Giải Nhì,500000,1096,
power655,01323,giai-ba,Giải Ba,50000,21600,
power655,01324,jackpot-1,Jackpot 1,,0,54630878700
power655,01324,jackpot-2,Jackpot 2,,0,4147006000
power655,01324,giai-nhat,Giải Nhất,40000000,13,
power655,01324,giai-nhi,Giải Nhì,500000,874,
power655,01324,giai-ba,Giải Ba,50000,19645,
power655,01325,jackpot-1,Jackpot 1,,0,56950796550
power655,01325,jackpot-2,Jackpot 2,,0,4404774650
power655,01325,giai-nhat,Giải Nhất,40000000,20,
power655,01325,giai-nhi,Giải Nhì,500000,981,
power655,01325,giai-ba,Giải Ba,50000,19351,
power655,01326,jackpot-1,Jackpot 1,,0,59876080950
power655,01326,jackpot-2,Jackpot 2,,0,4729806250
power655,01326,giai-nhat,Giải Nhất,40000000,17,
power655,01326,giai-nhi,Giải Nhì,500000,884,
power655,01326,giai-ba,Giải Ba,50000,20569,
power655,01327,jackpot-1,Jackpot 1,,0,63078034350
power655,01327,jackpot-2,Jackpot 2,,1,5085578850
power655,01327,giai-nhat,Giải Nhất,40000000,7,
power655,01327,giai-nhi,Giải Nhì,500000,734,
power655,01327,giai-ba,Giải Ba,50000,15550,
power655,01328,jackpot-1,Jackpot 1,,0,65696235150
power655,01328,jackpot-2,Jackpot 2,,0,3290911200
power655,01328,giai-nhat,Giải Nhất,40000000,14,
power655,01328,giai-nhi,Giải Nhì,500000,956,
power655,01328,giai-ba,Giải Ba,50000,20180,
power655,01329,jackpot-1,Jackpot 1,,0,71632884900
power655,01329,jackpot-2,Jackpot 2,,0,3950538950
power655,01329,giai-nhat,Giải Nhất,40000000,10,
power655,01329,giai-nhi,Giải Nhì,500000,864,
power655,01329,giai-ba,Giải Ba,50000,18362,
power655,01330,jackpot-1,Jackpot 1,,0,77399561550
power655,01330,jackpot-2,Jackpot 2,,1,4591280800
power655,01330,giai-nhat,Giải Nhất,40000000,8,
power655,01330,giai-nhi,Giải Nhì,500000,825,
power655,01330,giai-ba,Giải Ba,50000,17710,
power655,01331,jackpot-1,Jackpot 1,,0,81069972600
power655,01331,jackpot-2,Jackpot 2,,0,3407823450
power655,01331,giai-nhat,Giải Nhất,40000000,5,
power655,01331,giai-nhi,Giải Nhì,500000,1004,
power655,01331,giai-ba,Giải Ba,50000,19337,
power655,01332,jackpot-1,Jackpot 1,,0,87796064550
power655,01332,jackpot-2,Jackpot 2,,2,2077583500
power655,01332,giai-nhat,Giải Nhất,40000000,23,
power655,01332,giai-nhi,Giải Nhì,500000,1218,
power655,01332,giai-ba,Giải Ba,50000,25845,
power655,01333,jackpot-1,Jackpot 1,,1,91889389200
power655,01333,jackpot-2,Jackpot 2,,0,3454813850
power655,01333,giai-nhat,Giải Nhất,40000000,19,
power655,01333,giai-nhi,Giải Nhì,500000,979,
power655,01333,giai-ba,Giải Ba,50000,22169,
power655,01334,jackpot-1,Jackpot 1,,0,31171403100
power655,01334,jackpot-2,Jackpot 2,,0,3584969750
power655,01334,giai-nhat,Giải Nhất,40000000,22,
power655,01334,giai-nhi,Giải Nhì,500000,880,
power655,01334,giai-ba,Giải Ba,50000,16580,
power655,01335,jackpot-1,Jackpot 1,,0,33557365650
power655,01335,jackpot-2,Jackpot 2,,0,3850076700
power655,01335,giai-nhat,Giải Nhất,40000000,12,
power655,01335,giai-nhi,Giải Nhì,500000,618,
power655,01335,giai-ba,Giải Ba,50000,12950,
power655,01336,jackpot-1,Jackpot 1,,0,35429210400
power655,01336,jackpot-2,Jackpot 2,,1,4058059450
power655,01336,giai-nhat,Giải Nhất,40000000,15,
power655,01336,giai-nhi,Giải Nhì,500000,669,
power655,01336,giai-ba,Giải Ba,50000,14037,
power655,01337,jackpot-1,Jackpot 1,,0,37612305750
power655,01337,jackpot-2,Jackpot 2,,0,3242566150
power655,01337,giai-nhat,Giải Nhất,40000000,9,
power655,01337,giai-nhi,Giải Nhì,500000,628,
power655,01337,giai-ba,Giải Ba,50000,14397,
power655,01338,jackpot-1,Jackpot 1,,0,40419333300
power655,01338,jackpot-2,Jackpot 2,,0,3554458100
power655,01338,giai-nhat,Giải Nhất,40000000,6,
power655,01338,giai-nhi,Giải Nhì,500000,549,
power655,01338,giai-ba,Giải Ba,50000,12744,
power655,01339,jackpot-1,Jackpot 1,,0,42838500900
power655,01339,jackpot-2,Jackpot 2,,0,3823254500
power655,01339,giai-nhat,Giải Nhất,40000000,7,
power655,01339,giai-nhi,Giải Nhì,500000,608,
power655,01339,giai-ba,Giải Ba,50000,14137,
power655,01340,jackpot-1,Jackpot 1,,0,45356581650
power655,01340,jackpot-2,Jackpot 2,,0,4103041250
power655,01340,giai-nhat,Giải Nhất,40000000,7,
power655,01340,giai-nhi,Giải Nhì,500000,615,
power655,01340,giai-ba,Giải Ba,50000,14620,
power655,01341,jackpot-1,Jackpot 1,,0,48363270600
power655,01341,jackpot-2,Jackpot 2,,0,4437117800
power655,01341,giai-nhat,Giải Nhất,40000000,9,
power655,01341,giai-nhi,Giải Nhì,500000,818,
power655,01341,giai-ba,Giải Ba,50000,18285,
power655,01342,jackpot-1,Jackpot 1,,0,51369960900
power655,01342,jackpot-2,Jackpot 2,,0,4771194500
power655,01342,giai-nhat,Giải Nhất,40000000,7,
power655,01342,giai-nhi,Giải Nhì,500000,596,
power655,01342,giai-ba,Giải Ba,50000,13945,
power655,01343,jackpot-1,Jackpot 1,,0,54255066600
power655,01343,jackpot-2,Jackpot 2,,0,5091761800
power655,01343,giai-nhat,Giải Nhất,40000000,9,
power655,01343,giai-nhi,Giải Nhì,500000,743,
power655,01343,giai-ba,Giải Ba,50000,16630,
power655,01344,jackpot-1,Jackpot 1,,0,56702895150
power655,01344,jackpot-2,Jackpot 2,,1,5363742750
power655,01344,giai-nhat,Giải Nhất,40000000,22,
power655,01344,giai-nhi,Giải Nhì,500000,1229,
power655,01344,giai-ba,Giải Ba,50000,23389,
power655,01345,jackpot-1,Jackpot 1,,0,59800668600
power655,01345,jackpot-2,Jackpot 2,,0,3344197050
power655,01345,giai-nhat,Giải Nhất,40000000,9,
power655,01345,giai-nhi,Giải Nhì,500000,778,
power655,01345,giai-ba,Giải Ba,50000,16012,
power655,01346,jackpot-1,Jackpot 1,,0,62473162800
power655,01346,jackpot-2,Jackpot 2,,0,3641140850
power655,01346,giai-nhat,Giải Nhất,40000000,18,
power655,01346,giai-nhi,Giải Nhì,500000,955,
power655,01346,giai-ba,Giải Ba,50000,18880,
power655,01347,jackpot-1,Jackpot 1,,0,66148230000
power655,01347,jackpot-2,Jackpot 2,,0,4049481650
power655,01347,giai-nhat,Giải Nhất,40000000,12,
power655,01347,giai-nhi,Giải Nhì,500000,742,
power655,01347,giai-ba,Giải Ba,50000,17590,
power655,01348,jackpot-1,Jackpot 1,,0,71618875500
power655,01348,jackpot-2,Jackpot 2,,0,4657331150
power655,01348,giai-nhat,Giải Nhất,40000000,13,
power655,01348,giai-nhi,Giải Nhì,500000,978,
power655,01348,giai-ba,Giải Ba,50000,19564,
power655,01349,jackpot-1,Jackpot 1,,0,77210472000
power655,01349,jackpot-2,Jackpot 2,,0,5278619650
power655,01349,giai-nhat,Giải Nhất,40000000,15,
power655,01349,giai-nhi,Giải Nhì,500000,917,
power655,01349,giai-ba,Giải Ba,50000,19030,
power655,01350,jackpot-1,Jackpot 1,,1,83319176100
power655,01350,jackpot-2,Jackpot 2,,2,2978682275
power655,01350,giai-nhat,Giải Nhất,40000000,32,
power655,01350,giai-nhi,Giải Nhì,500000,1414,
power655,01350,giai-ba,Giải Ba,50000,25901,
power655,01351,jackpot-1,Jackpot 1,,0,31561236300
power655,01351,jackpot-2,Jackpot 2,,0,3173470700
power655,01351,giai-nhat,Giải Nhất,40000000,10,
power655,01351,giai-nhi,Giải Nhì,500000,570,
power655,01351,giai-ba,Giải Ba,50000,11666,
power655,01352,jackpot-1,Jackpot 1,,0,32849152050
power655,01352,jackpot-2,Jackpot 2,,1,3316572450
power655,01352,giai-nhat,Giải Nhất,40000000,19,
power655,01352,giai-nhi,Giải Nhì,500000,822,
power655,01352,giai-ba,Giải Ba,50000,14194,
power655,01353,jackpot-1,Jackpot 1,,0,35391562950
power655,01353,jackpot-2,Jackpot 2,,1,3282490100
power655,01353,giai-nhat,Giải Nhất,40000000,4,
power655,01353,giai-nhi,Giải Nhì,500000,567,
power655,01353,giai-ba,Giải Ba,50000,13486,
power655,01354,jackpot-1,Jackpot 1,,0,37228693800
power655,01354,jackpot-2,Jackpot 2,,0,3204125650
power655,01354,giai-nhat,Giải Nhất,40000000,12,
power655,01354,giai-nhi,Giải Nhì,500000,721,
power655,01354,giai-ba,Giải Ba,50000,14504,
power655,01355,jackpot-1,Jackpot 1,,0,39411370650
power655,01355,jackpot-2,Jackpot 2,,0,3446645300
power655,01355,giai-nhat,Giải Nhất,40000000,11,
power655,01355,giai-nhi,Giải Nhì,500000,854,
power655,01355,giai-ba,Giải Ba,50000,16434,
power655,01356,jackpot-1,Jackpot 1,,0,41504451150
power655,01356,jackpot-2,Jackpot 2,,0,3679209800
power655,01356,giai-nhat,Giải Nhất,40000000,17,
power655,01356,giai-nhi,Giải Nhì,500000,1078,
power655,01356,giai-ba,Giải Ba,50000,20777,
power655,01357,jackpot-1,Jackpot 1,,0,44082482700
power655,01357,jackpot-2,Jackpot 2,,0,3965657750
power655,01357,giai-nhat,Giải Nhất,40000000,11,
power655,01357,giai-nhi,Giải Nhì,500000,855,
power655,01357,giai-ba,Giải Ba,50000,14417,
power655,01358,jackpot-1,Jackpot 1,,0,46360660800
power655,01358,jackpot-2,Jackpot 2,,0,4218788650
power655,01358,giai-nhat,Giải Nhất,40000000,19,
power655,01358,giai-nhi,Giải Nhì,500000,895,
power655,01358,giai-ba,Giải Ba,50000,17552,
power655,01359,jackpot-1,Jackpot 1,,0,49498635450
power655,01359,jackpot-2,Jackpot 2,,0,4567452500
power655,01359,giai-nhat,Giải Nhất,40000000,6,
power655,01359,giai-nhi,Giải Nhì,500000,925,
power655,01359,giai-ba,Giải Ba,50000,19020,
power655,01360,jackpot-1,Jackpot 1,,0,52693539150
power655,01360,jackpot-2,Jackpot 2,,0,4922441800
power655,01360,giai-nhat,Giải Nhất,40000000,8,
power655,01360,giai-nhi,Giải Nhì,500000,592,
power655,01360,giai-ba,Giải Ba,50000,14045,
power655,01361,jackpot-1,Jackpot 1,,0,56004290850
power655,01361,jackpot-2,Jackpot 2,,0,5290303100
power655,01361,giai-nhat,Giải Nhất,40000000,4,
power655,01361,giai-nhi,Giải Nhì,500000,786,
power655,01361,giai-ba,Giải Ba,50000,18241,
power655,01362,jackpot-1,Jackpot 1,,0,59527157700
power655,01362,jackpot-2,Jackpot 2,,0,5681732750
power655,01362,giai-nhat,Giải Nhất,40000000,15,
power655,01362,giai-nhi,Giải Nhì,500000,715,
power655,01362,giai-ba,Giải Ba,50000,18057,
power655,01363,jackpot-1,Jackpot 1,,0,62216897700
power655,01363,jackpot-2,Jackpot 2,,0,5980592750
power655,01363,giai-nhat,Giải Nhất,40000000,19,
power655,01363,giai-nhi,Giải Nhì,500000,1026,
power655,01363,giai-ba,Giải Ba,50000,20258,
power655,01364,jackpot-1,Jackpot 1,,0,65500444650
power655,01364,jackpot-2,Jackpot 2,,0,6345431300
power655,01364,giai-nhat,Giải Nhất,40000000,11,
power655,01364,giai-nhi,Giải Nhì,500000,1135,
power655,01364,giai-ba,Giải Ba,50000,22344,
power655,01365,jackpot-1,Jackpot 1,,0,69684349800
power655,01365,jackpot-2,Jackpot 2,,0,6810309650
power655,01365,giai-nhat,Giải Nhất,40000000,18,
power655,01365,giai-nhi,Giải Nhì,500000,1392,
power655,01365,giai-ba,Giải Ba,50000,27085,
power655,01366,jackpot-1,Jackpot 1,,0,75980220150
power655,01366,jackpot-2,Jackpot 2,,0,7509850800
power655,01366,giai-nhat,Giải Nhất,40000000,30,
power655,01366,giai-nhi,Giải Nhì,500000,1178,
power655,01366,giai-ba,Giải Ba,50000,24357,
power655,01367,jackpot-1,Jackpot 1,,0,82990621200
power655,01367,jackpot-2,Jackpot 2,,2,4144392125
power655,01367,giai-nhat,Giải Nhất,40000000,27,
power655,01367,giai-nhi,Giải Nhì,500000,1441,
power655,01367,giai-ba,Giải Ba,50000,27255,
power655,01368,jackpot-1,Jackpot 1,,0,88779791550
power655,01368,jackpot-2,Jackpot 2,,1,3643241150
power655,01368,giai-nhat,Giải Nhất,40000000,22,
power655,01368,giai-nhi,Giải Nhì,500000,1432,
power655,01368,giai-ba,Giải Ba,50000,30330,
power655,01369,jackpot-1,Jackpot 1,,0,93948863250
power655,01369,jackpot-2,Jackpot 2,,0,3574341300
power655,01369,giai-nhat,Giải Nhất,40000000,22,
power655,01369,giai-nhi,Giải Nhì,500000,1409,
power655,01369,giai-ba,Giải Ba,50000,30015,
power655,01370,jackpot-1,Jackpot 1,,1,102862626150
power655,01370,jackpot-2,Jackpot 2,,1,4564759400
power655,01370,giai-nhat,Giải Nhất,40000000,23,
power655,01370,giai-nhi,Giải Nhì,500000,1856,
power655,01370,giai-ba,Giải Ba,50000,31612,
power655,01371,jackpot-1,Jackpot 1,,0,32743782300
power655,01371,jackpot-2,Jackpot 2,,0,3304864700
power655,01371,giai-nhat,Giải Nhất,40000000,7,
power655,01371,giai-nhi,Giải Nhì,500000,715,
power655,01371,giai-ba,Giải Ba,50000,15047,
power655,01372,jackpot-1,Jackpot 1,,0,35272733700
power655,01372,jackpot-2,Jackpot 2,,1,3585859300
power655,01372,giai-nhat,Giải Nhất,40000000,7,
power655,01372,giai-nhi,Giải Nhì,500000,503,
power655,01372,giai-ba,Giải Ba,50000,11855,
power655,01373,jackpot-1,Jackpot 1,,0,37959752100
power655,01373,jackpot-2,Jackpot 2,,0,3298557600
power655,01373,giai-nhat,Giải Nhất,40000000,9,
power655,01373,giai-nhi,Giải Nhì,500000,556,
power655,01373,giai-ba,Giải Ba,50000,11783,
power655,01374,jackpot-1,Jackpot 1,,0,40232457750
power655,01374,jackpot-2,Jackpot 2,,0,3551080450
power655,01374,giai-nhat,Giải Nhất,40000000,16,
power655,01374,giai-nhi,Giải Nhì,500000,1188,
power655,01374,giai-ba,Giải Ba,50000,22805,
power655,01375,jackpot-1,Jackpot 1,,0,43137012450
power655,01375,jackpot-2,Jackpot 2,,1,3873808750
power655,01375,giai-nhat,Giải Nhất,40000000,8,
power655,01375,giai-nhi,Giải Nhì,500000,724,
power655,01375,giai-ba,Giải Ba,50000,16009,
power655,01376,jackpot-1,Jackpot 1,,0,45771312000
power655,01376,jackpot-2,Jackpot 2,,0,3292699950
power655,01376,giai-nhat,Giải Nhất,40000000,15,
power655,01376,giai-nhi,Giải Nhì,500000,823,
power655,01376,giai-ba,Giải Ba,50000,18471,
power655,01377,jackpot-1,Jackpot 1,,0,48676372500
power655,01377,jackpot-2,Jackpot 2,,0,3615484450
power655,01377,giai-nhat,Giải Nhất,40000000,13,
power655,01377,giai-nhi,Giải Nhì,500000,1125,
power655,01377,giai-ba,Giải Ba,50000,22816,
power655,01378,jackpot-1,Jackpot 1,,0,51543425100
power655,01378,jackpot-2,Jackpot 2,,0,3934045850
power655,01378,giai-nhat,Giải Nhất,40000000,10,
power655,01378,giai-nhi,Giải Nhì,500000,896,
power655,01378,giai-ba,Giải Ba,50000,18427,
power655,01379,jackpot-1,Jackpot 1,,0,54705403650
power655,01379,jackpot-2,Jackpot 2,,0,4285376800
power655,01379,giai-nhat,Giải Nhất,40000000,16,
power655,01379,giai-nhi,Giải Nhì,500000,643,
power655,01379,giai-ba,Giải Ba,50000,15484,
power655,01380,jackpot-1,Jackpot 1,,0,58388119050
power655,01380,jackpot-2,Jackpot 2,,1,4694567400
power655,01380,giai-nhat,Giải Nhất,40000000,14,
power655,01380,giai-nhi,Giải Nhì,500000,928,
power655,01380,giai-ba,Giải Ba,50000,19084,
